queue_order,source_id,source_status,source_name,source_url,source_address,source_prefecture,source_capacity,source_updated_at,discovered_at,official_url,official_name,official_status,official_capacity,official_area_m2,official_price_url,official_access_url,official_conditions_url,official_observed_at,verification_status,canonical_candidate_id,notes
1,LASENS-272,listed,BLOCH,https://lasens.com/database/theater-272.html,北海道札幌市中央区北3条東5丁目5 岩佐ビル1F,北海道,100,2022-07-01,2026-07-31,https://bloch-web.net/,演劇専用小劇場BLOCH,current,,,https://bloch-web.net/wp/wp-content/uploads/2013/05/00_BLOCHprice.pdf,https://bloch-web.net/アクセス/,https://bloch-web.net/wp/wp-content/uploads/2013/05/00_BLOCHprice.pdf,2026-07-31,primary_partial,,"公式サイトに2026年の公演予定を確認。客席・面積・料金表の現行適用条件は次波で精査"
2,LASENS-2374,listed,スペースBEN,https://lasens.com/database/theater-2374.html,青森県八戸市柏崎1-11-8,青森県,,2020-06-23,2026-07-31,https://spaceben.com/index.html,小劇場スペースベン,current,,,,,https://spaceben.com/spaceben.html,2026-07-31,primary_partial,,"公式サイトに2026年7月の更新を確認。公式施設概要PDFの客席・面積・料金は次波で精査"
3,LASENS-2422,listed,風のスタジオ（いわてアートサポートセンター）,https://lasens.com/database/theater-2422.html,岩手県盛岡市肴町4-20 永卯ビル3階,岩手県,120,2020-06-23,2026-07-31,https://kaze.iwate-arts.jp/,風のスタジオ,current,,,,https://kaze.iwate-arts.jp/access/,,2026-07-31,primary_partial,,"公式サイトに2026年の公演予定と2026年2月の料金改定告知を確認。施設・料金詳細は次波で精査"
4,LASENS-2424,listed,Quarter Studio（クオータースタジオ）,https://lasens.com/database/theater-2424.html,宮城県仙台市青葉区五橋2-9-10 アラキビルB1F,宮城県,25,2020-06-23,2026-07-31,https://sendard.jp/qst/yotei.html,Quarter Studio,current,,,,,https://sendard.jp/qst/yotei.html,2026-07-31,primary_partial,,"公式サイトに2026年の予約予定と1年前からの予約案内を確認。客席・面積・料金は次波で精査"
5,LASENS-3930,listed,アートボックス卸町,https://lasens.com/database/theater-3930.html,秋田県秋田市卸町5-16-29,秋田県,,2024-09-05,2026-07-31,https://www.pal-base.org/artbox/index.html,アートボックス卸町,current,,,,,,2026-07-31,primary_partial,,"運営法人の公式サイトに施設概要・利用方法・アクセスの導線を確認。客席・面積・料金は次波で精査"
6,LASENS-2472,listed,La MaMa Odaka,https://lasens.com/database/theater-2472.html,福島県南相馬市小高区東町1-10,福島県,,2020-06-23,2026-07-31,https://odaka-fullhouse.jp/,Rain Theatre,unknown,,,,https://odaka-fullhouse.jp/,,2026-07-31,primary_partial,,"公式サイトは同住所でRain Theatreを掲載。La MaMa ODAKAとの同一性・改称関係は一次情報内で未確認"
7,LASENS-2474,listed,百景社アトリエ,https://lasens.com/database/theater-2474.html,茨城県土浦市真鍋3-10-18,茨城県,50,2020-06-23,2026-07-31,https://atelier100.tumblr.com/,百景社アトリエ,current,,,,,,2026-07-31,primary_partial,,"公式サイトに2026年の公演予定と所在地を確認。客席・面積・貸館料金は次波で精査"
8,LASENS-3525,listed,アトリエほんまる,https://lasens.com/database/theater-3525.html,栃木県宇都宮市本丸町1-39,栃木県,65,2022-09-01,2026-07-31,https://honmaru.tochi2.com/,アトリエほんまる,current,,,,,,2026-07-31,primary_partial,,"公式サイトに2026年の公演予定と所在地を確認。客席・面積・貸館料金は次波で精査"
9,LASENS-339,listed,イコス上尾(多目的ホール),https://lasens.com/database/theater-339.html,埼玉県上尾市大字平塚951-2,埼玉県,286,2020-06-24,2026-07-31,https://www.ageo-kousya.or.jp/ikosu/,イコス上尾,current,286,,https://www.ageo-kousya.or.jp/ikosu/detail.php?eid=00006,https://www.ageo-kousya.or.jp/ikosu/detail.php?eid=00002,https://www.ageo-kousya.or.jp/ikosu/detail.php?eid=00001,2026-07-31,verified_primary,,"指定管理者公式サイトで2026年の運営情報、定員286席、料金、アクセス、利用制限を確認"
10,LASENS-591,listed,WUU,https://lasens.com/database/theater-591.html,千葉県柏市柏1-5-20 プールドウ5F,千葉県,80,2020-06-24,2026-07-31,https://www.wuu.co.jp/,柏Studio WUU,current,80,,https://www.wuu.co.jp/hallrental.html,https://www.wuu.co.jp/access.html,https://www.wuu.co.jp/hallrental.html,2026-07-31,verified_primary,,"公式サイトで2026年の公演予定、80席、貸切料金、アクセス、利用条件を確認"
11,LASENS-579,listed,(阿佐ヶ谷名曲喫茶)ヴィオロン,https://lasens.com/database/theater-579.html,東京都杉並区阿佐ヶ谷北2-9-5,東京都,30,2020-09-04,2026-07-31,,,,,,,,,2026-07-31,ambiguous,,"公式サイトを確認できず、商店会掲載住所とLaSens住所にも差異があるため同一施設の現況を断定しない"
12,LASENS-269,listed,B Club Studio,https://lasens.com/database/theater-269.html,神奈川県相模原市相模台1-19-16 ボンジュール相模台B1F,神奈川県,60,2020-09-09,2026-07-31,https://sound.jp/b-club/,B-club studio,unknown,60,105,https://sound.jp/b-club/,https://sound.jp/b-club/,https://sound.jp/b-club/,2026-07-31,primary_partial,,"公式サイトは同住所で閲覧可能だが更新日がなく現行営業を確認できない。掲載値は着席60人、床面積105㎡"
13,LASENS-2426,listed,えんとつシアター,https://lasens.com/database/theater-2426.html,新潟県新潟市中央区東堀通6-1051-1 G.E ビル地下１階,新潟県,,2020-06-23,2026-07-31,https://xn--r8jwcl5o.com/,新潟古町えんとつシアター,closed,,,https://xn--r8jwcl5o.com/service.html,https://xn--r8jwcl5o.com/access.html,https://xn--r8jwcl5o.com/service.html,2026-07-31,verified_primary,,"公式サイトが閉館後約4か月と2026年4月に明記。旧施設の料金・アクセス・利用条件ページは履歴として保持"
14,LASENS-3993,listed,Charlie's Studio チャーリーズスタジオ,https://lasens.com/database/theater-3993.html,富山県富山市宝町２丁目４−２０宝町ビル 3階,富山県,,2025-02-06,2026-07-31,,,,,,,,,2026-07-31,official_not_found,,"名称・住所の完全一致検索とイベント掲載元を探索したが運営者公式サイト・公式PDFを確認できず"
15,LASENS-4313,listed,MINAKURU,https://lasens.com/database/theater-4313.html,長野県佐久市臼田220,長野県,,2026-03-30,2026-07-31,https://www.minakuru-saku.com/,みんなのMINAKURU,current,80,,https://www.minakuru-saku.com/general-5,https://www.minakuru-saku.com/general-5,https://www.minakuru-saku.com/general-5,2026-07-31,verified_primary,,"公式サイトで2026年4月開館、最大80席、37坪、料金、所在地、申込・利用規定を確認"
16,LASENS-3539,listed,可児市文化創造センター ala 小劇場＜虹のホール＞,https://lasens.com/database/theater-3539.html,岐阜県可児市下恵土3433-139,岐阜県,311,2023-02-20,2026-07-31,https://kpac.or.jp/use/minitheater/,可児市文化創造センター ala 小劇場〈虹のホール〉,current,311,,https://kpac.or.jp/use/howtouse/,https://kpac.or.jp/access/,https://kpac.or.jp/use/howtouse/,2026-07-31,verified_primary,,"運営財団公式サイトで2026年の運営、プロセニアム型311席、料金・申込手順、アクセスを確認"
17,LASENS-2816,listed,あそviva!劇場,https://lasens.com/database/theater-2816.html,静岡県静岡市葵区人宿町１丁目４－６ ゴトービル２F,静岡県,30,2020-09-28,2026-07-31,https://www.asovivatheater.com/,あそviva!劇場,current,18,,https://www.asovivatheater.com/howto,https://www.asovivatheater.com/contact,https://www.asovivatheater.com/howto,2026-07-31,verified_primary,,"運営者公式サイトで2026年6月更新、所在地、客席基本上限18席、料金、設備、利用条件を確認"
18,LASENS-2468,listed,G/PIT,https://lasens.com/database/theater-2468.html,愛知県名古屋市中区栄1-23-30 中京ビル1F,愛知県,,2021-04-17,2026-07-31,https://gpit.jimdosite.com/,G/PIT,unknown,,,,,,2026-07-31,primary_partial,,"公式サイトと機材表は確認できたが公開更新は2023年までで現行営業、客席、料金、所在地を一次情報で十分確認できない"
19,LASENS-3444,listed,Theatre de Belleville,https://lasens.com/database/theater-3444.html,三重県津市美里町三郷2104,三重県,,2022-01-05,2026-07-31,https://theatre-de-belleville.tumblr.com/,Théâtre de Belleville,unknown,,,,https://theatre-de-belleville.tumblr.com/access,https://theatre-de-belleville.tumblr.com/about,2026-07-31,primary_partial,,"運営者公式サイトは確認できたが最終掲載公演が2025年で現行営業を断定しない。客席・面積・料金の公式公開値は未確認"
20,LASENS-3300,listed,滋賀県立文化産業交流会館 小劇場,https://lasens.com/database/theater-3300.html,滋賀県米原市下多良二丁目137,滋賀県,203,2021-04-02,2026-07-31,https://www.s-bunsan.jp/facility/theater,新江州シアター（小劇場）,current,203,,https://www.s-bunsan.jp/use-2/basis,https://www.s-bunsan.jp/access,https://www.s-bunsan.jp/use-2/propose,2026-07-31,verified_primary,,"指定管理者公式サイトで客席203席、2025年改定料金、アクセス、申込条件を確認"
21,LASENS-249,listed,ART COMPLEX 1928,https://lasens.com/database/theater-249.html,京都府京都市中京区三条通御幸町東南角1928 ビル3階,京都府,250,2020-09-09,2026-07-31,https://www.artcomplex.net/halllist,アートコンプレックス1928,current,72,220,,https://www.gear.ac/access/,https://www.artcomplex.net/halllist,2026-07-31,verified_primary,,"運営者公式サイトで2026年の現行運営、面積220㎡、72席を確認。2012年以降はギア専用劇場で一般貸館料金なし"
22,LASENS-332,listed,HEPホール,https://lasens.com/database/theater-332.html,大阪府大阪市北区角田町5-15 HEP FIVE 8F,大阪府,198,2021-03-03,2026-07-31,https://hephall.jp/,HEP HALL,current,200,,https://hephall.jp/,https://hephall.jp/,https://hephall.jp/,2026-07-31,verified_primary,,"運営者公式サイトで2026年の公演、着席200人、会場料金、アクセス、受付・支払・キャンセル条件を確認"
23,LASENS-3252,listed,AI HALL（アイ ホール）イベントホール,https://lasens.com/database/theater-3252.html,兵庫県伊丹市伊丹2丁目4番1号,兵庫県,300,2021-03-04,2026-07-31,https://www.aihall.com/introduction/,アイホール（伊丹市立演劇ホール）イベントホール,closed,300,357,https://www.aihall.com/wp-content/uploads/2023/03/58c94f858efe8b4c7eeab9765a26d690.pdf,https://www.aihall.com/access/,https://www.aihall.com/use/,2026-07-31,verified_primary,,"公式サイトが2026年3月30日閉館と明記。イベントホールは約357㎡、通常約300席。旧料金・アクセス・利用資料を履歴として保持"
24,LASENS-3869,listed,和歌浦小劇場,https://lasens.com/database/theater-3869.html,和歌山県和歌山市和歌浦南1丁目1-14,和歌山県,,2024-04-12,2026-07-31,,,,,,,,,2026-07-31,official_not_found,,"名称・住所・運営団体を探索したが運営者公式サイト・公式PDFを確認できず。二次報道だけを根拠に閉館欄へ転記しない"
25,LASENS-2820,listed,森の劇場 しいの実シアター,https://lasens.com/database/theater-2820.html,島根県松江市八雲町平原481-1,島根県,108,2020-09-28,2026-07-31,https://forest.ashibue.jp/theater,森の劇場 しいの実シアター【松江市八雲林間劇場】,current,108,,https://forest.ashibue.jp/theater/29,https://forest.ashibue.jp/inquiry,https://forest.ashibue.jp/theater/14,2026-07-31,verified_primary,,"運営者公式サイトで2026年の公演、客席108席、料金、所在地・交通案内、申込・利用条件を確認"
26,LASENS-2818,listed,スタジオイマイチ,https://lasens.com/database/theater-2818.html,山口県山口市道場門前2-4-15 中村ビル2F,山口県,,2020-09-28,2026-07-31,https://studioimaichi.localinfo.jp/,スタジオイマイチ,current,,,https://studioimaichi.localinfo.jp/pages/7578789/page_202401162130,https://studioimaichi.localinfo.jp/pages/7578772/profile,https://studioimaichi.localinfo.jp/pages/7578789/page_202401162130,2026-07-31,primary_partial,,"公式サイトの2025年11月更新、貸館導線、2007年設立・2015年移転の施設概要を確認。客席・面積・料金詳細は公開本文を取得できず未記入"
27,LASENS-2555,listed,THEATER NEST（シアターネスト）,https://lasens.com/database/theater-2555.html,愛媛県東温市見奈良1125 レスパスシティ/クールスモール2F,愛媛県,66,2020-07-16,2026-07-31,https://art-village-toon.jp/facility/theater/,小劇場 THEATER NEST,current,77,163.97,https://art-village-toon.jp/facility/theater/,https://art-village-toon.jp/access/,https://art-village-toon.jp/facility/theater/,2026-07-31,verified_primary,,"運営者公式サイトで客席77席（固定66＋車いす・補助席）、客席・舞台163.97㎡、料金、アクセス、利用条件を確認。収容人数92人は劇団員15人を含む"
28,LASENS-695,listed,H732シアター,https://lasens.com/database/theater-695.html,福岡県志免町志免2－27－16,福岡県,70,2020-06-23,2026-07-31,,,,,,,,,2026-07-31,blocked,,"旧公式候補のh732.net/theaterはDNS解決できず、現行の運営者公式サイト・公式PDFへ到達不能。閉館は推測しない"
29,LASENS-3614,listed,アトリエPentA,https://lasens.com/database/theater-3614.html,長崎県長崎市五島町8-7 民団ビル3F,長崎県,50,2023-02-20,2026-07-31,https://atelierpenta.jp/,アトリエPentA,current,,,https://atelierpenta.jp/use/use.html,https://atelierpenta.jp/about/access.html,https://atelierpenta.jp/use/use.html,2026-07-31,primary_partial,,"公式サイトで2026年度の公演、運営団体、外部貸出、料金例、利用時間・使用規定を確認。客席・面積の公式公開値は未確認"
30,LASENS-2438,listed,アトリエ銘苅ベース,https://lasens.com/database/theater-2438.html,沖縄県那覇市銘苅203番地,沖縄県,100,2020-06-23,2026-07-31,https://www.m-base.okinawa/introduction/,アトリエ銘苅ベース,current,80,115,https://www.m-base.okinawa/rental/,https://www.m-base.okinawa/access/,https://www.m-base.okinawa/rental/,2026-07-31,verified_primary,,"運営者公式サイトで2026年度の募集、通常74席・最大80席、115㎡、料金、アクセス、予約・利用条件を確認"
31,LASENS-2854,listed,MsmileBOX 渋谷,https://lasens.com/database/theater-2854.html,渋谷区渋谷 2-12-8 中村ビル地下 1F,,,2021-01-04,2026-07-31,https://www.shibuya2.com/space,MsmileBOX渋谷,current,110,,https://www.shibuya2.com/料金表,https://www.shibuya2.com/access,https://www.shibuya2.com/faq,2026-07-31,verified_primary,,"運営者公式サイトで現行施設名、着席約110人（スタンディング約250人）、料金、アクセス、予約・利用条件を確認"
32,LASENS-2893,listed,cube garden（キューブガーデン）,https://lasens.com/database/theater-2893.html,北海道札幌市中央区北二条東3丁目2-5,北海道,169,2020-11-09,2026-07-31,https://cube-garden.com/,cube garden,current,,,https://cube-garden.com/download/system.pdf?update=20260401,https://www.cube-garden.com/access.php,https://cube-garden.com/download/terms_of_service.pdf?update=20260401,2026-07-31,primary_partial,,"運営者公式サイトで2026年7月の予約状況、2026年4月改定料金、利用規約、アクセスを確認。客席・面積の公式公開値は未確認"
33,LASENS-2790,listed,青森ブラックボックス/BLACKBOX,https://lasens.com/database/theater-2790.html,青森県青森市古川1丁目14-3,青森県,500,2023-06-23,2026-07-31,https://blackboxaomori.wixsite.com/schedule,BLACKBOX,current,230,,https://blackboxaomori.wixsite.com/schedule/contents,https://blackboxaomori.wixsite.com/schedule,https://blackboxaomori.wixsite.com/schedule/contents,2026-07-31,verified_primary,,"運営者公式サイトで2026年の予約・公演、着席230席（総キャパ500人）、料金・申請、所在地、利用規約を確認"
34,LASENS-2794,listed,えずこホール仙南芸術文化センター 平土間ホール,https://lasens.com/database/theater-2794.html,宮城県柴田郡大河原町小島1-1,宮城県,300,2020-09-23,2026-07-31,https://www.ezuko.com/,えずこホール（仙南芸術文化センター）平土間ホール,current,,,,https://www.ezuko.com/access.html,,2026-07-31,primary_partial,,"公式サイトで2026〜2027年の公演と現行運営、所在地・アクセスを確認。平土間ホールの客席・面積・料金・利用条件は公式公開本文から確認できず未記入"
35,LASENS-4069,listed,あきた芸術村 わらび劇場,https://lasens.com/database/theater-4069.html,秋田県仙北市田沢湖卒田字早稲田430,秋田県,710,2025-08-13,2026-07-31,https://www.warabi.or.jp/ARTVILLAGE/warabi_theater,わらび劇場,current,710,,https://www.warabi.or.jp/ARTVILLAGE/warabi_theater,https://www.warabi.or.jp/access_map,https://www.warabi.or.jp/ARTVILLAGE/warabi_theater,2026-07-31,verified_primary,,"運営者公式サイトで2026年の公演、710席、貸館対応、アクセス、年齢・車いす等の利用条件を確認。貸館料金は公開額ではなく要問い合わせ"
36,LASENS-2722,listed,いわき芸術文化交流館アリオス 小劇場,https://lasens.com/database/theater-2722.html,福島県いわき市平字三崎1番地の6,福島県,233,2020-09-10,2026-07-31,https://iwaki-alios.jp/facilities/small-theater,GSユアサいわき小劇場,current,233,,https://iwaki-alios.jp/price,https://iwaki-alios.jp/access,https://iwaki-alios.jp/regulation,2026-07-31,verified_primary,,"運営者公式サイトで現行名称、車いす席4席を含む233席、料金、アクセス、利用規約を確認"
37,LASENS-596,listed,さいたま市産業文化センター,https://lasens.com/database/theater-596.html,埼玉県さいたま市中央区下落合5-4-3,埼玉県,300,2021-01-20,2026-07-31,https://www.saitama-sbc.com/施設案内/,さいたま市産業文化センター ホール,current,300,,https://www.saitama-sbc.com/施設予約について/ご利用料金/,https://www.saitama-sbc.com/アクセス/,https://www.saitama-sbc.com/施設予約について/ホールご利用上のお願い/,2026-07-31,verified_primary,,"施設公式サイトで2026年7月の更新、ホール定員300人、料金、アクセス、ホール利用条件を確認"
38,LASENS-625,listed,浦安市文化会館（小ホール）,https://lasens.com/database/theater-625.html,千葉県千葉県浦安市猫実1丁目1－2,千葉県,355,2026-05-08,2026-07-31,https://www.urayasu-zaidan.or.jp/urayasu-bunka/1001495/1001497.html,浦安市文化会館 小ホール,current,355,,https://www.urayasu-zaidan.or.jp/urayasu-bunka/1001516/index.html,https://www.urayasu-zaidan.or.jp/urayasu-bunka/1001527.html,https://www.urayasu-zaidan.or.jp/urayasu-bunka/1001507/index.html,2026-07-31,verified_primary,,"指定管理者公式サイトで2026年7月の運営、固定席355席・車いす席2席、2026年改定料金、アクセス、予約・利用条件を確認"
39,LASENS-221,marked_closed,abc会館ホール,https://lasens.com/database/theater-221.html,東京都港区芝公園2-6-3,東京都,500,2020-06-23,2026-07-31,https://corp.asahi.co.jp/ja/info/info6081652731262998792/main/0/link/170420_tokyo.pdf,ABC会館,unknown,,,,,,2026-07-31,primary_partial,,"朝日放送公式資料で1975年に芝公園へABC会館を建設し2005年に東京支社を移転した経緯を確認したが、ホールの閉館日・客席・料金等は一次情報で確認できず閉館を確定しない"
40,LASENS-423,listed,PRUNUS HALL プルヌスホール(桜美林大学・プラネット淵野辺キャンパス内),https://lasens.com/database/theater-423.html,神奈川県相模原市淵野辺4-16-1,神奈川県,200,2020-12-21,2026-07-31,https://www.obirin.ac.jp/info/year_2022/r11i8i0000096947.html,プルヌスホール,closed,200,,,,,2026-07-31,verified_primary,,"桜美林大学公式サイトが2022年3月31日閉館と明記。約200席で、役割は東京ひなたやまキャンパスの桜美林芸術文化ホールへ承継"
41,LASENS-664,listed,りゅーとぴあ（新潟市民芸術文化会館）スタジオB,https://lasens.com/database/theater-664.html,新潟県新潟市中央区一番堀通町3-2,新潟県,150,2020-06-24,2026-07-31,https://www.ryutopia.or.jp/information/facility/studio-gallery/,りゅーとぴあ 新潟市民芸術文化会館 スタジオB,current,150,257.9,https://www.ryutopia.or.jp/rent/price/,https://www.ryutopia.or.jp/traffic/access/,https://www.ryutopia.or.jp/wp-content/uploads/2025/04/eff4e388c724b3d8cda1f563c24407a5.pdf,2026-07-31,verified_primary,,"施設公式サイトで2026年の一般貸出日、最大150席、257.9㎡、料金、アクセス、受付・利用条件を確認"
42,LASENS-622,listed,新利賀山房,https://lasens.com/database/theater-622.html,富山県富山県南砺市利賀村上百瀬48番,富山県,250,2020-06-24,2026-07-31,https://www.togapk.net/facility/?facility_id=3,新利賀山房,current,250,,https://www.pref.toyama.jp/documents/53495/080325-g2.pdf,https://www.togapk.net/access.php,,2026-07-31,primary_partial,,"施設公式ページは収容250人、県の現行施設評価資料は建物601.43㎡・400人収容と記載が一致しないため250人を施設表示として記録。2026年7月施行の料金改定告示とアクセスを確認したが利用条件は未確認"
43,LASENS-2876,listed,ネオンホール,https://lasens.com/database/theater-2876.html,長野県長野市権堂町2344 2F,長野県,,2020-10-12,2026-07-31,https://neonhall.com/pages/neonhall,NEONHALL,current,60,,,https://neonhall.com/pages/neonhall,https://neonhall.com/pages/contact,2026-07-31,verified_primary,,"運営者公式サイトで2026年の公演、最大60名前後、機材、地図、出演・レンタル申込条件を確認。レンタル料金は公開されていない"
44,LASENS-2470,listed,人宿町やどりぎ座,https://lasens.com/database/theater-2470.html,静岡県静岡市葵区人宿町2丁目5-2 SOZOSYAキネマ館2F,静岡県,,2020-06-23,2026-07-31,https://yadorigiza.info/,人宿町やどりぎ座,closed,,,,https://yadorigiza.info/,,2026-07-31,verified_primary,,"運営者公式サイトに2024年4月23日付の閉館告知と最終演目を確認。客席・面積・旧貸館料金の公式公開値は未確認"
45,LASENS-2480,listed,うりんこ劇場,https://lasens.com/database/theater-2480.html,愛知県名古屋市名東区八前1-112,愛知県,,2020-06-23,2026-07-31,https://www.urinko.jp/cn6/urinkogekijyo.html,うりんこ劇場,current,,,,https://www.urinko.jp/access.html,https://www.urinko.jp/pg2973500.html,2026-07-31,verified_primary,,"運営者公式サイトで2026年の公演と設備を確認。2027年3月末閉館予定、2026年7月1日で新規貸館申込終了、2027年1月31日で貸館終了のため新規会場候補としては受付不可"
46,LASENS-2484,listed,四天王寺スクエア,https://lasens.com/database/theater-2484.html,三重県津市栄町1丁目888 四天王会館3F,三重県,150,2020-06-23,2026-07-31,https://akebonoza.net/210320play.html,四天王寺スクエア,closed,,,,,,2026-07-31,verified_primary,,"運営者公式サイトが2012年開館と2021年3月末閉館を明記。客席・面積・旧料金は一次情報で確認できた範囲のみとし未記入"
47,LASENS-2434,listed,KYOTO ART THEATRE URU（シアターウル）,https://lasens.com/database/theater-2434.html,京都府京都市右京区太秦北路町26-2 登喜和野会館,京都府,30,2020-06-23,2026-07-31,https://theatre-uru.amebaownd.com/,シアターウル KYOTO ART THEATRE URU,unknown,,,,https://theatre-uru.amebaownd.com/,,2026-07-31,primary_partial,,"運営者公式サイトで劇場名と運営者、地図を確認したが更新日・現行営業・客席・料金を十分確認できないため閉館を推測しない"
48,LASENS-347,listed,in→dependent theatre 1st（インディペンデントシアター 1st）,https://lasens.com/database/theater-347.html,大阪府大阪市浪速区日本橋3丁目3-19,大阪府,80,2021-09-14,2026-07-31,https://itheatre.jp/1st2G.html,in→dependent theatre 1st,current,60,,https://itheatre.jp/pdf/1st2G-price.pdf,https://itheatre.jp/,https://itheatre.jp/pdf/itg-kiyaku.pdf,2026-07-31,verified_primary,,"運営者公式サイトで2026年の現行運営、標準60席、料金、アクセス、利用規約・予約条件を確認。2019年に同名で新築移転しておりLaSensの80席は旧世代値"
49,LASENS-3322,listed,Art Theater dB Kobe（アートシアターデービー神戸）,https://lasens.com/database/theater-3322.html,兵庫県神戸市長田区久保町6-1-1 アスタくにづか4番館4階,兵庫県,120,2021-04-22,2026-07-31,https://db-dancebox.org/archive/02_th/01_ab/,Art Theater dB Kobe,current,120,,https://db-dancebox.org/archive/02_th/01_ab/,https://db-dancebox.org/archive/05_map/index.html,https://db-dancebox.org/cms-contents/wp-content/uploads/2023/04/dB_precautions.pdf,2026-07-31,verified_primary,,"運営者公式サイトで最大120席、舞台・客席寸法、付帯設備、料金案内、アクセス、利用上の注意を確認。2025年6月10日更新の公式機材リストも確認したため現行と判定。寸法から面積を計算せず空欄"
50,LASENS-3502,listed,山口情報芸術センター スタジオB,https://lasens.com/database/theater-3502.html,山口県山口市中園町7-7,山口県,,2022-04-07,2026-07-31,https://www.ycam.jp/guide/facility/studio-b/,スタジオB,current,,,https://www.ycam.jp/guide/facility/studio-b/,https://www.ycam.jp/guide/access/,https://www.ycam.jp/guide/facility/studio-b/,2026-07-31,verified_primary,,"施設公式サイトで幅16.5m×奥行17.7m×高さ7.8m、施設貸出、料金は要問い合わせ、アクセス、2026年10月以降の開催予定を確認。公式の客席数・面積は未掲載のため空欄"
51,LASENS-2369,marked_closed,シアターNECO,https://lasens.com/database/theater-2369.html,愛媛県松山市緑町1-2-1,愛媛県,98,2024-09-02,2026-07-31,https://tne-ehime.org/theaterneco-history/,シアターねこ,closed,,,,,,2026-07-31,verified_primary,,"運営協力団体の公式サイトで2012年5月開館、2024年8月31日閉館を確認。旧公式ドメインはDNS解決不能。LaSens掲載の98席は一次情報で確認できず転記しない"
52,LASENS-613,listed,NRCCホール(3F),https://lasens.com/database/theater-613.html,福岡県北九州市小倉北区鍛冶町2-2-11,福岡県,180,2020-06-23,2026-07-31,,,,,,,,,2026-07-31,official_not_found,,"施設名、住所、NRCCビル名で公式サイト・運営者・自治体資料を探索したが一次情報を特定できず。現行・閉館を推測せず不明とし、LaSens掲載の180席は転記しない"
53,LASENS-2444,listed,アトリエPentA,https://lasens.com/database/theater-2444.html,長崎県長崎市五島町8-7-3F,長崎県,40,2020-06-23,2026-07-31,https://atelierpenta.jp/,アトリエPentA,current,,,https://atelierpenta.jp/use/use.html,https://atelierpenta.jp/about/access.html,https://atelierpenta.jp/use/use.html,2026-07-31,primary_partial,,"同一施設・住所のLASENS-3614と重複する索引行。公式サイトで2026年度の公演、運営団体、外部貸出、料金例、利用時間・使用規定を再確認。客席・面積の公式公開値は未確認"
54,LASENS-3446,listed,ひめゆりピースホール,https://lasens.com/database/theater-3446.html,沖縄県那覇市安里388-1,沖縄県,,2022-01-05,2026-07-31,https://peace-hall.jimdofree.com/,ひめゆりピースホール,current,80,,https://peace-hall.jimdofree.com/施設利用料/,https://peace-hall.jimdofree.com/,https://peace-hall.jimdofree.com/施設利用料/,2026-07-31,verified_primary,,"財団公式サイトから当財団施設としてリンクされた管理者公式サイトで2026年の催事、基本80席、全日・付帯設備・会議室料金、利用条件、住所とアクセス注意を確認。面積は公式公開値なし"
55,LASENS-3923,listed,Zig Studio（ジグスタ）,https://lasens.com/database/theater-3923.html,新宿区大京町 29-4 御苑プラザビル２階,,,2024-08-26,2026-07-31,https://zigzigstrong.com/zig-studio,ジグスタ｜Zig Studio,current,,,,https://zigzigstrong.com/zig-studio,,2026-07-31,primary_partial,,"運営劇団公式サイトで専用スタジオ、住所、千駄ケ谷駅・国立競技場駅からのアクセス、駐車・駐輪不可を確認。公式サイトは2026年更新中だが貸館料金・利用条件・固定客席・面積は未確認"
56,LASENS-505,marked_closed,Studio Labo.,https://lasens.com/database/theater-505.html,北海道苫小牧市大町1-1-4 (元・サンテアトル),北海道,50,2020-06-24,2026-07-31,https://unitlabo6.wixsite.com/studio-labo,Studio Labo.,unknown,,,,https://unitlabo6.wixsite.com/studio-labo,,2026-07-31,primary_partial,,"運営者公式サイトで施設名と住所、2018年の公演記録を確認したが現行営業・閉館・貸館条件を確認できないため不明。LaSensの閉館表示と50席は一次情報で裏付けられず転記しない"
57,LASENS-3440,listed,渡辺源四郎商店しんまち本店２階稽古場,https://lasens.com/database/theater-3440.html,青森県青森市新町1丁目10-16,青森県,,2022-01-05,2026-07-31,https://www.nabegen.com/,渡辺源四郎商店しんまち本店2階稽古場,current,,,,https://www.nabegen.com/10003.kita_no_mahoroba_2025/,,2026-07-31,primary_partial,,"劇団公式サイトの2025年公演ページと2026年公式チラシで会場名、住所、JR青森駅から徒歩5分、2026年5月の公演を確認。貸館料金・利用条件・客席・面積の公式公開値は未確認"
58,LASENS-659,listed,エル・パーク仙台（スタジオホール）,https://lasens.com/database/theater-659.html,宮城県仙台市青葉区一番町4丁目11番1号 141ビル（仙台三越定禅寺通り館） 6階,宮城県,190,2020-06-24,2026-07-31,https://www.sendai-l.jp/center/lp/shisetsu/03/,エル・パーク仙台 スタジオホール,current,190,225,https://www.sendai-l.jp/center/lp/shisetsu/03/,https://www.sendai-l.jp/center/lp/,https://www.sendai-l.jp/center/lp/annai/,2026-07-31,verified_primary,,"指定管理者公式サイトの2026年3月改定情報で定員190名、225平方メートル、区分料金、ロールバック座席、アクセス、事前協議・申込・利用条件を確認"
59,LASENS-3595,listed,あきた芸術村 小劇場,https://lasens.com/database/theater-3595.html,秋田県仙北市田沢湖卒田字早稲田430,秋田県,100,2025-08-13,2026-07-31,https://www.warabi.or.jp/ARTVILLAGE/warabi_theater,あきた芸術村 小劇場,current,100,,https://www.warabi.or.jp/ARTVILLAGE/warabi_theater,https://www.warabi.or.jp/access_map,https://www.warabi.or.jp/ARTVILLAGE/warabi_theater,2026-07-31,verified_primary,,"運営者公式サイトで2026年度小劇場作品、約100席、貸館可、料金・日程・付帯設備は要問い合わせ、アクセスを確認。公式表記が約100席のため概数として記録"
60,LASENS-439,listed,パストラルかぞ 小ホール,https://lasens.com/database/theater-439.html,埼玉県加須市上三俣2255,埼玉県,300,2020-06-24,2026-07-31,https://www.city.kazo.lg.jp/soshiki/shougai/bunkagakushu/pasutorarukazo/6608.html,加須文化・学習センター パストラルかぞ 小ホール,current,300,,https://www.city.kazo.lg.jp/material/files/group/51/99661319.pdf,https://www.city.kazo.lg.jp/kanko_sports/shogaigakushu/4/1/34715.html,https://www.city.kazo.lg.jp/soshiki/shougai/bunkagakushu/pasutorarukazo/6611.html,2026-07-31,verified_primary,,"加須市公式サイトで300席、舞台寸法、現行催事、施設料金PDF、申込期間、取消・物販・事前打合せ等の利用条件、所在地を確認"
61,LASENS-584,listed,浦安市民プラザ WAVE101(多目的小ホール),https://lasens.com/database/theater-584.html,千葉県浦安市入船1-4-1 ショッパーズプラザ4階,千葉県,90,2021-01-25,2026-07-31,https://www.urayasu-zaidan.or.jp/wave101/1001429/1001432.html,浦安市民プラザWave101 多目的小ホール,current,90,133.97,https://www.urayasu-zaidan.or.jp/wave101/1001439/1001443.html,https://www.urayasu-zaidan.or.jp/wave101/1001450.html,https://www.urayasu-zaidan.or.jp/_res/projects/default_project/_page_/001/001/438/20260409.pdf,2026-07-31,verified_primary,,"指定管理者公式サイトと2026年1月改訂利用案内で定員90名、面積133.97平方メートル、料金、アクセス、用途・大音量・物販等の利用条件を確認。旧ページの約150平方メートルより新しい公式PDFを採用"
62,LASENS-227,listed,AIR STUDIO,https://lasens.com/database/theater-227.html,東京都墨田区両国2-18-7 ハイツ両国駅前 B1F,東京都,70,2020-10-05,2026-07-31,https://www.airstudio.jp/company.html,両国・エアースタジオ,current,,,,https://www.airstudio.jp/mobile/studiomap.html,,2026-07-31,primary_partial,,"運営会社公式サイトと2026年公演ページで劇場名、住所、現行公演、JR両国駅からのアクセスを確認。貸館料金・利用条件・客席・面積の公式公開値は未確認"
63,LASENS-2573,listed,SPACE ALTA（スペース・オルタ）,https://lasens.com/database/theater-2573.html,神奈川県横浜市港北区新横浜2-8-4 オルタナティブ生活館Ｂ１,神奈川県,167,2020-07-23,2026-07-31,https://kanagawa.seikatsuclub.coop/news/detail.html?nid=0000016963,スペース・オルタ,current,120,,,https://kanagawa.seikatsuclub.coop/news/detail.html?nid=0000016963,https://kanagawa.seikatsuclub.coop/news/detail.html?nid=0000016963,2026-07-31,primary_partial,,"運営者公式サイトでキャパ120、貸ホール用途、6か月前受付、住所を確認。LaSensの167席は転記しない。リンク先の専用公式URLは現在サーバー初期画面のため料金・面積・詳細条件は未確認"
64,LASENS-2419,listed,月潟稽古場,https://lasens.com/database/theater-2419.html,新潟県新潟市南区大別當949-1,新潟県,,2020-06-23,2026-07-31,https://nakajimadrive.wixsite.com/tsukigatakeikoba,月潟稽古場,current,,,https://nakajimadrive.wixsite.com/tsukigatakeikoba,https://nakajimadrive.wixsite.com/tsukigatakeikoba/adress,https://nakajimadrive.wixsite.com/tsukigatakeikoba/downroad,2026-07-31,verified_primary,,"運営劇団公式サイトと県観光協会公式ロケ地情報で24時間利用、1日2000円、舞台寸法、設備、駐車場、申込フォーム、住所・交通アクセスを確認。舞台寸法から面積を計算せず空欄"
65,LASENS-619,listed,創造交流館練習ホール,https://lasens.com/database/theater-619.html,富山県富山県南砺市利賀村上百瀬48番地,富山県,,2020-06-24,2026-07-31,https://www.togapk.net/kouryukan/,利賀創造交流館,current,,,,https://www.togapk.net/access.php,,2026-07-31,primary_partial,,"施設公式サイトと富山県公式の令和6年度管理評価で現行の利賀創造交流館（練習宿泊施設）を確認。LaSensの「練習ホール」に対応する個別名称・客席・面積・料金・利用条件は公式公開情報で特定できず"
66,LASENS-2476,listed,犀の角,https://lasens.com/database/theater-2476.html,長野県上田市中央2-11-20,長野県,,2020-06-23,2026-07-31,https://sainotsuno.org/theatre/,犀の角,current,60,,https://sainotsuno.org/theatre/,https://sainotsuno.org/access/,https://sainotsuno.org/info/tie-up2026_again/,2026-07-31,verified_primary,,"公式サイトで2026年の劇場利用募集、客席上限60席、利用料金導線、申込・事前打合せ・キャンセル条件、住所・アクセスを確認"
67,LASENS-2478,listed,白子ノ劇場,https://lasens.com/database/theater-2478.html,静岡県藤枝市本町2-7-5,静岡県,,2020-06-23,2026-07-31,https://uniquepoint.org/,白子ノ劇場,closed,,,,https://shirokono.org/,,2026-07-31,verified_primary,,"運営団体公式サイトが2023年12月公演を白子ノ劇場最後の公演とし、取り壊し決定後に2025年から別住所のひつじノ劇場を新拠点としたことを確認。閉館月は推測せず未記録"
68,LASENS-4092,listed,シアターココ,https://lasens.com/database/theater-4092.html,愛知県名古屋市千種区池下１-１１-１１ スタチオン池下2階,愛知県,,2025-10-23,2026-07-31,https://theaterkoko.amebaownd.com/pages/3656384/page_201704041603,シアターココ,current,50,,https://theaterkoko.amebaownd.com/posts/44321590,https://theaterkoko.amebaownd.com/pages/3656384/page_201704041603,https://theaterkoko.amebaownd.com/posts/44321590,2026-07-31,verified_primary,,"公式サイトで貸館中の50席劇場、池下駅徒歩約1分、2023年6月改定の1日・時間利用料金、2024年公開の舞台・音響・照明資料を確認"
69,LASENS-2482,listed,津あけぼの座,https://lasens.com/database/theater-2482.html,三重県津市上浜町3丁目51,三重県,30,2020-06-23,2026-07-31,https://akebonoza.net/,津あけぼの座,current,30,,https://akebonoza.net/sisetsu.html,https://akebonoza.net/profile.html,https://akebonoza.net/sisetsu.html,2026-07-31,verified_primary,,"運営団体公式サイトで2026年公演・募集、客席30席、時間帯別料金、6か月前受付、禁止事項、江戸橋駅徒歩3分と駐車場なしを確認"
70,LASENS-2547,listed,rLabo（アールラボ）,https://lasens.com/database/theater-2547.html,京都府京都市中京区西ノ京池ノ内町29-74,京都府,20,2020-07-08,2026-07-31,https://www.rlabo.jp/,朗読専用劇場rLabo.,current,,,https://www.rlabo.jp/space.html,https://www.rlabo.jp/space.html,https://www.rlabo.jp/space.html,2026-07-31,verified_primary,,"公式サイトで2026年の催事、朗読を主とする会場レンタル、一般・学生料金、利用時間、設備、キャンセル・原状復帰条件、住所・アクセスを確認。2階寸法から面積を計算せず空欄"
71,LASENS-348,listed,in→dependent theatre 2nd（インディペンデントシアター 2nd）,https://lasens.com/database/theater-348.html,大阪府大阪市浪速区日本橋4丁目9-5,大阪府,160,2021-09-14,2026-07-31,https://www.itheatre.jp/2nd2G.html,in→dependent theatre 2nd,current,120,,https://itheatre.jp/pdf/2nd2G-price.pdf,https://www.itheatre.jp/index.html,https://itheatre.jp/pdf/itg-kiyaku.pdf,2026-07-31,verified_primary,,"運営者公式サイトで2021年移転再開後の現行施設、標準120席、舞台・ロビー・楽屋・機材、使用料金表、利用規約、住所・交通導線を確認。LaSensの160席は転記しない"
72,LASENS-2436,listed,狂夏の市場劇場,https://lasens.com/database/theater-2436.html,兵庫県尼崎市建家町89番の5,兵庫県,40,2020-06-23,2026-07-31,https://kyoukanoichiba.jimdofree.com/,狂夏の市場劇場,closed,40,,,https://kyoukanoichiba.jimdofree.com/狂夏の市場上演記録/終了-狂夏の市場12月公演/,,2026-07-31,verified_primary,,"主宰者公式サイトが2024年3月末閉館と明記。公式の2019年公演記録で旧住所と40名限定を確認し、閉館施設の履歴値として記録"
73,LASENS-223,listed,アクロス福岡 円形ホール,https://lasens.com/database/theater-223.html,福岡県福岡市中央区天神1丁目1番1号 財団法人アクロス福岡,福岡県,100,2020-09-09,2026-07-31,https://www.acros.or.jp/r_facilities/arena.html,アクロス福岡 円形ホール,current,100,,https://www.acros.or.jp/s_facilities/arena.html,https://www.acros.or.jp/access/,https://www.acros.or.jp/s_facilities/arena.html,2026-07-31,verified_primary,,"公式施設・貸館ページで標準100席、レイアウト例、施設基本料金、付帯設備、利用手続、住所・公共交通を確認。シアター形式188席は標準席数と混同せず注記対象とした"
74,LASENS-2633,listed,諫早独楽劇場,https://lasens.com/database/theater-2633.html,長崎県諫早市八天町15−4 KGビル2Ｆ,長崎県,70,2020-08-21,2026-07-31,https://www.komagekijou.com/,諫早独楽（コマ）劇場,current,,,https://www.komagekijou.com/blank-1,https://www.komagekijou.com/access,https://www.komagekijou.com/blank-1,2026-07-31,verified_primary,,"公式サイトで年中無休・予約制のレンタル、2階の公演・ライブ利用、練習1時間1500円、催事1日20000円またはスタッフ付30000円、住所・交通・駐車場なしを確認。LaSensの70席は転記しない"
75,LASENS-2740,listed,沖縄市民小劇場あしびなー,https://lasens.com/database/theater-2740.html,沖縄県沖縄市中央２丁目２８−１ 雇用促進等施設3F,沖縄県,290,2020-09-14,2026-07-31,https://koza-ashibina.com/,沖縄市民小劇場あしびなー,current,290,1877.121,https://koza-ashibina.com/usage_guide/,https://koza-ashibina.com/access/,https://koza-ashibina.com/usage_guide/,2026-07-31,verified_primary,,"公式サイトで2026年の利用申請案内、290席（親子席約8・車椅子席4含む）、延床面積1877.121㎡、舞台245㎡、客席265㎡、料金・申込条件・アクセスを確認。official_area_m2は延床面積"
76,LASENS-2587,listed,アートコミュニティスペースKAIKA,https://lasens.com/database/theater-2587.html,京都市下京区岩戸山町440番地 江村ビル2F,,,2020-08-03,2026-07-31,http://www.ftas.info/kaika/,アートコミュニティスペースKAIKA,current,,128.5,,http://www.ftas.info/kaika/access.html,http://www.ftas.info/kaika/facility.html,2026-07-31,verified_primary,,"運営団体公式施設ページで約128.5㎡、天井高2.4m、住所・アクセス、飲食・禁煙・原状復帰等を確認。一般貸館ではなく関係団体等の活動拠点。京都大学公式の2026年度催事で同名称・同住所の現行利用を確認"
77,LASENS-262,marked_closed,アトリエ阿呆船,https://lasens.com/database/theater-262.html,北海道札幌市中央区南4条西9丁目 栄輪ビルB1,北海道,,2020-09-09,2026-07-31,https://fushokuijingai.wixsite.com/fushoku/about,アトリエ阿呆船,unknown,,,,https://fushokuijingai.wixsite.com/fushoku/about,,2026-07-31,primary_partial,,"運営劇団公式サイトで同住所を活動拠点とする記載と2025年の阿呆船公演を確認。2026年の劇団活動は確認できたが阿呆船での現行催事・閉館告知・公開貸館情報は確認できず、LaSensの閉館表示は転記しない"
78,LASENS-3249,listed,八戸ポータルミュージアムはっちシアター2,https://lasens.com/database/theater-3249.html,青森県八戸市三日町11-1,青森県,120,2021-03-04,2026-07-31,https://hacchi.jp/floor-guide/2f/2-1.html,八戸ポータルミュージアム はっち シアター2,current,100,141,https://hacchi.jp/about_hacchi/rental.html,https://hacchi.jp/access/index.html,https://hacchi.jp/about_hacchi/rental.html,2026-07-31,verified_primary,,"公式施設ページで100席程度、141㎡、天井高6.5m、利用時間9〜24時、音響照明・映写・楽屋等を確認。公式貸出案内で料金表、10か月前受付、登録・審査・加算条件を確認し、LaSensの120席は転記しない"
79,LASENS-4078,listed,シアターえびす,https://lasens.com/database/theater-4078.html,宮城県仙台市青葉区本町１丁目２−６,宮城県,40,2025-09-17,2026-07-31,https://www.tohokuebisu.com/theaterebisu,THEATERえびす,current,,,https://www.tohokuebisu.com/theaterguide,https://www.tohokuebisu.com/theaterebisu,https://www.tohokuebisu.com/theaterguide,2026-07-31,verified_primary,,"運営者公式サイトで2025年秋開業、同住所、2026年公演、公開レンタル案内・申込・利用規約を確認。公式本文から会場最大収容人数を確定できないためLaSensの40席は転記しない"
80,LASENS-3959,listed,劇団キンダースペースアトリエ,https://lasens.com/database/theater-3959.html,埼玉県川口市西川口1-23-3 REGIA（旧マンションヒルマ）1F奥,埼玉県,,2024-09-14,2026-07-31,https://kinderspacecom.wordpress.com/2025/04/18/%E3%82%AD%E3%83%B3%E3%83%80%E3%83%BC%E3%82%B9%E3%83%9A%E3%83%BC%E3%82%B9%E5%85%AC%E6%BC%94%E6%83%85%E5%A0%B1/,キンダースペースアトリエ,closed,,,,https://kinderspacecom.wordpress.com/2025/04/18/%E3%82%AD%E3%83%B3%E3%83%80%E3%83%BC%E3%82%B9%E3%83%9A%E3%83%BC%E3%82%B9%E5%85%AC%E6%BC%94%E6%83%85%E5%A0%B1/,,2026-07-31,verified_primary,,"運営劇団公式記事が西川口1-23-3 REGIA 1Fの同施設を2025年末で閉鎖すると明記。2026年の公式ワークショップは別会場で、プロフィールの「川口市のアトリエ」と旧施設の関係を推測して現行扱いにはしない"
81,LASENS-583,listed,浦安市民プラザ WAVE101(多目的大ホール),https://lasens.com/database/theater-583.html,千葉県浦安市入船1-4-1 ショッパーズプラザ4階,千葉県,300,2021-01-25,2026-07-31,https://www.urayasu-zaidan.or.jp/wave101/1001429/1001430.html,浦安市民プラザWave101 多目的大ホール,current,300,298.81,https://www.urayasu-zaidan.or.jp/wave101/1001439/1001441.html,https://www.urayasu-zaidan.or.jp/wave101/1001450.html,https://www.urayasu-zaidan.or.jp/wave101/1001438/1001469.html,2026-07-31,verified_primary,,"指定管理者公式の2026年1月改訂利用案内で298.81㎡・最大300名、公式ページでフラット床・自由レイアウト・料金区分、利用注意事項、新浦安駅徒歩5分を確認"
82,LASENS-611,listed,APOC（アポック）シアター,https://lasens.com/database/theater-611.html,東京都東京都世田谷区桜丘5-47-4,東京都,60,2020-06-23,2026-07-31,https://www.apoc-theater.com/,APOCシアター,current,60,,https://www.apoc-theater.com/,https://www.apoc-theater.com/,https://www.apoc-theater.com/,2026-07-31,verified_primary,,"運営者公式サイトで2026年公演と2027年企画募集、客席約45〜60席、2026年4月契約分からの料金、10〜23時利用、短期予約条件、千歳船橋駅徒歩3分を確認。official_capacityは公式範囲の上限"
83,LASENS-501,listed,STスポット,https://lasens.com/database/theater-501.html,神奈川県横浜市西区北幸1-11-15 横浜STビルB1,神奈川県,60,2021-02-09,2026-07-31,https://stspot.jp/guide/,STスポット,current,60,56,https://stspot.jp/guide/fee.php,https://stspot.jp/guide/access.php,https://stspot.jp/guide/mousikomi.php,2026-07-31,verified_primary,,"運営法人公式サイトで56㎡・収容60人・平土間、曜日別公演料金、日数別受付開始、キャンセル・禁止事項、横浜駅徒歩8分を確認"
84,LASENS-568,listed,富山県民小劇場(オルビス),https://lasens.com/database/theater-568.html,富山県富山市桜町1丁目1番61号,富山県,200,2020-06-24,2026-07-31,https://www.bunka-toyama.jp/orbis/facilityguide/index.html,富山県民小劇場ORBIS,current,200,200,https://www.bunka-toyama.jp/orbis/use-reservation/index.html,https://www.bunka-toyama.jp/orbis/access/index.html,https://www.bunka-toyama.jp/orbis/use-reservation/index.html,2026-07-31,verified_primary,,"指定管理者公式サイトで2026年催事、舞台・客席約200㎡、最大200席、料金・前納・受付・還付条件、富山駅徒歩5分を確認。2026年7月の料金改定があるため旧PDFの数値は転記せず現行案内URLを記録"
85,LASENS-2440,listed,上土劇場,https://lasens.com/database/theater-2440.html,長野県松本市大手4-7-2,長野県,220,2020-06-23,2026-07-31,https://age-geki.jp/,上土劇場,current,215,,https://age-geki.jp/picca_kitei/,https://age-geki.jp/access/,https://age-geki.jp/picca_kitei/,2026-07-31,verified_primary,,"劇場公式サイトで2026年7月の催事、客席215席、舞台寸法、現行貸館料、9〜22時、12か月前受付、キャンセル条件、住所・公共交通を確認。LaSensの220席は転記しない"
86,LASENS-592,listed,野外劇場「有度」,https://lasens.com/database/theater-592.html,静岡県静岡市駿河区平沢100-1,静岡県,400,2020-06-24,2026-07-31,https://spac.or.jp/facilities/shizuoka-performing-arts-park,静岡県舞台芸術公園 野外劇場「有度」,current,400,,,https://spac.or.jp/access,,2026-07-31,verified_primary,,"運営団体公式施設ページで固定400席（車椅子席2席）、楽屋3室、舞台間口13.8m・奥行16.71m、照明設備、公式アクセスを確認。一般貸館の料金・利用条件は公式公開情報から確認できず空欄"
87,LASENS-2365,marked_closed,ナビロフト,https://lasens.com/database/theater-2365.html,愛知県名古屋市天白区井口二丁目902,愛知県,,2021-04-12,2026-07-31,https://naviloft1994.wixsite.com/navi-loft/naviloft-closed1,ナビロフト,closed,,,,https://naviloft1994.wixsite.com/navi-loft/access,https://naviloft1994.wixsite.com/navi-loft/naviloft-closed1,2026-07-31,verified_primary,,"運営者公式サイトが2021年4月10・11日の自主企画をもって劇場閉鎖、設備解体後に賃貸建物を返却したと明記。現運営団体は企画活動を継続するが旧住所に劇場は存在しない"
88,LASENS-2442,listed,THEATER E9 KYOTO,https://lasens.com/database/theater-2442.html,京都府京都市南区東九条南河原町9-1,京都府,89,2020-06-23,2026-07-31,https://askyoto.or.jp/e9/rental,THEATRE E9 KYOTO,current,89,110,https://askyoto.or.jp/wp-content/uploads/2019/09/a2bbfd933c96df432d67182a21ddedcd.pdf,https://askyoto.or.jp/e9,https://askyoto.or.jp/wp-content/uploads/2019/09/a2bbfd933c96df432d67182a21ddedcd.pdf,2026-07-31,verified_primary,,"運営法人公式サイトで2026年催事・追加募集、89席、客席込み110㎡、2026年度一般貸出料金、利用時間・キャンセル・禁止事項、住所・交通を確認。公式名称のTHEATRE表記を採用"
89,LASENS-374,listed,KOKO PLAZA (エクスプレス・ココ),https://lasens.com/database/theater-374.html,大阪府大阪市東淀川区東中島1-13-13,大阪府,204,2020-06-24,2026-07-31,https://kokoplaza.net/about_room/room_cat1/,大阪市立青少年センター KOKO PLAZA エクスプレス・ココ200（練習発表室）,current,230,210,https://kokoplaza.net/wp-content/uploads/2024/03/70563e928dbb03d7e037d8a7c730308c.pdf,https://kokoplaza.net/access/,https://kokoplaza.net/about_use/,2026-07-31,verified_primary,,"施設公式サイトで定員230名・210㎡、着席型200名・舞台約80㎡・客席約130㎡、利用料PDF、芸術発表会の予約・提出条件、新大阪駅からの徒歩アクセスを確認。LaSensの204席は転記しない"
90,LASENS-2466,listed,江原湖畔劇場,https://lasens.com/database/theater-2466.html,兵庫県豊岡市日高町日置65-10,兵庫県,,2020-06-23,2026-07-31,https://ebara-riverside.com/theatre/use/,江原河畔劇場,current,140,222.6,https://ebara-riverside.com/theatre/use/,https://ebara-riverside.com/access/,https://ebara-riverside.com/theatre/use/,2026-07-31,verified_primary,,"劇場公式サイトでLaSensの湖畔ではなく河畔が正式名称であること、140席、劇場全体222.6㎡、2026年6月更新の貸館料金・申込条件、江原駅徒歩2分を確認"
91,LASENS-228,listed,あじびホール,https://lasens.com/database/theater-228.html,福岡県福岡市博多区下川端町3-1 リバレインセンタービル7・8階,福岡県,120,2020-09-09,2026-07-31,https://faam.city.fukuoka.lg.jp/guidance/lending/hole/,あじびホール,current,120,172,https://faam.city.fukuoka.lg.jp/guidance/lending/hole/,https://faam.city.fukuoka.lg.jp/guidance/access/,https://faam.city.fukuoka.lg.jp/guidance/lending/hole/,2026-07-31,verified_primary,,"福岡アジア美術館公式サイトで2026年催事、施設概要の172㎡・通常100席、現行設営資料の最大120席、料金、非営利の文化芸術目的・申請条件、地下鉄中洲川端駅直結を確認。official_capacityは公式最大値"
92,LASENS-3297,listed,国立劇場おきなわ 小劇場,https://lasens.com/database/theater-3297.html,沖縄県浦添市勢理客4-14-1,沖縄県,255,2021-04-02,2026-07-31,https://www.nt-okinawa.or.jp/facility-use/small-theatre,国立劇場おきなわ 小劇場,current,255,,https://www.nt-okinawa.or.jp/facility-use/usage-fee,https://www.nt-okinawa.or.jp/?id=13&view=category,https://www.nt-okinawa.or.jp/facility-use,2026-07-31,verified_primary,,"運営財団公式サイトで255席・車椅子席2席、舞台寸法、2024年4月以降の使用料、令和8・9年度の貸劇場申込・施設使用規程、住所・交通を確認"
93,LASENS-3931,listed,新世界ZAZA POCKETS,https://lasens.com/database/theater-3931.html,,,,2024-09-03,2026-07-31,https://www.vitalartbox.com/zaza/theater/,新世界ZAZA POCKETS,current,70,,https://www.vitalartbox.com/zaza/vab/wp-content/themes/twentytwentyfive-child/assets/pdf/term_s2024.pdf,https://www.vitalartbox.com/zaza/theater/,https://www.vitalartbox.com/zaza/vab/wp-content/themes/twentytwentyfive-child/assets/pdf/term_s2024.pdf,2026-07-31,verified_primary,,"運営会社公式サイトで2026年公演、約70席、舞台間口約3m・奥行2.7m、使用料・キャンセル等の使用規定、所在地と3駅からの徒歩アクセスを確認"
94,LASENS-2539,listed,サンピアザ劇場,https://lasens.com/database/theater-2539.html,北海道札幌市厚別区厚別中央二条5丁目7-5,北海道,255,2021-10-26,2026-07-31,https://www.arc-city.com/sunpi-theater/,サンピアザ劇場,closed,255,,,https://www.arc-city.com/sunpi-theater/contents/access/index.html,https://www.arc-city.com/sunpi-theater/,2026-07-31,verified_primary,,"運営会社公式サイトが2022年3月31日をもって営業終了し当面休館と明記。旧施設案内で255席とアクセスを確認したが、再開の一次情報は確認できないため現行貸館料金は記録しない"
95,LASENS-658,listed,せんだい演劇工房10-BOX（box-1）,https://lasens.com/database/theater-658.html,宮城県仙台市若林区卸町2-12-9,宮城県,100,2020-06-24,2026-07-31,https://www.gekito.jp/?pg=1771812016,せんだい演劇工房10-BOX box-1,current,80,117,https://www.gekito.jp/?pg=1771812016,https://ssbj.jp/facility/10box/,https://www.gekito.jp/?pg=1771812016,2026-07-31,verified_primary,,"運営財団公式の2026年4月更新利用案内で117㎡、公式図面の60席・80席構成、利用料金・申込区分・取消条件、公式施設ページで卸町駅からのアクセスを確認。official_capacityは公開構成の大きい80席で、LaSensの100席は転記しない"
96,LASENS-665,listed,彩の国さいたま芸術劇場（小ホール）,https://lasens.com/database/theater-665.html,埼玉県さいたま市中央区上峰3-15-1,埼玉県,346,2020-06-24,2026-07-31,https://www.saf.or.jp/arthall/guide/facilities/small_hall/,彩の国さいたま芸術劇場 小ホール,current,346,170,https://www.saf.or.jp/arthall/guide/facilities/small_hall/,https://www.saf.or.jp/arthall/access/,https://www.saf.or.jp/arthall/guide/flow/hall/,2026-07-31,verified_primary,,"運営財団公式サイトで2026年の貸館受付、可変266・298・346席、舞台約60〜170㎡、利用料金、14か月前受付と芸術文化用途の審査、与野本町駅徒歩7分を確認。official_capacity・areaは公式範囲の上限"
97,LASENS-358,listed,京北ホール,https://lasens.com/database/theater-358.html,千葉県柏市柏1-4-3 京北ビル6F,千葉県,100,2020-06-24,2026-07-31,https://www.k-nw.com/,京北ホール,closed,100,106,,https://www.k-nw.com/,https://www.k-nw.com/,2026-07-31,verified_primary,,"運営会社公式サイトが2026年4月1日から当面の間一時休業し再開時期未定と明記。収容定員100名・約106㎡を確認。永久閉館とは扱わない。公式所在地は京北ビル3階でLaSensの6階表記と不一致のため原文を保持し、休業前料金は現行値として記録しない"
98,LASENS-4335,listed,Asagiri Mist Theater,https://lasens.com/database/theater-4335.html,東京都新宿区歌舞伎町2-15-3 新宿KSビル1F,東京都,110,2026-04-27,2026-07-31,https://mist-theater.com/,Asagiri Mist Theater,current,110,,https://mist-theater.com/price/,https://mist-theater.com/access/,https://mist-theater.com/rental/,2026-07-31,verified_primary,,"運営者公式サイトで2026年4月1日開業、最大110席、舞台寸法、2026年の公演、利用料金、予約金・キャンセル・舞台監督配置等の利用規程、各駅からのアクセスを確認"
99,LASENS-231,listed,あかいくつ劇場,https://lasens.com/database/theater-231.html,神奈川県横浜市中区山下町18番地,神奈川県,147,2022-01-28,2026-07-31,https://www.doll-museum.jp/%E8%B2%B8%E5%AE%A4%E3%81%AE%E3%81%94%E6%A1%88%E5%86%85,あかいくつ劇場,current,147,,https://www.doll-museum.jp/wp-content/uploads/2016/11/gekijyo.pdf,https://www.doll-museum.jp/guide,https://www.doll-museum.jp/wp-content/uploads/2016/11/gekijyo.pdf,2026-07-31,verified_primary,,"運営施設公式サイトで147席、舞台128㎡・客席117㎡、料金、利用手引き、2026年4月～9月利用予約抽選、2026年度公演、アクセスを確認。単一面積欄では舞台と客席を合算せず空欄とした。貸室ページ本文の予約期限表示は2025年3月末のままのため最新予約PDFを優先"
100,LASENS-621,listed,野外劇場,https://lasens.com/database/theater-621.html,富山県富山県南砺市利賀村上百瀬48番,富山県,700,2020-06-24,2026-07-31,https://www.togapk.net/facility/?facility_id=6,富山県利賀芸術公園 野外劇場,current,700,,,https://www.togapk.net/access.php,,2026-07-31,verified_primary,,"施設公式ページで1982年建設・収容人員700人と所在地・交通を確認。運営拠点とするSCOTの公式2026年サマー・シーズンで野外劇場の現行利用を確認。一般貸館の料金・利用条件は公式公開情報から確認できず空欄"
101,LASENS-2363,listed,ナンジャーレ,https://lasens.com/database/theater-2363.html,愛知県名古屋市中村区亀島2-26-5 キジビル4F,愛知県,70,2020-06-23,2026-07-31,https://www.nanjare-nagoya.com/,ナンジャーレ,current,,,https://www.nanjare-nagoya.com/service/price/,https://www.nanjare-nagoya.com/access/,https://www.nanjare-nagoya.com/service/,2026-07-31,verified_primary,,"運営者公式サイトで2026年の公演・設備更新・利用規約更新、現行料金、予約条件、住所・アクセスを確認。公式設備ページは大小計80脚の椅子を掲載するが収容定員とは明記していないためLaSensの70席を転記せず客席欄は空欄"
102,LASENS-257,marked_closed,アトリエ劇研,https://lasens.com/database/theater-257.html,京都府京都市左京区下鴨塚本町1,京都府,80,2020-06-24,2026-07-31,https://askyoto.or.jp/info/418,アトリエ劇研,closed,,,,,,2026-07-31,verified_primary,,"後継施設を運営するアーツシード京都の公式記事が2017年8月に33年続いた小劇場アトリエ劇研が閉館したと明記。京都市公式ページも2017年8月末閉館を確認。LaSens掲載の80席は一次情報で確認できず転記しない"
103,LASENS-388,listed,LOVELY HALL(河内長野市民文化会館)・小ホール,https://lasens.com/database/theater-388.html,大阪府河内長野市西代町12-46,大阪府,464,2020-06-24,2026-07-31,https://lovelyhall.com/facilities/floormap/smallhall.html,ラブリーホール 小ホール,current,464,,https://lovelyhall.com/facilities/floormap/smallhall.html,https://lovelyhall.com/access/index.html,https://lovelyhall.com/facilities/aboutuse/01.html,2026-07-31,verified_primary,,"指定管理者公式サイトで全464席、舞台寸法、2026年4月以降の料金改定、利用者登録・申込条件、現在の施設予約案内、住所・アクセスを確認"
104,LASENS-3436,listed,小劇場・そぞろ座,https://lasens.com/database/theater-3436.html,兵庫県豊岡市山王町7-52 芸術文化観光専門職大学実習棟内,兵庫県,60,2022-01-05,2026-07-31,https://www.at-hyogo.jp/oc/15565/,芸術文化観光専門職大学 実習棟小劇場「そぞろ座」,current,,,,https://www.at-hyogo.jp/about/aceess/,,2026-07-31,primary_partial,,"大学公式の2026年オープンキャンパスで実習棟小劇場そぞろ座とプロ仕様の音響・照明機材の現行利用を確認。大学公式住所・アクセスも確認したが一般貸館の可否、料金、利用条件、客席数、面積は確認できずLaSensの60席を転記しない"
105,LASENS-340,listed,イムズホール,https://lasens.com/database/theater-340.html,福岡県福岡市中央区天神1-7-11,福岡県,366,2020-06-24,2026-07-31,https://www.mec.co.jp/news/detail/2024/05/15_mec240515_tenjin1-7,イムズホール,closed,,,,,,2026-07-31,verified_primary,,"三菱地所公式資料でイムズが2021年8月31日に営業終了し跡地再開発中と確認。LaSensの366席は一次情報から確認できないため転記せず、旧施設の料金・アクセス・利用条件も空欄とした"
106,LASENS-636,marked_closed,小劇場アトリエ游,https://lasens.com/database/theater-636.html,沖縄県石垣市登野城87,沖縄県,100,2020-06-24,2026-07-31,,,,,,,,,2026-07-31,official_not_found,,"施設名・住所・電話で運営者公式、石垣市公式、自治体関連公開情報を探索したが、現行または閉館を確定できる公式情報を確認できず。LaSensの閉館表示、八重山観光系の旧掲載、検索スニペットを公式欄へ転記していない"
107,LASENS-615,listed,森下文化センター(多目的ホール),https://lasens.com/database/theater-615.html,江東区森下3-12-17,,270,2020-10-07,2026-07-31,https://www.kcf.or.jp/morishita/shisetsu/ichiran/detail/?id=36,江東区森下文化センター 多目的ホール,current,270,317.6,https://www.kcf.or.jp/morishita/shisetsu/fee/,https://www.kcf.or.jp/morishita/access/,https://www.kcf.or.jp/morishita/shisetsu/ichiran/detail/?id=36,2026-07-31,verified_primary,,"指定管理者公式で椅子のみ最大270席、317.6平方メートル、現行料金、アクセス、利用上の注意と2026年催事を確認"
108,LASENS-3438,listed,シアター8・1サッポロ（仮称）,https://lasens.com/database/theater-3438.html,北海道札幌市北区北八条西1丁目1-6（予定） （仮称）北8西１地区タワーマンション内,北海道,226,2022-01-05,2026-07-31,https://kita8theater.com/about-us/,ジョブキタ北八劇場,current,226,,,https://kita8theater.com/access/,https://kita8theater.com/wp-content/uploads/2024/04/%E5%8C%97%E5%85%AB%E5%8A%87%E5%A0%B4%E3%81%94%E5%88%A9%E7%94%A8%E6%A1%88%E5%86%85_2024-03-24.pdf,2026-07-31,verified_primary,,"LaSensの仮称・予定地に対応する完成施設を公式サイトで確認。現名称はジョブキタ北八劇場、所在地は札幌市北区北8条西1丁目3 さつきた8・1 2階、最大226席。2024年案内の料金は期限付き割引を含むため現行料金として記録しない"
109,LASENS-669,listed,仙台市泉文化創造センター （イズミティ21）小ホール,https://lasens.com/database/theater-669.html,宮城県仙台市泉区泉中央2-18-1,宮城県,408,2020-06-24,2026-07-31,https://izumity21.jp/about/hall_small/,仙台銀行ホール イズミティ21 小ホール,current,403,,https://izumity21.jp/use/hall_price/,https://izumity21.jp/access/,https://izumity21.jp/use/hall_flow/,2026-07-31,verified_primary,,"施設公式で客席403席と車椅子スペース5台分を別項目として確認し、収容欄は403席を記録。LaSensの408席をそのまま転記していない"
110,LASENS-412,listed,成田市民ホール(成田公民館3F),https://lasens.com/database/theater-412.html,千葉県成田市田町299-2,千葉県,206,2020-06-24,2026-07-31,https://www.city.narita.chiba.jp/shisetsu/page000139.html,成田公民館 市民ホール,current,206,,https://www.city.narita.chiba.jp/bunka_sports/page214200.html,https://www.city.narita.chiba.jp/shisetsu/page000139.html,https://www.city.narita.chiba.jp/bunka_sports/page213300.html,2026-07-31,verified_primary,,"成田市公式の2026年更新ページで206席、車椅子スペース2席分、現行料金、申込時期、利用区分、アクセスを確認。収容欄は公式の客席数206を記録"
111,LASENS-2963,listed,at THEATRE,https://lasens.com/database/theater-2963.html,東京都新宿区新宿5-4-1 新宿QフラットビルB1,東京都,26,2020-12-21,2026-07-31,https://tokyocinemaunion.jp/special/rental2024/,新宿 at THEATRE,current,24,40,https://tokyocinemaunion.jp/special/rental2024/,https://tokyocinemaunion.jp/2016/03/27/access/,https://tokyocinemaunion.jp/special/rental2024/,2026-07-31,verified_primary,,"運営者公式で固定17席とベンチ7席の舞台形式約24席、折り畳み椅子追加時28〜30席、約40平方メートル、貸出手順とキャンセル条件を確認。公式主催者情報で2026年公演も確認し、LaSensの26席は転記していない"
112,LASENS-250,listed,アルテリオ小劇場,https://lasens.com/database/theater-250.html,神奈川県川崎市麻生区万福寺6-7-1,神奈川県,195,2020-05-20,2026-07-31,https://kawasaki-ac.jp/info/,川崎市アートセンター アルテリオ小劇場,current,195,,https://kawasaki-ac.jp/assets/images/pdf/rent_th_2404.pdf,https://kawasaki-ac.jp/access/,https://kawasaki-ac.jp/assets/images/pdf/rent_th_2404.pdf,2026-07-31,verified_primary,,"施設公式で基本195席（車椅子2席を含む）、最大214席、現行貸館料金・条件、アクセスと2026年催事を確認。収容欄は基本形式195席を記録"
113,LASENS-559,listed,利賀スタジオ,https://lasens.com/database/theater-559.html,富山県南砺市利賀村上百瀬48番地 (富山県利賀芸術公園内),富山県,150,2020-06-24,2026-07-31,https://www.togapk.net/facility/?facility_id=4,富山県利賀芸術公園 利賀スタジオ,current,150,377.2,,https://www.togapk.net/assets/docs/Access_PDF_160131_jp.pdf,,2026-07-31,verified_primary,,"施設公式で現在利用されている利賀スタジオを確認し、富山県の令和6年度指定管理評価表で377.20平方メートル・150名収容を確認。一般貸館の個別料金・利用条件は公開確認できず空欄とした"
114,LASENS-3428,listed,パティオ池鯉鮒・花しょうぶホール,https://lasens.com/database/theater-3428.html,愛知県知立市上重原町116番地,愛知県,293,2021-11-30,2026-07-31,https://patio-chiryu.com/facility/hanashobuhall/,パティオ池鯉鮒（知立市文化会館） 花しょうぶホール,current,293,,https://patio-chiryu.com/facility/hanashobuhall/,https://patio-chiryu.com/access/,https://patio-chiryu.com/facility/,2026-07-31,verified_primary,,"指定管理者公式で可変244〜293席、現行料金、アクセス、申込期間、利用条件を確認。収容欄は公式範囲の最大293席を記録し、可変構成を注記した"
115,LASENS-508,listed,スタジオヴァリエ,https://lasens.com/database/theater-508.html,京都府京都市左京区吉田二本松町20-1,京都府,60,2020-06-23,2026-07-31,https://benriticket.wixsite.com/studiovarie,スタジオVARIE,unknown,,,,https://benriticket.wixsite.com/studiovarie/access,,2026-07-31,primary_partial,,"運営者公式サイトで名称・住所・アクセスと貸出導線を確認したが、掲載された最新日程は2018年で2026年の現行営業または閉館を確定できず。LaSensの60席と料金は公式欄へ転記していない"
116,LASENS-614,marked_closed,MOVE FACTORY（ムーヴファクトリー）,https://lasens.com/database/theater-614.html,大阪府大阪市北区中崎1丁目8－14,大阪府,70,2026-07-13,2026-07-31,https://x.com/movefactory_st,MOVE FACTORY,closed,,,,,,2026-07-31,verified_primary,,"施設公式Xアカウントが当スタジオと運営会社を2026年3月末で閉館・閉業すると告知したことを確認。旧公式ブログは取得できず、LaSensの70席・旧料金・アクセスを公式欄へ転記していない"
117,LASENS-2372,listed,神戸三宮シアターA☆to,https://lasens.com/database/theater-2372.html,兵庫県神戸市中央区琴ノ緒町5丁目6-9,兵庫県,100,2020-06-23,2026-07-31,https://www.a-to-kobe.jp/,神戸三宮シアター・エートー,current,100,,https://www.a-to-kobe.jp/rent2,https://www.a-to-kobe.jp/access,https://www.a-to-kobe.jp/rent2,2026-07-31,verified_primary,,"施設公式でひな壇100席、ロールバック可能、貸館料金・条件、アクセスと2026年公演を確認。料金ページは2019年9月施行表記のため予約時の現行確認が必要"
118,LASENS-645,listed,ウエルとばた（北九州市立戸畑市民会館） 中ホール,https://lasens.com/database/theater-645.html,福岡県北九州市戸畑区汐井町1番6号,福岡県,300,2020-06-23,2026-07-31,https://www.wel-tobata.jp/building/guide/hoal_m-2/,北九州市ウェルとばた 中ホール,current,300,,https://www.wel-tobata.jp/building/guide/hoal_m-2/,https://www.wel-tobata.jp/access/,https://www.wel-tobata.jp/building/reserved/l/,2026-07-31,verified_primary,,"施設公式で300席、入場料区分別の現行料金、アクセス、申込時期、事前打合せ、利用制限を確認"
119,LASENS-3344,listed,那覇市ぶんかテンブス館,https://lasens.com/database/theater-3344.html,沖縄県那覇市牧志3丁目2番10号,沖縄県,246,2021-06-19,2026-07-31,https://tenbusukan.jp/hall.html,てんぶす那覇 テンブスホール,current,246,294.2,https://tenbusukan.jp/pdf/20241101info_hall.pdf,https://tenbusukan.jp/contact.html,https://tenbusukan.jp/terms.html,2026-07-31,verified_primary,,"現公式名称はてんぶす那覇。指定管理者公式で通常246席、スタンディング330名、294.2平方メートル、2024年11月改定料金、アクセス、利用規約を確認"
120,LASENS-3940,listed,ジョブキタ北八劇場,https://lasens.com/database/theater-3940.html,北海道札幌市北区北８条西１丁目３番地 「さつきた８・１」２階,北海道,226,2024-09-10,2026-07-31,https://kita8theater.com/about-us/,ジョブキタ北八劇場,current,226,,,https://kita8theater.com/access/,https://kita8theater.com/wp-content/uploads/2024/04/%E5%8C%97%E5%85%AB%E5%8A%87%E5%A0%B4%E3%81%94%E5%88%A9%E7%94%A8%E6%A1%88%E5%86%85_2024-03-24.pdf,2026-07-31,verified_primary,,"公式サイトで226席、一般貸出、アクセス、2026年公演を確認。LASENS-3438の仮称行と同一施設の重複索引であり、2024年案内の期限付き割引は現行料金として記録しない"
121,LASENS-673,listed,仙台市民会館（小ホール）,https://lasens.com/database/theater-673.html,宮城県仙台市青葉区桜ヶ岡公園4-1,宮城県,500,2020-06-24,2026-07-31,https://www.tohoku-kyoritz.co.jp/shimin/gaiyou/hall/syou_hall.htm,トークネットホール仙台（仙台市民会館） 小ホール,current,500,,https://www.tohoku-kyoritz.co.jp/shimin/annai/sisetu_ryoukin_3110.htm,https://www.tohoku-kyoritz.co.jp/shimin/index1.html,https://www.tohoku-kyoritz.co.jp/shimin/annai/mousikomi.htm,2026-07-31,verified_primary,,"指定管理者公式で2026年7月更新、500席、現行料金、受付期間・連続利用日数等の申込条件を確認。仙台市公式も令和8年度以降の指定管理対象施設として現行運営を確認"
122,LASENS-395,listed,千葉市美浜文化ホール(メインホール),https://lasens.com/database/theater-395.html,千葉県千葉市美浜区真砂5-15-2,千葉県,351,2020-06-24,2026-07-31,https://chiba-aw.jp/mihama/hall,千葉市美浜文化ホール メインホール,current,354,,https://chiba-aw.jp/mihama/price,https://chiba-aw.jp/mihama/access,https://chiba-aw.jp/mihama/guide,2026-07-31,verified_primary,,"指定管理者公式の2026年度案内と千葉市公式資料で現行運営を確認。客席は固定351席と車椅子席3席の計354席、親子室4席は別扱い。料金、アクセス、予約・キャンセル条件を公式公開"
123,LASENS-676,marked_closed,atelier SENTIO（アトリエセンティオ）,https://lasens.com/database/theater-676.html,東京都豊島区池袋本町4-29-10-1F,東京都,,2020-06-24,2026-07-31,https://dainanagekijo.tumblr.com/post/174209971403/about,atelier SENTIO,unknown,,,,,,2026-07-31,primary_partial,,"共同運営した第七劇場の公式沿革で2006年から2013年まで東京のatelier SENTIOを拠点とし、2014年に三重へ移設したことを確認。旧公式ドメインは現行表示を確認できず、施設の閉館告知は一次情報で確認できないためunknown"
124,LASENS-550,listed,テアトルフォンテ(泉区民文化センター),https://lasens.com/database/theater-550.html,神奈川県横浜市泉区和泉町3511-9 いずみ中央ライフ3F,神奈川県,386,2020-06-24,2026-07-31,https://www.theatrefonte.com/facility/detail/id=110,横浜市泉区民文化センター テアトルフォンテ ホール,current,386,,https://www.theatrefonte.com/price/,https://www.theatrefonte.com/access/,https://www.theatrefonte.com/guide/,2026-07-31,verified_primary,,"指定管理者公式で2026年催事と貸館を確認。可動席構成は282〜386席、通常時359人に親子室5席を別記しており、official_capacityは公式最大386席。現住所は和泉中央南5-4-13"
125,LASENS-3744,listed,メニコンシアターAoi,https://lasens.com/database/theater-3744.html,愛知県名古屋市中区葵三丁目21番19号,愛知県,301,2023-07-18,2026-07-31,https://meniconart.or.jp/aoi/floorguide/,メニコン シアターAoi,current,301,,https://meniconart.or.jp/aoi/rental/,https://meniconart.or.jp/aoi/access/,https://meniconart.or.jp/aoi/rental/,2026-07-31,verified_primary,,"運営財団公式で301席（車椅子スペース2席・多目的室4席を含む）、2026年貸館公演、基本料金、会員登録・申込時期・利用制限、千種駅徒歩約4分を確認"
126,LASENS-495,marked_closed,スペース･イサン,https://lasens.com/database/theater-495.html,京都府京都市東山区本町10-151-1,京都府,,2020-09-09,2026-07-31,https://www.facebook.com/p/SPACE-LFAN-100083641352988/,SPACE LFAN（旧 スペース・イサン）,current,,,,https://choreographers.jcdn.org/program/d26_kyoto,,2026-07-31,primary_partial,,"アーツシード京都公式が同住所のSPACE LFANを旧スペース・イサンと明記し、JCDN公式の2026年度事業が2026年9〜12月に同会場を使用予定。施設公式Facebook以外に料金・一般貸館条件・客席等の公開一次情報を確認できない"
127,LASENS-461,listed,OVAL THEATER,https://lasens.com/database/theater-461.html,大阪府大阪市阿倍野区阿倍野筋2-4-45,大阪府,,2022-01-05,2026-07-31,https://www.thekio.co.jp/,,unknown,,,,,,2026-07-31,primary_partial,,"旧公式URLと関係する一般社団法人KIOの現行公式サイト・会社概要を確認。公式オンラインショップにはlOXODONTA BLACKの紹介が残るが更新日がなく、現行KIOサイトはOVAL THEATERの営業・閉館・貸館情報を掲載していないため旧住所施設の状態を確定しない"
128,LASENS-3537,listed,町劇Akashi bb,https://lasens.com/database/theater-3537.html,兵庫県明石市相生町2-11-9 3階南 大枝ビル,兵庫県,,2022-10-08,2026-07-31,https://matigeki-akashi-solaseed.com/%E7%94%BA%E5%8A%87akashi/,町劇Akashi,current,,,,https://matigeki-akashi-solaseed.com/%E7%94%BA%E5%8A%87akashi/,https://matigeki-akashi-solaseed.com/%E7%94%BA%E5%8A%87akashi/,2026-07-31,primary_partial,,"運営劇団公式で2025年4月に明石市本町1-17-3 ゑびや第2ビル3階西室へ移転した現行施設を確認。2026年の催事と劇場貸出を明記するが、客席・面積・料金等の比較項目は公開確認できない"
129,LASENS-538,marked_closed,シアターポケット,https://lasens.com/database/theater-538.html,福岡県福岡市中央区清川2-6-22,福岡県,40,2020-06-24,2026-07-31,,,,,,,,,2026-07-31,official_not_found,,"施設名・住所と福岡の演劇関係団体まで探索したが、運営者公式サイト・公式PDF・閉館告知を確認できず。LaSensの閉館表示と40席を公式欄へ転記していない"
130,LASENS-3418,listed,那覇文化芸術劇場 なはーと 小劇場,https://lasens.com/database/theater-3418.html,沖縄県那覇市久茂地3-26-27,沖縄県,259,2021-11-01,2026-07-31,https://www.nahart.jp/use/s_hall/,那覇文化芸術劇場なはーと 小劇場,current,259,,https://www.nahart.jp/userfiles/files/sisetusiyouryou.pdf,https://www.nahart.jp/access/,https://nahart.jp/sp/use/flow/,2026-07-31,verified_primary,,"那覇市の劇場公式で259席と車椅子スペース2席、使用料、申請手順、利用条件、県庁前・美栄橋各駅徒歩約6分を確認。2026年の施設受付・催事も確認した"
131,LASENS-378,listed,ターミナルプラザことにPATOS イベントホール,https://lasens.com/database/theater-378.html,北海道札幌市西区琴似1条4丁目 地下鉄琴似駅B2F,北海道,150,2020-06-24,2026-07-31,https://patos.concarino.or.jp/infomation/,ターミナルプラザことにパトス 多目的ホール,current,99,,https://patos.concarino.or.jp/patos-information/,https://patos.concarino.or.jp/%e3%82%a2%e3%82%af%e3%82%bb%e3%82%b9/,https://patos.concarino.or.jp/patos-information/,2026-07-31,verified_primary,,"NPO法人コンカリーニョ運営の公式サイトと2024年7月利用案内で最大99名、固定席なし、内寸9.1m×17.2m×高さ4m、料金・申込条件、地下鉄琴似駅直結を確認。公式面積値はないため寸法から計算せず、LaSensの150席は転記していない"
132,LASENS-2759,listed,誰も知らない劇場,https://lasens.com/database/theater-2759.html,宮城県仙台市青葉区本町1丁目11番2号 SK仙台ビル3F,宮城県,154,2020-10-12,2026-07-31,https://www.edward.co.jp/theater/info/,誰も知らない劇場,current,154,,https://www.edward.co.jp/theater/info/,https://www.edward.co.jp/theater/access/,https://www.edward.co.jp/theater/info/,2026-07-31,verified_primary,,"運営者公式で154席、基本使用料・時間貸し・設備、利用用途、アクセスと2026年催事を確認。現住所は仙台市青葉区中央2丁目5-10 仙台新伝馬町ビル3Fで、LaSens掲載住所は現行公式と異なる"
133,LASENS-396,listed,千葉市美浜文化ホール(音楽ホール),https://lasens.com/database/theater-396.html,千葉県千葉市美浜区真砂5-15-2,千葉県,150,2020-06-24,2026-07-31,https://chiba-aw.jp/mihama/floor-ongakuhall,千葉市美浜文化ホール 音楽ホール,current,152,,https://chiba-aw.jp/mihama/price,https://chiba-aw.jp/mihama/access,https://chiba-aw.jp/mihama/guide,2026-07-31,verified_primary,,"指定管理者公式と千葉市公式で固定150席と車椅子スペース2席の計152席、料金、アクセス、予約・キャンセル条件、2026年催事を確認。LaSensの150席は固定席のみの値として公式定員へ転記していない"
134,LASENS-649,listed,Atlier Kanon（アトリエカノン）,https://lasens.com/database/theater-649.html,東京都杉並区西荻北4-15-13,東京都,40,2020-09-03,2026-07-31,http://www.gut.co.jp/kanon/atelier.html,Atelier Kanon B1F Atelier,current,,50,http://www.gut.co.jp/kanon/atelier.html,http://www.gut.co.jp/kanon/anfahrt.html,http://www.gut.co.jp/kanon/atelier.html,2026-07-31,verified_primary,,"施設公式の2026年更新ページでB1F約50平方メートル、レンタル用途・時間料金・アクセスを確認。公式ページに収容定員の明記がないためLaSensの40席を転記せず、料金表の税表示は予約前の現行確認が必要"
135,LASENS-328,listed,ハーモニーホール座間(小ホール),https://lasens.com/database/theater-328.html,神奈川県座間市緑ヶ丘1-1-2,神奈川県,410,2020-06-24,2026-07-31,https://harmony.zamashi.jp/facilities/index.html,ハーモニーホール座間 小ホール,closed,410,,https://harmony.zamashi.jp/guide/index.html,https://harmony.zamashi.jp/access/index.html,https://harmony.zamashi.jp/guide/index.html,2026-07-31,verified_primary,,"指定管理者公式で可変最大410席、標準308席、利用料金・申込条件を確認。大規模改修のため2024年8月1日から2026年10月31日まで一時休館中で、2026年11月1日再開予定分の利用受付は再開している"
136,LASENS-3415,listed,円頓寺LesPiliers,https://lasens.com/database/theater-3415.html,愛知県名古屋市西区那古野1-18-2,愛知県,25,2021-10-28,2026-07-31,https://www.facebook.com/endojilespiliers/,円頓寺Les Piliers（レピリエ）,current,,,,,,2026-07-31,primary_partial,,"施設公式FacebookのURLを確認し、名古屋市文化振興事業団の2025年公演情報と公式プレイガイドの2026年3月公演で現行利用を確認。公式Facebookは取得制限があり、客席・面積・料金・アクセス・一般貸館条件は一次情報として確認できず、LaSensの25席は転記していない"
137,LASENS-382,listed,京都芸術センター(フリースペース),https://lasens.com/database/theater-382.html,京都府京都市中京区室町通蛸薬師下る山伏山町546-2,京都府,,2020-06-24,2026-07-31,https://www.kac.or.jp/floorguide/,京都芸術センター フリースペース,current,,,https://www.kac.or.jp/news/20251016/,https://www.kac.or.jp/access/,https://www.kac.or.jp/news/20251016/,2026-07-31,verified_primary,,"施設公式で現行の多目的スペースと公演・上映会等への利用を確認。一般貸館ではなくCo-programの公募・審査による利用で、2026年度は会場・付帯設備を原則無料提供する一方、入場料収入の10％を広報協力費として納める条件がある。フリースペース個別の客席・面積は公式公開値を確認できず空欄"
138,LASENS-356,marked_closed,OZCカラビンカ(大阪造形シアター内）,https://lasens.com/database/theater-356.html,大阪府大阪市北区鶴野町1-1 大阪造形センター5F,大阪府,,2020-09-09,2026-07-31,https://blog.livedoor.jp/ozcschool/,,unknown,,,,,,2026-07-31,blocked,,"旧運営主体候補のOZC SCHOOL公式ブログURLまでは特定したが、取得時にタイムアウトし本文を確認できなかった。LaSensの閉館表示は一次情報として転記せず、現行・閉館、公式名称、客席、面積、料金、アクセス、利用条件を不明のまま保持"
139,LASENS-4010,listed,豊岡ミリオン座,https://lasens.com/database/theater-4010.html,兵庫県豊岡市中央町4－12－1階,兵庫県,50,2025-03-07,2026-07-31,https://www.toyookamillionza.com/,豊岡ミリオン座,current,50,,https://www.toyookamillionza.com/%E5%88%A9%E7%94%A8%E6%A1%88%E5%86%85/,https://www.toyookamillionza.com/%E3%82%A2%E3%82%AF%E3%82%BB%E3%82%B9/,https://www.toyookamillionza.com/%E5%88%A9%E7%94%A8%E6%A1%88%E5%86%85/,2026-07-31,verified_primary,,"施設公式の2026年催事、50席、劇場仕様、平日・休日・連続利用料金、超過料金、基本設備、貸館規約、アクセスを確認。1日利用は10時〜22時で、基本設備を含むが特別機材等は別途の場合がある"
140,LASENS-551,marked_closed,テアトルはこざき,https://lasens.com/database/theater-551.html,福岡県福岡市東区箱崎1-28-17 2F,福岡県,50,2020-06-24,2026-07-31,https://www.city.fukuoka.lg.jp/keizai/b_sisetu/shisei/documents/kyotenbunkashisetsu_kihonkousou.pdf,テアトルはこざき,unknown,50,,,,,2026-07-31,primary_partial,,"福岡市公式の2011年基準ホール概況でテアトルはこざき50席を確認したが、同資料の閉館注記は別施設を対象としており、現行・閉館を確定できない。LaSensの閉館表示を転記せず、客席値は2011年時点の履歴として保持"
141,LASENS-279,listed,ちえりあホール(札幌市生涯学習センター),https://lasens.com/database/theater-279.html,北海道札幌市西区宮の沢1条1丁目1-10,北海道,436,2020-06-24,2026-07-31,https://chieria.slp.or.jp/kashishitsu/rental_room/hall.html,札幌市生涯学習センター ちえりあホール,current,436,,https://chieria.slp.or.jp/kashishitsu/rental_room/hall.html,https://chieria.slp.or.jp/shisetsu/access.html,https://chieria.slp.or.jp/kashishitsu/rental_room/hall.html,2026-07-31,verified_primary,,"指定管理者公式でワンスロープ式436席、前4列100席の着脱、車椅子スペース4席、舞台寸法、楽屋、時間帯別料金、割増条件、アクセスを確認。催事内容により希望どおり利用できない場合がある旨も公式条件に記載"
142,LASENS-2792,listed,登米祝祭劇場（水の里ホール） 小ホール,https://lasens.com/database/theater-2792.html,宮城県登米市迫町佐沼光ヶ丘３０,宮城県,200,2020-09-23,2026-07-31,https://www.tome-syukusai.or.jp/welcome/,水の里ホール・Abebisou（登米祝祭劇場） 小ホール,current,200,,https://www.tome-syukusai.or.jp/usage-fee/,https://www.tome-syukusai.or.jp/welcome/,https://www.tome-syukusai.or.jp/application-method/,2026-07-31,verified_primary,,"指定管理者公式で直径17メートルの円形小ホール、舞台構成時約200人、施設料金、申込方法、所在地・アクセスを確認。円形寸法から面積を推計せず、公式の約200人を客席比較値として記録"
143,LASENS-686,listed,Bar COREDO,https://lasens.com/database/theater-686.html,東京都港区赤坂9-6-41 乃木坂ビルB1,東京都,50,2020-11-30,2026-07-31,https://www.barcoredo.com/,,unknown,,,,,,2026-07-31,blocked,,"施設公式ドメインとイベント・アクセス各ページの存在までは確認したが、本文取得がタイムアウトまたは502となり一次情報を十分確認できなかった。LaSensの50席を転記せず、現行・閉館、公式名称、客席、面積、料金、アクセス、利用条件を不明のまま保持"
144,LASENS-3598,listed,よこすか芸術劇場 ヨコスカ・ベイサイド・ポケット,https://lasens.com/database/theater-3598.html,神奈川県横須賀市本町3-27,神奈川県,574,2023-01-14,2026-07-31,https://www.yokosuka-arts.or.jp/facility/hall-s/,ヨコスカ・ベイサイド・ポケット［小劇場］,current,574,,https://www.yokosuka-arts.or.jp/rental/price/,https://www.yokosuka-arts.or.jp/information/access/,https://www.yokosuka-arts.or.jp/rental/flow/,2026-07-31,verified_primary,,"指定管理者公式で可変200〜574席、総定員850人、舞台寸法、2026年4月1日以降の利用料金、申込から利用までの流れ、アクセスを確認。公式客席比較値は最大574席とし、総定員850人と区別"
145,LASENS-2361,listed,七ツ寺共同スタジオ,https://lasens.com/database/theater-2361.html,愛知県名古屋市中区大須2丁目27-20,愛知県,,2020-06-23,2026-07-31,http://nanatsudera.com/,七ツ寺共同スタジオ,current,,,http://nanatsudera.com/?page_id=42,http://nanatsudera.com/,http://nanatsudera.com/?page_id=42,2026-07-31,verified_primary,,"施設公式サイトで貸館予約、劇場資料、原則9時〜22時、1日4万円・土日祝割増・公演回数割増、前金・キャンセル条件を確認。公式の平面・立面図は公開されているが、客席定員と単一面積の文字情報を確認できないため空欄。HTTPSは自己署名証明書エラーのため公式HTTPページを記録"
146,LASENS-380,listed,京都大学内西部講堂,https://lasens.com/database/theater-380.html,京都府京都市左京区吉田本町 京都大学学生部教養掛気付,京都府,,2020-06-24,2026-07-31,https://www.kyoto-u.ac.jp/ja/access/campus/yoshida/map6r-y,京都大学 西部講堂,current,,,,https://www.kyoto-u.ac.jp/ja/access/campus/yoshida/map6r-y,,2026-07-31,primary_partial,,"京都大学公式の現行キャンパスマップで西部講堂を、公式文化系サークル一覧で西部講堂連絡協議会を確認。一般向け貸館の可否、現行利用手続、客席、面積、料金を公式公開情報で確認できず、大学施設としての現存のみを記録"
147,LASENS-3886,listed,SPACE14,https://lasens.com/database/theater-3886.html,大阪府大阪市中央区心斎橋筋1丁目8-3 心斎橋PARCO14F,大阪府,277,2024-05-21,2026-07-31,https://shinsaibashi.parco.jp/space14/rental/,SPACE14（スペースイチヨン）,current,277,284.3,https://shinsaibashi.parco.jp/space14/rental/,https://shinsaibashi.parco.jp/space14/,https://shinsaibashi.parco.jp/space14/rental/,2026-07-31,verified_primary,,"運営会社公式で2026年公演、最大277席、ホール客席284.3平方メートル、舞台69.1平方メートル、2025年4月改定の会場・専属技術スタッフ料金、審査・契約・事前打合せを含む利用手順、心斎橋駅直結のアクセスを確認。単一面積欄には客席部のみを記録"
148,LASENS-436,listed,パピオビールーム 大練習室,https://lasens.com/database/theater-436.html,福岡県福岡市博多区千代1丁目15番30号 千代文化スポーツセンター(パピオ)内,福岡県,300,2020-06-24,2026-07-31,https://bee-room.jp/about.php,福岡市千代音楽・演劇練習場（パピオビールーム） 大練習室,current,300,339,https://bee-room.jp/charge.php,https://bee-room.jp/index.php,https://bee-room.jp/guide.php,2026-07-31,verified_primary,,"指定管理者公式で339平方メートル、約300名（固定椅子100・補助椅子200）、音楽・演劇・舞踊等の練習と発表会用途、時間区分別料金、申込・利用制限を確認。営利レッスン、撮影・配信主目的は不可で、発表会利用は大練習室に限定"
149,LASENS-2367,listed,ふらの演劇工房,https://lasens.com/database/theater-2367.html,北海道富良野市中御料,北海道,302,2022-05-26,2026-07-31,https://engeki.furano.jp/%E6%BC%94%E5%8A%87%E5%B7%A5%E5%A0%B4%E3%81%94%E6%A1%88%E5%86%85/,富良野演劇工場,current,307,,https://engeki.furano.jp/%E6%BC%94%E5%8A%87%E5%B7%A5%E5%A0%B4%E3%81%94%E6%A1%88%E5%86%85/%E5%AF%8C%E8%89%AF%E9%87%8E%E6%BC%94%E5%8A%87%E5%B7%A5%E5%A0%B4-%E5%88%A9%E7%94%A8%E6%96%99%E9%87%91%E8%A1%A8/,https://engeki.furano.jp/%E3%81%8A%E5%95%8F%E5%90%88%E3%81%9B-%E3%82%A2%E3%82%AF%E3%82%BB%E3%82%B9/,https://engeki.furano.jp/%E6%BC%94%E5%8A%87%E5%B7%A5%E5%A0%B4%E3%81%94%E6%A1%88%E5%86%85/%E5%AF%8C%E8%89%AF%E9%87%8E%E6%BC%94%E5%8A%87%E5%B7%A5%E5%A0%B4-%E5%88%A9%E7%94%A8%E8%A6%8F%E7%B4%84/,2026-07-31,verified_primary,,"指定管理者公式で2026年公演、一般貸館、客席302席と親子室5席、舞台496.84平方メートル、音響室・客席272.58平方メートル、時間帯別料金、利用規約、アクセスを確認。公式比較客席は計307席とし、用途の異なる複数面積を単一面積へ合算していない"
150,LASENS-662,listed,白鳥ホール,https://lasens.com/database/theater-662.html,宮城県仙台市青葉区春日町6-1,宮城県,,2020-06-24,2026-07-31,,,,,,,,,2026-07-31,official_not_found,,"劇団公式上演記録で白鳥ビル8階・白鳥ホールの2010年利用までは確認したが、施設・運営者・自治体の公式サイト、現行または閉館の一次情報、客席、面積、料金、利用条件を確認できなかった。現在同住所に別事業者があることを閉館の証拠にはしていない"
151,LASENS-270,marked_closed,Be フリー,https://lasens.com/database/theater-270.html,東京都狛江市岩戸北1-7-9,東京都,150,2020-09-09,2026-07-31,,,,,,,,,2026-07-31,official_not_found,,"神戸大学震災文庫の1998年公演チラシでシアターBeフリーの名称・同住所までは確認したが、施設・運営者・狛江市の現行または閉館一次情報を確認できなかった。LaSensの閉館表示と150席を公式欄へ転記していない"
152,LASENS-458,listed,ラゾーナ川崎プラザソル,https://lasens.com/database/theater-458.html,神奈川県川崎市幸区堀川町72-1 ラゾーナ川崎プラザ5F,神奈川県,200,2020-06-24,2026-07-31,https://plazasol.jp/,ラゾーナ川崎プラザソル,current,200,,https://plazasol.jp/list/guide.pdf,https://plazasol.jp/map.html,https://plazasol.jp/list/guide.pdf,2026-07-31,verified_primary,,"施設公式で2026年催事、可動式200席、ホール幅12.4メートル・奥行14.5メートル、2025年4月適用の料金、入場料・用途別予約時期、禁止・要申請事項、川崎駅からのアクセスを確認。寸法から面積を推計せず空欄"
153,LASENS-657,listed,名古屋市港文化小劇場,https://lasens.com/database/theater-657.html,愛知県名古屋市港区港楽二丁目10番24号,愛知県,350,2020-06-24,2026-07-31,https://www.bunka758.or.jp/facility/minato/,港文化小劇場,current,350,,https://www.bunka758.or.jp/facility/minato/fee/,https://www.bunka758.or.jp/facility/minato/access/,https://www.bunka758.or.jp/facility/minato/opening_hours/,2026-07-31,verified_primary,,"指定管理者公式で2026年催事、350席（車椅子席3席）、料金、港区役所駅から徒歩3分、申込時期・支払方法・連続利用条件を確認。ホール面積は公式ページがダッシュ表記のため空欄"
154,LASENS-381,listed,京都府立文化芸術会館,https://lasens.com/database/theater-381.html,京都府京都市上京区河原町通広小路下ル,京都府,419,2020-06-24,2026-07-31,http://www.bungei.jp/,京都府立文化芸術会館,current,419,,https://www.pref.kyoto.jp/reiki/reiki_honbun/a300RG00000058.html,https://www.kyoto-kankou.or.jp/info_search/3730,https://www.pref.kyoto.jp/reiki/reiki_honbun/a300RG00000059.html,2026-07-31,verified_primary,,"京都府公式条例・規則と府公式施設資料、指定管理者公式サイトで設置継続、419席（車椅子席3席）、利用料金上限、使用承認・取消条件を確認。京都府観光連盟公式で市バス府立医大病院前からのアクセスを確認"
155,LASENS-647,listed,STAGE+PLUS,https://lasens.com/database/theater-647.html,大阪府大阪市阿倍野区松崎町2丁目3－5,大阪府,50,2020-06-24,2026-07-31,https://stageplus.net/,小劇場＋Bar「ステージプラス」,current,,,https://stageplus.net/wp/wp-content/uploads/2024/05/%E4%BE%A1%E6%A0%BC%E8%A1%A8.pdf,https://stageplus.net/access/,https://stageplus.net/wp/wp-content/uploads/2024/05/%E4%BE%A1%E6%A0%BC%E8%A1%A8.pdf,2026-07-31,verified_primary,,"施設公式で2026年公演予定、所在地、2024年版レンタル料金、管理費、支払・キャンセル条件を確認。公式ページ上で客席数と面積を確認できないため空欄"
156,LASENS-301,listed,ふくふくホール,https://lasens.com/database/theater-301.html,福岡県福岡市中央区荒戸3丁目3番39号,福岡県,248,2020-06-24,2026-07-31,https://www.fukufukuplaza.jp/pages/51/,ふくふくホール,current,240,,https://www.fukufukuplaza.jp/pages/36/,https://www.fukufukuplaza.jp/access/,https://www.fukufukuplaza.jp/relays/download/51/990/918/0/?file=%2Ffiles%2Flibs%2F3533%2F202509131535381680.pdf&file_name=%E3%81%B5%E3%81%8F%E3%81%B5%E3%81%8F%E3%83%9B%E3%83%BC%E3%83%AB%E3%81%AE%E3%81%94%E5%88%A9%E7%94%A8%E3%81%AB%E3%81%A4%E3%81%84%E3%81%A6,2026-07-31,verified_primary,,"指定管理者公式で2026年のお知らせ、固定席230席と車椅子席8～10席、時間帯別料金、交通案内、設営撤収を含む利用時間・飲食・事前打合せ・機材操作等の条件を確認。公式合計上限240として記録し、LaSensの248は転記していない"
157,LASENS-449,listed,ポルトホール(北翔大学内),https://lasens.com/database/theater-449.html,北海道札幌市中央区南1条西22丁目1番1号 北翔大学北方圏学術情報センター「ポルト」,北海道,377,2020-06-24,2026-07-31,https://www.hokusho-u.ac.jp/studentlife/campusguide/porto/,ポルトホール,current,377,,,https://www.hokusho-u.ac.jp/info/?i=4260,https://www.hokusho-u.ac.jp/studentlife/campusguide/porto/usagemethod/,2026-07-31,verified_primary,,"北翔大学公式で札幌円山キャンパスの現行案内と2026年利用、公式パンフレットで可動式377席、公式利用案内で学内利用がない場合の一般有料利用、公式催事案内で西18丁目駅1番出口徒歩5分を確認。公開料金表は確認できず空欄"
158,LASENS-273,listed,Brick-one,https://lasens.com/database/theater-273.html,東京都文京区千駄木5-15-7,東京都,60,2020-09-30,2026-07-31,http://www.brick-one.com/brick-one/,Brick-one（ブリックワン）,unknown,,,,,,2026-07-31,primary_partial,,"東京都公式の文化施設一覧で名称、住所、連絡先、公式URL、収容100人未満の区分を確認。施設公式サイトの本文を現環境で確認できず、現行状態・正確な客席数・面積・料金・アクセス・利用条件は未確認のため空欄。検索結果やLaSens値は転記していない"
159,LASENS-2545,listed,磯子区民文化センター杉田劇場,https://lasens.com/database/theater-2545.html,神奈川県横浜市磯子区杉田1-1-1 らびすた新杉田4F,神奈川県,310,2020-07-08,2026-07-31,https://www.sugigeki.jp/,横浜市磯子区民文化センター 杉田劇場,current,310,,https://www.sugigeki.jp/app/download/7204773913/%E6%96%BD%E8%A8%AD%E7%B7%8F%E5%90%88%E6%96%99%E9%87%91%E8%A1%A8.pdf?t=1780050511,https://www.sugigeki.jp/%E3%82%A2%E3%82%AF%E3%82%BB%E3%82%B9-%E4%BC%91%E9%A4%A8%E6%97%A5/,https://www.sugigeki.jp/%E6%96%BD%E8%A8%AD%E6%A1%88%E5%86%85/%E3%83%9B%E3%83%BC%E3%83%AB/,2026-07-31,verified_primary,,"指定管理者公式で2026年催事、310席、施設総合料金表、JR新杉田駅・シーサイドライン新杉田駅・京急杉田駅からのアクセス、1か月前の事前打合せと利用条件を確認。ホール面積は公開確認できず空欄"
160,LASENS-668,listed,名古屋市守山文化小劇場,https://lasens.com/database/theater-668.html,愛知県名古屋市守山区小幡南一丁目24番10号 アクロス小幡3F,愛知県,400,2020-06-24,2026-07-31,https://www.bunka758.or.jp/facility/moriyama/,守山文化小劇場,current,403,,https://www.bunka758.or.jp/facility/moriyama/fee/,https://www.bunka758.or.jp/facility/moriyama/access/,https://www.bunka758.or.jp/facility/moriyama/opening_hours/,2026-07-31,verified_primary,,"指定管理者公式で2026年催事、400席と車椅子席3席、料金、名鉄小幡駅直結、申込時期・支払方法・連続利用条件を確認。公式合計403として記録し、ホール面積は確認できず空欄"
161,LASENS-333,listed,東山青少年活動センター(創造活動室),https://lasens.com/database/theater-333.html,京都府京都市東山区清水5丁目130番地の6 東山区総合庁舎内2F,京都府,,2020-06-24,2026-07-31,https://ys-kyoto.org/higashiyama/room/,京都市東山青少年活動センター 創造活動室,current,,,https://ys-kyoto.org/higashiyama/room/,https://ys-kyoto.org/higashiyama/access/,https://ys-kyoto.org/higashiyama/guide/,2026-07-31,verified_primary,,"指定管理者公式で現行施設、小劇場タイプ、9.7m×15m、椅子100脚、1時間当たりの区分別料金、予約時期・利用制限、清水五条駅徒歩15分・清水道停留所すぐを確認。寸法から面積を推計せず、椅子脚数を収容定員と解釈していない"
162,LASENS-517,listed,T･B HALL,https://lasens.com/database/theater-517.html,大阪府大阪市中央区東心斎橋2-1-1 タカラベルモント(株)本社ビル地下1階,大阪府,230,2020-06-24,2026-07-31,https://www.takarabelmont.co.jp/main/tbh/index.html,Ｔ・Ｂホール,current,230,210,https://www.takarabelmont.co.jp/main/tbh/tb-ne.html,https://www.takarabelmont.co.jp/main/tbh/tbaccess.html,https://www.takarabelmont.co.jp/main/tbh/tbgoriyo.html,2026-07-31,verified_primary,,"運営会社公式で最大230名、ホール210平方メートル、時間帯別基本料金・管理費、6か月前受付・全額入金による確定、長堀橋駅徒歩3分・日本橋駅徒歩5分・心斎橋駅徒歩7分を確認"
163,LASENS-448,listed,ぽんプラザホール,https://lasens.com/database/theater-448.html,福岡県福岡市博多区祗園町8番3号 ぽんプラザ,福岡県,108,2020-06-23,2026-07-31,https://pomplazahall.jp/,福岡市祇園音楽・演劇練習場 ぽんプラザホール,current,108,130,https://pomplazahall.jp/files/3.pomplazahall.pdf,https://www.pomplazahall.jp/access.html,https://pomplazahall.jp/yoyaku.html,2026-07-31,verified_primary,,"指定管理者公式で2026年の利用案内・公演予定、最大108席、ホール130平方メートル、時間区分別料金、利用内容の制限・設備操作条件、櫛田神社前駅徒歩1分等のアクセスを確認"
164,LASENS-2891,marked_closed,マルチスペース・エフ ホール,https://lasens.com/database/theater-2891.html,北海道札幌市中央区南九条西3丁目1-6 彩木ビル4F,北海道,50,2025-06-05,2026-07-31,https://www.city.sapporo.jp/shimin/bunka/entaku/documents/20240312_2022report.pdf,マルチスペース エフ,unknown,,,,,,2026-07-31,primary_partial,,"札幌市公式の文化芸術活動調査資料で2022年度から2023年初頭の稽古利用を確認。旧公式候補URLは404で、2024年1月閉館とするLaSens表示を裏付ける施設・運営者の一次情報を確認できないため、現行・閉館とも確定せず客席等も転記していない"
165,LASENS-274,listed,Broader House（ブローダーハウス）,https://lasens.com/database/theater-274.html,東京都世田谷区松原5-27-10,東京都,60,2021-02-23,2026-07-31,https://mitte-x-img.istsw.jp/kanko-setagaya/file/pamphlet/setagaya_music_paper_vol.15.pdf,ブローダーハウス,unknown,52,,,,,2026-07-31,primary_partial,,"世田谷区公式観光資料で施設名、松原5-27-10・2階、定員52名を確認。一方、旧公式候補ドメインは2025年以降の英語圏劇場一般記事サイトへ転用され、施設・運営者による現行または閉館の一次情報を確認できないため状態は不明とした"
166,LASENS-594,listed,横浜にぎわい座(芸能ホール),https://lasens.com/database/theater-594.html,神奈川県横浜市中区野毛町3丁目110番1号,神奈川県,410,2020-06-24,2026-07-31,https://nigiwaiza.yafjp.org/,横浜にぎわい座 芸能ホール,current,391,,https://nigiwaiza.yafjp.org/wp-content/uploads/2025/09/use_price.pdf,https://nigiwaiza.yafjp.org/about/,https://nigiwaiza.yafjp.org/wp-content/uploads/2026/06/15e398a564742cf9d813d63aee0952b5.pdf,2026-07-31,verified_primary,,"指定管理者公式で2026年の公演・貸館資料、客席391席（1階280席・2階111席）、料金、桜木町駅徒歩3分、利用手引きを確認。横浜市の2026年指定管理者選定ページには410席との記載もあるため不一致を保持し、現行公式座席表の391席を比較値に採用"
167,LASENS-2584,listed,名古屋市瑞穂文化小劇場,https://lasens.com/database/theater-2584.html,愛知県名古屋市瑞穂区豊岡通3丁目29,愛知県,349,2020-07-30,2026-07-31,https://www.bunka758.or.jp/facility/mizuho/,瑞穂文化小劇場,current,351,,https://www.bunka758.or.jp/facility/mizuho/fee/,https://www.bunka758.or.jp/facility/mizuho/access/,https://www.bunka758.or.jp/facility/mizuho/opening_hours/,2026-07-31,verified_primary,,"指定管理者公式で2026年催事、349席と車椅子席2席（別配置は315席と車椅子席9席）、料金、地下鉄3駅から徒歩8分、申込時期・支払・連続利用条件を確認。公式比較値は通常配置の合計351席とし、ホール面積は公式がダッシュ表記のため空欄"
168,LASENS-3836,listed,TEMPO HARBOR THEATER,https://lasens.com/database/theater-3836.html,大阪府大阪市港区海岸通 1丁目5番10号,大阪府,446,2024-03-14,2026-07-31,https://www.tempo-harbor-theater.com/,TEMPO HARBOR THEATER,current,442,518,https://www.tempo-harbor-theater.com/%E6%96%99%E9%87%91%E8%A1%A8,https://www.tempo-harbor-theater.com/,https://www.tempo-harbor-theater.com/_files/ugd/440115_441863579f1843a0af5375e6e1f9aaad.pdf,2026-07-31,verified_primary,,"運営者公式で現行公演、客席436席と車椅子6席の合計442席、客席面積518平方メートル、舞台面積120平方メートル、料金表、施設利用規約、大阪港駅徒歩5分を確認。単一面積欄には客席面積を記録し、舞台面積と合算していない"
169,LASENS-422,listed,レソラNTT夢天神ホール,https://lasens.com/database/theater-422.html,福岡県福岡市中央区天神2-5-35 岩田屋本店本館7F,福岡県,252,2020-06-24,2026-07-31,https://resolatenjin.jp/hall/hall_outline/,レソラホール（レソラNTT夢天神ホール）,renamed,304,285,https://resolatenjin.jp/hall/hall_price/,https://resolatenjin.jp/access/,https://resolatenjin.jp/wp-content/themes/resolatenjin/images/hall/hall_policy.pdf,2026-07-31,verified_primary,,"施設公式で現行のレソラホールと括弧内の旧称、旧索引とは異なる天神2-5-55・5階の所在地、基本252席・最大304席、ホール285平方メートル、料金、アクセス、利用規則を確認。単一比較値は条件付き最大304席とし、基本252席との違いを保持した"
170,LASENS-391,marked_closed,メディアMIXホール,https://lasens.com/database/theater-391.html,北海道札幌市白石区菊水1条3丁目1-5 メディアミックス札幌,北海道,198,2020-06-24,2026-07-31,https://group.ntt/jp/newsrelease/pdf/news07/0706/070606a.pdf,メディアMIXホール,unknown,,,,,,2026-07-31,primary_partial,,"NTTグループ公式の2007年開催資料で施設名と所在地、現入居企業の札幌総合情報センター公式で2026年時点の同建物所在地を確認。一方、旧ホール公式候補URLは取得できず、現行企業サイトにホール事業・閉館告知を確認できないため、閉館表示・198席・330平方メートルは転記せず状態を不明とした"
171,LASENS-3442,listed,BUoY,https://lasens.com/database/theater-3442.html,東京都足立区千住仲町49-11,東京都,,2022-01-05,2026-07-31,https://buoy.or.jp/about/,BUoY,current,,300,,https://buoy.or.jp/about/,https://buoy.or.jp/about/,2026-07-31,verified_primary,,"施設公式で2026年公演、所在地、北千住駅からのアクセス、地下の演劇・ダンス用約300平方メートル、スペース利用相談の導線を確認。詳細内訳は浴槽約25平方メートルと浴槽以外288平方メートルで、単一欄には公式概要の約300平方メートルを記録。客席数と公開料金は確認できず空欄"
172,LASENS-595,listed,横浜にぎわい座(野毛シャーレ),https://lasens.com/database/theater-595.html,神奈川県横浜市中区野毛町3丁目110番1号,神奈川県,141,2020-06-24,2026-07-31,https://nigiwaiza.yafjp.org/greeting2019nunome/,横浜にぎわい座 のげシャーレ（小ホール）,current,141,,https://nigiwaiza.yafjp.org/wp-content/uploads/2025/09/use_price.pdf,https://nigiwaiza.yafjp.org/about/,https://nigiwaiza.yafjp.org/wp-content/uploads/2026/06/15e398a564742cf9d813d63aee0952b5.pdf,2026-07-31,verified_primary,,"指定管理者公式で現行の小ホール141席、時間帯・入場料区分別料金、桜木町駅徒歩3分・日ノ出町駅徒歩7分、利用手引きと機材・平面資料を確認。ホール面積は公開確認できず空欄"
173,LASENS-656,listed,名古屋市西文化小劇場,https://lasens.com/database/theater-656.html,愛知県名古屋市西区花の木二丁目18番23号,愛知県,346,2020-06-24,2026-07-31,https://www.bunka758.or.jp/facility/nishi/,西文化小劇場,current,346,,https://www.bunka758.or.jp/facility/nishi/fee/,https://www.bunka758.or.jp/facility/nishi/access/,https://www.bunka758.or.jp/facility/nishi/opening_hours/,2026-07-31,verified_primary,,"指定管理者公式で2026年催事、車椅子席4席を含む346席、料金、浄心駅徒歩3分等のアクセス、申込時期・支払・連続利用条件を確認。公式がホール面積をダッシュ表記としているため空欄"
174,LASENS-556,marked_closed,THE HALL,https://lasens.com/database/theater-556.html,大阪府吹田市千里山東1-6-16 THPLAZA2F,大阪府,100,2020-06-24,2026-07-31,https://thrhall.jp/,TH-R HALL,renamed,350,117,https://thrhall.jp/system/,https://thrhall.jp/,https://thrhall.jp/system/,2026-07-31,verified_primary,,"現運営会社公式が同住所の旧TH HALLを2020年閉店後に2021年TH-R HALLとして復活した経緯を明記し、施設公式で2026年催事、最大スタンディング350人、客席床117平方メートル、料金・キャンセル規定、関大前駅徒歩3分を確認。LaSensのTHE HALLと公式旧称TH HALLには綴り差があり、現公式の椅子席数も冒頭160席と下部80席で不一致のため、単一比較値は最大350人のみ採用"
175,LASENS-355,listed,甘棠館show劇場,https://lasens.com/database/theater-355.html,福岡県福岡市中央区唐人町1丁目10-1 カランドパーク2F,福岡県,60,2020-06-24,2026-07-31,https://plaza-kantoukan.jp/,甘棠館Show劇場,current,84,,,https://www.showman.jp/company.html,,2026-07-31,verified_primary,,"施設公式で現行施設、定員84名、2025年の主催公演案内と料金改定告知、拠点劇団公式で2026年時点の活動拠点・所在地を確認。現行の料金表、面積、詳しいアクセス、利用条件は公開確認できず空欄とし、LaSensの60席は転記していない"
176,LASENS-457,listed,ラグリグラ劇場,https://lasens.com/database/theater-457.html,北海道札幌市南区澄川3条3丁目 米永ビル2F,北海道,60,2021-04-22,2026-07-31,,,unknown,,,,,,2026-07-31,official_not_found,,"施設名・住所・電話番号と近年の公演履歴を手掛かりに運営者・施設・自治体の公式サイトと公式PDFを探索したが、現行運営または閉館を確定できる一次情報を確認できなかった。二次掲載の60席・アクセスや公演履歴は公式欄へ転記していない"
177,LASENS-3310,listed,Cafe & Diner 「Offza」（オフザ）,https://lasens.com/database/theater-3310.html,東京都豊島区目白5丁目31番6号 アウルレジデンス目白2階,東京都,,2021-05-26,2026-07-31,https://rental-space88.com/,Rental Space 88,renamed,,80,https://rental-space88.com/,https://rental-space88.com/,https://rental-space88.com/,2026-07-31,verified_primary,,"旧Cafe&Diner Offzaの公式サイトと新公式サイトで同住所のRental Space 88への改称、2026年の予約状況、客席部分80平方メートル、料金・音出し20時まで・土日祝最低6時間等を確認。椅子80脚は収容定員と解釈せず客席数は空欄"
178,LASENS-616,listed,横浜市開港記念館,https://lasens.com/database/theater-616.html,神奈川県横浜市中区本町1-6,神奈川県,481,2020-06-24,2026-07-31,https://www.kaikokinenkaikan.com/facility/f1/,横浜市開港記念会館,current,481,582,https://www.kaikokinenkaikan.com/files/annai.pdf,https://www.kaikokinenkaikan.com/access/,https://www.kaikokinenkaikan.com/files/yoko.pdf,2026-07-31,verified_primary,,"指定管理者公式で2026年の現行運営、講堂最大481名、講堂582平方メートル、時間帯別料金、利用要綱、日本大通り駅徒歩1分等のアクセスを確認"
179,LASENS-637,listed,名古屋市千種文化小劇場,https://lasens.com/database/theater-637.html,愛知県名古屋市千種区千種三丁目6番10号,愛知県,251,2020-06-24,2026-07-31,https://www.bunka758.or.jp/facility/chikusa/,千種文化小劇場,current,251,,https://www.bunka758.or.jp/facility/chikusa/fee/,https://www.bunka758.or.jp/facility/chikusa/access/,https://www.bunka758.or.jp/facility/chikusa/opening_hours/,2026-07-31,verified_primary,,"指定管理者公式で2026年催事、車椅子席2席を含む251席、料金、吹上駅徒歩3分、申込時期・支払・連続利用条件を確認。公式がホール面積をダッシュ表記としているため空欄"
180,LASENS-3763,listed,アカルスタジオ(Aスタジオ),https://lasens.com/database/theater-3763.html,大阪府大阪市浪速区湊町1-3-1 湊町リバープレイス1F,大阪府,120,2023-08-14,2026-07-31,https://akaru-project.co.jp/rental/,アカルスタジオ Aスタジオ,current,75,70,https://akaru-project.co.jp/rental/,https://akaru-project.co.jp/access/,https://akaru-project.co.jp/rental/,2026-07-31,verified_primary,,"運営会社公式で2026年公演、イベント公演時75席、稽古利用時の最大アクティングエリア70平方メートル、平日・土日祝料金、利用時間に搬入・撤収を含む条件、なんばHatch側からのアクセスを確認。LaSensの120席とは不一致のため公式75席を記録"
181,LASENS-3024,listed,枝光本町商店街アイアンシアター,https://lasens.com/database/theater-3024.html,福岡県北九州市八幡東区枝光本町8-26,福岡県,,2021-01-18,2026-07-31,https://r.goope.jp/irontheater/,枝光本町商店街 アイアンシアター,current,,,https://cdn.goope.jp/160109/210611172707-60c31e5b7208e.pdf,https://r.goope.jp/irontheater/about,https://r.goope.jp/irontheater/menu/805150,2026-07-31,verified_primary,,"運営者公式で2026年の催事・空き状況、劇場機能を持つ多目的コミュニティ施設、料金表、アクセス、利用Q&Aを確認。公式Q&Aは常設客席なしと明記しており、レイアウト別の現行定員と面積を公開確認できないため空欄"
182,LASENS-459,listed,レッドベリースタジオ,https://lasens.com/database/theater-459.html,北海道札幌市西区八軒2条西1丁目1-26,北海道,60,2020-06-24,2026-07-31,http://akai-mi.com/st.item.html,レッドベリースタジオ,current,60,,http://akai-mi.com/st.fee.html,http://akai-mi.com/st.access.html,http://akai-mi.com/st.fee.html,2026-07-31,verified_primary,,"施設公式で2026年4月20日更新の料金・利用条件と2026年7月以降の催事予定、固定客席なしで30〜60名収容可、琴似駅周辺の公共交通案内を確認。面積は公開確認できず空欄"
183,LASENS-2139,listed,cafe&bar 木星劇場,https://lasens.com/database/theater-2139.html,東京都豊島区西池袋5-1-5 第二春谷ビルB1,東京都,55,2020-09-04,2026-07-31,https://mokusei-cafe.com/,cafe&bar 木星劇場,current,55,,https://mokusei-cafe.com/performer/,https://mokusei-cafe.com/,https://mokusei-cafe.com/performer/,2026-07-31,verified_primary,,"施設公式で2026年の利用募集、40〜55人、1日・半日・演劇パック料金、1ドリンク制・予約時期・契約金条件、池袋駅C3出口徒歩約10秒を確認。面積は公開確認できず空欄"
184,LASENS-383,listed,急な坂スタジオ (ホール）,https://lasens.com/database/theater-383.html,神奈川県横浜市西区老松町26-1 旧老松会館,神奈川県,,2020-06-24,2026-07-31,https://kyunasaka.jp/studioinfomation/studio,急な坂スタジオ ホール,current,50,240,https://kyunasaka.jp/studioinfomation/studio,https://kyunasaka.jp/,https://kyunasaka.jp/studioinfomation/studio,2026-07-31,verified_primary,,"運営者公式で2026年の現行運営、ホール240平方メートル、和室とのセットで定員50人、2026年4月改定料金、利用申込・定員遵守条件、日ノ出町駅徒歩5分・桜木町駅徒歩10分を確認"
185,LASENS-678,listed,名古屋市中川文化小劇場,https://lasens.com/database/theater-678.html,愛知県名古屋市中川区吉良町178番地の3,愛知県,446,2020-06-24,2026-07-31,https://www.bunka758.or.jp/facility/nakagawa/,中川文化小劇場,current,446,,https://www.bunka758.or.jp/facility/nakagawa/fee/,https://www.bunka758.or.jp/facility/nakagawa/access/,https://www.bunka758.or.jp/facility/nakagawa/opening_hours/,2026-07-31,verified_primary,,"指定管理者公式で2026年催事、車椅子席4席を含む446席、料金、あおなみ線荒子駅徒歩1分、申込時期・支払・連続利用条件を確認。公式がホール面積をダッシュ表記としているため空欄"
186,LASENS-2428,listed,アトリエ S-pace,https://lasens.com/database/theater-2428.html,大阪府大阪市城東区成育2-5-4,大阪府,,2020-06-23,2026-07-31,,,unknown,,,,,,2026-07-31,official_not_found,,"旧公式候補のGeocities URL、施設名・住所・電話番号、2025年と2026年の公演利用を手掛かりに施設・運営者の公式サイトと公式SNSを探索したが、現行運営または閉館を確定できる一次情報を確認できなかった。公演主催者の会場表記や二次掲載の料金・アクセスは公式欄へ転記していない"
187,LASENS-418,listed,西鉄ホール,https://lasens.com/database/theater-418.html,福岡県福岡市中央区天神2-11-3 ソラリアステージ6F,福岡県,464,2020-06-24,2026-07-31,https://inf.nishitetsu.jp/stage6/hall/about/,西鉄ホール,current,467,,https://inf.nishitetsu.jp/stage6/cms/wp-content/themes/nnrhall_2/assets/pdf/summary_01.pdf,https://inf.nishitetsu.jp/stage6/hall/about/,https://inf.nishitetsu.jp/stage6/cms/wp-content/themes/nnrhall_2/assets/pdf/kiyaku.pdf,2026-07-31,verified_primary,,"西日本鉄道公式で現行貸出、ロールバック286席と補助椅子181席の最大467席、2024年4月以降の料金、利用規約、天神駅直結を確認。LaSensの464席とは不一致のため現公式座席図の467席を記録し、面積は公式平面図の寸法から推計していない"
188,LASENS-4361,listed,旭川銀座小劇場シアターロビン,https://lasens.com/database/theater-4361.html,北海道旭川市3条通15丁目左1 銀座センタービルB1F,北海道,54,2026-06-25,2026-07-31,https://x.com/teater_robin,旭川銀座小劇場シアターロビン,current,,,,,,2026-07-31,primary_partial,,"施設公式Xと主催者として掲載されたこけら落とし公演、2026年6月・10月の公式劇団公演案内から開場後の現行利用を確認。施設公式X本文を取得できず、客席・面積・貸館料金・アクセス・利用条件は一次情報として確定できないため空欄。LaSensの54席は転記していない"
189,LASENS-1990,listed,CBGK（シブゲキ！！）,https://lasens.com/database/theater-1990.html,東京都渋谷区道玄坂 2-29-5 ザ・プライム 6階,東京都,242,2020-09-24,2026-07-31,https://cbgk.jp/about/index.html,CBGKシブゲキ!!,current,244,,,https://cbgk.jp/,,2026-07-31,verified_primary,,"施設公式で2026年7月までの公演、客席242席と車椅子スペース2席、渋谷駅A0出口直結、施設用途・住所を確認。単一比較値は合計244席とし、一般貸館料金と申込条件は公開確認できず空欄"
190,LASENS-265,listed,厚木市文化会館小ホール,https://lasens.com/database/theater-265.html,神奈川県厚木市恩名295-1,神奈川県,376,2020-11-27,2026-07-31,https://atsugi-bunka.jp/shisetsu/sho_hall/,厚木市文化会館 小ホール,current,382,,https://atsugi-bunka.jp/shisetsu/sho_hall/,https://atsugi-bunka.jp/guide/,https://atsugi-bunka.jp/shisetsu/shinki/img/chuijiko.pdf,2026-07-31,verified_primary,,"指定管理者公式で2026年の公演・貸館空き情報、いす席376席と車いす席6席、時間帯・曜日別料金、新規登録・取消条件、本厚木駅徒歩13分を確認。単一比較値は合計382席とし、ホール面積は公開確認できず空欄"
191,LASENS-638,listed,名古屋市中村文化小劇場,https://lasens.com/database/theater-638.html,愛知県名古屋市中村区中村町字茶ノ木25番地,愛知県,350,2020-06-24,2026-07-31,https://www.bunka758.or.jp/facility/nakamura/,中村文化小劇場,current,350,,https://www.bunka758.or.jp/facility/nakamura/fee/,https://www.bunka758.or.jp/facility/nakamura/access/,https://www.bunka758.or.jp/facility/nakamura/opening_hours/,2026-07-31,verified_primary,,"指定管理者公式で2026年催事、車椅子席2席を含む350席、料金、中村公園駅徒歩10分、申込時期・支払・連続利用条件を確認。公式がホール面積をダッシュ表記としているため空欄"
192,LASENS-589,listed,ウイングフィールド,https://lasens.com/database/theater-589.html,大阪府大阪市中央区東心斎橋2-1-27 周防町ウィングス6F,大阪府,120,2021-01-25,2026-07-31,https://wing-f.main.jp/,ウイングフィールド,current,100,,https://wing-f.main.jp/user.html,https://wing-f.main.jp/access.html,https://wing-f.main.jp/user.html,2026-07-31,verified_primary,,"施設公式で2026年催事、組替え可能な桟敷席約100名、仕込み日・平日公演日・土日祝公演日の料金、前金・キャンセル・初回利用条件、長堀橋駅徒歩約3分を確認。公式値は約100名であり、LaSensの120席を転記していない"
193,LASENS-239,listed,福岡市男女共同参画推進センター・アミカス(ホール),https://lasens.com/database/theater-239.html,福岡県福岡市南区高宮3丁目3-1,福岡県,304,2020-09-09,2026-07-31,https://www.city.fukuoka.lg.jp/shimin/jigyosuishin/life/amikas/riyou.html,福岡市男女共同参画推進センター・アミカス ホール,current,304,376.8,https://www.city.fukuoka.lg.jp/shimin/jigyosuishin/life/amikas/ryoukin.html,https://www.city.fukuoka.lg.jp/shimin/jigyosuishin/life/amikas/access.html,https://www.city.fukuoka.lg.jp/shimin/jigyosuishin/life/amikas/yoyakuhouhou.html,2026-07-31,verified_primary,,"福岡市公式で現行利用、定員304名、376.8平方メートル、時間帯別料金、高宮駅西口すぐ、ホール6か月前抽選・2か月前までの先着受付を確認"
194,LASENS-593,listed,札幌市こどもの劇場 やまびこ座,https://lasens.com/database/theater-593.html,北海道札幌市東区北27条東15丁目,北海道,300,2020-06-24,2026-07-31,https://koguyama.jp/yamabiko/shisetsu/index.html,札幌市こどもの劇場やまびこ座 ホール,current,300,,https://koguyama.jp/yamabiko/riyo/index.html,https://koguyama.jp/yamabiko/access.html,https://koguyama.jp/yamabiko/riyo/index.html,2026-07-31,verified_primary,,"指定管理者公式で現行施設、収容人数300人と車椅子スペース10台、2025年4月改定料金、元町駅徒歩5分、ホール3か月前受付と育成団体向け条件を確認。車椅子スペースを300人へ加算していない"
195,LASENS-282,marked_closed,Coredo,https://lasens.com/database/theater-282.html,東京都港区南麻布5-15-14 有栖川マンション2F,東京都,50,2020-06-23,2026-07-31,,,unknown,,,,,,2026-07-31,ambiguous,,"同名の現行Bar COREDO公式は赤坂9-6-41を示し、LaSensの南麻布5-15-14とは住所が異なる。旧Theater&Company COREDOの公演履歴も別住所で、南麻布の施設との同一性・移転・閉館関係を運営者一次情報で解けないため閉館を推測しない"
196,LASENS-2002,listed,溝の口劇場,https://lasens.com/database/theater-2002.html,神奈川県川崎市高津区久本3丁目1-5 ミュージション溝の口 B1F,神奈川県,80,2020-07-17,2026-07-31,https://www.mizogeki.com/,溝ノ口劇場,current,80,,https://www.mizogeki.com/_files/ugd/903376_96f03895195e4a0a8abd05c514c40ba8.pdf,https://www.mizogeki.com/access,https://www.mizogeki.com/_files/ugd/903376_96f03895195e4a0a8abd05c514c40ba8.pdf,2026-07-31,verified_primary,,"施設公式で2026年の貸館情報、椅子席最大80席・立見最大120名、演劇利用料金、申込・予約金・キャンセル条件、溝の口駅と武蔵溝ノ口駅からの経路を確認。比較値は椅子席80席"
197,LASENS-663,listed,名古屋市天白文化小劇場,https://lasens.com/database/theater-663.html,愛知県名古屋市天白区原一丁目301番地 原ターミナルビル4階,愛知県,350,2020-06-24,2026-07-31,https://www.bunka758.or.jp/facility/tenpaku/,天白文化小劇場,current,350,,https://www.bunka758.or.jp/facility/tenpaku/fee/,https://www.bunka758.or.jp/facility/tenpaku/access/,https://www.bunka758.or.jp/facility/tenpaku/opening_hours/,2026-07-31,verified_primary,,"指定管理者公式で2026年催事、車椅子席4席を含む350席、料金、地下鉄原駅2番出口すぐ、受付時期・仮申込・支払・連続利用条件を確認。公式がホール面積をダッシュ表記としているため空欄"
198,LASENS-573,marked_closed,うめだ花月,https://lasens.com/database/theater-573.html,大阪府大阪市北区曽根崎2-15-20,大阪府,,2020-09-09,2026-07-31,https://www.yoshimoto.co.jp/history/,うめだ花月,closed,,,,,,2026-07-31,verified_primary,,"運営会社公式ヒストリーが大阪で2003年開場・2008年終了と明記するため閉館を確認。公開一次情報で客席・面積・旧料金・アクセス・利用条件を確認できない項目は空欄"
199,LASENS-302,listed,福岡市民会館小ホール,https://lasens.com/database/theater-302.html,福岡県福岡市中央区天神5丁目1番23号,福岡県,354,2020-06-24,2026-07-31,https://www.city.fukuoka.lg.jp/shisei/kouhou-hodo/hodo-happyo/2024/documents/kaiken2_fukuokasiminho-runoo-punnituite.pdf,福岡市民会館 小ホール,closed,354,,https://www.city.fukuoka.lg.jp/d1w_reiki/reiki_honbun/q003RG00000148.html,,https://www.city.fukuoka.lg.jp/d1w_reiki/reiki_honbun/q003RG00000149.html,2026-07-31,verified_primary,,"福岡市公式が小ホール354席と2025年3月23日閉館を明記するため閉館を確認。旧条例の時間帯別料金と施行規則の準備利用・減免等を履歴として記録し、現行料金とは扱わない"
200,LASENS-470,listed,札幌市教育文化会館小ホール,https://lasens.com/database/theater-470.html,北海道札幌市中央区北1条西13丁目,北海道,360,2020-06-24,2026-07-31,https://www.kyobun.org/facility_renthall_smallhall.html,札幌市教育文化会館 小ホール,current,360,,https://www.kyobun.org/facility_price.html,https://www.kyobun.org/access.html,https://www.kyobun.org/facility_usage.html,2026-07-31,verified_primary,,"指定管理者公式で2026年催事、360席、2026年1月改定料金、西11丁目駅徒歩5分、12か月前抽選・随時予約と利用条件を確認。公式にホール床面積を確認できないため空欄"
201,LASENS-286,marked_closed,d-倉庫,https://lasens.com/database/theater-286.html,東京都荒川区東日暮里6-19-7 2F,東京都,110,2021-12-27,2026-07-31,https://www.d-1986.com/close/,d-倉庫,closed,,,https://www.d-1986.com/what_d,https://www.d-1986.com/map_d.html,https://www.d-1986.com/what_d,2026-07-31,verified_primary,,施設公式が2021年12月末閉館と通常営業2021年12月26日終了を明記。旧公式貸館ページで当時の料金・舞台規模・利用条件を確認したが客席数と面積は公開確認できず空欄
202,LASENS-1619,listed,若葉町ウォーフ,https://lasens.com/database/theater-1619.html,神奈川県横浜市中区若葉町3-47-1,神奈川県,44,2022-01-28,2026-07-31,https://wharf-site.amebaownd.com/,WAKABACHO WHARF WHARF01,current,44,,https://wharf-site.amebaownd.com/pages/7893872/page_202405151507,https://wharf-site.amebaownd.com/pages/7830215/page_201603171850,https://wharf-site.amebaownd.com/pages/7893872/page_202405151507,2026-07-31,verified_primary,,運営法人公式で2026年催事と現行運営を確認。WHARF01公式貸出ページはエンド型客席44名・全日貸し・料金・申込期間・原状復帰条件を明記
203,LASENS-675,listed,名古屋市東文化小劇場,https://lasens.com/database/theater-675.html,愛知県名古屋市東区大幸南一丁目1番10号 カルポート東,愛知県,349,2020-06-24,2026-07-31,https://www.bunka758.or.jp/facility/higashi/,東文化小劇場,current,349,,https://www.bunka758.or.jp/facility/higashi/fee/,https://www.bunka758.or.jp/facility/higashi/access/,https://www.bunka758.or.jp/facility/higashi/opening_hours/,2026-07-31,verified_primary,,指定管理者公式で2026年催事・通常349席うち車椅子席2席・張出舞台時291席・料金・交通・申込条件を確認。ホール面積は公式公開欄になく空欄
204,LASENS-652,marked_closed,ウルトラマーケット,https://lasens.com/database/theater-652.html,大阪府大阪市中央区大阪城3-1大阪城ホール内西倉庫,大阪府,200,2020-06-24,2026-07-31,https://banzai-ichiza.com/?page_id=166,ウルトラマーケット（大阪城ホール西倉庫）,closed,,,,,,2026-07-31,verified_primary,,利用劇団公式が2003年から2009年まで使用と明記し大阪市公式2009年市長会見も同施設の閉館を扱う。施設公式の客席・面積・料金・アクセス・利用条件は確認できず空欄
205,LASENS-2738,listed,北九州芸術劇場小劇場,https://lasens.com/database/theater-2738.html,福岡県北九州市小倉北区室町1丁目1-1-11,福岡県,216,2020-09-14,2026-07-31,https://q-geki.jp/usage/floor/hall-small/?ua=desktop,J:COM北九州芸術劇場 小劇場,current,216,180,https://q-geki.jp/usage/price/,https://q-geki.jp/access/,https://q-geki.jp/usage/flow/?ua=desktop,2026-07-31,verified_primary,,劇場公式で2026年度運営・平土間型・約180平方メートル・96〜216席・料金・交通・申込から当日までの条件を確認
206,LASENS-3397,listed,札幌市民交流プラザ クリエイティブスタジオ,https://lasens.com/database/theater-3397.html,北海道札幌市中央区北一条西1丁目,北海道,300,2021-09-16,2026-07-31,https://www.sapporo-community-plaza.jp/facility_creativestudio.html,札幌市民交流プラザ クリエイティブスタジオ,current,300,448,https://www.sapporo-community-plaza.jp/facility_creativestudio.html,https://www.sapporo-community-plaza.jp/access.html,https://www.sapporo-community-plaza.jp/facility_application.html,2026-07-31,verified_primary,,指定管理者公式で448平方メートル・シアター形式約300名・移動観覧席175席と貸出椅子追加時最大228席・現行料金・交通・申込審査条件を確認
207,LASENS-2530,listed,DDD AOYAMA CROSS THEATER（アオヤマクロスシアター）,https://lasens.com/database/theater-2530.html,東京都渋谷区渋谷1-3-3 ヒューリック青山第2ビル B1F,東京都,180,2020-09-24,2026-07-31,https://www.ddd-dance.com/,DDD青山クロスシアター,current,,,,,,2026-07-31,primary_partial,,DDD公式サイトの2026年6月スタジオ予定で同会場利用を確認。旧会場公式ddd-hall.comは本文取得できず客席・面積・貸館料金・アクセス・利用条件を一次情報で確定できないため空欄
208,LASENS-232,listed,赤レンガホール,https://lasens.com/database/theater-232.html,神奈川県横浜市中区新港1 横浜赤レンガ倉庫1号館,神奈川県,350,2022-01-28,2026-07-31,https://akarenga.yafjp.org/facility/hall/,横浜赤レンガ倉庫1号館 3Fホール,current,444,376,https://akarenga.yafjp.org/dl/3f_fee2026.pdf,https://akarenga.yafjp.org/access/,https://akarenga.yafjp.org/dl/usage_guide2026.pdf,2026-07-31,verified_primary,,指定管理者公式の2026年資料で現行貸出・昇降壁閉鎖時約376平方メートル・最大444名を確認。ホールページは椅子約150〜350席・昇降壁片側開放時約428平方メートルとしスタンディング大入場は禁止
209,LASENS-655,listed,名古屋市南文化小劇場,https://lasens.com/database/theater-655.html,愛知県名古屋市南区千竈通2丁目10番地の2,愛知県,394,2020-06-24,2026-07-31,https://www.bunka758.or.jp/facility/minami/,南文化小劇場,current,394,,https://www.bunka758.or.jp/facility/minami/fee/,https://www.bunka758.or.jp/facility/minami/access/,https://www.bunka758.or.jp/facility/minami/opening_hours/,2026-07-31,verified_primary,,"指定管理者公式に2026年の催事、客席394席（車椅子席5席）、料金、アクセス、申込条件を確認。ホール面積は公式ページが未掲載のため空欄"
210,LASENS-699,listed,オーバルシアター,https://lasens.com/database/theater-699.html,大阪府大阪市阿倍野区阿倍野筋2-4-45,大阪府,,2020-06-23,2026-07-31,https://shop.thekio.co.jp/about,LOXODONTA BLACK（ロクソドンタブラック）,renamed,,,,https://shop.thekio.co.jp/about,,2026-07-31,verified_primary,,"運営者公式が同住所の旧OVAL THEATERを2023年9月からLOXODONTA BLACKとして再始動したことと、現公式ページで演劇・ダンス・発表会・稽古場利用を確認。最大客席・面積・貸館料金は未確認"
211,LASENS-2878,listed,湾岸劇場博多扇貝,https://lasens.com/database/theater-2878.html,福岡県福岡市博多区築港本町2-1 福岡サンパレス内,福岡県,80,2020-10-12,2026-07-31,https://hakataohgai.com/,長期熟成型スペース 湾岸劇場 博多扇貝,current,,,https://hakataohgai.com/rental1.html,https://hakataohgai.com/access2.html,https://hakataohgai.com/rental1.html,2026-07-31,verified_primary,,"公式サイトは2026年更新。ホール最大長14.5m・最大幅7.3m・天井高2.4m、座布団80枚を確認したが、不整形空間の面積や定員へ推計せず空欄。演劇は7日9万円・14日14万円、短期イベントは別料金"
212,LASENS-2549,listed,市民劇場ヲタル座,https://lasens.com/database/theater-2549.html,北海道小樽市築港11番5号 5番街4階,北海道,126,2020-07-09,2026-07-31,https://www.wingbay-otaru.co.jp/wotaruza/,市民劇場ヲタル座,current,176,244.04,https://wingbay-otaru.co.jp/wotaruza/pdf/agreement.pdf,https://wingbay-otaru.co.jp/wingbayaccess/,https://wingbay-otaru.co.jp/wotaruza/pdf/agreement.pdf,2026-07-31,verified_primary,,"運営会社公式に2026年の申込状況、劇場総面積244.04㎡、126席と立見50名の計176名、2024年5月発行の使用規約・料金を確認。着席数126と最大収容176を区別"
213,LASENS-654,marked_closed,DRESS AKIBA HALL（ドレスアキバホール）,https://lasens.com/database/theater-654.html,東京都千代田区神田佐久間町1-21 山傳京楽ビルB1F,東京都,,2020-06-24,2026-07-31,https://www.dress-tokyo.com/,Akihabara MARZ（旧dressTOKYO／Dress HALL）,closed,,,,,,2026-07-31,verified_primary,,"同住所の施設公式が2005年のdressTOKYO開場、移転後のDress HALLへの改名、Akihabara MARZとしての運営を経て2014年12月31日閉店と明記。旧客席・面積・貸館情報は未確認"
214,LASENS-331,listed,川崎H&Bシアター,https://lasens.com/database/theater-331.html,神奈川県川崎市川崎区新川通11-17 サンシャイン新川3F,神奈川県,,2020-06-24,2026-07-31,https://ouennavi-kawasaki.com/group/%E3%81%8B%E3%82%8F%E3%81%95%E3%81%8D%E3%82%B7%E3%82%A2%E3%82%BF%E3%83%BC%E3%82%AB%E3%83%B3%E3%83%91%E3%83%8B%E3%83%BC/,川崎H&Bシアター,unknown,,,,,,2026-07-31,primary_partial,,"川崎市の市民活動ポータルで運営劇団の本拠地表記と2015〜2018年の活動履歴を確認したが、現行営業・閉館を明示する運営者または自治体一次情報は確認できず不明。二次サイトの閉館表記や80席は転記しない"
215,LASENS-677,listed,名古屋市熱田文化小劇場,https://lasens.com/database/theater-677.html,愛知県名古屋市熱田区神宮三丁目1番15号,愛知県,352,2020-06-24,2026-07-31,https://www.bunka758.or.jp/facility/atsuta/,熱田文化小劇場,current,352,,https://www.bunka758.or.jp/facility/atsuta/fee/,https://www.bunka758.or.jp/facility/atsuta/access/,https://www.bunka758.or.jp/facility/atsuta/opening_hours/,2026-07-31,verified_primary,,"指定管理者公式に2026年の催事、客席352席（車椅子席2席）、料金、アクセス、申込条件を確認。ホール面積は公式ページが未掲載のため空欄"
216,LASENS-3602,listed,シアターYOROKOBI,https://lasens.com/database/theater-3602.html,大阪府吹田市江坂町1-18-8 江坂パークサイドスクエア2階,大阪府,,2023-01-29,2026-07-31,https://www.instagram.com/p/DJLSZ8zzcrJ/,シアターYOROKOBI,unknown,,,,,,2026-07-31,blocked,,"運営者公式Instagramの閉館告知候補URLは特定したが本文を直接取得できず、二次サイトの引用を確定欄へ転記していない。施設公式サイトでは2024年11月公演まで確認したが、現行・閉館は一次情報で確定できず再確認対象"
217,LASENS-281,listed,生活支援型文化施設コンカリーニョ,https://lasens.com/database/theater-281.html,北海道札幌市西区八軒1条西1丁目 ザ・タワープレイス1F,北海道,173,2020-11-18,2026-07-31,https://concarino.or.jp/user-guide/,生活支援型文化施設コンカリーニョ,current,242,225,https://concarino.or.jp/user-guide/,https://concarino.or.jp/access/,https://concarino.or.jp/user-guide/,2026-07-31,verified_primary,,"運営者公式に2026年の公演予定、通常173席・最大242席、約225㎡、料金、交通、申込・取消条件を確認。専属の音響・照明オペレーターは常駐せず専門機器操作時は手配が必要"
218,LASENS-288,marked_closed,Duo Stage BBs,https://lasens.com/database/theater-288.html,東京都渋谷区笹塚2-7-11 日神デュオステージ笹塚西館B1二号室,東京都,100,2020-06-24,2026-07-31,http://www.djdj.co.jp/duobbs/,Duo STAGE BBs,unknown,,,,,,2026-07-31,primary_partial,,"旧公式サイトはHTTPで応答し施設名を確認したが、ページ更新情報は2013年で現行・閉館を確定する告知を確認できない。LaSensの閉館表記と二次サイトの100席は公式欄へ転記せず、一次情報の再確認対象"
219,LASENS-491,marked_closed,相鉄本多劇場,https://lasens.com/database/theater-491.html,神奈川県横浜市西区南幸2-1-22,神奈川県,184,2020-06-23,2026-07-31,https://www.sotetsu.co.jp/pressrelease/realestate/r26-40/,相鉄本多劇場,closed,,,,,,2026-07-31,verified_primary,,相鉄グループ公式の2026年3月発表と社史で相鉄ムービル内の同劇場が2014年11月30日に閉館したことを確認。旧客席・面積・料金・利用条件は一次情報で確認できず空欄
220,LASENS-672,listed,名古屋市北文化小劇場,https://lasens.com/database/theater-672.html,愛知県名古屋市北区志賀町4丁目60番地の31（東志賀公園西隣）,愛知県,297,2020-06-24,2026-07-31,https://www.bunka758.or.jp/facility/kita/,北文化小劇場,current,299,,https://www.bunka758.or.jp/facility/kita/fee/,https://www.bunka758.or.jp/facility/kita/access/,https://www.bunka758.or.jp/facility/kita/opening_hours/,2026-07-31,verified_primary,,指定管理者公式に2026年の催事、固定297席（イス237席・マス60席）に車椅子席2席を加えた最大299席、料金、アクセス、申込条件を確認。ホール面積は公式ページが未掲載のため空欄
221,LASENS-537,marked_closed,シアターぷらっつ江坂,https://lasens.com/database/theater-537.html,大阪府吹田市江坂町1-18-2,大阪府,180,2020-06-24,2026-07-31,https://www.himawari.net/school/kansai/osaka/,,unknown,,,,,,2026-07-31,primary_partial,,旧施設の運営者である劇団ひまわりの現公式は大阪俳優養成所を吹田市垂水町3-35-36と案内するが、旧劇場の閉館・改称を明記する一次情報を確認できないため不明。二次索引の閉館・180席は転記しない
222,LASENS-547,listed,扇谷記念スタジオ シアターZOO,https://lasens.com/database/theater-547.html,北海道札幌市中央区南11条西1丁目 ファミール中島公園B1F,北海道,90,2020-06-24,2026-07-31,https://www.h-paf.ne.jp/zoo/guide/,扇谷記念スタジオ シアターZOO,current,90,,https://www.h-paf.ne.jp/zoo/guide/,https://www.h-paf.ne.jp/zoo/access/,https://www.h-paf.ne.jp/zoo/guide/,2026-07-31,verified_primary,,運営財団公式に2026年の公演予定、90席、舞台寸法・設備、料金、交通、申込・取消条件を確認。音響・照明の専門スタッフは常駐せず、ホール面積は公式ページが未掲載のため空欄
223,LASENS-289,listed,East Gallary(BF) イースト・ギャラリー,https://lasens.com/database/theater-289.html,東京都渋谷区東3-24-7,東京都,,2020-11-26,2026-07-31,https://www.eastgallery.co.jp/,恵比寿イーストギャラリー,unknown,,,,https://www.eastgallery.co.jp/access/,https://www.eastgallery.co.jp/termsofuse/,2026-07-31,primary_partial,,"同住所・同運営者の現公式で多目的イベント施設の営業、交通、利用規約を確認したが、現行フロア案内は3〜6階のみで旧B1F会場との閉館・改称関係を明記していない。旧BFの面積・収容人数は公式欄へ転記しない"
224,LASENS-2999,listed,相模女子大学グリーンホール 多目的ホール,https://lasens.com/database/theater-2999.html,神奈川県相模原市南区相模大野4-4-1,神奈川県,240,2021-01-18,2026-07-31,https://hall-net.or.jp/01greenhall/rental/multipurposehall/,相模女子大学グリーンホール 多目的ホール,current,300,350,https://hall-net.or.jp/01greenhall/rental/fee/,https://hall-net.or.jp/01greenhall/access/,https://hall-net.or.jp/01greenhall/rental/hall_process/,2026-07-31,verified_primary,,指定管理者公式に2026年の催事、基本形式240名・最大300名、350㎡、料金、交通、申込・利用条件を確認。床可変式でレイアウトにより定員が変わるため最大値と基本形式を区別
225,LASENS-667,listed,名古屋市名東文化小劇場,https://lasens.com/database/theater-667.html,愛知県名古屋市名東区上社一丁目802番地 上社ターミナルビル3階,愛知県,356,2020-06-24,2026-07-31,https://www.bunka758.or.jp/facility/meito/,名東文化小劇場,current,356,,https://www.bunka758.or.jp/facility/meito/fee/,https://www.bunka758.or.jp/facility/meito/access/,https://www.bunka758.or.jp/facility/meito/opening_hours/,2026-07-31,verified_primary,,名古屋市文化振興事業団公式で2026年の催事予定、356席（車椅子席2席）、料金、アクセス、申込方法を確認
226,LASENS-283,marked_closed,デビューファクトリー,https://lasens.com/database/theater-283.html,大阪府大阪市北区同心2-14-19,大阪府,60,2020-09-09,2026-07-31,,,,,,,,,2026-07-31,official_not_found,,施設名・住所・興行名で運営者公式サイト・公式PDFを探索したが一次情報を確認できず。LaSensの閉館表示と検索結果の出演歴を公式欄へ転記していない
227,LASENS-2987,listed,苫小牧演劇堂,https://lasens.com/database/theater-2987.html,北海道苫小牧市錦岡167-1,北海道,100,2021-01-02,2026-07-31,https://tomakomaiengekido.jimdofree.com/,苫小牧演劇堂,current,200,,https://tomakomaiengekido.jimdofree.com/料金-予約状況/,https://tomakomaiengekido.jimdofree.com/,https://tomakomaiengekido.jimdofree.com/使用予約/,2026-07-31,verified_primary,,施設公式で2026年7月公演、所在地、フリースペース200名・小劇場70名、貸出、料金・予約導線を確認。定員欄は最大構成200名
228,LASENS-692,marked_closed,Eggman tokyo east,https://lasens.com/database/theater-692.html,東京都千代田区岩本町2-6-12 曙ビルB1,東京都,60,2020-06-23,2026-07-31,,,,,,,,,2026-07-31,official_not_found,,旧公式ドメインを含め運営者公式の閉館告知を確認できず。2019年末閉館を示す出演者公式ブログと二次索引は見つかったが公式欄へ転記していない
229,LASENS-3564,listed,長者スタジオ,https://lasens.com/database/theater-3564.html,神奈川県横浜市中区長者町2-5-4-204,神奈川県,40,2022-11-25,2026-07-31,https://www.choja.info/,CHOJA STUDIO（長者スタジオ）,current,40,42,https://www.choja.info/,https://www.choja.info/sub2.html,https://www.choja.info/,2026-07-31,primary_partial,,施設公式で40人・約42㎡、料金、アクセス、利用・予約・キャンセル条件を確認。現行の貸出案内はあるが更新日とコロナ禍特別料金の適用年が明記されないため部分確認
230,LASENS-674,listed,名古屋市緑文化小劇場,https://lasens.com/database/theater-674.html,愛知県名古屋市緑区乗鞍二丁目223番地の1,愛知県,446,2020-06-24,2026-07-31,https://www.bunka758.or.jp/facility/midori/,緑文化小劇場,current,446,,https://www.bunka758.or.jp/facility/midori/fee/,https://www.bunka758.or.jp/facility/midori/access/,https://www.bunka758.or.jp/facility/midori/opening_hours/,2026-07-31,verified_primary,,名古屋市文化振興事業団公式で2026年の催事予定、446席（車椅子席4席）、料金、アクセス、申込方法を確認
231,LASENS-444,marked_closed,プラネットホール(大阪府立青少年会館）,https://lasens.com/database/theater-444.html,大阪府大阪市中央区森ノ宮中央2-13-33,大阪府,140,2020-09-09,2026-07-31,https://www.pref.osaka.lg.jp/documents/13143/kaikakuhyokapt-report20140902.pdf,プラネットホール（大阪府立青少年会館）,closed,140,,,,,2026-07-31,verified_primary,,大阪府公式の2014年点検報告で大阪府立青少年会館の2008年度廃止を確認。府公式財政再建資料 https://www.pref.osaka.lg.jp/documents/35791/ooyake.pdf でプラネットホール140名を確認
232,LASENS-3896,listed,平原通り小劇場,https://lasens.com/database/theater-3896.html,北海道帯広市西2条南9丁目12番地 ギャルリーシノカワビル 地下1階西側,北海道,80,2024-06-17,2026-07-31,https://tokachino.com/,平原通り小劇場,current,,,https://tokachino.com/17135112144657,https://tokachino.com/access,https://tokachino.com/flow,2026-07-31,verified_primary,,施設公式で2026年8月の公演、住所、運営会社、料金表、アクセス、2024年6月適用の使用規定と申込方法を確認。公式の客席数・面積は未掲載のため空欄
233,LASENS-300,marked_closed,FreeSpaceカンバス,https://lasens.com/database/theater-300.html,東京都文京区湯島2-4-8 五十嵐ビルB1F/1F,東京都,40,2020-09-09,2026-07-31,,,,,,,,,2026-07-31,blocked,,"旧公式候補のkaitaisha.com/canvas/index.htmlまでは特定したが現行ページへ到達できず、運営者による閉館告知も確認できなかった。LaSensの閉館表示と40席を公式欄へ転記せず、現行・閉館を不明のまま保持"
234,LASENS-373,listed,糀ホール,https://lasens.com/database/theater-373.html,神奈川県川崎市高津区溝の口3-11-15 岩崎ビル5F,神奈川県,160,2020-06-24,2026-07-31,https://www.mmjp.or.jp/kouji-ya/cozyhall/hall/main.html,糀ホール,current,142,,https://www.mmjp.or.jp/kouji-ya/cozyhall/hall/common/guide202211.pdf,https://www.mmjp.or.jp/kouji-ya/cozyhall/common/doc/access.html,https://www.mmjp.or.jp/kouji-ya/cozyhall/hall/common/guide202211.pdf,2026-07-31,verified_primary,,"施設公式サイトで貸しホール案内とアクセスを確認。公式利用案内PDFで標準142席、料金表、予約・利用・キャンセル条件を確認。客席寸法は掲載されるが面積への換算はしていない"
235,LASENS-299,marked_closed,フラワー劇場,https://lasens.com/database/theater-299.html,大阪府大阪市北区天神橋1-13-15 グリーン会館1F,大阪府,,2020-09-09,2026-07-31,,,,,,,,,2026-07-31,official_not_found,,"施設名・住所・グリーン会館名で運営者公式サイト・公式PDF・閉館告知を探索したが一次情報を特定できず。LaSensの閉館表示は転記していない"
236,LASENS-3394,listed,from scratch,https://lasens.com/database/theater-3394.html,東京都千代田区外神田４丁目４−３ SILビル９階,東京都,100,2021-09-16,2026-07-31,https://www.atpress.ne.jp/news/282358,from scratch（フロムスクラッチ）,unknown,100,,,,,2026-07-31,primary_partial,,"運営会社発行の2021年公式リリースで名称、住所、着席100人、設備と当時の料金を確認。旧公式fscratch.jpは現在無関係な内容へ変わっており、現行営業・現行料金・利用条件は確認できないため不明のまま保持"
237,LASENS-599,marked_closed,よしもと rise-1 シアター,https://lasens.com/database/theater-599.html,大阪府大阪市北区曽根崎2-15-20,大阪府,,2020-06-24,2026-07-31,https://lpm.yoshimoto.co.jp/4441/,よしもとrise-1シアター,unknown,,,,,,2026-07-31,primary_partial,,"よしもと公式楽曲サイトで2001年・2003年の収録会場として施設名を確認。運営者による現行案内または閉館告知、客席、面積、料金、アクセス、利用条件は確認できず、LaSensの閉館表示は転記していない"
238,LASENS-671,marked_closed,GEKI地下リバティ,https://lasens.com/database/theater-671.html,東京都世田谷区北沢2-11-3 イサミヤビルB1F,東京都,100,2021-04-01,2026-07-31,,,,,,,,,2026-07-31,official_not_found,,"旧公式候補liberty-entertain.comと施設名・住所を探索したが運営者公式サイト・公式PDF・公式閉館告知を取得できず。第三者の閉館記録とLaSensの100席は公式欄へ転記していない"
239,LASENS-580,marked_closed,ワッハホール(ワッハ上方・大阪府立上方演芸資料館),https://lasens.com/database/theater-580.html,大阪府大阪市中央区難波千日前12-7 YES・NAMBAビル,大阪府,307,2020-09-09,2026-07-31,https://www.pref.osaka.lg.jp/o070100/process/category_syuryo/bunkakyouiku/10980.html,ワッハホール（大阪府立上方演芸資料館）,closed,307,,,,,2026-07-31,verified_primary,,"大阪府公式の施策ページでホールが平成22年度をもって廃止されたことを確認。府公式資料 https://www.pref.osaka.lg.jp/documents/27052/h13gyozaikeikakuan006.pdf で演芸ホール307席を確認。現行の資料館自体は存続しているためホールだけをclosedとした"
240,LASENS-2711,listed,GLOBAL RING THEATER（グローバルリングシアター）,https://lasens.com/database/theater-2711.html,東京都豊島区西池袋１丁目８−２６,東京都,320,2020-09-15,2026-07-31,https://globalring-theatre.com/,池袋西口公園野外劇場 グローバルリング シアター,current,,85,https://globalring-theatre.com/information/rules.php,https://globalring-theatre.com/,https://globalring-theatre.com/information/rules.php,2026-07-31,verified_primary,,"施設公式で2027年8月利用分の受付、舞台約85㎡、設備、住所・池袋駅からのアクセス、料金、利用時間、申請・警備・原状復帰等の条件を確認。公式の客席定員は掲載されないためLaSensの320席を転記していない"
241,LASENS-291,marked_closed,ゑびす座,https://lasens.com/database/theater-291.html,大阪府大阪市中央区道頓堀1-8-22 サミー戒プラザ,大阪府,,2020-06-24,2026-07-31,,,,,,,,,2026-07-31,official_not_found,,"施設名・住所・サミー戎プラザ・道頓堀極樂商店街と運営会社公式IR・ニュースを探索したが、ゑびす座の運営者公式案内または公式閉館告知を特定できず。LaSensの閉館表示と第三者記事の閉館情報は公式欄へ転記していない"
242,LASENS-3515,listed,GO GO Theater（ゴーゴーシアター）,https://lasens.com/database/theater-3515.html,東京都練馬区桜台1-2-8 桜台マンションB1,東京都,50,2022-06-05,2026-07-31,,,,,,,,,2026-07-31,ambiguous,,"同住所のLINE公式アカウント https://page.line.me/329udwal は現行のジョイジョイシアターを100席・50席の2劇場と案内するが、各劇場名とGO GO Theaterの対応を明記していないため同一性・改称関係を断定せず、LaSensの50席も公式欄へ転記していない"
243,LASENS-222,listed,阿倍野区民センター 小ホール,https://lasens.com/database/theater-222.html,大阪府大阪市阿倍野区阿倍野筋4-19-118,大阪府,400,2020-09-09,2026-07-31,https://abeno-cc.net/guidance/room_details/hall02,大阪市立阿倍野区民センター 小ホール,current,302,,https://abeno-cc.net/guidance/room_details/hall02,https://abeno-cc.net/facilities/access_map,https://abeno-cc.net/facilities/notes,2026-07-31,verified_primary,,"指定管理者公式サイトで現行貸館案内、定員302名、区分別料金、阿倍野駅等からのアクセス、利用目的・飲食・物販・和太鼓・技術スタッフ・納付・キャンセル条件を確認。公式ページは広さを未掲載としているため面積は空欄とし、LaSensの400席は転記していない"
244,LASENS-3413,listed,Hall Mixa（ホールミクサ）,https://lasens.com/database/theater-3413.html,東京都豊島区東池袋1-14-3 Mixalive TOKYO B2F,東京都,144,2021-10-26,2026-07-31,https://www.mixalivetokyo.com/,Hall Mixa（ホールミクサ）,closed,144,,,,,2026-07-31,verified_primary,,"施設公式がMixalive TOKYOを2026年1月18日に閉館したと告知し、講談社公式記事 https://cstation.kodansha.co.jp/article/1143 で直営Hall Mixaの144席を確認。閉館後の貸館料金・利用条件は記録していない"
245,LASENS-341,listed,一心寺シアター倶楽,https://lasens.com/database/theater-341.html,大阪府大阪市天王寺区逢阪2-6-13,大阪府,278,2020-09-21,2026-07-31,https://isshinji.net/,一心寺シアター倶楽,current,,,https://isshinji.net/about/,https://isshinji.net/access/,https://isshinji.net/pdf/gekijyou_kiyaku2024.pdf,2026-07-31,verified_primary,,"施設公式で現行の貸館案内、仕込日・本番日・管理人件費、土日を含む場合3日以上、文化芸術団体向け、申込・支払・キャンセル・火気・利用時間等の条件、住所と各駅からのアクセスを確認。公式ページの60席程度はトライアウト利用だけの値であり通常劇場の定員ではないため、LaSensの278席を含め客席比較値は空欄とした"
246,LASENS-2014,listed,jagaimo劇場,https://lasens.com/database/theater-2014.html,東京都中野区鷺宮4-1-13 吉田ビルB1,東京都,30,2020-09-15,2026-07-31,,,,,,,,,2026-07-31,ambiguous,,"同住所では現行公式 https://nanashi.tokyo/ が2025年開設の彩 演 音 ナナシを案内するが、jagaimo劇場との閉館・改称・運営承継関係を明記していない。同一性を推測せず、ナナシの最大40席・料金・利用条件はこの行の公式欄へ転記していない"
247,LASENS-2895,listed,音太小屋「T-6」（テ・シス）,https://lasens.com/database/theater-2895.html,大阪府大阪市北区菅栄町3-15,大阪府,80,2020-11-10,2026-07-31,https://www.eonet.ne.jp/~netagoya/,音太小屋 2階「でん」,current,,60,https://www.eonet.ne.jp/~netagoya/T-6hallzu/ryoukin.html,https://www.eonet.ne.jp/~netagoya/,https://www.eonet.ne.jp/~netagoya/T-6hallzu/ryoukin.html,2026-07-31,verified_primary,,"施設公式トップと2階劇場ページで2026年7月更新の現行案内、2階「でん」の約60平方メートル、平日・土日祝の一日料金、予約金・キャンセル料、機材、9時から22時を基本とする利用条件、住所・地図導線を確認。公式の客席定員は確認できずLaSensの80席は転記していない"
248,LASENS-697,listed,JOYJOYSTATION（ジョイジョイステーション）,https://lasens.com/database/theater-697.html,東京都練馬区桜台1-2-8 桜台マンションB1,東京都,100,2022-06-05,2026-07-31,,,,,,,,,2026-07-31,ambiguous,,"同住所のLINE公式アカウント https://page.line.me/329udwal は現行のジョイジョイシアターを100席・50席の2劇場と案内するが、JOYJOYSTATIONという旧索引名との改称関係および各客席数の対応を明記していないため同一性を断定せず、LaSensの100席も公式欄へ転記していない"
249,LASENS-624,marked_closed,京橋花月,https://lasens.com/database/theater-624.html,大阪府大阪市都島区東野田町1丁目6-22,大阪府,,2020-06-24,2026-07-31,https://www.yoshimoto.co.jp/history/,京橋花月,closed,,,,,,2026-07-31,verified_primary,,"吉本興業公式ヒストリーで2008年開館・2011年終了を確認し、公式ニュースの2011年11月30日ファイナルイベント記事でも劇場終了を確認。客席、面積、貸館料金、アクセス、利用条件は旧施設の現行比較値として転記していない"
250,LASENS-384,listed,LAMAMA,https://lasens.com/database/theater-384.html,東京都渋谷区道玄坂1-15-3 プリメーラ道玄坂B1,東京都,120,2020-09-24,2026-07-31,https://www.lamama.net/,渋谷La.mama,current,230,,https://www.lamama.net/about/,https://www.lamama.net/access/,https://www.lamama.net/about/,2026-07-31,verified_primary,,"施設公式で2026年公演予定、最大スタンディング230名、椅子席70名・立ち見込み120名、ホールレンタル料金、機材、申込条件、渋谷駅からの経路を確認"
251,LASENS-365,listed,近鉄アート館,https://lasens.com/database/theater-365.html,大阪府大阪市阿倍野区阿倍野筋1-1-43 近鉄百貨店阿倍野店9階,大阪府,318,2020-06-24,2026-07-31,https://kintetsuartkan.jp/about/,近鉄アート館,current,322,324,https://kintetsuartkan.jp/artkan/wp-content/themes/twentytwentyfive-child/assets/pdf/artkan/guidance2026.pdf,https://kintetsuartkan.jp/access/,https://kintetsuartkan.jp/artkan/wp-content/themes/twentytwentyfive-child/assets/pdf/artkan/guidance2026.pdf,2026-07-31,verified_primary,,"2026年4月1日現在の公式使用規定で約324㎡、シアター約318席・三面舞台約322席、料金、申込、利用条件を確認。現施設はあべのハルカス近鉄本店ウイング館8階で、LaSensの9階表記は公式欄へ転記していない"
252,LASENS-385,listed,LAPIN ET HALOT(B1F),https://lasens.com/database/theater-385.html,東京都渋谷区神宮前5-44-2,東京都,100,2020-09-24,2026-07-31,https://www.lapin-et.com/facility_halot/index.html,B1F LIVE SPACE HALOT,current,100,82,https://www.lapin-et.com/price/index.html,https://www.lapin-et.com/access/index.html,https://www.lapin-et.com/guide/index.html,2026-07-31,verified_primary,,"施設公式でB1Fライブスペース、着席最大100名、ステージ・客席部分82㎡、時間帯別料金、備品、会員登録・予約金・利用制限・22時音止め、表参道駅徒歩5分を確認"
253,LASENS-364,marked_closed,近鉄小劇場,https://lasens.com/database/theater-364.html,大阪府大阪市天王寺区上本町6-5-28,大阪府,420,2020-09-09,2026-07-31,https://www.kintetsu-g-hd.co.jp/corporate/history.html,近鉄小劇場,closed,,,,,,2026-07-31,verified_primary,,"近鉄グループホールディングス公式沿革で1985年10月3日開業、2004年2月1日閉鎖を確認。LaSensの420席と旧住所は現行比較値として公式欄へ転記していない"
254,LASENS-386,listed,LE DECO 3,https://lasens.com/database/theater-386.html,東京都渋谷区渋谷3-26-17 ルデコビル3F,東京都,70,2020-09-24,2026-07-31,https://ledeco.net/?page_id=13830,LE DECO 3F,current,,103.72,https://ledeco.net/?page_id=163,https://ledeco.net/?page_id=1251,https://ledeco.net/?page_id=163,2026-07-31,verified_primary,,"施設公式のフロア図面で3F床面積103.72㎡・天井高約3m、貸スペース要項で料金・申込・利用条件、公式アクセスで現住所を確認。LaSensの渋谷3-26-17・70席は現公式と一致しないため転記していない"
255,LASENS-314,marked_closed,劇場マジックランプ,https://lasens.com/database/theater-314.html,大阪府大阪市旭区高殿7丁目21-4,大阪府,,2020-09-09,2026-07-31,https://www.osaka21.or.jp/culture/pamo2004/dantai.html,NPO法人劇場マジックランプ,unknown,,,,,,2026-07-31,primary_partial,,"大阪21世紀協会の2004年公式事業ページで参加団体としてNPO法人名を確認したが、施設・運営者・大阪府市の現行案内または閉館告知を確認できない。LaSensの閉館表示と第三者サイトの貸出停止記述は公式欄へ転記していない"
256,LASENS-387,listed,LE DECO 5,https://lasens.com/database/theater-387.html,東京都渋谷区渋谷3-26-17 ルデコビル5F,東京都,70,2020-09-24,2026-07-31,https://ledeco.net/?page_id=13830,LE DECO 5F,current,,103.72,https://ledeco.net/?page_id=163,https://ledeco.net/?page_id=1251,https://ledeco.net/?page_id=163,2026-07-31,verified_primary,,"施設公式のフロア図面で5F床面積103.72㎡・天井高約3m、貸スペース要項で料金・申込・利用条件、公式アクセスと2026年の5F開催記録で現行利用を確認。LaSensの旧住所表記・70席は転記していない"
257,LASENS-693,marked_closed,江坂スペース・シアター,https://lasens.com/database/theater-693.html,大阪府吹田市江坂町1-18-8 江坂パークサイドスクエア4階,大阪府,200,2020-06-23,2026-07-31,,,,,,,,,2026-07-31,official_not_found,,"施設名・住所・旧公式候補 space-theater.jp と吹田市公式情報を探索したが、運営者による現行案内または閉館告知を確認できず。LaSensの閉館表示と200席、第三者の過去公演記事を公式欄へ転記していない"
258,LASENS-2022,listed,LEFKADA新宿,https://lasens.com/database/theater-2022.html,東京都新宿区新宿5-12-4 リーレ新宿ビルB1,東京都,80,2020-09-01,2026-07-31,https://lefkada.jp/,LEFKADA新宿,current,120,,https://lefkada.jp/rental,https://lefkada.jp/%E3%82%A2%E3%82%AF%E3%82%BB%E3%82%B9,https://lefkada.jp/rental,2026-07-31,verified_primary,,"施設公式で2026年の公演、座席使用時80人・スタンディング120人、ホールレンタル料金・必須設備費・注意事項、現住所と各駅からの経路を確認。公式住所の建物名はEN新宿ビルで、LaSensのリーレ新宿ビル表記は転記していない"
259,LASENS-467,marked_closed,堺市民会館(小ホール),https://lasens.com/database/theater-467.html,大阪府堺市翁橋町2-1-1,大阪府,256,2020-09-09,2026-07-31,https://www.city.sakai.lg.jp/kanko/bunka/bunka_kanren/geibunhall/koremadekeika/heikan.html,堺市民会館 小ホール,closed,256,,,https://www.city.sakai.lg.jp/kanko/bunka/bunka_kanren/geibunhall/koremadekeika/sakaisiminnkaikannseibikeikaku.files/seibikeikaku.pdf,https://www.city.sakai.lg.jp/kanko/bunka/bunka_kanren/geibunhall/koremadekeika/heikan.html,2026-07-31,verified_primary,,"堺市公式で施設・設備老朽化による建て替えのため2014年3月31日に閉館したことを確認。市公式整備計画で小ホール256席（固定254席・車いす2席）、舞台間口12m・奥行4.5m・高さ4.5m、旧住所と堺東駅から徒歩約10分を確認"
260,LASENS-691,marked_closed,Live theater 間~まほろ～,https://lasens.com/database/theater-691.html,東京都大田区大森西7－5－7,東京都,100,2020-06-23,2026-07-31,,,,,,,,,2026-07-31,official_not_found,,"施設名・住所・電話・旧公式候補 mahoro8.com と大田区公式情報を探索したが、運営者による現行案内または閉館告知を確認できず。LaSensの閉館表示と100席、第三者の2013年公演記録を公式欄へ転記していない"
261,LASENS-554,listed,浄土宗應典院 本堂,https://lasens.com/database/theater-554.html,大阪府大阪市天王寺区下寺町1-1-27,大阪府,120,2020-06-24,2026-07-31,https://www.outenin.com/,浄土宗應典院 本堂,current,,,,https://www.outenin.com/outenin/access/,https://www.outenin.com/article/article-14940/,2026-07-31,primary_partial,,"寺院公式で2026年の主催催事と現住所を確認。2018年にシアトリカル應典院 本堂ホールから現名称へ呼称統一し、2020年6月1日から一般利用を終了して主催・共催事業のみ継続しているため、一般貸館候補としては利用不可。LaSensの120席は転記していない"
262,LASENS-633,marked_closed,MAKOTOシアター銀座,https://lasens.com/database/theater-633.html,東京都中央区京橋3-3-2 富士ﾋﾞﾙ1F,東京都,88,2020-06-24,2026-07-31,,,,,,,,,2026-07-31,official_not_found,,"施設名・住所・旧公式候補 makototheater.com と中央区公式情報を探索したが、運営者による現行案内または閉館告知を確認できず。LaSensの閉館表示・88席・旧料金と第三者の過去公演記録を公式欄へ転記していない"
263,LASENS-623,listed,吹田市文化会館(メイシアター・中ホール),https://lasens.com/database/theater-623.html,大阪府吹田市泉町2丁目29番1号,大阪府,492,2020-06-24,2026-07-31,https://maytheater.jp/for-visitors/floor-map/theatre/,吹田市文化会館 メイシアター 中ホール,current,622,,https://maytheater.jp/for-users/pricelist/,https://maytheater.jp/access/,https://maytheater.jp/for-users/,2026-07-31,verified_primary,,"指定管理者公式で2026年の利用、通常492席（車いす5席・移動席10席・親子室）とアリーナ形式最大622席、現行料金、申込・取消・利用条件、阪急吹田駅前・JR吹田駅徒歩15分を確認。比較値は最大定員622席とし通常席数を注記した"
264,LASENS-648,marked_closed,MODAPOLITICA 2F,https://lasens.com/database/theater-648.html,東京都港区南青山6－6－21,東京都,200,2020-06-24,2026-07-31,,,,,,,,,2026-07-31,official_not_found,,"施設名・住所・運営者候補と港区公式情報を探索したが、運営者による現行案内または閉館告知を確認できず。港区公式の同住所別店舗情報も2階施設の状態を解かないため、LaSensの閉館表示と200席、二次サイトの閉館表記を公式欄へ転記していない"
265,LASENS-390,listed,吹田市文化会館/メイシアター(小ホール),https://lasens.com/database/theater-390.html,大阪府吹田市泉町2-29-1,大阪府,156,2020-09-18,2026-07-31,https://maytheater.jp/for-visitors/floor-map/sub-theatre/,吹田市文化会館 メイシアター 小ホール,current,156,,https://maytheater.jp/for-users/pricelist/,https://maytheater.jp/access/,https://maytheater.jp/for-users/,2026-07-31,verified_primary,,"指定管理者公式で2026年の利用、156席（車いす3席・親子室）、現行料金、申込・取消・利用条件、阪急吹田駅前・JR吹田駅徒歩15分を確認"
266,LASENS-3306,listed,nakano f,https://lasens.com/database/theater-3306.html,東京都中野区中野5-46-10 J'Sコート 1F,東京都,40,2021-04-05,2026-07-31,https://nakanof.jp/,nakano f（ナカノエフ）,current,40,47.07,https://nakanof.jp/#ryokin,https://nakanof.jp/#access,https://nakanof.jp/,2026-07-31,verified_primary,,"運営会社公式で2階ロフトスタジオ47.07㎡、公演・上映会時最大40人、時間帯別料金と12時間パック、単発利用規約、JR中野駅徒歩4分を確認。1階ギャラリー38.51㎡は別用途のため面積比較値に含めていない"
267,LASENS-644,listed,世界館,https://lasens.com/database/theater-644.html,大阪府大阪市港区波除6-5-15,大阪府,204,2020-06-24,2026-07-31,https://www.theater-sekaikan.com/,世界館,current,204,,https://www.theater-sekaikan.com/charge/charge1.html,https://www.theater-sekaikan.com/,https://www.theater-sekaikan.com/charge/charge1.html,2026-07-31,verified_primary,,"施設公式で2026年の公演、客席204席（固定120席・移動84席）、現行の平日・土日祝12時間料金、申込・利用規約、弁天町駅から徒歩7〜8分を確認。公式トップの200席表現より施設詳細の内訳付き204席を採用"
268,LASENS-425,listed,OFF OFFシアター,https://lasens.com/database/theater-425.html,東京都世田谷区北沢2-11-8 ペルモビル3F,東京都,100,2020-07-07,2026-07-31,https://www.honda-geki.com/offoff/,OFF・OFFシアター,current,,,https://www.honda-geki.com/05_file/theater/offoff/%E3%82%AA%E3%83%95%E3%82%AA%E3%83%95%E4%BD%BF%E7%94%A8%E8%A6%8F%E5%AE%9A202508.pdf,https://www.honda-geki.com/offoff/,https://www.honda-geki.com/05_file/theater/offoff/%E3%82%AA%E3%83%95%E3%82%AA%E3%83%95%E4%BD%BF%E7%94%A8%E8%A6%8F%E5%AE%9A202508.pdf,2026-07-31,verified_primary,,"本多劇場グループ公式で2026年8月以降の公演予定、TAROビル3Fの現住所、2025年8月改訂の使用料金・契約・取消条件と各種劇場資料を確認。公式資料に客席定員の明記を確認できないためLaSensの100席は転記していない"
269,LASENS-473,marked_closed,精華小劇場,https://lasens.com/database/theater-473.html,大阪府大阪市中央区難波3-2-4,大阪府,200,2020-09-09,2026-07-31,https://www.city.osaka.lg.jp/toshikeikaku/cmsfiles/contents/0000596/596716/28gijiroku.pdf,精華小劇場,closed,,,,,,2026-07-31,primary_partial,,"大阪市公式の中央区文化史資料で旧精華小学校体育館を2004年に精華小劇場として整備した経緯を確認し、市公式都市景観委員会議事録で旧校舎が取り壊し予定物件とされていることを確認。閉館日の一次資料は確認できず、LaSensの200席と二次記事の2011年3月31日閉館は公式欄へ転記していない"
270,LASENS-2020,listed,ONE'S STUDIO,https://lasens.com/database/theater-2020.html,東京都練馬区旭丘1-10-10,東京都,,2020-12-23,2026-07-31,http://gekidan-ichinokai.com/studio.html,ONE'S STUDIO（劇団一の会のアトリエ）,unknown,,,,http://gekidan-ichinokai.com/studio.html,,2026-07-31,primary_partial,,"劇団一の会公式で2008年からの劇団所有アトリエ、所在地、電話、カフェ併設を確認。公式ページは閲覧できるが近年の公演・貸館案内、客席、面積、料金、利用条件を確認できないため現行状態はunknownとした"
271,LASENS-3612,listed,聖天通劇場,https://lasens.com/database/theater-3612.html,大阪府大阪市福島区福島7丁目7−12,大阪府,29,2023-02-20,2026-07-31,https://shoutendori-theater.com/,聖天通劇場,current,29,,https://shoutendori-theater.com/shotenwp/wp-content/uploads/2023/01/gekijyo_riyoannai-230106.pdf,https://shoutendori-theater.com/access,https://shoutendori-theater.com/shotenwp/wp-content/uploads/2023/01/gekijyo_riyoannai-230106.pdf,2026-07-31,verified_primary,,"施設公式で2026年の公演・貸出、定員29人、劇場料金・機材費・長期割引、申込・契約・取消条件、JR福島駅徒歩3分などを確認"
272,LASENS-431,marked_closed,ORIBE HALL,https://lasens.com/database/theater-431.html,東京都港区六本木6-1-24 ラピロス六本木8F,東京都,250,2020-09-09,2026-07-31,,,unknown,,,,,,2026-07-31,ambiguous,,"旧公式候補 oribehall.com は現在、旧ホール情報に期限切れドメインのSEO文言が混在し、住所・電話も欠落しているため公式一次情報として採用しない。運営者・自治体による閉館または改称の告知を確認できず、LaSensの閉館表示・250席と二次サイトの閉館表記は公式欄へ転記していない"
273,LASENS-3769,listed,扇町ミュージアムキューブ,https://lasens.com/database/theater-3769.html,大阪府大阪市北区南扇町6-26,大阪府,,2023-08-25,2026-07-31,https://omcube.jp/,扇町ミュージアムキューブ,current,251,257.4,https://omcube.jp/guide/,https://omcube.jp/,https://omcube.jp/guide/,2026-07-31,verified_primary,,"施設公式で2026年7月〜11月の催事、10個のCUBEから成る現行施設、CUBE01の251席（常設200席・可動49席・車いす2席）・約257.4㎡、CUBE02の100席、CUBE03の50席、現行料金・利用手順・取消条件、扇町駅徒歩3分等を確認。比較値は最大のCUBE01を採用"
274,LASENS-434,marked_closed,pamplemousse,https://lasens.com/database/theater-434.html,東京都新宿区新宿3-12-12 吉田ビル2F,東京都,120,2020-06-24,2026-07-31,,,,,,,,,2026-07-31,official_not_found,,"施設名・住所・運営者候補を探索し、複数団体の過去公演記録までは確認したが、施設または運営者による現行案内・閉館告知を特定できず。LaSensの閉館表示と120席、二次サイトの100席を公式欄へ転記していない"
275,LASENS-689,marked_closed,船場サザンシアター,https://lasens.com/database/theater-689.html,大阪府中央区南船場2丁目4-19 大和ビル16号館 B1F,大阪府,25,2020-06-23,2026-07-31,https://sembasazan.exblog.jp/,船場サザンシアター,closed,,,,,,2026-07-31,verified_primary,,"運営者公式ブログが2011年10月10日に船場サザンシアターで開場し、2019年3月に難波へ移転したと明記しているため旧南船場施設をclosedと確認。移転先の難波サザンシアターも2026年1月31日に閉館。LaSensの25席は一次情報で確認できず転記していない"
276,LASENS-4046,listed,Paperback Studio,https://lasens.com/database/theater-4046.html,東京都世田谷区南烏山4-22-4 ドルフヒラタテB1F,東京都,20,2025-07-01,2026-07-31,https://www.paperbackstd.com/,Paperback Studio,current,,35.64,https://www.paperbackstd.com/reservation,https://www.paperbackstd.com/access,https://www.paperbackstd.com/reservation,2026-07-31,verified_primary,,"施設公式で2026年7月までの公演、レンタルスタジオとしての現行利用、35.64㎡（7.5m×4.7m）・天井高2.4m、通常利用と公演利用の料金区分・予約時期・取消条件、千歳烏山駅と芦花公園駅から各徒歩7分を確認。椅子20脚は定員表記ではないためLaSensの20席を公式容量へ転記していない"
277,LASENS-305,listed,大阪市立芸術創造館(大練習室),https://lasens.com/database/theater-305.html,大阪府大阪市旭区中宮1-11-14,大阪府,126,2020-06-24,2026-07-31,https://geijutsusozokan.jp/facility-list/facility1/,大阪市立芸術創造館 大練習室,current,126,180.2,https://geijutsusozokan.jp/facility-use/price-list/,https://geijutsusozokan.jp/facility/,https://geijutsusozokan.jp/facility-use/facility-reservations/,2026-07-31,verified_primary,,"施設公式・大阪市公式で現行施設、大練習室180.2㎡（約18m×10m×高さ約5m）、公演時最大126席、全面・分割・公演料金と付帯設備費、申込期限・支払・取消条件、千林大宮駅・森小路駅から各徒歩10分等を確認"
278,LASENS-441,marked_closed,pit北／区域,https://lasens.com/database/theater-441.html,東京都北区王子1-13-18 東海第二ビル地下1・2F,東京都,70,2020-06-23,2026-07-31,https://stage.corich.jp/theater/205,pit北／区域,closed,,,,,,2026-07-31,primary_partial,,"運営団体・東京バビロン名義で更新された劇場プロフィールに、ビル建て替えのため2015年12月31日閉館と明記されていることを確認。運営団体公式サイトは取得できず、客席の一次資料も確認できないためprimary_partialとし、LaSensの70席を転記していない"
279,LASENS-562,marked_closed,都住創センター,https://lasens.com/database/theater-562.html,大阪府大阪市中央区釣鐘町2-1-7,大阪府,,2020-09-09,2026-07-31,,,,,,,,,2026-07-31,official_not_found,,"施設名・住所・都住創協会および同名法人を探索し、建築家・公的展覧会資料で1984年開設と1990年代の利用までは確認したが、施設または運営者による現行案内・閉館告知を特定できず。LaSensの閉館表示を公式欄へ転記していない"
280,LASENS-443,listed,plan-B,https://lasens.com/database/theater-443.html,東京都中野区弥生町4-26-20 モナークなかのB1F,東京都,80,2020-09-02,2026-07-31,https://unnameablespace-planb.com/,plan-B,current,,,,https://unnameablespace-planb.com/access,https://unnameablespace-planb.com/,2026-07-31,primary_partial,,"運営者公式で同住所の施設、2025年6月〜2026年2月の改修と2027年再開予定を確認。現時点は活動休止中で、再開後も施設・スペースの貸出予定はなくレンタル問い合わせ非対応と明記。LaSensの80席は一次情報で確認できず転記していない"
281,LASENS-2430,listed,道頓堀ZAZA HOUSE,https://lasens.com/database/theater-2430.html,大阪府大阪市中央区道頓堀1-7-21 中座くいだおれビル地下１階,大阪府,150,2020-06-23,2026-07-31,https://www.vitalartbox.com/zaza/,エンターテインメントシアター 新世界ZAZA HOUSE,unknown,,,,,,2026-07-31,ambiguous,,"運営者公式URLは現住所が大阪市浪速区恵美須東2-1-26の新世界ZAZAへ更新され、2026年公演を確認。道頓堀旧住所のHOUSEとの閉館・移転・改称関係は現行公式本文だけで確定できず、二次記事の閉館日や旧客席数は公式欄へ未採用"
282,LASENS-462,listed,R's Art Court(労音大久保会館)アールズアートコート,https://lasens.com/database/theater-462.html,東京都新宿区大久保1-9-10 労音大久保会館,東京都,170,2022-01-28,2026-07-31,https://ro-on.tokyo/rsartcourt/,R’sアートコート（労音大久保会館）,current,170,,https://ro-on.tokyo/wp-content/uploads/bc32124a7b65506a0c791b9936375f58.pdf,https://ro-on.tokyo/rsartcourt/,https://ro-on.tokyo/wp-content/uploads/Terms-of-Use.pdf,2026-07-31,verified_primary,,"東京労音公式で管理運営、最大170名（調整可）、2026年1月施行料金表、使用規則、所在地と新大久保駅・東新宿駅からのアクセスを確認。移動観覧席は5段70席で前方可動席と組合せ"
283,LASENS-2432,listed,道頓堀ZAZA POCKET'S,https://lasens.com/database/theater-2432.html,大阪府大阪市中央区道頓堀1-7-21 中座くいだおれビル地下１階,大阪府,80,2020-06-23,2026-07-31,https://www.vitalartbox.com/zaza/,エンターテインメントシアター 新世界ZAZA POCKETS,unknown,,,,,,2026-07-31,ambiguous,,"運営者公式URLは現住所が大阪市浪速区恵美須東2-1-26の新世界ZAZAへ更新され、2026年公演を確認。道頓堀旧住所のPOCKET'Sとの閉館・移転・改称関係は現行公式本文だけで確定できず、二次記事の閉館日や旧客席数は公式欄へ未採用"
284,LASENS-455,listed,RAFT,https://lasens.com/database/theater-455.html,東京都中野区中野1-4-4 1F,東京都,40,2020-10-12,2026-07-31,http://raftweb.info/,オルタナティブスペースRAFT,current,,,,https://www.raftball.info/access,,2026-07-31,primary_partial,,"施設公式サイトは取得時502。RAFTの公式ショーケースサイトで同住所・連絡先・アクセスと2026年開催を確認し、東京都公式文化施設一覧でも公式URLと100人未満区分を確認。正確な客席・料金・利用条件は施設公式本文で確認できず未採用"
285,LASENS-4105,listed,難波サザンシアター,https://lasens.com/database/theater-4105.html,大阪府大阪市浪速区稲荷１丁目５-41 １丁目５-41,大阪府,33,2026-01-19,2026-07-31,https://sembasazan.exblog.jp/,難波サザンシアター,closed,,,,,,2026-07-31,verified_primary,,"劇場公式公演ブログが2026年1月31日付で同日をもって閉館と明記。2019年3月に船場から難波へ移転した履歴も公式本文で確認。客席・料金・アクセス・利用条件は確認できた公式本文がないため空欄"
286,LASENS-553,listed,Route Theater (旧てあとるらぽう),https://lasens.com/database/theater-553.html,東京都豊島区長崎5丁目1-32,東京都,100,2024-08-29,2026-07-31,https://route-theater.com/,Route Theater,renamed,85,,https://route-theater.com/%E5%88%A9%E7%94%A8%E3%81%AB%E3%81%A4%E3%81%84%E3%81%A6/,https://route-theater.com/,https://route-theater.com/cms/wp-content/uploads/2024/04/Route-Theater%E5%8A%87%E5%A0%B4%E6%96%BD%E8%A8%AD%E5%88%A9%E7%94%A8%E8%A6%8F%E7%B4%84.pdf,2026-07-31,verified_primary,,"公式がてあとるらぽうから運営を引継ぎ2024年にRoute Theaterへ改称と明記。通常60席、張出しなし・補助席使用時最大85席。料金案内、利用規約、東長崎駅徒歩1分と2026年公演募集を確認"
287,LASENS-414,listed,日本橋Pollux Theater,https://lasens.com/database/theater-414.html,大阪府大阪市浪速区日本橋4-14-3,大阪府,70,2020-06-24,2026-07-31,https://pollux-theater.com/,大阪日本橋ポルックスシアター,current,120,,https://pollux-theater.com/rental,https://pollux-theater.com/access,https://pollux-theater.com/rental,2026-07-31,verified_primary,,"公式で2026年公演、スタンディング120名・シッティング70名、曜日時間帯別レンタル料金とキャンセル条件、住所と各駅からの徒歩アクセスを確認。比較値は最大120名、着席時70席"
288,LASENS-2004,listed,SCOOL,https://lasens.com/database/theater-2004.html,東京都三鷹市下連雀3-33-6 三京ユニオンビル 5F,東京都,,2020-10-05,2026-07-31,https://scool.jp/,SCOOL,current,,,https://scool.jp/,https://scool.jp/,https://scool.jp/,2026-07-31,verified_primary,,"施設公式で2026年7月以降の公演、現住所、三鷹駅南口から徒歩3分、イベント・稽古場等での貸出と料金は問い合わせ制を確認。SPEC公式PDFは図面と椅子等備品を掲載するが定員・面積の説明値を確定できず空欄"
289,LASENS-394,listed,未知座小劇場,https://lasens.com/database/theater-394.html,大阪府八尾市佐堂町2-2-17,大阪府,,2020-06-24,2026-07-31,https://michiza.officez.jp/,未知座小劇場,unknown,,,,https://michiza.officez.jp/access.html,,2026-07-31,primary_partial,,"団体公式サイトで同住所・連絡先と2019年の稽古場公演、2024年までの日記更新を確認したが、現行の貸館・公演運営は確定できず。客席・面積・料金・利用条件は公式公開値を確認できないため空欄"
290,LASENS-476,listed,SESSION HOUSE,https://lasens.com/database/theater-476.html,東京都新宿区矢来町158,東京都,100,2020-09-30,2026-07-31,https://session-house.net/,神楽坂セッションハウス B1Fスタジオ・小劇場,current,100,131,https://session-house.net/b1f_rental.html,https://session-house.net/map_access.html,https://session-house.net/b1fkiyaku.pdf,2026-07-31,verified_primary,,"施設公式で2026年の予約可能日、移動式で100名前後の客席、スタジオ131平方メートル、終日料金・付帯設備、神楽坂駅徒歩1〜2分、使用規約を確認"
291,LASENS-293,listed,SPACE EDGE（SPACE A）,https://lasens.com/database/theater-293.html,東京都渋谷区渋谷3-26-17,東京都,100,2020-06-24,2026-07-31,https://www.space-edge.jp/,space EDGE Space A,current,,75,,https://www.space-edge.jp/location.html,https://www.space-edge.jp/term.html,2026-07-31,verified_primary,,"施設公式でSpace Aの75平方メートル、所在地・渋谷駅からのアクセス、利用規約を確認。建物工事により2025年1月から貸出を一時休止し再開目途は約2年と告知しているため、現時点で貸館不可。LaSensの100席は一次情報で確認できず未採用"
292,LASENS-219,marked_closed,SPACE107,https://lasens.com/database/theater-219.html,東京都新宿区西新宿1-8-5 α107ビル地下2F,東京都,183,2020-06-23,2026-07-31,,,,,,,,,2026-07-31,official_not_found,,"施設名・住所・旧公式候補space107.jpと運営者候補を探索したが、施設または運営者による閉館告知を確認できなかった。同名の別施設による2026年閉館告知は住所・運営主体が異なるため不採用とし、LaSensの閉館表示と183席も公式欄へ転記していない"
293,LASENS-496,listed,SPACE雑遊,https://lasens.com/database/theater-496.html,東京都新宿区新宿3-8-8 新宿O-Tビル1F,東京都,,2020-09-01,2026-07-31,,,,,,,,,2026-07-31,blocked,,"旧公式候補zatsuyu.comは証明書のホスト名不一致に加えてドメイン設定エラーを返し、施設・運営者の現行公式本文へ到達できなかった。現行・閉館、客席、料金等を推測せず空欄"
294,LASENS-707,marked_closed,SPACE梟門,https://lasens.com/database/theater-707.html,東京都新宿区新宿3-8-8 新宿O・Tビル 2F,東京都,70,2020-06-23,2026-07-31,,,,,,,,,2026-07-31,blocked,,"旧公式候補zatsuyu.com/kyoumon.htmlは証明書のホスト名不一致と404で本文へ到達できず、運営者による閉館告知も確認できなかった。LaSensの閉館表示と70席は公式欄へ転記していない"
295,LASENS-1998,listed,studio BLANZ（スタジオ ブランズ） B1F フリースペース,https://lasens.com/database/theater-1998.html,東京都豊島区池袋本町4-45-1 1F&B1F,東京都,,2021-01-04,2026-07-31,https://studioblanz.wixsite.com/blanz/fleespace,SPACE BLANZ B1F フリースペース,current,,,https://studioblanz.wixsite.com/blanz/fleespace,https://studioblanz.wixsite.com/blanz/access,https://studioblanz.wixsite.com/blanz/fleespace,2026-07-31,verified_primary,,"施設公式で2025年2月以降の料金、演劇・音楽LIVE等の本番利用、稽古・イベント・撮影利用、キャンセル・騒音・火気等の条件、同住所と3駅からの徒歩アクセスを確認。客席・面積は公式本文で確定できず空欄"
296,LASENS-504,listed,Studio K(Studio2),https://lasens.com/database/theater-504.html,東京都杉並区高円寺南4-39-17,東京都,110,2020-09-04,2026-07-31,http://kobayashi-yk.com/html/studio-k/index.html,高円寺Studio K スタジオ2,current,100,,http://kobayashi-yk.com/html/studio-k/itemlist1.html,http://kobayashi-yk.com/html/studio-k/access.html,http://kobayashi-yk.com/html/studio-k/itemlist1.html,2026-07-31,verified_primary,,"運営者公式で客席後方に雛壇を組んだ約100席、区分別料金・音響照明費、音量制限、住所と高円寺駅徒歩5分、10か月先までの予約受付を確認。LaSensの110席は一次情報と一致しないため公式値100席を採用"
297,LASENS-571,listed,Studio twl,https://lasens.com/database/theater-571.html,東京都中野区新井3-16-7 B1,東京都,44,2025-03-04,2026-07-31,https://www.studiotwl.com/,中野Studio twl,current,,,https://www.studiotwl.com/2,https://www.studiotwl.com/access2,https://www.studiotwl.com/2,2026-07-31,verified_primary,,施設公式で開館継続・ホールレンタル案内・区分別料金・申込とキャンセル条件・住所・中野駅徒歩15分と沼袋駅徒歩7分を確認。LaSensの44席は一次情報で確認できず未採用
298,LASENS-1986,listed,STUDIO ZAP,https://lasens.com/database/theater-1986.html,東京都新宿区市谷台町4-2 大鷹ビルB1F,東京都,51,2020-10-07,2026-07-31,https://studio-zap.jimdofree.com/,STUDIO ZAP!,current,51,,https://studio-zap.jimdofree.com/%E6%96%99%E9%87%91-%EF%BD%B7%EF%BD%AC%EF%BE%9D%EF%BE%8D%EF%BE%9F%EF%BD%B0%EF%BE%9D/,https://studio-zap.jimdofree.com/map-%EF%BD%B1%EF%BD%B8%EF%BD%BE%EF%BD%BD/,https://studio-zap.jimdofree.com/%E5%88%A9%E7%94%A8%E8%A6%8F%E7%B4%84/,2026-07-31,verified_primary,,施設公式で補助席を含む51席・舞台寸法・区分別料金・曙橋駅からの経路・利用規約とキャンセル条件・予約受付を確認
299,LASENS-507,marked_closed,STUDIO・TAKATAKABOON!,https://lasens.com/database/theater-507.html,東京都北区田端3丁目7-10 シノハラステージングBLD．,東京都,50,2020-06-23,2026-07-31,,,,,,,,,2026-07-31,blocked,,LaSensに掲載された旧公式候補home.interlink.or.jp/~staging/studio/takatakaboon!.htmlは404で本文へ到達できず、運営者公式の閉館告知も確認できなかった。LaSensの閉館表示と50席は公式欄へ転記していない
300,LASENS-4012,listed,studio杭,https://lasens.com/database/theater-4012.html,東京都足立区梅田7丁目30－10 1階,東京都,,2025-03-11,2026-07-31,https://studio-kui.tokyo/,studio杭,current,,,,https://studio-kui.tokyo/,,2026-07-31,primary_partial,,施設公式で2026年のお知らせ更新・イベント利用可能なレンタルスペース・住所・梅島駅徒歩3分を確認したが、動的なレンタル詳細ページから客席・面積・料金・利用条件の公開値を確認できず空欄
301,LASENS-3801,listed,Studio青猫,https://lasens.com/database/theater-3801.html,東京都小金井市前原3丁目40-20,東京都,80,2023-12-06,2026-07-31,http://www.aoneko.tokyo/,studio 青猫,unknown,,,,http://www.aoneko.tokyo/access,,2026-07-31,primary_partial,,施設公式サイトと住所・武蔵小金井駅徒歩5分を確認したが、公式投稿は2024年までで現行運営を確定できず、旧利用案内/infoも404。LaSensの80席・料金・面積は一次情報で確認できないため未採用
302,LASENS-514,listed,TACCS1179,https://lasens.com/database/theater-514.html,東京都新宿区上落合1-17-9,東京都,100,2020-06-24,2026-07-31,https://haikyo.co.jp/free_space/,TACCS1179,current,,140,https://haikyo.co.jp/free_space/charge.html,https://haikyo.co.jp/free_space/,https://haikyo.co.jp/free_space/rule.html,2026-07-31,verified_primary,,運営団体公式で2026年から2027年の公演・予約状況、約140平方メートルのフラット空間、区分別料金・設備、下落合駅徒歩2分、申込・利用制限・キャンセル条件を確認。LaSensの100席は一次情報で確認できず未採用
303,LASENS-4367,listed,TB STUDIO,https://lasens.com/database/theater-4367.html,東京都北区志茂１丁目１−９,東京都,50,2026-07-25,2026-07-31,https://theater-tb.studio.site/,TB STUDIO,current,,,,https://theater-tb.studio.site/,,2026-07-31,primary_partial,,施設公式で演劇公演可能なレンタルスタジオとしての現行案内、志茂駅徒歩3分・赤羽駅徒歩15分、照明音響設備を確認したが、客席・面積・料金・利用条件の公開値を取得できず空欄
304,LASENS-521,listed,THEATER BRATS（シアターブラッツ）,https://lasens.com/database/theater-521.html,東京都新宿区新宿1-34-16 清水ビルB1,東京都,130,2021-06-22,2026-07-31,https://theaterbrats.com/,THEATER BRATS,current,80,,https://theaterbrats.com/info/,https://theaterbrats.com/map/,https://theaterbrats.com/info/,2026-07-31,verified_primary,,新運営者公式で2026年リニューアル後の固定71席と通路可動9席、舞台寸法・設備、日別料金・予約・キャンセル条件、住所と新宿御苑前駅徒歩3分等を確認。旧LaSensの130席は現行一次情報と一致しないため不採用
305,LASENS-3476,listed,Theater MIXA（シアターミクサ）,https://lasens.com/database/theater-3476.html,東京都豊島区東池袋1-14-3 Mixalive TOKYO 6F,東京都,301,2022-01-31,2026-07-31,https://www.mixalivetokyo.com/,Theater Mixa,closed,301,,,https://www.mixalivetokyo.com/,https://theater.mixalivetokyo.com/about/,2026-07-31,verified_primary,,施設公式でMixalive TOKYOが2026年1月18日に閉館したこと、旧Theater Mixa公式案内で301席（1階219席・2階82席）と6・7階の劇場であったことを確認。貸館料金の公開一次情報は確認できず空欄
306,LASENS-703,marked_closed,Theater Option,https://lasens.com/database/theater-703.html,東京都新宿弁天町177 エクセル早稲田地下1階,東京都,40,2020-06-23,2026-07-31,,,,,,,,,2026-07-31,official_not_found,,施設名・住所・表記揺れと運営者候補を探索したが、施設または運営者による現行案内・閉館告知を特定できず。LaSensの閉館表示と40席、第三者の会場列挙を公式欄へ転記していない
307,LASENS-1988,listed,THEATER Rose Sélavy,https://lasens.com/database/theater-1988.html,東京都新宿区新宿1-28-9 新宿高山ビルB1F,東京都,,2020-09-01,2026-07-31,https://www.rrose-selavy.net/theaterrroseselavy.html,THEATER Rrose Sélavy,closed,,,,,,2026-07-31,verified_primary,,運営者公式で2012年から新宿御苑のイベントスペースを運営し、物理会場での最終公演記録が2020年2月、同年に表現の場をオンラインへ移行すると決定したことを確認。客席・面積・貸館料金・利用条件の公開一次情報は確認できず空欄
308,LASENS-541,listed,Theater SHINE,https://lasens.com/database/theater-541.html,東京都杉並区阿佐ヶ谷南1-15-15,東京都,80,2021-02-16,2026-07-31,https://www.theatershine.com/,シアターシャイン,current,80,,https://www.theatershine.com/charge.html,https://www.theatershine.com/access.html,https://www.theatershine.com/application.html,2026-07-31,verified_primary,,施設公式で2026年の公演予定、約80名（椅子席60名）、舞台天井高5メートル・付帯設備、通常・パック料金、南阿佐ヶ谷駅徒歩2分、申込金・支払条件を確認
309,LASENS-2006,listed,Theater新宿スターフィールド,https://lasens.com/database/theater-2006.html,東京都新宿区新宿2-13-6 光亜ビル B1F,東京都,100,2020-09-01,2026-07-31,,,,,,,,,2026-07-31,blocked,,LaSens掲載の公式候補star-field.tokyoをHTTPS・HTTPとwww有無で確認したがDNS解決できず本文へ到達不能。第三者の2026年公演情報・60〜80席・料金は公式欄へ転記していない
310,LASENS-552,marked_closed,theatre iwato,https://lasens.com/database/theater-552.html,東京都新宿区岩戸町7番地,東京都,120,2020-06-24,2026-07-31,https://btt-tokyo.amebaownd.com/pages/4314542/page_202010141958,シアターイワト,closed,,,,,,2026-07-31,verified_primary,,運営者・劇団黒テント公式の沿革で2005年に神楽坂へ開設し、2012年に老朽化で閉場して江戸川橋へ移転したことを確認。LaSensの120席は一次情報で確認できず未採用
311,LASENS-666,marked_closed,Vacant,https://lasens.com/database/theater-666.html,東京都渋谷区神宮前3-20-13,東京都,,2020-06-24,2026-07-31,https://www.vacant.vc/page/works/vacantharajuku,VACANT/Harajuku,closed,,,,,,2026-07-31,verified_primary,,運営者公式のプロジェクト記録で原宿の旧スペースが2009〜2019年、2019年12月10〜28日がClosing Eventであることを確認。客席・面積・貸館料金・アクセス・利用条件の公開一次情報は確認できず空欄
312,LASENS-578,marked_closed,VIEPLANシアター,https://lasens.com/database/theater-578.html,東京都新宿区新宿2-8-1 セブンビルB1,東京都,142,2020-09-09,2026-07-31,,,,,,,,,2026-07-31,official_not_found,,施設名・住所・表記揺れと運営者候補を探索したが、施設または運営者による現行案内・閉館告知を特定できず。LaSensの2003年2月閉館表示と142席、旧設備情報を公式欄へ転記していない
313,LASENS-661,marked_closed,WAREHOUSE702,https://lasens.com/database/theater-661.html,東京都港区麻布十番1－4－5 深尾ビルB1F,東京都,150,2020-06-24,2026-07-31,https://warehouse702.com/,WAREHOUSE702,unknown,,,,,,2026-07-31,primary_partial,,"旧公式候補ドメインでWAREHOUSE702 OFFICIAL WEBの2011年カレンダー・麻布十番のレンタルスペース案内を確認したが、現サイトは過去コンテンツの再掲で現行運営または閉店告知を確認できない。LaSensの閉館表示と150席、第三者の2013年閉店情報は公式欄へ転記していない"
314,LASENS-698,listed,WATERRAS COMMONホール,https://lasens.com/database/theater-698.html,東京都神田淡路町2-101 ワテラスタワー3F,東京都,162,2020-10-05,2026-07-31,https://www.waterras.com/common/hall.html,WATERRAS COMMON ホール,current,160,163,https://www.waterras.com/common/hall.html,https://www.waterras.com/common/access.html,https://www.yasuda-re.co.jp/conference/waterras/termsofuse.pdf,2026-07-31,verified_primary,,"施設公式でシアター形式160席程度・163平方メートル、2026年6月改訂規約で1時間28,600円・1日330,000円、利用制限と申込条件、新御茶ノ水駅徒歩約2分等を確認。LaSensの162席は転記していない"
315,LASENS-602,marked_closed,Za Hall,https://lasens.com/database/theater-602.html,東京都渋谷区宇田川町19-5 山手教会B1F(元ジャンジャン跡),東京都,100,2020-09-09,2026-07-31,https://www.tokyoyamate.com/pages/4068974/annai,,unknown,,,,,,2026-07-31,primary_partial,,"同住所の日本基督教団東京山手教会公式で現会堂と2〜4階の施設案内を確認したが、Za Hall・地下施設・閉館または転用の記載を確認できず関係を確定できない。LaSensの閉館表示と100席は公式欄へ転記していない"
316,LASENS-298,marked_closed,アートグラウンドエウロス,https://lasens.com/database/theater-298.html,東京都中野区東中野3-8-5 B1,東京都,60,2020-09-09,2026-07-31,,,,,,,,,2026-07-31,official_not_found,,"施設名・住所・表記揺れ・過去公演と運営者候補を探索したが、施設または運営者による現行案内・閉館告知を特定できず。LaSensの閉館表示と60席、過去公演サイトの会場記録は公式欄へ転記していない"
317,LASENS-353,marked_closed,アートシアターかもめ座,https://lasens.com/database/theater-353.html,東京都杉並区阿佐谷南3-5-2 牧野ビルB1,東京都,100,2020-06-24,2026-07-31,https://www.seikatubunka.metro.tokyo.lg.jp/bunka/bunka_seisaku/houshin_torikumi/files/0000000823/hall.pdf,ART THEATER かもめ座,unknown,,,,,,2026-07-31,primary_partial,,"東京都公式文化施設一覧で同住所・連絡先・旧公式URLと100人未満区分を確認したが、施設公式候補kamomeza.comはDNS解決不能で、運営者による閉館告知を確認できない。LaSensの閉館表示と100席、第三者の閉館表記は公式欄へ転記していない"
318,LASENS-252,listed,アートシアター上野小劇場,https://lasens.com/database/theater-252.html,東京都台東区東上野2-11-1 桂昇東上野ビルB1F,東京都,50,2020-10-20,2026-07-31,https://em-studio.net/ueno/,アートシアター上野小劇場,current,40,,https://em-studio.net/ueno/basic.html,https://em-studio.net/ueno/,https://em-studio.net/ueno/kitei.pdf,2026-07-31,verified_primary,,"施設公式で2026年の利用予定、同住所、2025年4月改定料金、最低3日利用等を確認。公式図面は椅子40席（最前列を桟敷にする場合は座布団約10枚）と記載しており、LaSensの50席は転記していない"
319,LASENS-251,listed,アートスタジオ(明治大学駿河台校舎11号館2F),https://lasens.com/database/theater-251.html,東京都千代田区神田駿河台1-1,東京都,,2020-09-09,2026-07-31,https://www.meiji.ac.jp/koho/meidaikouhou/20101101/p03_07.html,明治大学 アートスタジオ,closed,,,,,,2026-07-31,verified_primary,,"明治大学公式で駿河台11号館入居施設が2010年に猿楽町校舎へ移転し11号館跡地へ新棟を建設したことを確認。大学公式の現行サークルガイドと自己点検資料ではアートスタジオを猿楽町校舎の施設として確認したため、索引記載の旧11号館2階施設はclosedとした。学外一般貸館条件は確認できず"
320,LASENS-684,listed,アートスペースあさくさ劇亭,https://lasens.com/database/theater-684.html,東京都台東区西浅草2-8-2,東京都,40,2020-09-30,2026-07-31,https://asakusa-gekitei.jimdosite.com/,あさくさ劇亭,current,,,https://asakusa-gekitei.jimdosite.com/%E5%8A%87%E5%A0%B4%E5%88%A9%E7%94%A8%E6%A1%88%E5%86%85/,https://asakusa-gekitei.jimdosite.com/%E5%9C%B0%E5%9B%B3%E3%83%BB%E5%88%A9%E7%94%A8%E7%8A%B6%E6%B3%81/,https://asakusa-gekitei.jimdosite.com/%E5%8A%87%E5%A0%B4%E5%88%A9%E7%94%A8%E6%A1%88%E5%86%85/,2026-07-31,verified_primary,,"施設公式で2026年公演、現住所、劇場利用案内と料金・利用条件を確認。椅子25脚・折りたたみ椅子10脚・ローチェア8脚と座布団20枚は備品数であり最大定員とは明記されないため、公式収容数は空欄としLaSensの40席も転記していない"
321,LASENS-512,marked_closed,アートスペースサンライズホール,https://lasens.com/database/theater-512.html,東京都豊島区南池袋4-19-6 日の出ビルB1,東京都,112,2020-12-13,2026-07-31,https://www.city.toshima.lg.jp/documents/2608/guruttotoshima2025.pdf,アートスペースサンライズホール,current,112,,,,,2026-07-31,verified_primary,,豊島区公式の2025観光ガイドが劇場・ホールとして同名・同住所・電話を現行掲載し、区公式の文化施策資料で112席を確認。旧施設公式Geocitiesは終了案内へ転送されるため料金・利用条件は空欄。LaSensの閉館表示は採用していない
322,LASENS-450,listed,アートスペースプロット,https://lasens.com/database/theater-450.html,東京都杉並区阿佐ヶ谷南1-9-10,東京都,60,2021-07-20,2026-07-31,https://artspace-plot.jp/,阿佐ヶ谷アートスペースプロット,current,60,,https://artspace-plot.jp/base1.html,https://artspace-plot.jp/base.html,https://artspace-plot.jp/base1.html,2026-07-31,verified_primary,,施設公式で2026年の空き状況、客席60可、舞台・設備、阿佐ヶ谷駅徒歩7分・南阿佐ヶ谷駅徒歩3分、曜日別料金とキャンセル・原状回復条件を確認
323,LASENS-247,marked_closed,アートボックスホール,https://lasens.com/database/theater-247.html,東京都新宿区西早稲田3-27-4,東京都,100,2020-06-24,2026-07-31,https://motion-gallery.net/projects/rabinest,高田馬場ラビネスト,renamed,,,,,,2026-07-31,verified_primary,,現施設運営者RABINESTによる公式支援プロジェクトで、アートボックスホールが2009年に閉館し同じ場所で2010年1月に高田馬場ラビネストとして再出発したことを確認。旧施設の座席数・料金等は公式一次情報で確認できず空欄
324,LASENS-253,marked_closed,アールヴィゴ,https://lasens.com/database/theater-253.html,東京都杉並区成田東5-17-17 武蔵野ビルB1,東京都,60,2020-09-09,2026-07-31,,,,,,,,,2026-07-31,official_not_found,,施設名・住所・表記揺れ・過去公演と運営者候補を探索したが、施設または運営者による現行案内・閉館告知を特定できず。LaSensの閉館表示と60席、設備情報は公式欄へ転記していない
325,LASENS-226,marked_closed,アイピット目白,https://lasens.com/database/theater-226.html,東京都新宿区下落合3-20-11,東京都,170,2020-06-23,2026-07-31,,,,,,,,,2026-07-31,official_not_found,,施設名・住所・表記揺れ・旧公式候補aye-pit.comと運営者候補を探索したが、旧ドメインはDNS解決不能で施設または運営者による閉館告知を特定できず。LaSensの閉館表示と170席、第三者の過去公演記録は公式欄へ転記していない
326,LASENS-254,marked_closed,アサヒアートスクエア,https://lasens.com/database/theater-254.html,東京都墨田区吾妻橋1-23-1 アサヒスーパードライホール4F,東京都,200,2020-09-09,2026-07-31,https://www.asahiartsquare.org/ja/notice/,アサヒ・アートスクエア,closed,,,,,,2026-07-31,verified_primary,,アサヒビール公式の閉館告知で施設老朽化により2016年3月末に事業運営を終了・閉館したことと同住所を確認。LaSensの200席は一次情報で確認できず未採用
327,LASENS-256,marked_closed,アスピアホール,https://lasens.com/database/theater-256.html,東京都渋谷区幡ヶ谷2-14-3,東京都,100,2021-05-21,2026-07-31,https://www.velatec.co.jp/,,unknown,,,,,,2026-07-31,primary_partial,,LaSens掲載の旧公式候補と同一ドメインで運営会社ベラテック販売の現行公式サイトを確認したが、旧アスピア案内ページは404で閉館告知を確認できない。LaSensの2021年3月31日閉館表示と100席、第三者ブログの閉館記載は公式欄へ転記していない
328,LASENS-263,marked_closed,アトリエ・フォンテーヌ,https://lasens.com/database/theater-263.html,東京都港区六本木5-13-13,東京都,120,2020-06-23,2026-07-31,https://www.allstaff.co.jp/as/index-2.html,アトリエフォンテーヌ,closed,,,,,,2026-07-31,verified_primary,,運営会社オールスタッフ公式で2012年の「歌のことづて」が35年の歴史に幕を下ろしたファイナル公演であることと、会社沿革で2012年に六本木フォンテーヌビルから移転したことを確認。LaSensの120席は一次情報で確認できず未採用
329,LASENS-258,listed,アトリエだるま座,https://lasens.com/database/theater-258.html,東京都杉並区荻窪5-10-22 美好屋ビルB1F,東京都,40,2020-09-08,2026-07-31,https://x.com/daruma_kikaku,アトリエだるま座,current,,,,,,2026-07-31,primary_partial,,劇団だるま座公式Xが2026年4月から6月の30周年公演を荻窪・アトリエだるま座で案内しているため現行利用を確認。公式サイトdaruma-za.netはタイムアウトし貸館料金・客席・面積・利用条件を確認できず、LaSensの40席は転記していない
330,LASENS-702,listed,アトリエファンファーレ高円寺,https://lasens.com/database/theater-702.html,東京都東京都杉並区高円寺南4-44-6 ユンズビルB1F,東京都,90,2020-10-12,2026-07-31,https://atelier-fanfare.jp/koenji/,アトリエファンファーレ高円寺,current,90,,https://atelier-fanfare.jp/koenji/price/,https://atelier-fanfare.jp/koenji/access/,https://atelier-fanfare.jp/koenji/pdf/kiyaku.pdf,2026-07-31,verified_primary,,施設公式で90名・基本利用10時から22時・平日60000円・休日70000円、JR高円寺駅徒歩1分、2025年改訂使用規約を確認。客席構成により人数は前後する
331,LASENS-2000,listed,アトリエファンファーレ東新宿,https://lasens.com/database/theater-2000.html,東京都新宿区大久保1-3-15 アクロス東新宿B1F,東京都,90,2021-01-04,2026-07-31,https://atelier-fanfare.jp/higashishinjuku/,アトリエファンファーレ東新宿,current,90,,https://atelier-fanfare.jp/higashishinjuku/price/,https://atelier-fanfare.jp/higashishinjuku/access/,https://atelier-fanfare.jp/higashishinjuku/pdf/kiyaku.pdf,2026-07-31,verified_primary,,施設公式で90名・基本利用10時から22時・平日60000円・休日70000円、東京メトロ東新宿駅から30秒、2025年改訂使用規約を確認。客席構成により人数は前後する
332,LASENS-1810,listed,アトリエファンファーレ東池袋,https://lasens.com/database/theater-1810.html,東京都豊島区南池袋4-19-6 日ノ出ビルB1,東京都,118,2021-02-09,2026-07-31,https://atelier-fanfare.jp/higashiikebukuro/,アトリエファンファーレ東池袋,current,118,,https://atelier-fanfare.jp/higashiikebukuro/,https://atelier-fanfare.jp/higashiikebukuro/,https://atelier-fanfare.jp/wp/wp-content/uploads/2026/01/2d421eca4e6a3ed3459f848888d11ef6.pdf,2026-07-31,verified_primary,,施設公式で客席80〜118名・基本利用10時から22時・3日間250000円から7日間360000円、東池袋駅徒歩1分、現行使用規約を確認。official_capacityは公式レンジの最大値118を記録
333,LASENS-259,listed,アトリエヘリコプター,https://lasens.com/database/theater-259.html,東京都品川区東五反田2-21-17,東京都,,2020-11-30,2026-07-31,https://gotanndadan.wixsite.com/atelier-helicopter,アトリエヘリコプター,current,,,https://gotanndadan.wixsite.com/atelier-helicopter/blank-5,https://gotanndadan.wixsite.com/atelier-helicopter/blank-4,https://gotanndadan.wixsite.com/atelier-helicopter/blank-7,2026-07-31,primary_partial,,五反田団の施設公式で元工場を改装した稽古場として現行貸出を確認。現在は稽古場利用のみで公演会場としての一般貸出は行わないと明記。料金・広さ等の個別ページは取得できず数値は空欄
334,LASENS-4099,listed,アトリエ三軒茶屋,https://lasens.com/database/theater-4099.html,東京都世田谷区三軒茶屋1丁目39 メゾンデスタチュ地下1階,東京都,28,2025-12-08,2026-07-31,https://atelier-3c.jp/,アトリエ三軒茶屋,current,24,,https://atelier-3c.jp/,https://atelier-3c.jp/,https://atelier-3c.jp/,2026-07-31,verified_primary,,施設公式で2026年3月公開、客席約24席、客入れイベント5500円毎時・稽古3300円毎時、三軒茶屋駅徒歩1分、予約・支払方法を確認。公式住所は三軒茶屋1-39-5地下1階で、LaSensの28席は転記していない
335,LASENS-1888,listed,アトリエ第Q藝術 （１Ｆホール）,https://lasens.com/database/theater-1888.html,東京都世田谷区成城2-38-16,東京都,60,2021-06-22,2026-07-31,https://www.seijoatelierq.com/,アトリエ第Q藝術 1Fホール,closed,,,https://www.seijoatelierq.com/blank,https://www.seijoatelierq.com/hall,https://www.seijoatelierq.com/blank,2026-07-31,verified_primary,,施設公式が2025年6月8日閉館を明記。旧1Fホールは8.9m×5.2m・天井高3.4m、2022年適用料金と利用条件、成城学園前駅徒歩3分を確認したが、公式の収容定員は確認できずLaSensの60席は転記していない
336,LASENS-705,marked_closed,アトリエ第七秘密基地,https://lasens.com/database/theater-705.html,東京都豊島区高松1-2-4 ベリオビル B1,東京都,50,2020-06-23,2026-07-31,,,,,,,,,2026-07-31,official_not_found,,施設名・住所・旧公式候補ibsenkai.comを探索したが現行ページまたは運営者による閉館告知を確認できず。LaSensの閉館表示と50席、第三者の2018年12月閉館記載は公式欄へ転記していない
337,LASENS-260,marked_closed,アトリエ無現,https://lasens.com/database/theater-260.html,東京都世田谷区野沢2-26-22 川又ビルB1F,東京都,60,2020-06-24,2026-07-31,https://labo-mugen.seesaa.net/,アトリエ無現,unknown,,,,https://labo-mugen.up.seesaa.net/HTML/map.htm,,2026-07-31,primary_partial,,運営団体の公式ブログと公式地図で世田谷区野沢の施設を確認したが更新は2019年で停止。現行利用情報または公式の閉館告知は確認できず、LaSensの閉館表示と60席は公式欄へ転記していない
338,LASENS-224,marked_closed,アドリブ小劇場,https://lasens.com/database/theater-224.html,東京都台東区蔵前1-5-8 小林屋ビル1階,東京都,140,2020-06-23,2026-07-31,,,,,,,,,2026-07-31,blocked,,旧公式候補moments.jpは2026年現在THEATRE MOMENTSのメンテナンス表示のみで施設情報を確認できない。運営者による閉館告知も確認できず、LaSensの閉館表示と140席は公式欄へ転記していない
339,LASENS-243,listed,アルシェ,https://lasens.com/database/theater-243.html,東京都杉並区阿佐ヶ谷南1-36-15 レオビルB1,東京都,120,2020-07-17,2026-07-31,https://www.asagaya-arche.com/,阿佐ヶ谷アルシェ,current,,,,https://www.asagaya-arche.com/,,2026-07-31,primary_partial,,施設公式で小劇場・貸スタジオとして現行案内とJR阿佐ヶ谷駅徒歩3分を確認。公開取得できる本文から客席・料金・利用条件を確認できず、LaSensの120席は公式欄へ転記していない
340,LASENS-245,marked_closed,アルスノーバ,https://lasens.com/database/theater-245.html,東京都杉並区阿佐ヶ谷南3-37-9,東京都,60,2020-09-09,2026-07-31,,,,,,,,,2026-07-31,official_not_found,,施設名・住所・表記揺れを探索したが劇場または運営団体の公式サイト・公式閉館告知を確認できず。LaSensの閉館表示と60席は公式欄へ転記していない
341,LASENS-440,marked_closed,アルテ・パティオ,https://lasens.com/database/theater-440.html,東京都杉並区梅里2-40-19 ワールドビルB1,東京都,60,2020-09-09,2026-07-31,,,,,,,,,2026-07-31,official_not_found,,施設名・住所と後継候補の小劇場ひつじ座を探索したが、運営者による閉館・改装・継承関係の公式情報を確認できず。LaSensの閉館表示と60席は公式欄へ転記していない
342,LASENS-1994,listed,アルネ543,https://lasens.com/database/theater-1994.html,東京都練馬区貫井3-5-6 ドンズビルB1F,東京都,,2020-09-15,2026-07-31,https://arune543.wixsite.com/mysite-1,アルネ543,current,52,,https://arune543.wixsite.com/mysite-1/public,https://arune543.wixsite.com/mysite-1/contact,https://arune543.wixsite.com/mysite-1/public,2026-07-31,verified_primary,,施設公式で2026年7月の公演予定、通常40席・増設52席、1日50000円、10時から22時、富士見台駅南口徒歩2分、禁止事項とキャンセル条件を確認。official_capacityは公式増設時の最大値52を記録
343,LASENS-242,listed,アレーナホール,https://lasens.com/database/theater-242.html,東京都世田谷区玉川3-17-1,東京都,252,2020-12-04,2026-07-31,https://www.takashimaya.co.jp/tamagawa/sc/s/arena/about/hall,アレーナホール,current,,381,https://www.takashimaya.co.jp/tamagawa/sc/arena/pdf/arenahall-charge.pdf,https://www.takashimaya.co.jp/tamagawa/sc/s/arena/access/,https://www.takashimaya.co.jp/tamagawa/sc/arena/pdf/arenahall-rulebook.pdf,2026-07-31,verified_primary,,玉川髙島屋S.C.公式でホール有効面積381㎡、全日385000円平日・638000円土日祝、二子玉川駅西口徒歩3〜4分、2026年4月現在の利用規約を確認。公式収容定員は確認できずLaSensの252席は転記していない
344,LASENS-576,marked_closed,ヴァンテホール,https://lasens.com/database/theater-576.html,東京都渋谷区千駄ヶ谷4-6-15,東京都,220,2020-09-09,2026-07-31,,,,,,,,,2026-07-31,official_not_found,,施設名・住所・旧称候補を探索したが劇場または運営者の公式サイト・公式閉館告知を確認できず。LaSensの閉館表示と220席は公式欄へ転記していない
345,LASENS-587,listed,ウエストエンドスタジオ,https://lasens.com/database/theater-587.html,東京都中野区新井5-1-1,東京都,120,2021-02-16,2026-07-31,https://studio-life.com/westend/,WESTEND STUDIO（ウエストエンドスタジオ）,current,,,https://studio-life.com/westend/guide.html,https://studio-life.com/westend/access.html,https://studio-life.com/westend/guide.html,2026-08-01,verified_primary,,施設公式で2026年公演・予約状況と現行貸出を確認。2025年12月改定料金は4日36万円から・平日1日6万円・時間外1時間6000円（各税別）。客席図と椅子100脚はあるが定員とは断定せずLaSensの120席を転記していない
346,LASENS-590,listed,ウッディーシアター中目黒,https://lasens.com/database/theater-590.html,東京都目黒区上目黒2-43-5 キャトルセゾンB1,東京都,108,2021-02-16,2026-07-31,https://www.woodytheatre.com/,ウッディシアター中目黒,current,90,,https://www.woodytheatre.com/riyou/syousai.html,https://www.woodytheatre.com/profile/,https://www.woodytheatre.com/riyou/syousai.html,2026-08-01,verified_primary,,施設公式で2026年12月までの予約案内・75〜90席・中目黒駅徒歩8分を確認。現行料金は平日99000円・土日祝121000円（税込）で4日以上から。LaSensの108席は転記していない
347,LASENS-2359,listed,エリア543,https://lasens.com/database/theater-2359.html,東京都杉並区井草5-5-25 西ビルB1F,東京都,30,2020-09-15,2026-07-31,https://area543j.wixsite.com/fyesuta543,エリア543,current,31,,,https://area543j.wixsite.com/fyesuta543/what-we-do,https://area543j.wixsite.com/fyesuta543/what-we-do,2026-08-01,primary_partial,,運営名義の公式企画ページで同住所・上井草駅北口徒歩1分・最大31席を確認し、主催者公式の2026年公演案内でも同会場利用を確認。一般貸館の現行料金・規約は確認できず旧企画の無料条件を料金欄へ流用していない
348,LASENS-1683,listed,オメガ東京,https://lasens.com/database/theater-1683.html,東京都杉並区上荻 2-4-12,東京都,96,2020-10-14,2026-07-31,https://omega-tk.com/,オメガ東京,current,96,,https://omega-tk.com/guide/,https://omega-tk.com/access/,https://omega-tk.com/kitei/,2026-08-01,verified_primary,,施設公式で客席レイアウト自由・最大96席程度、平日55000円・土日祝66000円（税込）、単発イベント料金、搬入口なし等の利用規定を確認
349,LASENS-1618,listed,オルタナティブシアター,https://lasens.com/database/theater-1618.html,東京都千代田区有楽町２丁目５番１号 有楽町マリオン（有楽町センタービル）別館 7F,東京都,400,2020-10-07,2026-07-31,https://imashow.jp/,I’M A SHOW（アイマショウ）,renamed,398,1098,,https://imashow.jp/access/,,2026-08-01,verified_primary,,旧運営者スタジオアルタ公式が2022年5月末のオルタナティブシアター運営終了を公表。現施設公式で同一住所・同一階・延床1098平方メートルのI’M A SHOWと398席を確認したため改称後施設として記録。現行の一般貸館料金・利用条件は公開確認できず旧料金PDFを流用していない
350,LASENS-220,marked_closed,カフェテアトロ2つの部屋,https://lasens.com/database/theater-220.html,東京都豊島区西池袋3-30-10 ライオンビル1F,東京都,80,2020-06-24,2026-07-31,https://adeac.jp/viewitem/toshima-history/viewer/viewer/koho19970725_1037/data/koho19970725_1037.pdf,カフェテアトロ2つの部屋,unknown,,,,,,2026-08-01,primary_partial,,豊島区公式アーカイブの1997年広報で同名施設の過去利用を確認したが、運営者公式サイト・公式閉館告知・現行状態は確認できず。LaSensの閉館表示と80席は公式欄へ転記していない
351,LASENS-352,listed,カメリアホール(江東区亀戸文化センター),https://lasens.com/database/theater-352.html,東京都江東区亀戸2-19-1 カメリアプラザ内,東京都,400,2021-09-14,2026-07-31,https://www.kcf.or.jp/kameido/shisetsu-bunka/ichiran/detail/?id=67,江東区亀戸文化センター カメリアホール,current,402,505.99,https://www.kcf.or.jp/kameido/shisetsu-bunka/ichiran/detail/?id=67,https://www.kcf.or.jp/kameido/access/,https://www.kcf.or.jp/kameido/shisetsu-bunka/use/,2026-08-01,verified_primary,,指定管理者公式で定員402人・面積505.99平方メートルを確認。2025年4月以降は平日12200〜30750円・土日休日14800〜37100円、利用1か月前までの打合せが必要。LaSensの400席は公式値に置換
352,LASENS-2357,listed,キーノートシアター,https://lasens.com/database/theater-2357.html,東京都荒川区西日暮里1-1-1 パレスいしかわ B1F,東京都,71,2021-06-22,2026-07-31,https://keynote-theater.tokyo/,キーノート・シアター,closed,65,,https://keynote-theater.tokyo/price/,https://keynote-theater.tokyo/access/,https://keynote-theater.tokyo/wp-content/uploads/2023/02/%E3%82%AD%E3%83%BC%E3%83%8E%E3%83%BC%E3%83%88%E3%82%B7%E3%82%A2%E3%82%BF%E3%83%BC0-00-04-%E6%96%99%E9%87%91%E3%81%8A%E3%82%88%E3%81%B3%E5%88%A9%E7%94%A8%E8%A6%8F%E7%B4%84.pdf,2026-08-01,verified_primary,,施設公式が2025年11月2日を最後に閉館・営業終了と明記。施設情報の椅子席65席を記録し、80席レイアウト例や予備椅子数は定員へ合算していない。料金・規約は閉館前の履歴値
353,LASENS-361,marked_closed,キッドアイラックアートホール,https://lasens.com/database/theater-361.html,東京都世田谷区松原2-43-11,東京都,50,2020-06-23,2026-07-31,https://blog.livedoor.jp/kidailack/archives/1905603.html,キッド・アイラック・アート・ホール,closed,,,,https://blog.livedoor.jp/kidailack/,,2026-08-01,verified_primary,,"施設公式ブログの閉業告知で2016年12月31日の閉業と明大前所在地を確認。公式ブログ掲載住所も松原2-43-11で一致。LaSensの50席は一次情報で再確認できず転記していない"
354,LASENS-363,marked_closed,キッドアイラックアートホール(改装前),https://lasens.com/database/theater-363.html,東京都世田谷区松原2-43-8,東京都,130,2020-09-09,2026-07-31,https://artplatform.go.jp/ja/galleries/G101389,キッド・アイラックホール,closed,,,,https://artplatform.go.jp/ja/galleries/G101389,,2026-08-01,verified_primary,,"文化庁アートプラットフォームジャパンのギャラリー情報で、松原2-43-8に1983～1998年所在し、1986～1998年はキッド・アイラックホール名、閉廊であることを確認。LaSensの130席は転記していない"
355,LASENS-631,listed,キンケロ・シアター,https://lasens.com/database/theater-631.html,東京都目黒区青葉台1丁目 15-11,東京都,133,2020-07-07,2026-07-31,https://kinkero-theater.com/,中目黒キンケロ・シアター,current,133,,https://kinkero-theater.com/guide/price2026-1.pdf,https://kinkero-theater.com/access/index.html,https://kinkero-theater.com/guide/terms2.pdf,2026-08-01,verified_primary,,"劇場公式で2027年7月までの予約受付、定員133席、使用料、キャンセル・利用時間・禁止事項、住所と中目黒駅徒歩8分を確認。料金表は仕込・稽古1日95,000円、本番1日185,000円（各税抜）"
356,LASENS-379,listed,くにたち市民芸術小ホール(1階：ホール),https://lasens.com/database/theater-379.html,東京都国立市富士見台2-48-1,東京都,336,2020-10-05,2026-07-31,https://kuzaidan.or.jp/hall/,FSXホール（くにたち市民芸術小ホール） ホール,current,336,362,https://kuzaidan.or.jp/hall/shisethu/,https://kuzaidan.or.jp/hall/access/,https://kuzaidan.or.jp/hall/shisethu/,2026-08-01,verified_primary,,"指定管理者公式で2026年の催事、1階ホール362㎡、プロセニアム336席、エンド270席等の可変構成、利用料金、抽選・申込・取消条件、所在地と交通を確認。最大席数はスラスト構成402席だがLaSens行に対応するプロセニアム336席を記録"
357,LASENS-368,marked_closed,コア石響,https://lasens.com/database/theater-368.html,東京都新宿区若葉1-22-16 ASTYビル地階,東京都,80,2020-06-24,2026-07-31,,,unknown,,,,,,2026-08-01,official_not_found,,"施設名・住所・運営者名を手掛かりに公式サイト、公式閉館告知、自治体資料を探索したが一次情報を特定できなかった。過去公演記録や個人ブログ、LaSensの閉館表示と80席は公式欄へ転記していない"
358,LASENS-277,listed,コール田無 多目的ホール,https://lasens.com/database/theater-277.html,東京都西東京市田無町三丁目7番2号,東京都,182,2020-12-24,2026-07-31,https://www.city.nishitokyo.lg.jp/sisetu/hall/call.html,J:COMコール田無 多目的ホール,current,182,,https://www.city.nishitokyo.lg.jp/sisetu/hall/call.html,https://www.city.nishitokyo.lg.jp/sisetu/hall/call.html,https://www.city.nishitokyo.lg.jp/sisetu/hall/call.html,2026-08-01,verified_primary,,"西東京市公式で定員182席（電動移動席165・車椅子対応臨時席17）、客席179㎡・舞台51㎡、平日全日22,100円・土休日28,500円、市外加算・入場料加算、申込期限、田無駅徒歩約7分を確認。2026年12月から2027年8月頃まで一部休館予定"
359,LASENS-1992,listed,こった創作空間,https://lasens.com/database/theater-1992.html,東京都新宿区新宿2-6-8 小沢ビルB1,東京都,40,2020-09-01,2026-07-31,https://cotta.exblog.jp/,こった創作空間,unknown,40,,,,https://cotta.exblog.jp/27271468/,2026-08-01,primary_partial,,"運営者公式ブログで舞台間口2間2尺・奥行2間1尺、パイプ椅子30脚＋ベンチ約10人、演劇・ダンス等への貸出を確認。公式ブログの最終更新は2020年で、2026年の現行運営、料金、住所・アクセスの一次情報は確認できず"
360,LASENS-1779,marked_closed,コフレリオ新宿シアター,https://lasens.com/database/theater-1779.html,東京都新宿区歌舞伎町2-15-3 新宿KSビル B1,東京都,114,2026-04-27,2026-07-31,https://mist-theater.com/,Asagiri Mist Theater（旧・コフレリオ新宿シアター）,renamed,110,,https://mist-theater.com/price/,https://mist-theater.com/access/,https://mist-theater.com/rental/,2026-08-01,verified_primary,,"現運営者公式で2026年4月1日にAsagiri Mist Theaterへ改称・開業、最大110席、料金、予約金・舞台監督配置・禁止事項、東新宿駅徒歩3分を確認。公式は新宿KSビル1F表記でLaSens旧行のB1表記と異なるため原文を保持。現行施設LASENS-4335と同一"
361,LASENS-375,listed,こまばアゴラ劇場,https://lasens.com/database/theater-375.html,東京都目黒区駒場1-11-13,東京都,145,2020-09-24,2026-07-31,https://www.seinendan.org/play/2023/12/8305,こまばアゴラ劇場,closed,60,,,https://www.seinendan.org/play/2023/12/8305,,2026-08-01,verified_primary,,青年団公式が2024年5月末の閉館と40年間の営業終了を明記。運営者公式の感染対策チェックリストにある収容定員60人を記録しLaSensの145席は転記していない。旧貸館料金・利用条件は現行比較へ流用していない
362,LASENS-605,listed,ザ・スズナリ,https://lasens.com/database/theater-605.html,東京都世田谷区北沢1-45-15,東京都,230,2020-06-24,2026-07-31,https://www.honda-geki.com/suzunari/,ザ・スズナリ,current,,,https://r.goope.jp/the-suzunari/free/data,https://www.honda-geki.com/access/,https://r.goope.jp/the-suzunari/free/data,2026-08-01,verified_primary,,本多劇場グループ公式で2026年10月までの公演予定と所在地を確認。劇場公式の使用料は平日仕込70000円・1公演85000円・2公演106250円で土日祝は75000円・105000円・131250円の税別。公式資料に客席定員の数値を確認できないためLaSensの230席は転記していない
363,LASENS-650,listed,ザ☆キッチンNAKANO,https://lasens.com/database/theater-650.html,東京都中野区弥生町5-20-1 弥生町ユニオンビル,東京都,70,2020-09-02,2026-07-31,https://ameblo.jp/ikesun/,ザ✩キッチンNAKANO,unknown,,,,,,2026-08-01,primary_partial,,運営者を名乗るStudioVAD公式ブログで6階のショースペース名と貸出案内を確認したが公式ブログの公開・更新情報は2015年まででリンク先旧公式ドメインも現行確認できない。2026年の現行・閉館と客席・料金を確定せずLaSensの70席も転記していない
364,LASENS-465,listed,サイスタジオ小茂根・Aスタジオ,https://lasens.com/database/theater-465.html,東京都板橋区小茂根1-9-5,東京都,,2020-09-16,2026-07-31,https://saistudio.net/komone-a.html,SAiSTUDIOコモネA,current,,223,https://saistudio.net/komone-a.html,https://saistudio.net/komone-a.html,https://saistudio.net/komone-a.html,2026-08-01,verified_primary,,運営会社公式で予約受付・スタジオ面積223平方メートル・小竹向原駅徒歩3分・用途と設備・2026年4月改定料金を確認。公演イベント利用は平日85800円・土日祭日110000円で公共料金別途・10時から21時
365,LASENS-466,marked_closed,サイスタジオ大山・第一スタジオ,https://lasens.com/database/theater-466.html,東京都板橋区大山東町19-1,東京都,,2020-09-09,2026-07-31,https://saistudio.net/,SAiSTUDIO大山第1,unknown,,,,https://saistudio.net/access.html,,2026-08-01,primary_partial,,運営会社公式の現行スタジオ一覧は同住所の大山ZERO・第2・第3を掲載する一方で大山第1を掲載せず旧個別URLも404。現行の大山ZEROは1階111.7平方メートルで旧第一スタジオとの同一性を確認できないため閉館・改称を断定せずLaSensの閉館表示も転記していない
366,LASENS-3367,listed,ささや ギャラリー,https://lasens.com/database/theater-3367.html,東京都墨田区横川1-1-10,東京都,,2021-09-14,2026-07-31,https://gallery.sasayacafe.com/,すみだパークギャラリーささや,current,,242,,https://gallery.sasayacafe.com/,,2026-08-01,verified_primary,,施設公式と併設カフェ公式で現行ギャラリー・所在地・アクセス・展示イベント用途・22メートル×11メートル・高さ4.9メートル・可動壁7台を確認。面積242平方メートルは公式寸法からの単純計算。公開料金・利用条件は確認できず空欄
367,LASENS-603,listed,ザムザ阿佐谷,https://lasens.com/database/theater-603.html,東京都杉並区阿佐ヶ谷北2-12-2 ラピュタビルB1,東京都,129,2020-06-24,2026-07-31,https://www.laputa-jp.com/zamza/siyou.html,ザムザ阿佐谷,current,129,,https://www.laputa-jp.com/zamza/siyou.html,https://www.laputa-jp.com/zamza/siyou.html,https://www.laputa-jp.com/zamza/siyou.html,2026-08-01,verified_primary,,運営会社公式で2026年の割引・予約受付と利用条件を確認。公式平面図の客席作例最大129席を記録。基本使用料は平日仕込50000円・1公演80000円・2公演100000円で土日祝は70000円・100000円・120000円の税別。公式住所は阿佐谷北2-12-21でLaSens行の2-12-2と相違
368,LASENS-3342,listed,サンガイノリバティ,https://lasens.com/database/theater-3342.html,東京都世田谷区北沢2-10-10 イサミヤ駅前ビル3F,東京都,40,2023-06-24,2026-07-31,https://sangainoliberty.amebaownd.com/,サンガイノリバテイ,current,40,,https://sangainoliberty.amebaownd.com/,https://sangainoliberty.amebaownd.com/,https://sangainoliberty.amebaownd.com/pages/7067239/shop,2026-08-01,verified_primary,,運営会社公式で2026年の現行サイト・最大40席・下北沢駅東口徒歩30秒・料金・申込・キャンセル・使用上の注意を確認。1日10時から22時55000円・半日39000円で照明音響機材込み税込。公式表記はサンガイノリバテイ
369,LASENS-509,listed,サンモールスタジオ,https://lasens.com/database/theater-509.html,東京都新宿区新宿1-19-10 サンモール第3M8F,東京都,105,2020-10-19,2026-07-31,http://www.sun-mallstudio.com/,サンモールスタジオ,current,110,,http://www.sun-mallstudio.com/riyou.htm,http://www.sun-mallstudio.com/access.htm,http://www.sun-mallstudio.com/PDF/kiyaku4.pdf,2026-08-01,verified_primary,,公式TOPは2026年7月20日更新で2027年利用受付と2026年空き状況を掲載。公式資料は約110名。LaSensの105は転記せず。料金・規約は現行公開だが料金ページに古い年度表記も混在するため利用時は再確認が必要。
370,LASENS-3535,listed,シアター・アルファ東京,https://lasens.com/database/theater-3535.html,東京都渋谷区東3-24-7,東京都,201,2023-02-20,2026-07-31,https://www.alpha-tk.com/,シアター・アルファ東京,current,201,,https://www.alpha-tk.com/%E5%88%A9%E7%94%A8%E6%A1%88%E5%86%85,https://www.alpha-tk.com/%E3%82%A2%E3%82%AF%E3%82%BB%E3%82%B9,https://www.alpha-tk.com/_files/ugd/aa1078_8ffbf8dd32cd4585bed6667da1b5d98b.pdf,2026-08-01,verified_primary,,公式利用案内に201席・料金・原則7日以上・審査条件を掲載。公式アクセスは恵比寿駅徒歩3分。現行利用規約PDFも確認した。
371,LASENS-526,marked_closed,シアター・グリーン(改築前),https://lasens.com/database/theater-526.html,東京都豊島区南池袋2-20-4,東京都,130,2020-06-24,2026-07-31,https://theater-green.com/theater/,シアターグリーン,closed,,,,https://theater-green.com/theater/,,2026-08-01,verified_primary,,公式沿革で1968年開場・1972年改名・2005年に建物全体を建て替え3劇場の現行コンプレックスへ移行と確認。改築前の単館行は終了扱い。旧130席は公式確認できず転記していない。
372,LASENS-563,listed,シアター・バビロンの流れのほとりにて,https://lasens.com/database/theater-563.html,東京都北区豊島7-26-19,東京都,,2020-09-30,2026-07-31,http://www.tokyobabylon.org/,シアター・バビロンの流れのほとりにて,unknown,,,http://www.tokyobabylon.org/babylon01.html,http://www.tokyobabylon.org/babylon02.html,http://www.tokyobabylon.org/babylon01.html,2026-08-01,primary_partial,,公式HTTPページで料金・利用手続・住所を確認したが公式アーカイブは2020年までで現行公演を確認できず。HTTPSは証明書名不一致。二次ポータルの48名は公式値へ転記していない。
373,LASENS-548,listed,シアター711,https://lasens.com/database/theater-548.html,東京都世田谷区北沢1-45-15,東京都,90,2021-03-23,2026-07-31,https://www.honda-geki.com/711/,シアター711,current,,,https://www.honda-geki.com/docs/711syou.html,https://www.honda-geki.com/access/,https://www.honda-geki.com/docs/711syou.html,2026-08-01,verified_primary,,本多劇場グループ公式で2026年公演予定・利用料金・申込条件・アクセスを確認。公式備品表の椅子数合計を最大定員とみなさずLaSensの90席は転記していない。
374,LASENS-523,marked_closed,シアターD,https://lasens.com/database/theater-523.html,東京都渋谷区宇田川町32-7 チトセビル5F,東京都,100,2020-09-09,2026-07-31,http://www.theater-d.com/,,unknown,,,,,,2026-08-01,official_not_found,,旧公式候補ドメインは空応答。二次報道には2016年の公式閉館告知画像が残るが公式本文へ到達できず。索引行は2006年移転前住所でもあるため閉館・100席を公式欄へ転記していない。
375,LASENS-3033,listed,シアターGOO,https://lasens.com/database/theater-3033.html,東京都新宿区新宿3-35-5 守ビル3F,東京都,,2021-04-17,2026-07-31,https://x.com/StageBarMOON,Stage Bar MOON,unknown,,,,https://x.com/StageBarMOON,,2026-08-01,ambiguous,,新宿区公式の2025年営業許可資料と現行公式Xで同住所のStage Bar MOONを確認。ただしシアターPOO・GOOからの改称または承継関係を公式一次情報で解けないため同一施設と断定していない。
376,LASENS-670,marked_closed,シアターKASSAI,https://lasens.com/database/theater-670.html,東京都豊島区東池袋1-45-,東京都,100,2024-08-23,2026-07-31,https://x.com/theaterKASSAI,シアターKASSAI,unknown,,,,,,2026-08-01,blocked,,旧公式ドメインはDNS解決不能。公式Xの2024年8月31日付投稿URLは特定したが公開本文を取得できずプラットフォーム制限。閉館日・100席を二次索引から公式欄へ転記していない。
377,LASENS-539,marked_closed,シアターPOO,https://lasens.com/database/theater-539.html,東京都新宿区新宿3-35-5 守ビル3F,東京都,50,2021-01-25,2026-07-31,https://x.com/StageBarMOON,Stage Bar MOON,unknown,,,,https://x.com/StageBarMOON,,2026-08-01,ambiguous,,新宿区公式の2025年営業許可資料と現行公式Xで同住所のStage Bar MOONを確認。ただしシアターPOO・GOOからの改称または承継関係を公式一次情報で解けないため同一施設と断定していない。
378,LASENS-546,marked_closed,シアターVアカサカ,https://lasens.com/database/theater-546.html,東京都港区赤坂2-16-9,東京都,248,2020-06-24,2026-07-31,,,unknown,,,,,,2026-08-01,official_not_found,,施設名・住所・旧運営者候補を探索し港区公式の過去紹介までは確認したが、劇場または運営者による公式閉館告知・現行案内を特定できなかった。LaSensの閉館表示と248席、第三者会場情報の値は公式欄へ転記していない。
379,LASENS-1928,listed,シアターウイング,https://lasens.com/database/theater-1928.html,東京都新宿区若葉1-22-16 ASTY B1F,東京都,60,2020-10-05,2026-07-31,https://studio-wing.com/theatre/,シアターウィング,current,60,80,https://studio-wing.com/theatre/,https://studio-wing.com/map/,https://studio-wing.com/notice2/,2026-08-01,verified_primary,,公式は客席60席・ホール内80平方メートル（施設全体110平方メートル）と現行パック料金、四ッ谷駅徒歩8分、利用規約を掲載。2026年7月の公式更新も確認した。
380,LASENS-1728,listed,シアターカフェ＆ダイニング プロセニアム,https://lasens.com/database/theater-1728.html,東京都杉並区高円寺南 3－46－９プラザU地下1階,東京都,25,2020-09-04,2026-07-31,https://cafe-proscenium.shopinfo.jp/,TheaterCafe＆Dining Proscenium,unknown,,,https://cafe-proscenium.shopinfo.jp/pages/1362560/page_201710202309,https://cafe-proscenium.shopinfo.jp/,https://cafe-proscenium.shopinfo.jp/pages/1362560/page_201710202309,2026-08-01,primary_partial,,公式サイトで同住所のイベントスペース案内・レンタル条件と2025年10月までの公式投稿を確認したが、2026年の現行営業を確定できない。料金ページは新料金を公開せず見積対応のため数値を空欄とし、LaSensの25席は転記していない。
381,LASENS-528,listed,シアターグリーン(エリア171)(Box in Box),https://lasens.com/database/theater-528.html,東京都豊島区南池袋2-20-4,東京都,104,2022-05-26,2026-07-31,https://theater-green.com/theater/boxinbox/,BOX in BOX THEATER,current,104,,https://theater-green.com/guide/,https://theater-green.com/access/,https://theater-green.com/guide/,2026-08-01,verified_primary,,公式は固定座席104席（同ページの座席数欄は104席〜）、1日148500円税込、延長30分9350円税込と現行利用条件を掲載。2026年公演予定も確認した。
382,LASENS-530,listed,シアターグリーン(メインホール)(BIG TREE THEATER),https://lasens.com/database/theater-530.html,東京都豊島区南池袋2-20-4,東京都,167,2021-02-16,2026-07-31,https://theater-green.com/theater/bigtree/,BIG TREE THEATER,current,167,,https://theater-green.com/guide/,https://theater-green.com/access/,https://theater-green.com/guide/,2026-08-01,verified_primary,,公式は固定座席167席（同ページの座席数欄は167席〜）、1日209000円税込、延長30分12100円税込と現行利用条件を掲載。2026年公演予定も確認した。
383,LASENS-532,listed,シアターグリーン(小劇場)(Base Theater),https://lasens.com/database/theater-532.html,東京都豊島区南池袋2-20-4,東京都,70,2021-02-16,2026-07-31,https://theater-green.com/theater/base/,BASE THEATER,current,70,,https://theater-green.com/guide/,https://theater-green.com/access/,https://theater-green.com/guide/,2026-08-01,verified_primary,,公式はパイプ椅子70席（同ページの座席数欄は70席〜）、1日82500円税込、延長30分6600円税込と現行利用条件を掲載。2026年公演予定も確認した。
384,LASENS-543,listed,シアターサンモール,https://lasens.com/database/theater-543.html,東京都新宿区新宿1-19-10 サンモールクレストB1F,東京都,300,2020-09-01,2026-07-31,http://theatersunmall.server-shared.com/,シアターサンモール,current,,,http://theatersunmall.server-shared.com/siryou/1ryokinhyo.pdf,http://theatersunmall.server-shared.com/map/map.html,http://theatersunmall.server-shared.com/moushikomi.htm,2026-08-01,verified_primary,,公式トップの2026年7月20日更新・2026年公演予定と同住所、2025年12月作成の使用料金PDF、申込手順、アクセスを確認。公式本文から客席数を確定できないためLaSensの300席は転記していない。HTTPSは自己署名証明書のためHTTP公式URLを記録した。
385,LASENS-545,listed,シアタートラム,https://lasens.com/database/theater-545.html,東京都世田谷区太子堂4-1-1,東京都,248,2020-12-04,2026-07-31,https://setagaya-pt.jp/guide/tram/,シアタートラム,current,248,240,https://setagaya-pt.jp/wp-content/uploads/2025/05/%E6%96%BD%E8%A8%AD%E4%BD%BF%E7%94%A8%E6%96%99%E7%AD%89_%E6%96%B0%E6%96%99%E9%87%91%E8%A1%A8.pdf,https://setagaya-pt.jp/guide/access/,https://setagaya-pt.jp/guide/rental/,2026-08-01,verified_primary,,公式は基本形状225席・最大定員248人・舞台面積約240平方メートルを掲載。2026年8月以降の使用料は全日170400円税込（平日）／241600円税込（土日休日）。一般貸出は提出資料による選考制。
386,LASENS-2551,listed,シアターミネルヴァ,https://lasens.com/database/theater-2551.html,東京都世田谷区北沢2-7-14,東京都,50,2020-09-22,2026-07-31,http://t-minerva.com/,シアターミネルヴァ,current,,,http://t-minerva.com/,http://t-minerva.com/,http://t-minerva.com/,2026-08-01,verified_primary,,公式サイトに2026年7月〜10月のイベント予定、現行レンタル料金（平日終日40000円・土日終日58000円等）、住所とキャンセル条件を確認。客席数は公式本文で確認できずLaSensの50席は転記していない。HTTPS証明書不一致のため公式canonicalであるHTTPを記録。
387,LASENS-535,listed,シアターモリエール,https://lasens.com/database/theater-535.html,東京都新宿区新宿3-33-10 モリエールビル2F,東京都,186,2021-02-16,2026-07-31,https://www.moliere.co.jp/theatre/,新宿シアターモリエール,current,186,,https://www.moliere.co.jp/theatre/,https://www.moliere.co.jp/theatre/,https://www.moliere.co.jp/theatre/,2026-08-01,verified_primary,,公式は可動186席、使用料175000円税別（土日祝185000円税別）、11時〜22時、駅徒歩と2027年度貸出受付を掲載。2022年6月リニューアル後の現行施設として確認した。
388,LASENS-524,listed,シアター代官山,https://lasens.com/database/theater-524.html,東京都渋谷区恵比寿西2-12-12,東京都,123,2023-06-04,2026-07-31,https://www.himawari.net/theater/,シアター代官山,current,123,,,https://www.himawari.net/theater/,https://www.himawari.net/theater/,2026-08-01,primary_partial,,劇団ひまわり公式は最大123席、恵比寿駅徒歩10分・代官山駅徒歩5分、貸館相談は6カ月前からと掲載し2026年の催事も確認。掲載中の使用料金・使用規定PDFリンクはともに404のため料金欄を空欄とした。
389,LASENS-525,listed,シアター風姿花伝,https://lasens.com/database/theater-525.html,東京都新宿区中落合2-1-10,東京都,120,2021-06-22,2026-07-31,https://fuusikaden.com/,シアター風姿花伝,current,105,,https://fuusikaden.com/service.html,https://fuusikaden.com/,https://fuusikaden.com/riyoukiyaku.pdf,2026-08-01,verified_primary,,公式は客席用椅子90脚と低椅子15脚、平日77000円・土日祝88000円税込、4日以上の連続利用条件と申込手順を掲載。2026年8月までの公演・割引告知も確認しLaSensの120席は転記していない。
390,LASENS-534,listed,シアターΧ,https://lasens.com/database/theater-534.html,東京都墨田区両国2-10-14 両国シティコア1F,東京都,300,2020-10-05,2026-07-31,https://www.theaterx.jp/,シアターΧ,current,400,,,https://www.theaterx.jp/access.php,,2026-08-01,primary_partial,,公式サイトで2026年8月以降の公演予定と同住所のアクセスを確認。公式紹介は客席200〜400席・舞台最大12m×10mとするが単純な貸ホール形態ではないと説明し、現行の貸出料金・申込条件は公開確認できないため比較欄を限定した。
391,LASENS-708,listed,しもきたDAWN,https://lasens.com/database/theater-708.html,東京都世田谷区北沢 2-25-8 東洋興業ビル 3F 3B-2,東京都,90,2020-09-21,2026-07-31,https://shimodon.com/about/,しもきたDAWN,closed,,,,,,2026-08-01,verified_primary,,旧劇場で継続開催していた公式ライブの現行サイトが2025年3月に下北沢再開発で閉館し翌月から東池袋へ移転したと明記。旧公式ドメインは現在無関係な海外ゲームサイトになっており、過去の客席・料金は転記していない。
392,LASENS-486,marked_closed,しもきた空間リバティ,https://lasens.com/database/theater-486.html,東京都世田谷区北沢2-11-3 イサミヤビル(劇場4F・事務所5F),東京都,85,2021-01-01,2026-07-31,https://www.liberty-feel.co.jp/entertainment/,しもきた空間リバティ,unknown,,,,,,2026-08-01,primary_partial,,運営会社公式は2021年6月開業のサンガイノリバティを「しもきた空間リバティ」「GEKI地下liberty」の後継と明記。ただし旧館の閉館日や明示的な閉館告知は確認できないため状態をunknownとし、LaSensの閉館表示・85席は転記していない。
393,LASENS-343,marked_closed,ジャンジャン,https://lasens.com/database/theater-343.html,東京都渋谷区宇田川町19-5 山手教会地下,東京都,114,2020-09-09,2026-07-31,https://k-classics.net/access/,公園通りクラシックス,unknown,,,,,,2026-08-01,ambiguous,,同住所・東京山手教会B1Fでは現行施設の公式サイトが公園通りクラシックスを案内するが、ジャンジャンからの閉館・改称・運営承継関係を公式一次情報で確認できない。LaSensの閉館表示と114席を公式欄へ転記していない
394,LASENS-503,marked_closed,スタジオ・ショコラ,https://lasens.com/database/theater-503.html,東京都目黒区自由ヶ丘1-26-1 (地下1階),東京都,,2020-09-09,2026-07-31,https://estudiotres.studio.site/keiji,Estudio Tres,unknown,,,,,,2026-08-01,ambiguous,,現行施設の公式サイトが同住所・SS自由が丘ビル地下1FでEstudio Tresを案内し、旧運営者公式も自由が丘アリアーテが2019年に誕生したと記すが、スタジオ・ショコラとの閉館・改称・承継関係は公式一次情報で解けない
395,LASENS-506,marked_closed,スタジオ・スパーク1,https://lasens.com/database/theater-506.html,東京都世田谷区三軒茶屋1-36-3 B1,東京都,100,2020-09-09,2026-07-31,,,,,,,,,2026-08-01,official_not_found,,旧公式候補 http://www.spark-1.co.jp/ はDNS解決不能。施設名・住所・電話番号と世田谷区関連公開情報を探索したが運営者・施設・自治体による閉館一次情報を確認できず、LaSensの閉館表示・100席・82平方メートルを公式欄へ転記していない
396,LASENS-577,marked_closed,スタジオVARIO,https://lasens.com/database/theater-577.html,東京都豊島区北大塚3-10-4 岩田ﾋﾞﾙ地下1F,東京都,60,2020-09-09,2026-07-31,https://crossfit-otsuka.com/,vamos field 上池袋,unknown,,,,,,2026-08-01,ambiguous,,同住所・岩田ビルB1では現行公式サイトがvamos field 上池袋を案内するが、スタジオVARIOの閉館・改称・運営承継関係を公式一次情報で確認できない。旧運営者候補 office-sae.co.jp はDNS解決不能で、LaSensの60席を転記していない
397,LASENS-236,listed,スタジオあくとれ,https://lasens.com/database/theater-236.html,東京都中野区中野2-11-2 サン中野マンションB1F,東京都,100,2020-09-02,2026-07-31,https://nakano-actre.jp/,中野スタジオあくとれ,current,,,https://nakano-actre.jp/goriyouannai.html,https://nakano-actre.jp/mitijyun.html,https://nakano-actre.jp/goriyouannai.html,2026-08-01,verified_primary,,施設公式サイトで予約可能日程・利用案内・設備・道順を確認。利用時間10時〜22時、曜日別料金、予約金40％、キャンセル料と利用上の注意を確認したが、公式の収容定員と単一の総面積は確認できないためLaSensの100席を転記していない
398,LASENS-502,marked_closed,スタジオアルタ,https://lasens.com/database/theater-502.html,東京都新宿区新宿3-24-3,東京都,250,2020-09-09,2026-07-31,https://www.studio-alta.co.jp/company/history.jsp,アルタスタジオ,closed,,,,,,2026-08-01,verified_primary,,運営会社公式沿革で新宿二幸跡地の多目的ホール・アルタスタジオが1980年4月に営業開始し2016年3月まで営業したことを確認。LaSensの250席・243.5平方メートルは一次情報で確認できず転記していない
399,LASENS-329,marked_closed,スタジオはるか,https://lasens.com/database/theater-329.html,東京都杉並区阿佐ヶ谷南1-15-15,東京都,100,2020-06-24,2026-07-31,https://theatershine.com/,シアターシャイン,unknown,,,,,,2026-08-01,ambiguous,,同住所では現行施設の公式サイトがシアターシャインと2026年公演を案内するが、スタジオはるかからの閉館・改称・運営承継関係を公式一次情報で確認できない。旧公式候補は404で、LaSensの閉館表示と100席を転記していない
400,LASENS-601,marked_closed,スタジオゆたか,https://lasens.com/database/theater-601.html,東京都新宿区新宿1-34-16 清水ビル1F,東京都,100,2020-09-09,2026-07-31,https://www.theater-brats.com/,新宿THEATER BRATS,unknown,,,,,,2026-08-01,ambiguous,,現行施設の公式サイトは同住所・清水ビルB1の新宿THEATER BRATSが2000年7月開業と案内するが、スタジオゆたかとの閉館・改称・承継関係は明記しない。階表記も索引と異なるため同一性を断定せず、LaSensの100席を転記していない
401,LASENS-704,listed,スタジオ空洞,https://lasens.com/database/theater-704.html,東京都豊島区池袋3-60-5 地下1階,東京都,,2020-09-04,2026-07-31,https://studiokudoh.blogspot.com/,スタジオ空洞,current,,91,https://studiokudoh.blogspot.com/p/blog-page_4.html,https://studiokudoh.blogspot.com/p/blog-page_790.html,https://studiokudoh.blogspot.com/p/blog-page_4579.html,2026-08-01,verified_primary,,公式Bloggerフィードは2026-06-09更新で基本情報・空き状況・料金・利用規約を公開。公式概要の13m×7mを約91平方メートルとして記録した。椅子約40脚とミニ椅子約10脚は備品数であり収容定員へ合算していない
402,LASENS-445,marked_closed,スタジオ赤坂プレイBOX,https://lasens.com/database/theater-445.html,東京都港区赤坂8‐12‐12 佐藤ビル1F,東京都,70,2020-09-09,2026-07-31,,,,,,,,,2026-08-01,official_not_found,,施設名・住所・旧称候補を探索したが劇場または運営者による公式サイト・公式閉館告知を確認できなかった。同住所の現行店舗・レンタルスペースと旧施設の関係も一次情報で解けず、LaSensの閉館表示と70席を公式欄へ転記していない
403,LASENS-3340,listed,ステージカフェ 下北沢亭,https://lasens.com/database/theater-3340.html,東京都世田谷区代沢5−29−9 2F,東京都,,2021-09-07,2026-07-31,https://shimokitazawatei.com/,ステージカフェ 下北沢亭,current,50,,https://shimokitazawatei.com/service/,https://shimokitazawatei.com/about/,https://shimokitazawatei.com/service/,2026-08-01,verified_primary,,公式サイトで現行貸切申込・料金・住所・利用規定を確認。客席は配置により変わるが公式FAQと施設案内が客席用椅子50脚・50席例を明記するため50を記録し、舞台寸法を会場総面積へ換算していない
404,LASENS-500,marked_closed,ストアハウス,https://lasens.com/database/theater-500.html,東京都練馬区旭丘1-76-8 第5東京ビル4・5F,東京都,120,2020-06-23,2026-07-31,https://www.storehouse.ne.jp/company/kimura/kimura-words/09.08heikan.html,江古田ストアハウス,closed,,,,,,2026-08-01,verified_primary,,運営者公式の「江古田ストアハウス閉館にあたって」が2009年7月の最終公演をもって25年の歴史を終えたと明記。現行の上野ストアハウスと混同せず、LaSensの120席は公式欄へ転記していない
405,LASENS-393,marked_closed,スフィアメックス,https://lasens.com/database/theater-393.html,東京都品川区東品川2-2-8,東京都,208,2020-09-09,2026-07-31,,,,,,,,,2026-08-01,blocked,,LaSens掲載の旧公式候補db.tennoz.co.jp/art/default.htmをHTTP・HTTPSで直接確認したがDNS解決不能。施設・運営者による閉館一次情報へ到達できず、LaSensの2006年3月末閉館表示・208席と第三者情報を公式欄へ転記していない
406,LASENS-3617,listed,スペースM&A,https://lasens.com/database/theater-3617.html,東京都八王子市旭町12-1 ファルマ802ビルB1F,東京都,,2023-03-20,2026-07-31,https://space-ma.com/,スペースM&A,current,,,https://space-ma.com/price/,https://space-ma.com/access/,https://space-ma.com/terms-of-use/,2026-08-01,verified_primary,,公式サイトは2026年12月までの催事予定と終日55000円・アクセス・利用規定を公開。観客用椅子52脚ほかの備品数は収容定員ではないため公式客席欄へ合算していない
407,LASENS-651,listed,すみだパークスタジオ倉,https://lasens.com/database/theater-651.html,東京都墨田区横川1-1-10,東京都,167,2020-10-07,2026-07-31,https://theater.sasayacafe.com/,すみだパークシアター倉,renamed,151,258,,https://theater.sasayacafe.com/,,2026-08-01,verified_primary,,運営会社公式沿革が2009年営業開始の「すみだパークスタジオ倉（現：シアター倉）」と明記。劇場公式は2026年公演、常設151席、21.5m×12m＝258平方メートルを掲載する。運営会社ページの概数150席との差を残し、LaSensの167席は転記していない
408,LASENS-2032,listed,すむぞうスタジオ 新橋2Fスタジオ,https://lasens.com/database/theater-2032.html,東京都港区新橋6-7-3 アシスト新橋ビル2F,東京都,30,2020-10-19,2026-07-31,https://studio.sumuzo.info/studio/detail.php?studioID=6,新橋スタジオ2階,closed,,70.81,https://studio.sumuzo.info/studio/detail.php?studioID=6,https://studio.sumuzo.info/studio/detail.php?studioID=6,https://studio.sumuzo.info/guide.php,2026-08-01,verified_primary,,運営会社公式が2026年7月31日をもって新橋スタジオ営業終了と明記。旧料金・約70.81平方メートル・アクセス・利用規約を履歴として保持した。公式のパイプ椅子10脚は定員ではなく、LaSensの30人を公式欄へ転記していない
409,LASENS-2034,listed,すむぞうスタジオ 新橋4Fスタジオ,https://lasens.com/database/theater-2034.html,東京都港区新橋6-7-3 アシスト新橋ビル4F,東京都,,2020-10-19,2026-07-31,https://studio.sumuzo.info/studio/detail.php?studioID=7,新橋スタジオ4階,closed,,61.44,https://studio.sumuzo.info/studio/detail.php?studioID=7,https://studio.sumuzo.info/studio/detail.php?studioID=7,https://studio.sumuzo.info/guide.php,2026-08-01,verified_primary,,公式詳細が2026年7月31日で営業終了と明記。約61.44平方メートル・旧料金・御成門駅徒歩5分／新橋駅徒歩6分を確認。備品数は定員へ転記していない。
410,LASENS-266,listed,せいせきアウラホール,https://lasens.com/database/theater-266.html,東京都多摩市関戸1-11-1 京王SC・A館6F,東京都,330,2020-09-24,2026-07-31,https://www.keio-sc.jp/rentalspace/,アウラホール,current,330,333,https://www.keio-sc.jp/rentalspace/,https://www.keio-sc.jp/access/,https://www.keio-sc.jp/rentalspace/,2026-08-01,verified_primary,,京王聖蹟桜ヶ丘SC公式が現行貸出・定員330名・16.6m×20.1m＝333平方メートル・料金PDF・12か月前受付・駅直結を案内。
411,LASENS-635,listed,せんがわ劇場,https://lasens.com/database/theater-635.html,東京都調布市仙川町1-21-5,東京都,121,2020-09-22,2026-07-31,https://www.chofu-culture-community.org/halls/sengawa-hall,調布市せんがわ劇場,current,121,188,https://www.chofu-culture-community.org/halls/sengawa-hall,https://www.city.chofu.lg.jp/040010/p020081.html,https://www.chofu-culture-community.org/renter/reservation/sengawa-theater,2026-08-01,verified_primary,,指定管理者公式は最大定員121人・ホール約188平方メートル・料金・申込条件を掲載。市公式には通常121席／平置き最大162席との別構成があるため比較値は指定管理者現行ページの121を採用し差異を保持。
412,LASENS-237,marked_closed,タイニィアリス,https://lasens.com/database/theater-237.html,東京都新宿区新宿2-13-6 光亜ビルB1F,東京都,150,2020-06-23,2026-07-31,https://www.tinyalice.net/,タイニイアリス,unknown,,,,,,2026-08-01,primary_partial,,旧運営公式ドメインに過去のアリスフェスティバル・公演資料は残るが、現行利用または閉館を明記する公式本文を確認できない。LaSensの閉館表示・150席と第三者の2015年閉館記載は公式欄へ転記していない。
413,LASENS-608,listed,テアトルBONBON,https://lasens.com/database/theater-608.html,東京都東京都中野区中野3-22-8,東京都,120,2020-07-07,2026-07-31,https://www.pocketsquare.jp/bonbon/information/,テアトルBONBON,current,120,,https://www.pocketsquare.jp/bonbon/charge/,https://www.pocketsquare.jp/bonbon/information/,https://www.pocketsquare.jp/bonbon/charge/,2026-08-01,verified_primary,,運営公式が2026年公演予定・約120席・現行料金・中野駅南口徒歩5分を掲載。料金ページは7日以上利用・専門スタッフ依頼を条件としている。
414,LASENS-518,marked_closed,テアトロドソーニョスタジオ,https://lasens.com/database/theater-518.html,東京都大田区大森西7丁目5番7号,東京都,110,2020-06-23,2026-07-31,,,,,,,,,2026-08-01,official_not_found,,施設名・表記揺れ・住所で劇場／運営者の公式サイトと公式閉館告知を探索したが特定できない。検索結果とLaSensの閉館表示・110席を公式欄へ転記していない。
415,LASENS-557,listed,ティアラこうとう(小ホール),https://lasens.com/database/theater-557.html,東京都江東区住吉2-28-36,東京都,140,2020-10-07,2026-07-31,https://www.kcf.or.jp/tiara/,江東区江東公会堂（ティアラこうとう）小ホール,closed,140,290.78,https://www.kcf.or.jp/tiara/shisetsu/ichiran/detail/?id=151,https://www.kcf.or.jp/tiara/access/,https://www.kcf.or.jp/tiara/shisetsu/use/,2026-08-01,verified_primary,,指定管理者公式で140席・290.78平方メートル・料金・利用条件を確認。施設は改修工事のため休館中で2027年10月利用再開予定。永久閉館ではなく一時休館として記録。
416,LASENS-520,listed,テルプシコール,https://lasens.com/database/theater-520.html,東京都中野区中野3-49-15,東京都,100,2021-06-22,2026-07-31,https://www.studioterpsichore.com/,テルプシコール,current,,,https://www.studioterpsichore.com/use.html,https://www.studioterpsichore.com/access.html,https://www.studioterpsichore.com/application.html,2026-08-01,verified_primary,,公式サイトに2026年8月までの公演予定・現行料金・申込条件・アクセスを確認。舞台は天井高4.5mの可変フラット空間。公式定員・面積を確認できないためLaSensの100席は転記していない。
417,LASENS-653,listed,テンポラリーコンテンポラリー（SPACE A),https://lasens.com/database/theater-653.html,東京都中央区月島1-14-7旭倉庫2F,東京都,,2020-10-07,2026-07-31,https://reserva.be/temporarycontemporary/about,TEMPORARY CONTEMPORARY,current,,400,https://reserva.be/temporarycontemporary/reserve?mode=service_staff&search_evt_no=6aeJyzMDOyBAACIwDa,https://reserva.be/temporarycontemporary/about,https://reserva.be/temporarycontemporary/reserve?mode=service_staff&search_evt_no=6aeJyzMDOyBAACIwDa,2026-08-01,verified_primary,,施設運営名義の公式予約ページが約400平方メートル・1時間15000円税別・月島駅からのアクセス・予約締切とキャンセル締切を公開。旧公式space-tc.comはHTTP 410であるため現行予約ページを採用した
418,LASENS-410,listed,なかの芸能小劇場,https://lasens.com/database/theater-410.html,東京都中野区中野5-68-7 中野区社会福祉会館(スマイルなかの)2階,東京都,110,2020-09-03,2026-07-31,https://www.naka-lab.jp/space-rooms/nakano-small-theater,なかの芸能小劇場,current,110,,https://www.naka-lab.jp/space-rooms/nakano-small-theater,https://www.city.tokyo-nakano.lg.jp/shisetsu/bunka/hole/geinou.html,https://www.naka-lab.jp/space-rooms/nakano-small-theater,2026-08-01,verified_primary,,中野区と指定管理者の公式サイトで現行運営・110席・料金・利用上の注意・中野駅北口徒歩5分を確認。公式ページの舞台寸法は会場総面積へ換算していない
419,LASENS-2856,listed,ハーフムーンホール下北沢,https://lasens.com/database/theater-2856.html,東京都世田谷区北沢4-10-4,東京都,70,2020-12-04,2026-07-31,http://www.halfmoonhall.com/,ハーフムーンホール - 下北沢,current,70,75,,http://www.halfmoonhall.com/Access.html,http://www.halfmoonhall.com/Information.html,2026-08-01,verified_primary,,施設公式HTTPサイトが応答し貸しスペース・75平方メートル・折り畳み椅子最大70脚・アクセスを案内。2026年の主催者公式催事も同会場を掲載する。公式料金は公開確認できないため空欄
420,LASENS-3528,listed,バルスタジオ,https://lasens.com/database/theater-3528.html,東京都板橋区高島平8-15-10 パレット高島平B2F,東京都,120,2022-09-09,2026-07-31,https://bulstudio.jp/,バルスタジオ,current,120,,https://bulstudio.jp/rent-stage/,https://bulstudio.jp/access/,https://bulstudio.jp/rent-stage/,2026-08-01,verified_primary,,施設公式サイトで約120席・平日1日50000円税別／休日祝日75000円税別・高島平駅徒歩3分・申込条件とキャンセル料を確認。面積は公式公開値を確認できず空欄
421,LASENS-516,listed,パルテノン多摩(小ホール),https://lasens.com/database/theater-516.html,東京都多摩市落合2-35,東京都,,2020-06-24,2026-07-31,https://www.parthenon.or.jp/guide/facility/community-hall/,パルテノン多摩 小ホール,current,265,,https://www.parthenon.or.jp/guide/facility/community-hall/,https://www.parthenon.or.jp/access/,https://www.parthenon.or.jp/guide/usage-flow/,2026-08-01,verified_primary,,指定管理者公式で265席うち固定254席・市内外別料金・多摩センター駅徒歩5分・13か月前抽選と利用条件を確認。舞台寸法を会場総面積へ換算していない
422,LASENS-435,marked_closed,パンセホール,https://lasens.com/database/theater-435.html,東京都千代田区西神田3丁目9-10,東京都,400,2020-09-09,2026-07-31,,,,,,,,,2026-08-01,official_not_found,,施設名・神田表記・住所・LaSens掲載の旧公式候補を探索したが劇場または運営者の公式サイト・公式閉館告知を確認できなかった。LaSensと第三者の閉館表示・400席を公式欄へ転記していない
423,LASENS-454,listed,プーク人形劇場,https://lasens.com/database/theater-454.html,東京都渋谷区代々木2-12-3,東京都,106,2021-07-20,2026-07-31,https://theatre.puk.jp/,プーク人形劇場,current,106,,https://www.puk.jp/consult/theatre/,https://theatre.puk.jp/access/,https://www.puk.jp/consult/theatre/,2026-08-01,verified_primary,,劇団・劇場公式サイトで2026年公演・1階88席と2階18席・平日全日80000円税別／土日祭日100000円税別・申込条件・新宿駅南口徒歩約7分を確認
424,LASENS-275,listed,ブディストホール,https://lasens.com/database/theater-275.html,東京都中央区築地3-15-1 築地本願寺内第一伝道会館2F,東京都,164,2020-10-19,2026-07-31,https://buddhisthall.com/,築地本願寺ブディストホール,current,164,,https://buddhisthall.com/facility/,https://buddhisthall.com/access/,https://buddhisthall.com/facility/,2026-08-01,verified_primary,,運営公式が2026年空き状況・164席・現行セット料金・築地駅徒歩1分・2026年7月版利用契約約款を公開。2027年1月から3月の空調工事休館予定は将来の一時休館であり現行状態と混同していない
425,LASENS-2536,marked_closed,プライムシアター,https://lasens.com/database/theater-2536.html,東京都中野区本町4-1-1 サンコーポB1,東京都,,2021-04-05,2026-07-31,,,unknown,,,,,,2026-08-01,official_not_found,,施設名・住所・旧公式候補prime-theater.comを探索したが施設または運営者の現行公式サイト・公式閉館告知を確認できなかった。LaSensの閉館表示と第三者の過去公演記録を公式欄へ転記していない
426,LASENS-3774,listed,ブルースクエア四谷,https://lasens.com/database/theater-3774.html,東京都新宿区若葉1丁目1-1 若葉大原ビル地下1階,東京都,105,2023-09-20,2026-07-31,https://blue-sq.jp/,ブルースクエア四谷,current,105,,https://blue-sq.jp/price/,https://blue-sq.jp/access/,https://blue-sq.jp/contact/,2026-08-01,verified_primary,,公式サイトで2026年7月の公演予定、着席最大105席・スタンディング最大140名、現行料金、アクセス、申込・支払・取消・利用上の注意を確認
427,LASENS-2919,marked_closed,ブレヒトの芝居小屋,https://lasens.com/database/theater-2919.html,東京都練馬区関町北4-35-17,東京都,,2020-12-24,2026-07-31,https://www.tee.co.jp/wordpress_3/?page_id=997,ブレヒトの芝居小屋,closed,,,,,,2026-08-01,verified_primary,,運営劇団公式が2019年3月をもって閉館し同年6月から新座市の野火止RAUMへ移転したと明記。旧公式利用案内の寸法は面積へ換算せず、閉館前の料金・客席も未確認のため空欄
428,LASENS-452,listed,プロトシアター,https://lasens.com/database/theater-452.html,東京都新宿区高田馬場3-38-3,東京都,80,2020-09-04,2026-07-31,https://prototheater.la.coocan.jp/theater.html,,unknown,,,,,,2026-08-01,blocked,,旧公式候補の施設ページと公式PDF候補を直接確認したが404で本文へ到達できず、現行・閉館を一次情報で確定できない。第三者掲載の客席・料金は公式欄へ転記していない
429,LASENS-271,marked_closed,ベニサン・ピット,https://lasens.com/database/theater-271.html,東京都江東区新大橋2-17-12,東京都,176,2020-09-09,2026-07-31,https://ninagawastudio.net/interview-seto/,ベニサン・ピット,closed,,,,,,2026-08-01,verified_primary,,長年同地に稽古場を置いたNINAGAWA STUDIO公式記録が2009年1月をもって閉館予定とし、支配人取材でも閉館決定を確認。LaSensの176席は転記していない
430,LASENS-398,listed,ミニホールFu-・新宿永谷ホール,https://lasens.com/database/theater-398.html,東京都新宿区歌舞伎町2-45-5 新宿永谷ビル1F,東京都,70,2020-09-02,2026-07-31,http://www.ntgp.co.jp/engei/sinjuku/index.html,,unknown,,,,,,2026-08-01,blocked,,施設運営者の公式候補URLは接続不能で本文を取得できなかった。公式興行主の2026年公演案内は確認したが施設・運営者一次情報ではないため現行を確定せず、LaSensの70席も転記していない
431,LASENS-567,marked_closed,みらい座いけぶくろ(豊島公会堂),https://lasens.com/database/theater-567.html,東京都豊島区東池袋1-19-1,東京都,802,2020-09-09,2026-07-31,https://www.city.toshima.lg.jp/066/kuse/shingi/kaigichiran/033792/documents/271111gaiyouan.pdf,豊島公会堂,closed,,,,,,2026-08-01,verified_primary,,豊島区公式計画が老朽化により2016年2月末に閉館し既存施設を解体すると明記。LaSensの802席は公式欄へ転記していない
432,LASENS-405,listed,ムーヴ町屋(ムーヴホール),https://lasens.com/database/theater-405.html,東京都荒川区荒川7-50-9 センターまちや3F・4F,東京都,296,2021-02-09,2026-07-31,https://www.sunny-move.jp/move/facility/,ムーブ町屋（ムーブホール）,current,296,230,https://www.sunny-move.jp/move/use/charge.html,https://www.sunny-move.jp/move/index.html,https://www.sunny-move.jp/move/use/index.html,2026-08-01,verified_primary,,指定管理者公式で最大296名・床面積230平方メートル、現行料金、町屋駅直結のアクセス、予約・申請・連続利用・取消等の条件を確認
433,LASENS-2008,listed,メルシアーク神楽坂,https://lasens.com/database/theater-2008.html,東京都新宿区矢来町112番地 第二松下ビルB1F,東京都,,2020-09-30,2026-07-31,https://www.emosia.jp/,エモーシア神楽坂,renamed,50,,https://www.emosia.jp/?page_id=27,https://www.emosia.jp/?page_id=29,https://www.emosia.jp/?page_id=27,2026-08-01,verified_primary,,現運営公式が同所在地の旧メルシアーク神楽坂は2025年6月まで存在し2025年8月30日にエモーシア神楽坂として開業したと明記。座席40〜50席程度・スタンディング約80人・現行料金・アクセス・申込と取消条件を確認
434,LASENS-640,listed,ラフォーレミュージアム原宿,https://lasens.com/database/theater-640.html,東京都渋谷区神宮前1-11-6,東京都,300,2020-06-24,2026-07-31,https://www.laforet.ne.jp/museum/,ラフォーレミュージアム原宿,current,400,396.8,https://www.laforet.ne.jp/museum/price/index.html,https://www.laforet.ne.jp/museum/access/index.html,https://www.laforet.ne.jp/museum/regulations/index.html,2026-08-01,verified_primary,,運営公式で椅子席約300〜400人・スタンディング600人・ホール396.8平方メートル・1日800000円税別・駅徒歩・2026年6月改訂使用規則を確認。別の公式使用例ページはホール442平方メートルと記すため施設概要値を採用し不一致を注記
435,LASENS-357,listed,レパートリーシアターKAZE,https://lasens.com/database/theater-357.html,東京都中野区東中野1-2-4,東京都,120,2020-09-01,2026-07-31,https://www.kaze-net.org/kaze_r,レパートリーシアターKAZE,current,120,,,https://www.kaze-net.org/access,,2026-08-01,verified_primary,,運営劇団公式で最大120名のフリースペース・所在地・駅徒歩を確認し2026年上演案内でも現行利用を確認。一般貸館の料金・利用条件は公式公開を確認できず空欄
436,LASENS-3513,listed,レンタルスペース スターダスト,https://lasens.com/database/theater-3513.html,東京都世田谷区北沢2-19-10-3F,東京都,,2024-10-21,2026-07-31,https://ameblo.jp/rentalspacestardust/,スターダスト,unknown,,,,,,2026-08-01,primary_partial,,施設名義の公式候補ブログは公開中だが本文が旧記事1件のみで更新日・住所・料金・現行営業を一次情報として確認できない。第三者の2026年掲載やLaSens値を公式欄へ転記していない
437,LASENS-628,marked_closed,ワーサルシアター,https://lasens.com/database/theater-628.html,東京都杉並区上高井戸1-8-4 Toyaビル.3 B1F,東京都,100,2020-09-10,2026-07-31,https://worsal.com/theater/,ワーサルシアター八幡山劇場,closed,,,,,,2026-08-01,verified_primary,,運営会社公式が2010年の開館以来営業した劇場を2020年8月末日で閉館すると明記。旧公式ページの椅子備品数や旧料金は現行比較値として転記していない
438,LASENS-2355,listed,ワニズホール,https://lasens.com/database/theater-2355.html,東京都中野区本町4-35-10 渡辺ビルB1,東京都,50,2020-09-02,2026-07-31,https://www.wanizhall.com/,新中野ワニズホール,current,50,,https://hallangel.com/waniz_riyouryoukinn.html,https://www.wanizhall.com/,https://hallangel.com/riyoukiyaku_s.html,2026-08-01,verified_primary,,施設公式と同施設からリンクされた運営ページで50席程度・1日12時間60000円・現行予約案内・新中野駅からのアクセス・2026年1月改定利用規約を確認
439,LASENS-683,listed,宇宙館,https://lasens.com/database/theater-683.html,東京都世田谷区松原3－19－2,東京都,60,2020-09-24,2026-07-31,http://wuchukwan.web.fc2.com/,宇宙館,unknown,,,,,,2026-08-01,primary_partial,,東京都公式施設一覧と地域公的団体の施設一覧は名称・所在地・旧公式URLを掲載するが施設公式ページ本文へ到達できず2026年の現行営業と公開貸館条件を確定できない。LaSensの60席・料金は転記していない
440,LASENS-290,listed,荏原文化センター大ホール,https://lasens.com/database/theater-290.html,東京都品川区中延1-9-15,東京都,437,2020-12-21,2026-07-31,https://www.city.shinagawa.tokyo.jp/PC/shisetsu/shisetsu-bunka/shisetsu-bunka-bunka/hpg000000314.html,荏原文化センター 大ホール,current,437,398,https://www.city.shinagawa.tokyo.jp/ct/pdf/hpg000000314_23.pdf,https://www.city.shinagawa.tokyo.jp/PC/shisetsu/shisetsu-bunka/shisetsu-bunka-bunka/hpg000000314.html,https://www.city.shinagawa.tokyo.jp/ct/pdf/hpg000000314_10.pdf,2026-08-01,verified_primary,,品川区公式で定員500人・椅子席437席・398平方メートル・現行区民内外料金・荏原中延駅徒歩5分・申込期限・禁止事項・大ホール利用規約を確認。客席比較値は椅子席437を採用
441,LASENS-295,listed,駅前劇場,https://lasens.com/database/theater-295.html,東京都世田谷区北沢2-11-8 ペルモビル3F,東京都,180,2021-01-12,2026-07-31,https://www.honda-geki.com/ekimae/,駅前劇場,current,,,https://www.honda-geki.com/05_file/theater/ekimae/ekimaekitei2311.pdf,https://theater-festival.honda-geki.com/access/,https://www.honda-geki.com/05_file/theater/ekimae/ekimae_chuui202504.pdf,2026-08-01,verified_primary,,公式はTAROビル改修による2026年3月2日から7月31日までの休館と8月5日以降の公演予定を掲載。使用規定の料金と申込条件を確認した。公式資料に客席定員を確認できないためLaSensの180席は転記していない
442,LASENS-463,listed,演劇フリースペース・サブテレニアン(SUBTERRANEAN),https://lasens.com/database/theater-463.html,東京都板橋区氷川町46-4 B1F,東京都,50,2020-09-15,2026-07-31,https://www.subterranean.jp/,SUBTERRANEAN,current,50,,https://www.subterranean.jp/guide,https://www.subterranean.jp/access,https://www.subterranean.jp/guide,2026-08-01,verified_primary,,公式の2026年催事と20周年案内で現行運営を確認。公式Aboutは観客約40～50人、Guideは仕込本番1日36000円・初回見学と企画書審査・キャンセル料等、Accessは2駅からの徒歩経路を掲載
443,LASENS-432,listed,王子小劇場,https://lasens.com/database/theater-432.html,東京都北区王子1-14-4 B1F,東京都,94,2025-02-05,2026-07-31,https://www.en-geki.com/,インディペンデントシアターOji,renamed,80,,https://www.en-geki.com/theatre.html,https://www.en-geki.com/,https://www.en-geki.com/data/oji-rule.pdf,2026-08-01,verified_primary,,運営者公式は王子小劇場の運営を継承して2025年4月に改称・リニューアルしたと明記。グループ公式のキャパは可動式80席前後。現行料金・予約方法・利用規約と2026年公演予定を確認
444,LASENS-427,marked_closed,荻窪メガバックスシアター,https://lasens.com/database/theater-427.html,東京都杉並区荻窪5-30-5 大国ビルB1,東京都,100,2020-06-24,2026-07-31,http://www.megaba.com/gekijyo/megabuckstheater.html,,unknown,,,,,,2026-08-01,official_not_found,,LaSensが示す旧公式候補URLは現在ランディングページへ転送され施設本文を取得できない。施設名・住所・運営者候補を探索したが公式閉館告知へ直接到達できず、LaSensの2011年3月末閉館表示・100席を公式欄へ転記していない
445,LASENS-248,listed,荻窪小劇場,https://lasens.com/database/theater-248.html,東京都杉並区荻窪3-47-18 第5野村ビル1F,東京都,50,2020-12-04,2026-07-31,https://art-colline.com/,荻窪小劇場,unknown,50,,https://art-colline.com/rentalinformation.html,https://art-colline.com/access.html,https://art-colline.com/rentalinformation.html,2026-08-01,primary_partial,,施設公式はアール・コリンから2011年11月11日の改称、パイプ椅子50席前後、料金・アクセス・利用条件を掲載するがTOPの更新表記が2022年までで現行運営を確定できない。第三者の2026年公演予定は現況確定に用いていない
446,LASENS-2160,listed,絵空箱,https://lasens.com/database/theater-2160.html,東京都新宿区山吹町361 誠志堂ビル1～2階,東京都,60,2020-09-30,2026-07-31,https://esorabako.com/,パフォーミングギャラリー＆カフェ 絵空箱,current,60,,https://esorabako.com/space.html,https://esorabako.com/access.html,https://esorabako.com/space.html,2026-08-01,verified_primary,,施設公式の2026年3月催事と現行利用案内を確認。客席用椅子はスタッキング30脚とクッションパイプ30脚、演劇利用は平日28000円・土日祝30000円に機材費等加算。申込・キャンセル・音量・飲食等の条件も公式掲載
447,LASENS-570,listed,角筈区民ホール,https://lasens.com/database/theater-570.html,東京都新宿区西新宿4丁目33番7号,東京都,236,2020-12-04,2026-07-31,https://shinjuku.hall-info.jp/tsunohazu/,新宿区立角筈区民ホール,closed,212,,https://shinjuku.hall-info.jp/tsunohazu/riyou.html,https://shinjuku.hall-info.jp/tsunohazu/access.html,https://shinjuku.hall-info.jp/tsunohazu/riyou.html,2026-08-01,verified_primary,,新宿区と指定管理者公式は天井等改修のため2025年11月1日から2027年3月31日まで休館中と明記し2027年4月利用分の抽選再開予定も掲載。改修後案内は客席212席と常設車いす2台分。LaSensの旧236席は現行欄へ転記していない
448,LASENS-354,marked_closed,環七の穴,https://lasens.com/database/theater-354.html,東京都練馬区豊玉中2-6-5 ダイホープラザ豊玉B1,東京都,50,2020-09-09,2026-07-31,http://www.kan7.jp/,,unknown,,,,,,2026-08-01,blocked,,旧運営者・劇団環状七号の公式候補www.kan7.jpはHTTP・HTTPSともDNS解決不能。施設・運営者による閉館一次情報へ到達できず、LaSensの閉館表示・50席と第三者の過去公演情報を公式欄へ転記していない
449,LASENS-2872,listed,貴種流離シアター,https://lasens.com/database/theater-2872.html,東京都足立区東綾瀬2-18-14 2F,東京都,30,2020-12-21,2026-07-31,https://kisyuryuri.com/,,unknown,,,,,,2026-08-01,blocked,,運営団体の旧公式候補kisyuryuri.comはHTTP・HTTPSともDNS解決不能。2018年の運営者発行資料から公式候補URLまでは特定したが2026年の現行・閉館本文へ到達できず、LaSensの30席と第三者掲載を公式欄へ転記していない
450,LASENS-359,listed,吉祥寺シアター,https://lasens.com/database/theater-359.html,東京都武蔵野市吉祥寺本町1-33-22,東京都,239,2020-07-07,2026-07-31,https://www.musashino.or.jp/k_theatre/1002082/,武蔵野市立吉祥寺シアター,current,189,,https://www.musashino.or.jp/k_theatre/1002056/1002057/index.html,https://www.musashino.or.jp/k_theatre/1002088.html,https://www.musashino.or.jp/k_theatre/1002056/1002060.html,2026-08-01,verified_primary,,指定管理者公式で2026・2027ラインアップと2026年7月更新の貸出受付、基本形式189席、施設料金、吉祥寺駅徒歩5分、申込時期・優先順位・取消条件を確認。LaSensの239席とは不一致のため現行公式189席を記録
451,LASENS-575,listed,牛込箪笥区民ホール,https://lasens.com/database/theater-575.html,東京都新宿区箪笥町15番地,東京都,392,2021-06-22,2026-07-31,https://shinjuku.hall-info.jp/tansu/,牛込箪笥区民ホール,current,392,,https://shinjuku.hall-info.jp/file/tansu_use_charge.pdf,https://shinjuku.hall-info.jp/tansu/access.html,https://shinjuku.hall-info.jp/file/riyou_kiyaku.pdf,2026-08-01,verified_primary,,新宿区・指定管理者公式で2026年7月のお知らせ、手並べ椅子150席と可動式椅子242席の計392席、現行料金表、牛込神楽坂駅A1出口徒歩0分、2026年7月10日時点利用規約を確認
452,LASENS-561,listed,桐朋学園芸術短期大学小劇場,https://lasens.com/database/theater-561.html,東京都調布市若葉町1-41-1 (桐朋学園芸術短期大学内),東京都,,2020-11-27,2026-07-31,https://college.toho.ac.jp/campus_life/facility/,桐朋学園芸術短期大学 小劇場,current,200,,,https://college.toho.ac.jp/guide/campus/access/,https://college.toho.ac.jp/media/20230407.pdf,2026-08-01,verified_primary,,大学公式で2026年2月の卒業公演を本学小劇場で開催した現行利用、ブラックボックス型・21m×10.5m・高さ5m・客席約200名を確認。公式施設利用資料では学外者主催利用は原則制限され一般貸館料金も公開されていないため会場候補化には要確認
453,LASENS-320,marked_closed,銀座みゆき館,https://lasens.com/database/theater-320.html,東京都中央区銀座6-5-17 銀座みゆき館ビルB1,東京都,80,2020-09-09,2026-07-31,http://www.latestapollo.com/a14b/a14_map.html,銀座みゆき館劇場,unknown,,,,http://www.latestapollo.com/a14b/a14_map.html,,2026-08-01,primary_partial,,旧施設公式候補の案内図ページはHTTPで公開中だが更新時期・運営主体・現行または閉館を示す本文を確認できない。東京都公式の旧文化施設一覧は過去の名称・住所・公式候補確認に限定し、LaSensの閉館表示・80席を確定欄へ転記していない
454,LASENS-322,marked_closed,銀座小劇場,https://lasens.com/database/theater-322.html,東京都中央区銀座3-8-4 新聞会館B1,東京都,120,2020-06-24,2026-07-31,http://homepage2.nifty.com/gin-jel/,,unknown,,,,,,2026-08-01,blocked,,LaSensが示す旧公式候補homepage2.nifty.com/gin-jelはDNS解決不能で施設・運営者の公式閉館本文へ到達できない。LaSensの2010年7月閉館表示・120席を公式欄へ転記していない
455,LASENS-376,listed,駒場小空間 (多目的ホール）,https://lasens.com/database/theater-376.html,東京都目黒区駒場3-8-1,東京都,120,2020-12-04,2026-07-31,https://www.komabashokukan.jp/,東京大学教養学部多目的ホール（駒場小空間）,current,150,,,https://www.komabashokukan.jp/access,https://www.komabashokukan.jp/usage/userguide,2026-08-01,verified_primary,,東京大学公式の課外活動施設案内と駒場祭公式資料、学生運営公式サイトで現行施設を確認。公式資料の着席最大150名・立見100名、約16.5m四方・高さ約7m、駒場東大前駅からのアクセスを記録。登録団体制で入場料徴収不可の学内施設であり一般貸館料金は公開されていない
456,LASENS-292,listed,恵比寿エコー劇場,https://lasens.com/database/theater-292.html,東京都渋谷区東3-18-3 エコービル2階,東京都,130,2020-11-26,2026-07-31,https://s-echo.co.jp/?p=853,恵比寿・エコー劇場,current,150,,https://s-echo.co.jp/?p=853,https://t-echo.co.jp/access/,https://s-echo.co.jp/?p=853,2026-08-01,verified_primary,,運営会社公式で2026年7月公演、2025年11月更新の貸出案内、固定122席＋可動28席の最大150席、恵比寿駅徒歩5分、利用・ロビー・搬入条件を確認。料金額は公開されず空き日程とレンタル詳細は問い合わせ制
457,LASENS-317,listed,劇小劇場,https://lasens.com/database/theater-317.html,東京都世田谷区北沢2-6-6,東京都,130,2020-07-01,2026-07-31,https://www.honda-geki.com/gekisho/,「劇」小劇場,current,,,https://www.honda-geki.com/docs/gekishousyou.html,https://www.honda-geki.com/gekisho/,https://www.honda-geki.com/docs/gekishousyou.html,2026-08-01,verified_primary,,公式の2026年公演予定と貸館案内を確認。備品表の椅子56脚は定員と解釈せず、LaSensの130席も転記していない。原則1週間・5ステージ以上で初回利用は企画書等の審査あり。
458,LASENS-610,listed,劇場HOPE,https://lasens.com/database/theater-610.html,東京都東京都中野区中野3-22-8,東京都,70,2021-10-19,2026-07-31,https://www.pocketsquare.jp/hope/information/,劇場HOPE,current,70,,https://www.pocketsquare.jp/hope/charge/,https://www.pocketsquare.jp/hope/information/,https://www.pocketsquare.jp/hope/charge/,2026-08-01,verified_primary,,公式の2026年公演予定、客席約70席、舞台6.6m×4.45m×高さ3.1m、中野駅南口徒歩5分、料金・受付条件を確認。
459,LASENS-399,listed,劇場MOMO,https://lasens.com/database/theater-399.html,東京都中野区中野3-21-10,東京都,130,2021-07-20,2026-07-31,https://www.pocketsquare.jp/momo/information/,劇場MOMO,current,90,,https://www.pocketsquare.jp/momo/charge/,https://www.pocketsquare.jp/momo/information/,https://www.pocketsquare.jp/momo/charge/,2026-08-01,verified_primary,,公式の2026年公演予定、客席約90席、舞台6.6m×3.9〜4.9m×高さ4.15m、中野駅南口徒歩5分、料金・6日以上の利用条件を確認。LaSensの130席は転記していない。
460,LASENS-315,marked_closed,劇場バイタス,https://lasens.com/database/theater-315.html,東京都新宿区西新宿7-16-12 YSビルB1,東京都,68,2020-06-24,2026-07-31,https://vitus.main.jp/,,unknown,,,,,,2026-08-01,primary_partial,,現行の運営会社公式サイトと会社概要は確認できたが、本店は歌舞伎町で旧西新宿施設の閉館・承継を示す運営者公式情報を確認できない。LaSensの閉館表示と68席を転記していない。
461,LASENS-2024,listed,劇場ビット,https://lasens.com/database/theater-2024.html,東京都中野区本町4-43-15 ミカサビルB1,東京都,50,2020-09-02,2026-07-31,https://gekijo-bit.com/,劇場ビット,current,50,,https://gekijo-bit.com/レンタル案内/,https://gekijo-bit.com/アクセス/,https://gekijo-bit.com/レンタル案内/,2026-08-01,verified_primary,,2025年開設の現行公式サイトで最大50名、新中野駅3番出口徒歩3分、1時間5000円・平日1日40000円・土日祝1日50000円等の税別料金を確認。旧公式候補gekijo-bit.jpはDNS解決不能。
462,LASENS-312,listed,劇団京ホール,https://lasens.com/database/theater-312.html,東京都世田谷区北沢2-13-6,東京都,60,2020-06-24,2026-07-31,https://tokyo-novyi.com/about-us/overview/,,unknown,,,,,,2026-08-01,ambiguous,,団体公式沿革で劇団京から東京ノーヴイ・レパートリーシアターを経てTOKYO NOVYI・ARTへの組織承継と同建物3階の現住所を確認したが、旧ホール自体の継続・閉館・一般貸館関係は解けない。LaSensの60席は転記していない。
463,LASENS-311,marked_closed,劇団吹きだまりアトリエ,https://lasens.com/database/theater-311.html,東京都新宿区神楽坂6-56 荒井ビル1F,東京都,50,2020-09-09,2026-07-31,http://www2u.biglobe.ne.jp/~fuki/,,unknown,,,,,,2026-08-01,blocked,,LaSens掲載の旧公式候補は404で、別の公式候補fukidamari.jpもDNS解決不能。運営者による現行・閉館一次情報へ到達できず、LaSensの閉館表示と50席を転記していない。
464,LASENS-3935,listed,元映画館,https://lasens.com/database/theater-3935.html,東京都荒川区東日暮里３丁目３１−１８ 旭ビル2F,東京都,32,2024-09-09,2026-07-31,https://www.moto-eigakan.com/,元映画館,current,,,https://www.moto-eigakan.com/rental,https://www.moto-eigakan.com/access,https://www.moto-eigakan.com/rental,2026-08-01,verified_primary,,公式サイトの現行イベント・貸出手順・利用要項案内・アクセスを確認。料金表は問い合わせ後に案内されるため公開額なし。LaSensの32席は転記していない。
465,LASENS-639,marked_closed,原宿リトルモア地下,https://lasens.com/database/theater-639.html,東京都渋谷区千駄ヶ谷3-56-6 B1F,東京都,,2020-06-23,2026-07-31,https://littlemore.co.jp/company,,unknown,,,,,,2026-08-01,primary_partial,,運営会社の現行公式サイトで同住所の本社は確認できたが、地下会場の現行・閉館・用途変更を示す運営者公式情報は確認できない。LaSensの閉館表示を転記していない。
466,LASENS-319,listed,現代座会館ホール,https://lasens.com/database/theater-319.html,東京都小金井市緑町5-13-24,東京都,80,2021-02-09,2026-07-31,https://www.gendaiza.org/kaikan/,現代座ホール,current,80,,,https://www.gendaiza.org/kaikan/,https://www.gendaiza.org/kaikan/,2026-08-01,verified_primary,,運営NPO公式の現行会館案内で地下ホール定員80名、照明・音響設備、楽屋、東小金井・武蔵小金井駅徒歩13分を確認。一般の貸し会場ではなく会員・地域・協力関係を持てる創造団体へ提供し、詳細は問い合わせ方式。
467,LASENS-630,marked_closed,戸野廣浩司記念劇場,https://lasens.com/database/theater-630.html,東京都台東区谷中３－１９－５ B1F,東京都,100,2020-06-24,2026-07-31,https://lohas-ent.com/theatrecompany.html,戸野廣浩司記念劇場,unknown,,,,,,2026-08-01,primary_partial,,運営者公式の活動歴で2009年10月の開場と2016年6月までの劇場公演を確認したが、閉館・解体または継続を示す運営者一次情報は確認できない。LaSensの閉館表示・100席と第三者の閉館記載は転記していない。
468,LASENS-377,listed,江東区深川江戸資料館 小劇場,https://lasens.com/database/theater-377.html,東京都江東区白河1-3-28,東京都,232,2020-10-07,2026-07-31,https://www.kcf.or.jp/fukagawa/shisetsu/ichiran/detail/?id=168,深川江戸資料館 小劇場,current,300,383.4,https://www.kcf.or.jp/fukagawa/shisetsu/ichiran/detail/?id=168,https://www.kcf.or.jp/fukagawa/access/,https://www.kcf.or.jp/fukagawa/shisetsu/use/,2026-08-01,verified_primary,,指定管理者公式で立席を含む定員300人、固定232席・母子室5席、383.4平方メートル、2025年4月以降料金、清澄白河駅徒歩3分、1か月前の技術打合せ等を確認。
469,LASENS-370,marked_closed,高円寺カフェ,https://lasens.com/database/theater-370.html,東京都中野区大和町3-2-10,東京都,,2020-06-24,2026-07-31,http://www3.plala.or.jp/koenjicafe/,,unknown,,,,,,2026-08-01,blocked,,LaSens掲載の旧公式候補は接続タイムアウトとなり、運営者による現行・閉店一次情報へ到達できない。LaSensの2006年11月閉店表示を確定欄へ転記していない。
470,LASENS-371,marked_closed,高円寺会館,https://lasens.com/database/theater-371.html,東京都杉並区高円寺北2-1-2,東京都,290,2020-06-23,2026-07-31,https://www.city.suginami.tokyo.jp/documents/6270/sisetuwp22-03.pdf,高円寺会館,closed,,,,,,2026-08-01,verified_primary,,杉並区公式施設白書で2006年3月廃止、2008年度に杉並芸術会館・座高円寺として改築と確認。LaSensの290席は転記していない。
471,LASENS-626,listed,高田馬場ラビネスト,https://lasens.com/database/theater-626.html,東京都新宿区西早稲田3-27-4 第一キャラット河俣B1,東京都,80,2021-01-12,2026-07-31,https://rabinest.com/index.html,高田馬場ラビネスト,current,,,,,,2026-08-01,primary_partial,,施設公式ページへのHTTP 200応答と2026年6月更新日時、公式公演主催者による2026年の同名称・同住所での利用を確認した。公式公開の現行客席・料金・貸館条件を十分取得できないためLaSensの80席・料金は転記していない。
472,LASENS-679,listed,座・高円寺1（杉並区立杉並芸術会館）,https://lasens.com/database/theater-679.html,東京都杉並区高円寺北2-1-2,東京都,238,2020-09-04,2026-07-31,https://za-koenji.jp/guide/,座・高円寺１,current,238,440,,https://za-koenji.jp/access,https://za-koenji.jp/rental,2026-08-01,verified_primary,,公式詳細欄で基本形状238席・440平方メートル、公式貸館欄で主催事業等優先・公共予約システムでの貸出なし・詳細問い合わせを確認。施設案内冒頭の233席表記との不一致を保持し、詳細欄238席を採用。
473,LASENS-680,listed,座・高円寺2（杉並区立杉並芸術会館）,https://lasens.com/database/theater-680.html,東京都杉並区高円寺北2-1-2,東京都,256,2020-09-04,2026-07-31,https://za-koenji.jp/rental,座・高円寺2,current,298,,https://za-koenji.jp/files/users_guide_za-koenji2_and_awaodori-hall.pdf,https://za-koenji.jp/access,https://za-koenji.jp/rental,2026-08-01,verified_primary,,公式施設案内は客席256～298席。貸館詳細は固定189席＋移動109席の最大298席。利用案内・料金表は2026年公開版で現行抽選申込を確認
474,LASENS-471,marked_closed,笹塚ファクトリー,https://lasens.com/database/theater-471.html,東京都渋谷区笹塚1-56-7 京王笹塚ビルB2,東京都,150,2020-06-24,2026-07-31,https://www.kyowakoku.net/,,unknown,,,,,,2026-08-01,official_not_found,,LaSens記載の旧公式候補は現在ランダーページのみ。第三者の2016年3月閉館記事は確認したが運営者公式の閉館本文を特定できず閉館を確定していない
475,LASENS-498,listed,三鷹市芸術文化センター星のホール,https://lasens.com/database/theater-498.html,東京都三鷹市上連雀6-12-14,東京都,250,2020-06-24,2026-07-31,https://mitaka-sportsandculture.or.jp/geibun/info/star.html,三鷹市芸術文化センター 星のホール,current,250,167,https://mitaka-sportsandculture.or.jp/geibun/info/star.html,https://mitaka-sportsandculture.or.jp/geibun/access/,https://mitaka-sportsandculture.or.jp/geibun/use/,2026-08-01,verified_primary,,公式は障害者用2席を含む250席・1階客席167㎡。2026年7月イベントと現行料金・芸術文化用途限定・申込条件を確認
476,LASENS-618,listed,三鷹市芸術文化センター風のホール,https://lasens.com/database/theater-618.html,東京都三鷹市上連雀6-12-14,東京都,625,2020-10-05,2026-07-31,https://mitaka-sportsandculture.or.jp/geibun/info/wind.html,三鷹市芸術文化センター 風のホール,current,625,,https://mitaka-sportsandculture.or.jp/geibun/info/wind.html,https://mitaka-sportsandculture.or.jp/geibun/access/,https://mitaka-sportsandculture.or.jp/geibun/use/,2026-08-01,verified_primary,,公式は通常固定625席・ステージ拡張時578席で各車椅子3席を含む。客席面積は1階291㎡・2階130㎡を分離し単一面積へ合算していない
477,LASENS-468,marked_closed,三百人劇場,https://lasens.com/database/theater-468.html,東京都文京区本駒込2-29-10,東京都,302,2020-09-09,2026-07-31,https://onceuponatimedarts.com/2000s/,三百人劇場,closed,,,,,,2026-08-01,verified_primary,,現代演劇協会デジタルアーカイヴと劇団昴公式沿革が2006年末閉館を明記。LaSensの302席は転記せず公式比較欄は空欄
478,LASENS-569,listed,参宮橋シアター TRANCE MISSION（トランスミッション）,https://lasens.com/database/theater-569.html,東京都渋谷区代々木4-50-8 参宮橋ゲストハウスB1,東京都,80,2021-09-07,2026-07-31,https://www.trance-mission.jp/main.html,参宮橋トランスミッション,current,60,,https://www.trance-mission.jp/rentalinformation.html,https://www.trance-mission.jp/access.html,https://www.trance-mission.jp/rentalinformation.html,2026-08-01,verified_primary,,公式は舞台構成により60席＋α。2026年7～8月公演、1日料金・4日以上受付条件、参宮橋駅徒歩2分を確認。LaSensの80席は転記していない
479,LASENS-687,listed,山王FOREST 大森theater,https://lasens.com/database/theater-687.html,東京都大田区山王1-5-24 レコール山王104,東京都,60,2021-06-22,2026-07-31,http://wanekaze.com/forest/,大森山王FOREST,current,,,http://wanekaze.com/forest/product/index.html,http://wanekaze.com/forest/access/index.html,http://wanekaze.com/forest/product/index.html,2026-08-01,verified_primary,,公式HTTPサイトで予約導線・現行料金・管理会社・住所を確認し2026年公式主催公演で現行利用も確認。公式本文から客席数を確定できずLaSensの60席は転記していない
480,LASENS-469,marked_closed,産業商工会館(講堂）,https://lasens.com/database/theater-469.html,東京都杉並区阿佐谷南3-2-19,東京都,160,2020-09-09,2026-07-31,https://www.city.suginami.tokyo.jp/s033/shisetsu/14967.html,杉並区立産業商工会館 講堂,closed,,,,https://www.city.suginami.tokyo.jp/s033/shisetsu/14967.html,,2026-08-01,verified_primary,,杉並区公式の2015年条例改正議案が講堂廃止を明記。2025年更新の現行施設ページは展示場・集会室・和室のみで講堂を掲載していない。LaSensの160席は転記していない
481,LASENS-3504,marked_closed,四谷3丁目ドリームシアター,https://lasens.com/database/theater-3504.html,東京都新宿区若葉1-1-1 若葉大原ビルB1,東京都,100,2023-09-20,2026-07-31,https://www.otsukadreamshow.com/blank-3,四谷3丁目ドリームシアター,unknown,,,,https://www.otsukadreamshow.com/blank-3,,2026-08-01,primary_partial,,運営団体の現行公式サイトに名称・住所・四谷三丁目駅徒歩3分の旧劇場案内は残るが同ページは大塚ドリームシアターも案内しており四谷会場の現行利用または閉館を示す一次情報を確認できない。LaSensの閉館表示・100席・料金は転記していない
482,LASENS-600,listed,四谷区民ホール,https://lasens.com/database/theater-600.html,東京都新宿区内藤町87番地 四谷区民センター9階,東京都,452,2021-10-29,2026-07-31,https://shinjuku.hall-info.jp/yotsuya/,四谷区民ホール,current,394,,https://shinjuku.hall-info.jp/file/yotsuya_use_charge.pdf,https://shinjuku.hall-info.jp/yotsuya/access.html,https://shinjuku.hall-info.jp/file/riyou_kiyaku.pdf,2026-08-01,verified_primary,,新宿区立区民ホール公式の2026年7月現行案内で392席＋車いす2席・舞台寸法・料金・新宿御苑前駅徒歩5分・利用規約を確認。親子室5席は別室のため最大客席数へ加算していない
483,LASENS-344,listed,時事通信ホール,https://lasens.com/database/theater-344.html,東京都中央区銀座5-15-8,東京都,450,2020-10-07,2026-07-31,https://hall.jiji.com/,時事通信ホール,current,320,262,https://hall.jiji.com/rental/charge.html,https://hall.jiji.com/access/index.html,https://hall.jiji.com/reservation/tos.html,2026-08-01,verified_primary,,時事通信社公式とホール公式で262平方メートルのフラットスペース・最大320席・現行料金と使用規定・東銀座駅徒歩1分を確認。LaSensの450席は転記していない
484,LASENS-2721,marked_closed,十色庵,https://lasens.com/database/theater-2721.html,東京都葛飾区亀有2丁目67番11号,東京都,,2021-04-17,2026-07-31,https://toiroan.tumblr.com/,十色庵,unknown,,,,,,2026-08-01,ambiguous,,東京都公式施設一覧と運営者旧公式候補は北区神谷2-48-16の十色庵を示しLaSensの葛飾区亀有住所と一致しない。同名・移転・別施設の関係と現行・閉館を一次情報で解けないため確定していない
485,LASENS-3562,listed,渋谷 ばぐちか,https://lasens.com/database/theater-3562.html,東京都渋谷区桜丘町16-12 桜丘フロントビルB1,東京都,80,2022-11-26,2026-07-31,https://bugchika.firebug.jp/,ばぐちか,current,100,130,https://www.locationbox.metro.tokyo.lg.jp/catalog/7538/,https://www.locationbox.metro.tokyo.lg.jp/catalog/7538/,https://www.locationbox.metro.tokyo.lg.jp/catalog/7538/,2026-08-01,verified_primary,,施設公式サイトと東京都公式ロケ地台帳で運営会社FIREBUG・同住所・130平方メートル・立席100名または着席80名・料金・渋谷駅徒歩3分・申込1週間前と火気禁止を確認
486,LASENS-477,marked_closed,渋谷BOXX,https://lasens.com/database/theater-477.html,東京都渋谷区神南2-1-1,東京都,280,2020-09-09,2026-07-31,https://www.shibuyaboxx.com/,,unknown,,,,,,2026-08-01,official_not_found,,LaSens掲載の旧公式候補は現行ページへ到達できず運営者・所有者による閉館一次情報を特定できない。第三者の閉館記載は確認したがLaSensの閉館表示・280席を確定欄へ転記していない
487,LASENS-646,listed,小金井フラワーホール,https://lasens.com/database/theater-646.html,東京都小金井市中町4－15－12 2F,東京都,80,2020-12-21,2026-07-31,https://koganeiflowerhall.wixsite.com/flowerhall,小金井フラワーホール,current,80,,https://koganeiflowerhall.wixsite.com/flowerhall/items,https://koganeiflowerhall.wixsite.com/flowerhall,https://koganeiflowerhall.wixsite.com/flowerhall/items,2026-08-01,verified_primary,,施設公式サイトの2025年更新とレンタル案内で約80人収容・グランドピアノ・音響照明・プロジェクター・飲食持込可・料金表公開を確認。138平方メートルはLaSens値のみのため転記していない
488,LASENS-483,listed,小劇場 ひつじ座,https://lasens.com/database/theater-483.html,東京都杉並区梅里2-40-19 ワールドビルB1,東京都,60,2021-05-26,2026-07-31,https://vector7.info/about.html,ひつじ座,current,90,,,https://vector7.info/about.html,https://vector7.info/about.html,2026-08-01,verified_primary,,運営会社公式で同住所・約10m×6mのフリースペース・客席構成により約90名・南阿佐ヶ谷駅徒歩5分・用途を確認し運営公式ブログの現行問い合わせ更新も確認。ブログ見出しの約50人との表記差があるため構成確認が必要
489,LASENS-706,listed,小劇場B1,https://lasens.com/database/theater-706.html,東京都世田谷区北沢2-8-18 北沢タウンホール地下1階,東京都,,2021-02-09,2026-07-31,https://www.honda-geki.com/b1/,小劇場B1,current,,,https://www.honda-geki.com/docs/b1syou.html,https://www.honda-geki.com/docs/b1syou.html,https://www.honda-geki.com/docs/b1syou.html,2026-08-01,verified_primary,,本多劇場グループ公式で2026年公演予定と2027年下半期の使用申込を確認。客席数と面積は公式公開値を特定できず空欄。
490,LASENS-485,listed,小劇場楽園,https://lasens.com/database/theater-485.html,東京都世田谷区北沢2-10-8 藤和下北沢ハイタウンB棟地下1F,東京都,80,2021-02-09,2026-07-31,https://www.honda-geki.com/rakuen,小劇場楽園,current,,,https://www.honda-geki.com/docs/rakuenshou.html,https://www.honda-geki.com/docs/map/gekishorakuen.html,https://www.honda-geki.com/docs/rakuenshou.html,2026-08-01,verified_primary,,本多劇場グループ公式で2026年公演予定と使用案内を確認。公式住所は北沢2-10-18でLaSensの2-10-8と不一致。客席数と面積は公式公開値を特定できず空欄。
491,LASENS-346,listed,上智小劇場,https://lasens.com/database/theater-346.html,東京都千代田区紀尾井町7-1 上智大学1号館内,東京都,250,2020-12-04,2026-07-31,https://www.sophia.ac.jp/jpn/article/feature/sophia-chronicle/20250930/,上智大学1号館講堂（通称：上智小劇場）,current,,,,,,2026-08-01,primary_partial,,上智大学公式の2025年記事で通称と現行の学生課外活動拠点を確認。一般貸館の料金・利用条件・公式客席数は確認できずLaSens値を転記していない。
492,LASENS-682,listed,上野ストアハウス,https://lasens.com/database/theater-682.html,東京都台東区北上野1‐6‐11 ノルドビルB1,東京都,130,2020-10-07,2026-07-31,https://www.storehouse.ne.jp/index.html,上野ストアハウス,current,116,,https://www.storehouse.ne.jp/pg84.html,https://www.storehouse.ne.jp/access.html,https://www.storehouse.ne.jp/pg84.html,2026-08-01,verified_primary,,公式サイトで2027年利用予約受付中・客席116席・料金・アクセス・利用規定を確認。
493,LASENS-642,listed,新井薬師 SPECIAL COLORS,https://lasens.com/database/theater-642.html,東京都中野区新井5－9－1 アーバンハイムB1,東京都,50,2020-09-03,2026-07-31,http://specialcolors.jp/,Special Colors,unknown,,,,,,2026-08-01,blocked,,東京都公式施設一覧に名称・住所・公式URLを確認したが公式URLはHTTPS・HTTPともDNS解決不能。現況と比較項目を確認できずLaSens値を転記していない。
494,LASENS-481,marked_closed,新宿 シアター・ミラクル,https://lasens.com/database/theater-481.html,東京都新宿区歌舞伎町2-45-2 カイダ第3ジャストビル4F,東京都,100,2023-06-23,2026-07-31,,,,,,,,,2026-08-01,official_not_found,,施設・運営者の公式一次情報を十分探索したが特定できず。LaSensの閉館表示と客席数を公式欄へ転記していない。
495,LASENS-324,marked_closed,新宿ゴールデン街劇場,https://lasens.com/database/theater-324.html,東京都新宿区歌舞伎町1-1-7 マルハビル1階,東京都,50,2020-09-10,2026-07-31,https://golden-gai-gekijou.jimdofree.com/,新宿ゴールデン街劇場,closed,,,https://golden-gai-gekijou.jimdofree.com/%E5%8A%87%E5%A0%B4%E4%BD%BF%E7%94%A8%E6%96%99/,https://golden-gai-gekijou.jimdofree.com/%E3%82%A2%E3%82%AF%E3%82%BB%E3%82%B9/,https://golden-gai-gekijou.jimdofree.com/%E4%BD%BF%E7%94%A8%E7%94%B3%E8%BE%BC%E3%81%BF/,2026-08-01,verified_primary,,劇場公式トップが貸館停止後の8月末閉館を明記。公式料金・アクセス・使用申込みページも記録しLaSensの客席数は転記していない。
496,LASENS-511,marked_closed,新宿サニーサイドシアター,https://lasens.com/database/theater-511.html,東京都新宿区新宿2-6-8 小沢ビルB1,東京都,47,2020-12-13,2026-07-31,,,,,,,,,2026-08-01,official_not_found,,施設・運営者の公式一次情報を十分探索したが特定できず。LaSensの閉館表示と客席数を公式欄へ転記していない。
497,LASENS-2649,listed,新宿眼科画廊スペース地下,https://lasens.com/database/theater-2649.html,東京都新宿区新宿5-18-11,東京都,60,2021-01-04,2026-07-31,https://www.gankagarou.com/,新宿眼科画廊 スペース地下,current,,,https://www.gankagarou.com/price/,https://www.gankagarou.com/map/,https://www.gankagarou.com/e_reservation/,2026-08-01,verified_primary,,"公式レンタル・料金表・地図・利用規約を確認。地下スペースは有料展示・イベント可。公式公開ページに客席数・面積の明示は確認できず、LaSens値は転記しない"
498,LASENS-488,marked_closed,新宿新生館,https://lasens.com/database/theater-488.html,東京都新宿区上落合3-9-10 三笠ビルB1F,東京都,60,2020-09-09,2026-07-31,,,,,,,,,2026-08-01,official_not_found,,"名称・住所・運営者候補で公式サイト、自治体、指定管理者の公開情報を探索したが、公式施設情報を確認できなかった。LaSensの閉館表示・客席値は転記しない"
499,LASENS-700,listed,新宿村LIVE,https://lasens.com/database/theater-700.html,東京都東京都新宿区北新宿2-1-2,東京都,228,2023-07-28,2026-07-31,https://www.shinjukumura-live.com/,新宿村LIVE,current,228,252.88,https://www.shinjukumura-live.com/price/,https://www.shinjukumura-live.com/rental/,https://www.shinjukumura-live.com/reservation/,2026-08-01,verified_primary,,"公式劇場概要に228席・劇場内252.88㎡、公式料金ページに5日以上の利用料金と利用時間、公式予約案内に申込・支払条件を確認"
500,LASENS-479,marked_closed,新宿村ライブ（2014年2月以前）,https://lasens.com/database/theater-479.html,東京都新宿区北新宿2丁目1番8号,東京都,223,2020-06-23,2026-07-31,,,,,,,,,2026-08-01,ambiguous,,"公式現行サイトでは新宿村LIVE（北新宿2-1-2）のみ確認。LaSensの「2014年2月以前」との同一施設・改称又は移転の公式連続性を確認できないため、現行値を転記しない"
501,LASENS-480,marked_closed,新宿白萩ホール,https://lasens.com/database/theater-480.html,東京都新宿区百人町1-5-6,東京都,,2020-09-01,2026-07-31,,,,,,,,,2026-08-01,official_not_found,,"名称・住所・運営者候補で公式サイト、自治体、指定管理者の公開情報を探索したが、公式施設情報を確認できなかった。LaSensの閉館表示は転記しない"
502,LASENS-478,listed,新宿文化センター小ホール,https://lasens.com/database/theater-478.html,東京都新宿区新宿6-14-1,東京都,210,2020-09-01,2026-07-31,https://www.regasu-shinjuku.or.jp/bunka-center/,新宿区立新宿文化センター 小ホール,current,210,173.5,https://www.regasu-shinjuku.or.jp/bunka-center/facilities/,https://www.regasu-shinjuku.or.jp/bunka-center/facilities/,https://www.regasu-shinjuku.or.jp/bunka-center/facilities/,2026-08-01,verified_primary,,"公式施設利用ガイドで現行利用と指定管理運営、公式2025年施設ガイドPDFで小ホール210席・173.5㎡を確認。小ホールは2025年11月に一般利用再開と公式告知"
503,LASENS-403,listed,森下スタジオ(Cスタジオ),https://lasens.com/database/theater-403.html,東京都江東区森下3-5-6,東京都,,2020-06-23,2026-07-31,https://www.saison.or.jp/studio,森下スタジオ Cスタジオ,current,,238.56,https://www.saison.or.jp/studio,https://www.saison.or.jp/studio,https://www.saison.or.jp/studio,2026-08-01,verified_primary,,"公式にCスタジオ238.56㎡、使用料8,000円/日、利用時間10時〜22時を確認。現代演劇・舞踊の稽古専用で、原則として当財団の助成対象者以外は利用不可"
504,LASENS-402,listed,森下文化センター(第１レクホール),https://lasens.com/database/theater-402.html,東京都江東区森下3-12-17,東京都,350,2020-10-07,2026-07-31,https://www.kcf.or.jp/morishita/shisetsu/ichiran/detail/?id=45,江東区森下文化センター 第1レクホール,current,350,394.7,https://www.kcf.or.jp/morishita/shisetsu/ichiran/detail/?id=45,https://www.kcf.or.jp/morishita/shisetsu/ichiran/detail/?id=45,https://www.kcf.or.jp/morishita/shisetsu/ichiran/detail/?id=45,2026-08-01,verified_primary,,"公式施設詳細に2025年4月以降の料金、定員350人、面積394.7㎡、舞台・備付設備、主な利用目的、所在地を確認"
505,LASENS-349,marked_closed,神楽坂die pratze,https://lasens.com/database/theater-349.html,東京都新宿区西五軒町2-12,東京都,100,2020-06-24,2026-07-31,,,,,,,,,2026-08-01,official_not_found,,"劇場名・所在地・運営者で公式サイト、自治体・指定管理者の現行施設情報を探索したが、公式一次情報を確認できない。LaSensの閉館表示・客席数は転記しない"
506,LASENS-681,listed,神奈川県芸術劇場 大スタジオ,https://lasens.com/database/theater-681.html,東京都神奈川県横浜市中区山下町281,東京都,220,2020-06-24,2026-07-31,https://www.kaat.jp/,KAAT神奈川芸術劇場 大スタジオ,current,220,405,https://www.kaat.jp/guide/price,https://www.kaat.jp/access,https://www.kaat.jp/guide,2026-08-01,verified_primary,,"KAAT公式施設ページにロールバック客席160席・移動観覧席60席、面積405㎡、演劇・ダンス等の利用を確認。料金・アクセス・利用案内は公式ページを記録"
507,LASENS-345,marked_closed,神保町花月,https://lasens.com/database/theater-345.html,東京都千代田区神田神保町1-23 神保町シアタービル2F,東京都,135,2020-09-09,2026-07-31,,,,,,,,,2026-08-01,official_not_found,,"劇場名・所在地・運営者で公式サイト、自治体・指定管理者の現行施設情報を探索したが、公式一次情報を確認できない。LaSensの閉館表示・客席数は転記しない"
508,LASENS-3997,listed,人形町劇場 rabbit,https://lasens.com/database/theater-3997.html,東京都中央区日本橋小舟町6-16 日本橋グリーンビルB1,東京都,70,2026-03-04,2026-07-31,https://ningyocho-rabbit.com/,,,,,,,,2026-08-01,blocked,,"公式サイト（https://ningyocho-rabbit.com/）を確認したが、本文を取得できず、現行状態・客席・料金等を公式値として確認できない"
509,LASENS-4132,listed,水性suisei,https://lasens.com/database/theater-4132.html,東京都中野区新井 1-14-14 1F,東京都,,2026-02-25,2026-07-31,https://suisei-nakano.com/,水性,current,,, ,https://suisei-nakano.com/access/,https://suisei-nakano.com/contact/,2026-08-01,primary_partial,,"公式サイトの2026年公演予定、所在地・駅からのアクセス、利用相談時に必要な情報を確認。公式の客席数・面積・会場利用料金は確認できない"
510,LASENS-634,listed,成城ホール,https://lasens.com/database/theater-634.html,東京都世田谷区成城6-2-1,東京都,294,2020-12-04,2026-07-31,https://www.setagaya.co.jp/kuminkaikan/seijohall/,成城ホール（砧区民会館）,current,397,,https://www.setagaya.co.jp/kuminkaikan/seijohall/pricelist.html,https://www.setagaya.co.jp/kuminkaikan/seijohall/,https://www.setagaya.co.jp/kuminkaikan/seijohall/pricelist.html,2026-08-01,verified_primary,,"世田谷区公式の施設案内・料金表に現行施設、定員397人、所在地、利用料金と取消・利用条件を確認。公式の総面積は確認できない"
511,LASENS-3426,listed,晴れたら空に豆まいて,https://lasens.com/database/theater-3426.html,東京都渋谷区代官山町20-20 モンシェリー代官山B2,東京都,130,2021-11-30,2026-07-31,https://haremame.com/news/,,,,,,,,2026-08-01,blocked,,"公式サイト（https://haremame.com/news/）への取得がHTTP 429で停止。状態・客席・料金等を公式値として記録しない"
512,LASENS-585,marked_closed,西荻WENZスタジオ,https://lasens.com/database/theater-585.html,東京都杉並区西荻北2-5-11 ひかり平方ビルB1F,東京都,100,2020-09-09,2026-07-31,,,,,,,,,2026-08-01,official_not_found,,"劇場名・所在地・運営者で公式サイト、自治体・指定管理者の現行施設情報を探索したが、公式一次情報を確認できない。LaSensの閉館表示・客席数は転記しない"
513,LASENS-558,marked_closed,西新宿成子坂劇場(TJPスタジオ),https://lasens.com/database/theater-558.html,東京都新宿区西新宿5-1-18 西新宿パレスビルB1,東京都,,2020-09-09,2026-07-31,,,,,,,,,2026-08-02,official_not_found,,"劇場名・所在地・運営者で公式サイト、自治体・指定管理者の現行施設情報を探索したが、公式一次情報を確認できない。LaSensの閉館表示は転記しない"
514,LASENS-419,marked_closed,西東京市民会館(公会堂),https://lasens.com/database/theater-419.html,東京都西東京市田無町4-15-11,東京都,502,2020-09-09,2026-07-31,https://www.city.nishitokyo.lg.jp/siseizyoho/sesaku_keikaku/kanminrenkei/anken_ichiran/shiminkaikan_katsuyou/shiminkaikan_sd_202011_kekka.html,西東京市民会館,closed,,,,,,2026-08-02,verified_primary,,"西東京市公式ページに旧西東京市民会館は2019年3月31日をもって閉館と明記。LaSensの公会堂客席数・料金等は公式欄へ転記しない"
515,LASENS-297,marked_closed,青山円形劇場,https://lasens.com/database/theater-297.html,東京都渋谷区神宮前5-53-1,東京都,376,2020-06-24,2026-07-31,https://www.toshiseibi.metro.tokyo.lg.jp/documents/d/toshiseibi/250410_-machihoshin,青山円形劇場,closed,,,,,,2026-08-02,verified_primary,,"東京都公式の神宮前五丁目地区まちづくり方針で青山円形劇場は2015年閉館と確認。国の公式資料でも同住所のこどもの城の閉館と劇場部門を確認。LaSensの客席数等は転記しない"
516,LASENS-474,listed,青年座劇場,https://lasens.com/database/theater-474.html,東京都渋谷区富ヶ谷1-53-12,東京都,144,2020-12-04,2026-07-31,,,,,,,,,2026-08-02,ambiguous,,"劇団青年座の公式サイトは豊島区西池袋の新拠点を記載するが、富ヶ谷の青年座劇場との現行・閉館・移転関係を公式に確認できない。客席数・料金等は記録しない"
517,LASENS-3531,listed,石神井舞台,https://lasens.com/database/theater-3531.html,東京都練馬区石神井台1-18-4,東京都,40,2022-09-22,2026-07-31,,,,,,,,,2026-08-02,official_not_found,,"所在地と名称で探索したが、運営者・自治体・指定管理者の公式サイトを確認できない。予約仲介サイトの掲載値は公式欄へ転記しない"
518,LASENS-230,listed,赤羽会館小ホール,https://lasens.com/database/theater-230.html,東京都北区赤羽南1-13-1,東京都,222,2020-09-30,2026-07-31,https://www.akabanekaikan.jp/,赤羽会館 小ホール,current,87,138,https://www.akabanekaikan.jp/usage-guidance/fee/,https://www.akabanekaikan.jp/hall-guide/,https://www.akabanekaikan.jp/usage-guidance/fee/,2026-08-02,verified_primary,,"北区指定管理者公式の2025年4月改定使用料表に小ホール面積138㎡・定員87人（椅子のみ135人）を確認。施設案内に所在地・指定管理者・アクセスを確認"
519,LASENS-234,listed,赤坂 RED Theater,https://lasens.com/database/theater-234.html,東京都港区赤坂3-10-9 赤坂グランベルホテルB1F,東京都,173,2020-11-30,2026-07-31,https://www.red-theater.net/,赤坂RED/THEATER,current,176,,https://www.red-theater.net/_p/acre/26171/documents/%E4%BD%BF%E7%94%A8%E8%A6%8F%E5%AE%9A2025%E5%B9%B4%E5%BA%A6%E7%89%88.pdf,https://www.red-theater.net/category/1310121.html,https://www.red-theater.net/category/1712375.html,2026-08-02,verified_primary,,"公式サイトに2026年公演・使用申込を確認。公式座席表の基本舞台176席、2025年改訂使用規定の料金・貸出条件、公式アクセス案内を記録。LaSensの住所階数・客席数は転記しない"
520,LASENS-2016,listed,赤坂CHANCEシアター,https://lasens.com/database/theater-2016.html,東京都港区赤坂2-6-22 デュオ・スカーラⅡB1F,東京都,,2020-11-30,2026-07-31,https://tmedge.jp/act/,,,,,,,,2026-08-02,blocked,,"公式サイト（https://tmedge.jp/act/）を確認したが、本文取得およびドメイン名前解決ができず、現行状態・客席・料金等を公式値として確認できない"
521,LASENS-475,listed,千本桜ホール,https://lasens.com/database/theater-475.html,東京都目黒区鷹番3-8-11 第3エスペランス,東京都,100,2020-11-30,2026-07-31,https://www.senbonzakura.jp/,千本桜ホール,current,66,,https://www.senbonzakura.jp/fee/,https://www.senbonzakura.jp/about/,https://www.senbonzakura.jp/Data/upload/8-0.pdf,2026-08-02,verified_primary,,公式サイトの座席表・料金ページに66席（レイアウトにより約80名）、料金、アクセス、利用規約を確認。面積は公式公開確認できないため空欄
522,LASENS-2012,listed,浅草花劇場,https://lasens.com/database/theater-2012.html,東京都台東区浅草2-28-1,東京都,257,2020-09-30,2026-07-31,https://www.hanayashiki-kagekijo.com/,浅草花劇場,current,450,,https://www.hanayashiki-kagekijo.com/regulation/,https://www.hanayashiki-kagekijo.com/,https://www.hanayashiki-kagekijo.com/regulation/,2026-08-02,verified_primary,,公式の会場レンタル規約に最大450人・料金・利用条件を確認。面積は用途別表記のため単一の面積値を記録しない
523,LASENS-2018,listed,浅草九劇,https://lasens.com/database/theater-2018.html,東京都台東区浅草2-16-2 浅草九倶楽部 2階,東京都,95,2020-09-30,2026-07-31,https://asakusa-kokono.com/,浅草九劇,current,95,,https://asakusa-kokono.com/sp/kyugeki/guide/,,https://asakusa-kokono.com/sp/kyugeki/guide/,2026-08-02,verified_primary,,公式利用案内に一般席95席・車椅子席1席、料金、利用条件を確認。面積・個別アクセスURLは公開確認できないため空欄
524,LASENS-643,marked_closed,前進座劇場,https://lasens.com/database/theater-643.html,東京都東京都武蔵野市吉祥寺南町3-13-2,東京都,500,2020-06-24,2026-07-31,,,,,,,,,2026-08-02,official_not_found,,劇場・運営者・自治体の公式サイトまたは公式PDFで現行・閉館・改称を確認できないため、二次索引の閉館表示・客席値を採用しない
525,LASENS-607,listed,全電通ホール,https://lasens.com/database/theater-607.html,東京都千代田区神田駿河台3-6,東京都,420,2020-10-05,2026-07-31,https://zhall.or.jp/,全電通ホール,current,420,340,https://zhall.or.jp/hall/,,https://zhall.or.jp/hall/,2026-08-02,verified_primary,,公式施設案内に基本420席（最大464席）・面積約340平方メートル、公式利用案内に料金・取消条件を確認。個別アクセスURLは公開確認できないため空欄
526,LASENS-497,listed,全労済ホール スペースゼロ,https://lasens.com/database/theater-497.html,東京都渋谷区代々木2-12-10 全労済会館B1,東京都,446,2020-09-01,2026-07-31,https://www.spacezero.co.jp/,こくみん共済 coop ホール／スペース・ゼロ,current,446,440,,,https://www.spacezero.co.jp/hall/announce,2026-08-02,verified_primary,,運営者公式サイトで現行名称、5日以上の公演時446席、面積440平方メートル、利用案内を確認。料金・個別アクセスURLは公開確認できないため空欄
527,LASENS-555,listed,早稲田クローバースタジオ,https://lasens.com/database/theater-555.html,東京都新宿区弁天町177 エクセル早稲田B1F,東京都,45,2020-09-30,2026-07-31,https://kuroubasutazio.mystrikingly.com/,早稲田クローバースタジオ,unknown,,,,,,2026-08-02,primary_partial,,運営者の公式ページで施設名・問い合わせ導線を確認したが、現行利用状況、客席、面積、料金、アクセス、利用条件を十分に確認できないため空欄
528,LASENS-285,listed,早稲田どらま館,https://lasens.com/database/theater-285.html,東京都新宿区戸塚町1-101,東京都,100,2023-02-20,2026-07-31,https://www.waseda.jp/culture/dramakan/,早稲田小劇場どらま館,current,,,https://www.waseda.jp/culture/dramakan/assets/uploads/2025/07/02a7872bf4b6345e292c5d421cfdc16f.pdf,https://www.waseda.jp/culture/dramakan/access,https://www.waseda.jp/culture/dramakan/assets/uploads/2025/07/02a7872bf4b6345e292c5d421cfdc16f.pdf,2026-08-02,verified_primary,,早稲田大学公式の2026年予定、アクセス、施設使用要領を確認。客席・面積・料金は公式公開確認できないため空欄
529,LASENS-581,listed,早稲田大学新学生会館 地下2階練習室(B-202),https://lasens.com/database/theater-581.html,東京都新宿区戸山1-24-1 (戸山キャンパス住所),東京都,150,2020-12-26,2026-07-31,https://www.waseda.jp/inst/student/facility/studentcenter/information,演劇練習室（B202）,current,,,https://www.waseda.jp/inst/student/facility/studentcenter/information,https://www.waseda.jp/inst/student/facility/studentcenter/about,https://www.waseda.jp/inst/student/facility/studentcenter/information,2026-08-02,verified_primary,,早稲田大学公式の2026年度予約・貸出案内で演劇練習室B202を確認。公認サークル向けの学生会館施設であり、客席・面積・料金は公式公開確認できないため空欄
530,LASENS-582,listed,早稲田大学新学生会館 地下2階練習室(B-203),https://lasens.com/database/theater-582.html,東京都新宿区戸山1-24-1 (戸山キャンパス住所),東京都,150,2020-12-26,2026-07-31,https://www.waseda.jp/inst/student/facility/studentcenter/information,演劇練習室（B203）,current,,,https://www.waseda.jp/inst/student/facility/studentcenter/information,https://www.waseda.jp/inst/student/facility/studentcenter/about,https://www.waseda.jp/inst/student/facility/studentcenter/information,2026-08-02,verified_primary,,早稲田大学公式の2026年度予約・貸出案内で演劇練習室B203を確認。公認サークル向けの学生会館施設であり、客席・面積・料金は公式公開確認できないため空欄
531,LASENS-284,marked_closed,早稲田銅鑼魔館(改装前),https://lasens.com/database/theater-284.html,東京都新宿区戸塚町1-101,東京都,100,2020-09-09,2026-07-31,https://www.waseda.jp/culture/dramakan/about/history,早稲田銅鑼魔館,closed,,,,,,2026-08-02,verified_primary,,早稲田大学公式沿革に1976年以降の早稲田銅鑼魔館、1997年の改称、2012年の閉館・取り壊し、2015年の別施設開館を確認。二次索引の客席値は採用しない
532,LASENS-490,listed,草月ホール,https://lasens.com/database/theater-490.html,東京都港区赤坂7-2-21,東京都,530,2020-11-30,2026-07-31,https://www.sogetsu.or.jp/about/hq-building/hall/,草月ホール,current,526,,https://www.sogetsu.or.jp/wp-content/uploads/2024/03/d44662824c1670fe82fe939cb132b459.pdf,https://www.sogetsu.or.jp/about/hq-building/hall/,https://www.sogetsu.or.jp/wp-content/uploads/2024/03/d44662824c1670fe82fe939cb132b459.pdf,2026-08-02,verified_primary,,草月公式に現行526席、アクセス、使用規定・使用料・備品一覧を確認。座席表の構成値とは別に、公式施設案内の526席を記録
533,LASENS-3430,listed,大岡山劇場,https://lasens.com/database/theater-3430.html,東京都大田区北千束3丁目28-8 MINE. BLD. B1F,東京都,,2021-12-03,2026-07-31,https://www.okageki.com/,大岡山劇場,current,70,,https://www.okageki.com/_files/ugd/903376_df901fd8a5ec4555909cb879920e2d97.pdf,https://www.okageki.com/access,https://www.okageki.com/_files/ugd/903376_df901fd8a5ec4555909cb879920e2d97.pdf,2026-08-02,verified_primary,,公式の2026年公演予定と利用案内に現行利用、最大70席、料金・利用規約、アクセスを確認。面積は公式公開確認できないため空欄
534,LASENS-428,listed,大江戸温泉物語,https://lasens.com/database/theater-428.html,東京都江東区青海2-57,東京都,,2020-12-04,2026-07-31,,,,,,,,,,official_not_found,,運営者公式サイトまたは公式PDFで、旧東京お台場施設の現行・閉館・会場利用情報を確認できないため、二次索引の掲載状態を採用しない
535,LASENS-429,marked_closed,大塚ジェルスホール,https://lasens.com/database/theater-429.html,東京都豊島区北大塚2-16-9 北大塚ビルB1,東京都,60,2020-06-24,2026-07-31,,,,,,,,,,official_not_found,,劇場・運営者・自治体の公式サイトまたは公式PDFで現行・閉館・改称を確認できないため、二次索引の閉館表示・客席値を採用しない
536,LASENS-2532,listed,大塚ドリームシアター,https://lasens.com/database/theater-2532.html,東京都豊島区北大塚2丁目7−11 プロスペリティ北大塚地下1階,東京都,70,2020-09-30,2026-07-31,https://www.otsukadreamshow.com/,大塚ドリームシアター,unknown,,,,https://www.otsukadreamshow.com/blank-3,,2026-08-02,primary_partial,,運営者公式サイトで劇場名・所在地・大塚駅からのアクセスを確認したが、現行の貸出状況、客席、面積、料金、利用条件を十分に確認できないため空欄
537,LASENS-310,listed,池袋GEKIBA,https://lasens.com/database/theater-310.html,東京都豊島区西池袋3-31-15 ロイヤルプラザII3F,東京都,50,2020-09-04,2026-07-31,https://gekiba.gekiba.com/,池袋西口GEKIBA,unknown,,,https://gekiba.gekiba.com/price-list/,,,2026-08-02,primary_partial,,運営者公式サイトで劇場名と料金案内を確認したが、現行の利用状況、客席、面積、アクセス、利用条件を十分に確認できないため空欄
538,LASENS-337,marked_closed,池袋小劇場,https://lasens.com/database/theater-337.html,東京都豊島区池袋2-3-5 双葉ビル4F,東京都,80,2020-06-24,2026-07-31,,,,,,,,,,official_not_found,,劇場・運営者・自治体の公式サイトまたは公式PDFで現行・閉館・改称を確認できないため、二次索引の閉館表示・客席値を採用しない
539,LASENS-482,listed,中板橋新生館スタジオ,https://lasens.com/database/theater-482.html,東京都板橋区中板橋19-6 ダイアパレス中板橋B1F,東京都,49,2020-09-15,2026-07-31,https://www.ibsenkai.com/nakaita/,新生館スタジオ,current,,,https://www.ibsenkai.com/nakaita/pagekakakuhenkou.html,https://www.ibsenkai.com/nakaita/,https://www.ibsenkai.com/nakaita/pagekakakuhenkou.html,2026-08-02,verified_primary,,運営者公式サイトの2025年更新と利用料金案内に現行の新生館スタジオ、アクセス、利用条件を確認。客席構成は固定定員として公式公開確認できないため空欄
540,LASENS-409,listed,中目黒GTプラザホール,https://lasens.com/database/theater-409.html,東京都目黒区上目黒2-1-3,東京都,150,2020-11-30,2026-07-31,https://www.city.meguro.tokyo.jp/bunka/shisetsu/koukyoushisetsu/gt.html,中目黒GTプラザホール,current,150,,https://www.city.meguro.tokyo.jp/bunka/shisetsu/koukyoushisetsu/gt.html,https://www.city.meguro.tokyo.jp/bunka/shisetsu/koukyoushisetsu/gt.html,https://www.city.meguro.tokyo.jp/bunka/shisetsu/koukyoushisetsu/gt.html,2026-08-02,verified_primary,,目黒区公式施設案内に現行ホール、150人定員、利用料金、予約方法、アクセスを確認。面積は公式公開確認できないため空欄
541,LASENS-701,listed,中野Vスタジオ,https://lasens.com/database/theater-701.html,東京都中野区中央4-26-10-B1,東京都,50,2020-09-02,2026-07-31,https://nakanov.seesaa.net/,中野Vスタジオ,unknown,,,https://nakanov.seesaa.net/category/5389944-1.html,https://nakanov.seesaa.net/,https://nakanov.seesaa.net/category/5389944-1.html,2026-08-02,primary_partial,,運営者公式ブログで所在地、利用案内、料金、アクセスを確認したが、90日以上の更新なし表示のため現行利用状況と客席・面積を十分に確認できない
542,LASENS-446,listed,中野ザポケット,https://lasens.com/database/theater-446.html,東京都中野区中野3-22-8,東京都,200,2020-06-24,2026-07-31,https://www.pocketsquare.jp/the-pocket/information/,ザ・ポケット,current,180,,https://www.pocketsquare.jp/the-pocket/charge/,https://www.pocketsquare.jp/the-pocket/information/,https://www.pocketsquare.jp/the-pocket/charge/,2026-08-02,verified_primary,,劇場公式の現行公演予定、利用案内、料金規約、アクセスに約180席と利用条件を確認。面積は公式公開確認できないため空欄
543,LASENS-2713,listed,中野シアターかざあな,https://lasens.com/database/theater-2713.html,東京都中野区上高田５丁目４５−９ ＩＭＡ新井薬師ビル B1,東京都,60,2020-09-15,2026-07-31,https://kaza-ana.jp/,中野シアターかざあな,current,40,70,https://kaza-ana.jp/rental/,https://kaza-ana.jp/access/,https://kaza-ana.jp/kiyaku/,2026-08-02,verified_primary,,劇場公式の2026年表記、施設案内、レンタル料金、アクセス、利用規約に現行40席・70平方メートルを確認
544,LASENS-411,marked_closed,中野光座,https://lasens.com/database/theater-411.html,東京都中野区中央4-61-1,東京都,120,2020-06-24,2026-07-31,,,,,,,,,,official_not_found,,劇場・運営者・自治体の公式サイトまたは公式PDFで現行・閉館・改称を確認できないため、二次索引の閉館表示・客席値を採用しない
545,LASENS-389,listed,町田市民フォーラム,https://lasens.com/database/theater-389.html,東京都町田市原町田4-9-8 サウスフロントタワー町田,東京都,188,2020-12-21,2026-07-31,https://www.city.machida.tokyo.jp/kurashi/community/shimin/com/com14.html,町田市民フォーラム,current,188,,https://www.city.machida.tokyo.jp/kurashi/community/shimin/com/com14.html,https://www.city.machida.tokyo.jp/kurashi/community/shimin/com/com14.html,https://www.city.machida.tokyo.jp/kurashi/community/shimin/com/com14.html,2026-08-02,verified_primary,,町田市公式の施設案内にホール188人定員、使用料、使用団体・申請期間、所在地を確認。面積は公式公開確認できないため空欄
546,LASENS-280,listed,調布市グリーンホール 小ホール,https://lasens.com/database/theater-280.html,東京都調布市小島町2-47-1,東京都,300,2020-09-24,2026-07-31,https://www.chofu-culture-community.org/halls/green-hall-small,調布市グリーンホール 小ホール,current,300,,https://www.chofu-culture-community.org/halls/green-hall-small,https://www.chofu-culture-community.org/halls/green-hall-small,https://www.chofu-culture-community.org/renter/reservation/tazukuri-green-hall,2026-08-02,verified_primary,,公益財団法人公式に最大定員300人、利用料金、所在地、予約方法を確認。面積は公式公開確認できないため空欄
547,LASENS-4008,listed,鶴めいホール,https://lasens.com/database/theater-4008.html,東京都千代田区飯田橋2丁目5-4,東京都,39,2025-03-04,2026-07-31,https://www.kakumei-hall.com/hall.html,鶴めいホール,current,39,,https://www.kakumei-hall.com/stage.html,https://www.kakumei-hall.com/access.html,https://www.kakumei-hall.com/stage.html,2026-08-02,verified_primary,,劇場公式に39席、料金、申込手順、アクセスを確認。1階・2階の面積は別々に公開され単一面積に換算できないため空欄
548,LASENS-2534,listed,伝承ホール,https://lasens.com/database/theater-2534.html,東京都渋谷区桜丘町23-21,東京都,345,2020-09-24,2026-07-31,https://shibu-cul.jp/denshohall,伝承ホール,current,345,,https://shibu-cul.jp/denshohall/kashikan_denshohall,https://shibu-cul.jp/cms/wp-content/uploads/2024/01/hall_usage_guide202211.pdf,https://shibu-cul.jp/denshohall/kashikan_denshohall,2026-08-02,verified_primary,,指定管理者公式の2026年イベントカレンダーと施設利用案内に現行利用、定員345名、料金、申込条件、アクセスを確認。ホール面積は公式公開確認できないため空欄
549,LASENS-437,listed,東演パラータ,https://lasens.com/database/theater-437.html,東京都世田谷区代田1-30-13,東京都,120,2020-06-24,2026-07-31,https://t-toen.com/parata.html,東演パラータ,current,70,,https://t-toen.com/img/parata/guide/pdf/parata_rental_fee.pdf,https://t-toen.com/access.html,https://t-toen.com/parata_stage_guide.html,2026-08-02,verified_primary,,運営者公式に貸し劇場としての現行利用、客席70席、料金表、使用規約、アクセスを確認。面積は公式公開確認できないため空欄
550,LASENS-565,listed,東京ウィメンズプラザ(ホール),https://lasens.com/database/theater-565.html,東京都渋谷区神宮前5-53-67,東京都,246,2020-09-24,2026-07-31,https://www.seikatubunka.metro.tokyo.lg.jp/twp/facilities/venue-hire,東京ウィメンズプラザ ホール,current,246,553,https://www.twp.metro.tokyo.lg.jp/Portals/0/images/facilities/data_detail.pdf,,https://www.seikatubunka.metro.tokyo.lg.jp/documents/d/seikatubunka/2026-04-10-091405-076,2026-08-02,verified_primary,,東京都公式にホール約553平方メートル、1階174席・2階72席、2026年利用料金・使用案内を確認。公式資料に総数246席としても示されるため記録
551,LASENS-2311,listed,東京芸術劇場（シアターイースト）,https://lasens.com/database/theater-2311.html,東京都豊島区西池袋1-8-1,東京都,272,2020-09-04,2026-07-31,https://www.geigeki.jp/facilities/theatre_east/,シアターイースト（小ホール1）,current,272,,https://www.geigeki.jp/rent/theatre_east/price/,https://www.geigeki.jp/access/,https://www.geigeki.jp/rent/theatre_east/price/,2026-08-02,verified_primary,,東京芸術劇場公式の2026年公演予定と貸出案内に現行利用、料金、アクセスを確認。公式施設概要の可変166から272席のうち最大272席を記録し面積は公式公開確認できないため空欄
552,LASENS-2313,listed,東京芸術劇場（シアターウエスト）,https://lasens.com/database/theater-2313.html,東京都豊島区西池袋1-8-1,東京都,270,2020-09-04,2026-07-31,https://www.geigeki.jp/facilities/theatre_west/,シアターウエスト（小ホール2）,current,270,,https://www.geigeki.jp/rent/theatre_west/price/,https://www.geigeki.jp/access/,https://www.geigeki.jp/rent/theatre_west/price/,2026-08-02,verified_primary,,東京芸術劇場公式の2026年公演予定と貸出案内に現行利用、料金、アクセスを確認。公式施設概要の可変222から270席のうち最大270席を記録し面積は公式公開確認できないため空欄
553,LASENS-306,marked_closed,東京芸術劇場小ホール1（平成24年以前）,https://lasens.com/database/theater-306.html,東京都豊島区西池袋1-8-1,東京都,300,2020-06-23,2026-07-31,https://www.geigeki.jp/rent/,シアターイースト（小ホール1）,renamed,,,,https://www.geigeki.jp/access/,https://www.geigeki.jp/rent/theatre_east/reserve/,2026-08-02,verified_primary,,東京芸術劇場公式は現行の小ホール1をシアターイーストとして案内し2012年の改修後にリニューアル。二次索引の閉館表示・客席値は採用せず、旧表記は改称関係として記録
554,LASENS-308,marked_closed,東京芸術劇場小ホール2（平成24年以前）,https://lasens.com/database/theater-308.html,東京都豊島区西池袋1-8-1,東京都,300,2020-06-23,2026-07-31,https://www.geigeki.jp/rent/,シアターウエスト（小ホール2）,renamed,,,,https://www.geigeki.jp/access/,https://www.geigeki.jp/rent/theatre_west/,2026-08-02,verified_primary,,東京芸術劇場公式は現行の小ホール2をシアターウエストとして案内し2012年の改修後にリニューアル。二次索引の閉館表示・客席値は採用せず、旧表記は改称関係として記録
555,LASENS-2670,listed,東中野バニラスタジオ,https://lasens.com/database/theater-2670.html,東京都中野区東中野1-14-27 MRビル B1F,東京都,50,2020-09-01,2026-07-31,,,,,,,,,,official_not_found,,劇場・運営者・自治体の公式サイトまたは公式PDFで現行の施設情報を確認できないため、二次索引と第三者の公演掲載・所在地・客席値を採用しない
556,LASENS-690,listed,東放学園 アトリエクマノ1k-1(専門学校東京アナウンス学院内),https://lasens.com/database/theater-690.html,東京都新宿区西新宿2-11-2,東京都,,2020-12-04,2026-07-31,,,,,,,,,,official_not_found,,東放学園公式サイトと公式公開資料でアトリエクマノ1k-1の現行施設情報を確認できないため、二次索引の所在地・設備記載を採用しない
557,LASENS-560,listed,東放学園 アトリエクマノ1k-2(専門学校東京アナウンス学院内),https://lasens.com/database/theater-560.html,東京都新宿区西新宿2-11-2,東京都,,2020-12-04,2026-07-31,,,,,,,,,,official_not_found,,東放学園公式サイトと公式公開資料でアトリエクマノ1k-2の現行施設情報を確認できないため、二次索引の所在地・設備記載を採用しない
558,LASENS-424,listed,徳望館小劇場(桜美林大学・町田キャンパス内),https://lasens.com/database/theater-424.html,東京都町田市常盤町3758,東京都,80,2020-12-21,2026-07-31,https://www.obirin.ac.jp/campus/machida.html,徳望館,unknown,,,,https://www.obirin.ac.jp/campus/machida.html,,2026-08-02,primary_partial,,桜美林大学公式の町田キャンパス案内で徳望館の現存を確認したが、徳望館小劇場としての現行利用、客席、面積、料金、利用条件は公式公開確認できないため空欄
559,LASENS-572,listed,内幸町ホール,https://lasens.com/database/theater-572.html,東京都千代田区内幸町1-5-1,東京都,188,2020-10-07,2026-07-31,https://www.uchisaiwai-hall.jp/,千代田区立内幸町ホール,unknown,,,https://www.uchisaiwai-hall.jp/,https://www.uchisaiwai-hall.jp/,,2026-08-02,primary_partial,,指定管理者公式に改装工事中でリニューアル情報・利用者登録・料金改定案内を確認したが、現行利用可否、客席、面積、確定料金、利用条件は十分に確認できないため空欄
560,LASENS-397,listed,南大塚ホール,https://lasens.com/database/theater-397.html,東京都豊島区南大塚2-36-1,東京都,267,2021-02-09,2026-07-31,https://www.toshima-mirai.or.jp/center/h_otsuka/,南大塚ホール,current,267,,https://www.toshima-mirai.or.jp/center/h_otsuka/,https://www.toshima-mirai.or.jp/center/h_otsuka/,https://www.toshima-mirai.or.jp/center/h_otsuka/,2026-08-02,verified_primary,,指定管理者公式に改修後の現行利用、最大267人、料金、申込・利用条件、アクセスを確認。ホール面積は公式公開確認できないため空欄
561,LASENS-416,listed,日暮里サニーホール,https://lasens.com/database/theater-416.html,東京都荒川区東日暮里5-50-5 ホテルラングウッド4・5階,東京都,401,2020-06-24,2026-07-31,https://www.city.arakawa.tokyo.jp/a015/bunkageijutsu/geijutu/sunnyhallriyou.html,日暮里サニーホール,current,500,,https://www.city.arakawa.tokyo.jp/a015/bunkageijutsu/geijutu/sunnyhallriyou.html,https://www.sunny-move.jp/sunny/download/pdf/08_01sunny_pamphlet.pdf,https://www.city.arakawa.tokyo.jp/a015/bunkageijutsu/geijutu/sunnyhallriyou.html,2026-08-02,verified_primary,,荒川区公式の現行利用案内でフラット利用500名・基本舞台使用411名、料金、予約方法を確認。最大500名を記録し、面積は公式確認できない
562,LASENS-413,listed,日本橋公会堂(日本橋劇場),https://lasens.com/database/theater-413.html,東京都中央区日本橋蛎殻町1-31-1,東京都,424,2020-10-07,2026-07-31,https://www.nihonbasikokaido.com/hall/,中央区立日本橋公会堂 ホール（日本橋劇場）,current,440,,https://www.nihonbasikokaido.com/hall/,https://www.nihonbasikokaido.com/hall/,https://www.nihonbasikokaido.com/cms/wp-content/uploads/2026/04/0804-%E3%83%9B%E3%83%BC%E3%83%AB%E5%88%A9%E7%94%A8%E6%A1%88%E5%86%85.pdf,2026-08-02,verified_primary,,公式の2026年利用案内で通常時424席・定員440名、花道使用時382席・398名、使用料、申込・利用条件を確認。収容欄は通常時定員440名を記録し、面積は公式確認できない
563,LASENS-325,listed,俳優座劇場,https://lasens.com/database/theater-325.html,東京都港区六本木4-9-2,東京都,300,2021-01-12,2026-07-31,https://www.haiyuzagekijou.co.jp/news/?id=1759195840-619324,俳優座劇場,closed,,,,,,2026-08-02,verified_primary,,運営会社公式の2025年4月19日付閉館挨拶と2025年6月2日付告知で六本木の俳優座劇場閉館を確認。旧客席・料金等は公式現行値として記録しない
564,LASENS-574,listed,梅ヶ丘BOX,https://lasens.com/database/theater-574.html,東京都世田谷区梅丘1-24-14 フリート梅丘B1,東京都,60,2021-01-25,2026-07-31,https://rinkogun.com/Umeaoka_Box.html,梅ヶ丘BOX,current,,,https://rinkogun.com/Umeaoka_Box.html,https://rinkogun.com/Umeaoka_Box.html,https://rinkogun.com/Umeaoka_Box.html,2026-08-02,verified_primary,,運営者公式の利用案内で稽古・仕込・本番の利用料金、照明音響機材、住所、駅からのアクセス、問い合わせ先を確認。客席・面積は公式確認できない
565,LASENS-327,listed,博品館劇場,https://lasens.com/database/theater-327.html,東京都中央区銀座8-8-11,東京都,381,2020-10-07,2026-07-31,https://www.hakuhinkan.co.jp/theater/%E8%B2%B8%E9%A4%A8%E3%81%AE%E3%81%94%E6%A1%88%E5%86%85,銀座博品館劇場,current,391,,,,https://www.hakuhinkan.co.jp/theater/%E8%B2%B8%E9%A4%A8%E3%81%AE%E3%81%94%E6%A1%88%E5%86%85,2026-08-02,verified_primary,,劇場公式の貸館案内で381席・立見10名の合計391名、貸館受付を確認。料金・面積・アクセスの独立した公式出典はこの波で確認できない
566,LASENS-3760,listed,板橋シアター咲,https://lasens.com/database/theater-3760.html,東京都板橋区大山東町45-4 トレジャリィ遊座大山 地下１階,東京都,40,2023-08-08,2026-07-31,https://theater-saki.com/rental,板橋シアター咲,current,,,https://theater-saki.com/rental,https://theater-saki.com/before-booking,https://theater-saki.com/before-booking,2026-08-02,verified_primary,,劇場公式のレンタル案内と予約前案内で現行貸出、料金、住所、利用前確認事項を確認。客席・面積は公式確認できない
567,LASENS-342,listed,板橋区立文化会館(小ホール),https://lasens.com/database/theater-342.html,東京都板橋区大山東町51-1,東京都,306,2020-09-15,2026-07-31,https://en.itabashi-ci.org/culturehall/institution/,板橋区立文化会館 小ホール,current,306,,https://www.itabashi-ci.org/culturehall/institution/bunka-charge.html,https://en.itabashi-ci.org/culturehall/institution/,https://www.itabashi-ci.org/culturehall/guide/application.html,2026-08-02,verified_primary,,指定管理者公式の施設案内で小ホール定員306名、住所を確認。料金表、申込期間、納付、営利利用時の割増等は公式利用案内で確認し、面積は公式確認できない
568,LASENS-685,listed,表参道GROUND,https://lasens.com/database/theater-685.html,東京都渋谷区神宮前4-2-12 WES,東京都,158,2020-11-30,2026-07-31,https://omotesando-ground.jp/,表参道GROUND,current,300,,https://omotesando-ground.jp/,https://omotesando-ground.jp/,https://omotesando-ground.jp/,2026-08-02,verified_primary,,運営者公式の2026年8月公演予定、アクセス、ホール仕様を確認。収容はスタンディング300名・椅子使用150名のため最大300名を記録。料金は直接問い合わせ、面積は公式確認できない
569,LASENS-241,marked_closed,不思議地底窟 青の奇蹟,https://lasens.com/database/theater-241.html,東京都世田谷区松原3-28-12 B1F,東京都,40,2020-09-09,2026-07-31,,,,,,,,,2026-08-02,official_not_found,,劇場名・旧URL・運営候補を公式一次情報で探索したが、公式サイトまたは公式PDFを確認できない。LaSensのmarked_closed表示は閉館根拠に用いない
570,LASENS-408,listed,武蔵野芸能劇場(小劇場),https://lasens.com/database/theater-408.html,東京都武蔵野市中町1-15-10,東京都,154,2021-02-09,2026-07-31,https://musashino-geinou.jp/facility/,武蔵野芸能劇場 小劇場,current,142,,https://musashino-geinou.jp/guide/,https://musashino-geinou.jp/facility/,https://musashino-geinou.jp/guide/,2026-08-02,verified_primary,,指定管理者公式の施設案内で小劇場142席、三鷹駅北口徒歩1分、現行設備を確認。利用案内で料金、申込、入場料加算、舞台使用時の条件を確認し、面積は公式確認できない
571,LASENS-407,listed,武蔵野公会堂,https://lasens.com/database/theater-407.html,東京都武蔵野市吉祥寺南町1丁目6番22号,東京都,350,2020-09-08,2026-07-31,https://www.musashino.or.jp/koukaido/index.html,武蔵野公会堂,unknown,,,,,,2026-08-02,primary_partial,,指定管理者公式が2026年4月30日で施設貸出終了、以降の運営等は案内待ちと告知。常設ホールの過去仕様・料金を現行値として記録せず、閉館とも推測しない
572,LASENS-276,listed,文学座アトリエ,https://lasens.com/database/theater-276.html,東京都新宿区信濃町10,東京都,200,2020-10-05,2026-07-31,https://www.bungakuza.com/about_us/atelier1.html,文学座アトリエ,current,,,,https://www.bungakuza.com/ashiato/index.html,,2026-08-02,verified_primary,,文学座公式が同アトリエを現役の活動拠点とし、2026年3月・10月のアトリエ公演を掲載。公式の客席、面積、一般貸出料金・利用条件は確認できない
573,LASENS-433,listed,豊島区立舞台芸術交流センター あうるすぽっと,https://lasens.com/database/theater-433.html,東京都豊島区東池袋4-5-2 ライズアリーナビル2･3F,東京都,301,2020-09-04,2026-07-31,https://www.owlspot.jp/,あうるすぽっと（豊島区立舞台芸術交流センター）,current,301,,https://www.owlspot.jp/rental/,https://www.owlspot.jp/,https://www.owlspot.jp/rental/,2026-08-02,verified_primary,,指定管理者公式で301席、2026年の公演・劇場貸出、所在地、利用受付を確認。劇場は2027年4月から12月末予定で改修休館だが、現時点は現行利用として記録。面積は公式確認できない
574,LASENS-493,marked_closed,北新宿スペースアクロス,https://lasens.com/database/theater-493.html,東京都新宿区北新宿3-28-16 B1F,東京都,70,2020-09-09,2026-07-31,,,,,,,,,2026-08-02,official_not_found,,劇場名・旧URL・運営候補を公式一次情報で探索したが、公式サイトまたは公式PDFを確認できない。LaSensのmarked_closed表示は閉館根拠に用いない
575,LASENS-366,listed,北沢タウンホール,https://lasens.com/database/theater-366.html,東京都世田谷区北沢2-8-18,東京都,294,2021-07-20,2026-07-31,https://www.setagaya.co.jp/kuminkaikan/kitazawatownhall/,北沢タウンホール,current,294,300,https://www.setagaya.co.jp/kuminkaikan/kitazawatownhall/service,https://www.setagaya.co.jp/kuminkaikan/kitazawatownhall/access.html,https://www.setagaya.co.jp/kuminkaikan/kitazawatownhall/service,2026-08-02,verified_primary,,指定管理者公式の2026年公演・貸出案内で最大294席、約300㎡フラットスペース、料金・申込・支払条件、アクセスを確認。舞台構成で収容が変動するため最大294席を記録
576,LASENS-489,listed,北池袋新生館シアター,https://lasens.com/database/theater-489.html,東京都豊島区池袋本町1-37-8 中村ビル2F,東京都,50,2020-12-23,2026-07-31,,,,,,,,,2026-08-02,official_not_found,,劇場名・旧公式URL・運営候補を公式一次情報で探索したが、運営者の公式サイトまたは公式PDFを確認できない。第三者の2026年公演案内・自治体索引は公式欄に転記しない
577,LASENS-2635,listed,本所松坂亭劇場,https://lasens.com/database/theater-2635.html,東京都墨田区両国2-9-5 TKF 第二会館1階,東京都,80,2020-08-22,2026-07-31,,,,,,,,,2026-08-02,official_not_found,,劇場名・旧住所・運営候補を公式一次情報で探索したが、劇場または運営者の公式サイト・公式PDFを確認できない。LaSens掲載値と出演者サイトの会場記載は公式欄へ用いない
578,LASENS-335,listed,本多スタジオ,https://lasens.com/database/theater-335.html,東京都世田谷区北沢2-9-13 2F,東京都,50,2020-06-24,2026-07-31,https://www.honda-geki.com/about/studio,本多スタジオ（下北沢）,current,,,https://www.honda-geki.com/about/studio,https://www.honda-geki.com/about/studio,https://www.honda-geki.com/about/studio,2026-08-02,verified_primary,,本多劇場グループ公式が2026年現在の利用案内と2027年2月末までの予約受付を掲載。建物解体に伴う閉館予定はあるが、確定日と客席・面積は同ページで確認できない
579,LASENS-267,marked_closed,麻布ディプラッツ,https://lasens.com/database/theater-267.html,東京都港区東麻布1-26-6 2F,東京都,150,2020-12-13,2026-07-31,,,,,,,,,2026-08-02,official_not_found,,劇場名・旧住所・運営候補を公式一次情報で探索したが、劇場または運営者の公式サイト・公式PDFを確認できない。LaSensのmarked_closed表示は閉館根拠に用いない
580,LASENS-268,listed,麻布区民ホール,https://lasens.com/database/theater-268.html,東京都港区六本木5-16-45,東京都,237,2020-12-04,2026-07-31,https://www.city.minato.tokyo.jp/azabukanri/azabukuminnsenta/sisetugaiyou.html,麻布区民センター 区民ホール,current,237,,https://www.city.minato.tokyo.jp/azabukanri/azabukuminnsenta/sisetugaiyou.html,https://www.city.minato.tokyo.jp/azabukanri/azabukuminnsenta/sisetugaiyou.html,https://www.city.minato.tokyo.jp/azabukanri/azabukuminnsenta/sisetugaiyou.html,2026-08-02,verified_primary,,港区公式の施設概要・利用案内で現行施設、定員237人、所在地、利用料金・申請案内を確認
581,LASENS-235,marked_closed,明石スタジオ,https://lasens.com/database/theater-235.html,東京都杉並区高円寺南4-10-6,東京都,120,2020-12-13,2026-07-31,,,,,,,,,2026-08-02,official_not_found,,劇場名・旧住所・運営候補を公式一次情報で探索したが、劇場または運営者の公式サイト・公式PDFを確認できない。二次情報の閉館記載は公式欄へ用いない
582,LASENS-392,marked_closed,目黒区福祉センター,https://lasens.com/database/theater-392.html,東京都目黒区碑文谷5-15-6,東京都,250,2020-06-24,2026-07-31,,,,,,,,,2026-08-02,official_not_found,,施設名・旧住所・自治体資料を公式一次情報で探索したが、劇場用途または閉館を直接確認する公式施設ページ・公式PDFを確認できない。LaSensのmarked_closed表示は閉館根拠に用いない
583,LASENS-660,marked_closed,目黒食堂,https://lasens.com/database/theater-660.html,東京都品川区上大崎2-16-2 クリスタル羽山ビル B1F,東京都,70,2020-06-24,2026-07-31,,,,,,,,,2026-08-02,official_not_found,,会場名・旧住所・運営候補を公式一次情報で探索したが、劇場または運営者の公式サイト・公式PDFを確認できない。LaSensのmarked_closed表示は閉館根拠に用いない
584,LASENS-401,marked_closed,門仲天井ホール,https://lasens.com/database/theater-401.html,東京都江東区門前仲町1-20-3 東京建設自労会館8階,東京都,70,2020-09-09,2026-07-31,https://www.monten.jp/about/index.html,両国門天ホール（旧・門仲天井ホール）,renamed,50,50,https://www.monten.jp/pdf/monten_shiyosho2025.pdf,https://www.monten.jp/access/index.html,https://www.monten.jp/pdf/monten_shiyosho2025.pdf,2026-08-02,verified_primary,,両国門天ホール公式が門前仲町から両国へ移転した経緯を掲載。客席数・面積・料金・利用条件は現行の両国門天ホールの公式資料による値であり、旧会場の値としては扱わない
585,LASENS-420,listed,野方区民ホール(野方WIZホール),https://lasens.com/database/theater-420.html,東京都中野区野方5-3-1,東京都,248,2020-06-23,2026-07-31,https://www.naka-lab.jp/space-rooms/nogata-community-hall,野方区民ホール,current,216,,https://www.naka-lab.jp/space-rooms/nogata-community-hall,https://www.city.tokyo-nakano.lg.jp/shisetsu/bunka/hole/nogata.html,https://www.naka-lab.jp/space-rooms/nogata-community-hall,2026-08-02,verified_primary,,指定管理者公式が現行の利用案内・料金・定員を掲載。定員は固定154席と可動62席の計216席に車椅子1席を加える構成で、公式記載の216席を記録
586,LASENS-303,listed,遊空間がざびぃ,https://lasens.com/database/theater-303.html,東京都杉並区西荻北5-9-12 そらの上,東京都,70,2026-06-08,2026-07-31,https://gazavie.jp/,,unknown,,,,,,2026-08-02,blocked,,LaSens掲載の公式候補URLは特定したが、本文取得が内部エラーで一次情報を確認できなかった。現行・閉館、公式名称、客席、面積、料金、アクセス、利用条件を不明のまま保持
587,LASENS-240,listed,立川市市民会館（たましんRISURUホール）小ホール,https://lasens.com/database/theater-240.html,東京都立川市錦町3-3-20,東京都,246,2021-10-14,2026-07-31,https://www.city.tachikawa.lg.jp/shisetsu/1008065/1008099.html,立川市市民会館 小ホール（たましんRISURUホール）,current,246,,https://risuru.hall-info.jp/file/leefletnew.pdf,https://www.city.tachikawa.lg.jp/shisetsu/1008065/1008099.html,https://www.city.tachikawa.lg.jp/shisetsu/1008065/1008099.html,2026-08-02,verified_primary,,立川市公式が正式名称・指定管理者・小ホール246席・アクセス・使用制限を掲載。指定管理者公式PDFの利用案内で料金と利用区分を確認
588,LASENS-2137,listed,両国門天ホール,https://lasens.com/database/theater-2137.html,東京都墨田区両国1-3-9 ムラサワビル1-1階,東京都,50,2020-10-05,2026-07-31,https://www.monten.jp/,両国門天ホール,current,50,50,https://www.monten.jp/pdf/monten_shiyosho2025.pdf,https://www.monten.jp/access/index.html,https://www.monten.jp/pdf/monten_shiyosho2025.pdf,2026-08-02,verified_primary,,運営者公式の現行サイト・仕様書で現行施設、定員50人、面積50平方メートル、料金、利用条件、アクセスを確認
589,LASENS-460,listed,六行会ホール,https://lasens.com/database/theater-460.html,東京都品川区北品川2-32-3,東京都,248,2020-12-04,2026-07-31,https://www.rikkoukai.com/,六行会ホール,current,,,,,,2026-08-02,verified_primary,,一般財団法人六行会公式が六行会ホールの運営と2025年更新の舞台技術資料を掲載し、現行の運営を確認。客席・面積・料金・アクセス・利用条件は確認できる公式資料を得られず空欄
590,LASENS-278,marked_closed,六本木・キャラメル,https://lasens.com/database/theater-278.html,東京都港区六本木3-15-24 第二桃源社ビル2階,東京都,50,2020-09-09,2026-07-31,,,,,,,,,2026-08-02,official_not_found,,劇場名・旧住所・運営候補を公式一次情報で探索したが、劇場または運営者の公式サイト・公式PDFを確認できない。LaSensのmarked_closed表示は閉館根拠に用いない
591,LASENS-513,marked_closed,六本木・将軍,https://lasens.com/database/theater-513.html,東京都港区六本木3-15-24 第二桃源社ビル3階,東京都,50,2020-09-09,2026-07-31,,,,,,,,,2026-08-02,official_not_found,,劇場名・旧住所・運営候補を公式一次情報で探索したが、劇場または運営者の公式サイト・公式PDFを確認できない。LaSensのmarked_closed表示は閉館根拠に用いない
592,LASENS-2010,listed,六本木トリコロールシアター,https://lasens.com/database/theater-2010.html,東京都港区六本木6-8-15,東京都,,2020-12-04,2026-07-31,https://tricolore-theater.com/,六本木トリコロールシアター,current,,,,,,2026-08-02,verified_primary,,劇場公式サイトが現行の劇場として情報を掲載。客席・面積・料金・アクセス・利用条件は確認できる公式資料を得られず空欄
593,LASENS-351,listed,櫂スタジオ,https://lasens.com/database/theater-351.html,東京都武蔵野市吉祥寺南町4-6-1,東京都,60,2026-01-08,2026-07-31,https://www.gekidan-kai.com/studio/use/performance/,吉祥寺櫂スタジオ,current,60,,https://www.gekidan-kai.com/studio/use/performance/,https://www.gekidan-kai.com/studio/use/performance/,https://www.gekidan-kai.com/studio/use/performance/,2026-08-02,verified_primary,,運営者公式の2026年更新の公演レンタル案内で現行利用、最大60席、料金、申込・契約・利用条件、所在地を確認
594,LASENS-597,listed,萬劇場,https://lasens.com/database/theater-597.html,東京都豊島区北大塚2-32-22,東京都,130,2026-02-13,2026-07-31,https://yorozu-s.com/about/,萬劇場,current,136,,https://yorozu-s.com/about/%E5%88%A9%E7%94%A8%E6%96%99%E9%87%91/,https://yorozu-s.com/access/,https://yorozu-s.com/about/%E5%88%A9%E7%94%A8%E8%A6%8F%E5%AE%9A/,2026-08-02,verified_primary,,運営者公式の2026年空き日程と劇場案内で現行利用、舞台構成により変動する最大136席、料金、アクセス、利用規定を確認
