price_id,candidate_id,space_id,charge_category,use_case,day_type,time_band,amount_jpy,tax_status,unit,basis,valid_from,observed_at,verification_status,source_url,exclusions,note
PRICE-001,CAND-019,bcon-convention,facility,amateur_sports,weekday,09:00-22:00,349580,included,per_day,"全面・入場無料または入場料3000円以下",,2026-07-30,verified,https://www.b-conplaza.jp/pdf/facility_usage_fee.pdf,"冷暖房・設備・設営・警備・清掃","公式料金表の全日区分"
PRICE-002,CAND-019,bcon-convention,facility,amateur_sports,weekend_holiday,09:00-22:00,419430,included,per_day,"全面・入場無料または入場料3000円以下",,2026-07-30,verified,https://www.b-conplaza.jp/pdf/facility_usage_fee.pdf,"冷暖房・設備・設営・警備・清掃","公式料金表の全日区分"
PRICE-003,CAND-019,bcon-convention,hvac,all,all,all,27500,included,per_hour,"全面利用",,2026-07-30,verified,https://www.b-conplaza.jp/pdf/facility_usage_fee.pdf,"施設基本料・設備・設営・警備・清掃","半面東面は16500円/時"
PRICE-004,CAND-045,asty-multipurpose,facility,大会・会議・アマチュアスポーツ・サークル活動等,weekday,09:00-13:00,82220,included,per_slot,"入場料を徴収しない催事",2019-10-01,2026-07-30,verified,https://www.asty-tokushima.jp/organizer/reserve/usage-fee/,"冷暖房・付帯設備・電気水道ガス・設営人件費・警備・清掃","午後13:00-17:00も同額。夜間区分は設定なし"
PRICE-005,CAND-045,asty-multipurpose,facility,大会・会議・アマチュアスポーツ・サークル活動等,weekend_holiday,09:00-13:00,98770,included,per_slot,"入場料を徴収しない催事",2019-10-01,2026-07-30,verified,https://www.asty-tokushima.jp/organizer/reserve/usage-fee/,"冷暖房・付帯設備・電気水道ガス・設営人件費・警備・清掃","午後13:00-17:00も同額。夜間区分は設定なし"
PRICE-006,CAND-045,asty-multipurpose,hvac_cooling,all,all,all,16010,included,per_hour,"多目的ホール",2019-10-01,2026-07-30,verified,https://www.asty-tokushima.jp/organizer/reserve/usage-fee/,"施設基本料・暖房・付帯設備・設営人件費・警備・清掃","準備・撤去・リハーサル時も課金"
PRICE-007,CAND-045,asty-multipurpose,hvac_heating,all,all,all,13870,included,per_hour,"多目的ホール",2019-10-01,2026-07-30,verified,https://www.asty-tokushima.jp/organizer/reserve/usage-fee/,"施設基本料・冷房・付帯設備・設営人件費・警備・清掃","準備・撤去・リハーサル時も課金"
PRICE-008,CAND-046,sunmesse-large,facility,展示場,weekday,09:00-21:00,779500,included,per_day,"全面4015㎡",,2026-07-30,verified,https://www.sunmesse.com/organizer/price.php,"冷暖房・付帯設備・電気水道・時間外・設営人件費・警備・清掃","準備・撤去利用は施設料金30%引き"
PRICE-009,CAND-046,sunmesse-large,facility,展示場,weekend_holiday,09:00-21:00,935100,included,per_day,"全面4015㎡",,2026-07-30,verified,https://www.sunmesse.com/organizer/price.php,"冷暖房・付帯設備・電気水道・時間外・設営人件費・警備・清掃","準備・撤去利用は施設料金30%引き"
PRICE-010,CAND-046,sunmesse-large,hvac,all,all,all,25100,included,per_hour,"全面4015㎡",,2026-07-30,verified,https://www.sunmesse.com/organizer/price.php,"施設基本料・付帯設備・電気水道・設営人件費・警備・清掃","1時間未満は1時間に切り上げ"
PRICE-011,CAND-046,sunmesse-small,facility,展示場,weekday,09:00-21:00,263700,included,per_day,"全面1022㎡",,2026-07-30,verified,https://www.sunmesse.com/organizer/price.php,"冷暖房・付帯設備・電気水道・時間外・設営人件費・警備・清掃","準備・撤去利用は施設料金30%引き"
PRICE-012,CAND-046,sunmesse-small,facility,展示場,weekend_holiday,09:00-21:00,316800,included,per_day,"全面1022㎡",,2026-07-30,verified,https://www.sunmesse.com/organizer/price.php,"冷暖房・付帯設備・電気水道・時間外・設営人件費・警備・清掃","準備・撤去利用は施設料金30%引き"
PRICE-013,CAND-046,sunmesse-small,hvac,all,all,all,6400,included,per_hour,"全面1022㎡",,2026-07-30,verified,https://www.sunmesse.com/organizer/price.php,"施設基本料・付帯設備・電気水道・設営人件費・警備・清掃","1時間未満は1時間に切り上げ"
PRICE-014,CAND-027,gmesse-exhibition,facility,non_profit,weekday,08:30-22:00,1883190,included,per_day,"展示ホール全面10000㎡・非営利団体かつ非営利目的",,2026-07-30,verified,https://www.g-messe-gunma.jp/organizer-price.html,"冷暖房・付帯設備・光熱水・設営人件費・警備・清掃","利用時間に設営撤去を含む。準備撤去の連続利用には別途設営料金あり"
PRICE-015,CAND-027,gmesse-exhibition,facility,non_profit,weekend_holiday,08:30-22:00,2354010,included,per_day,"展示ホール全面10000㎡・非営利団体かつ非営利目的",,2026-07-30,verified,https://www.g-messe-gunma.jp/organizer-price.html,"冷暖房・付帯設備・光熱水・設営人件費・警備・清掃","利用時間に設営撤去を含む。準備撤去の連続利用には別途設営料金あり"
PRICE-016,CAND-027,gmesse-exhibition,facility,non_profit,weekday,08:30-22:00,627730,included,per_day,"展示ホール1/3・非営利団体かつ非営利目的",,2026-07-30,verified,https://www.g-messe-gunma.jp/organizer-price.html,"冷暖房・付帯設備・光熱水・設営人件費・警備・清掃","A・B・Cのいずれか1区画"
PRICE-017,CAND-027,gmesse-exhibition,facility,non_profit,weekend_holiday,08:30-22:00,784670,included,per_day,"展示ホール1/3・非営利団体かつ非営利目的",,2026-07-30,verified,https://www.g-messe-gunma.jp/organizer-price.html,"冷暖房・付帯設備・光熱水・設営人件費・警備・清掃","A・B・Cのいずれか1区画"
PRICE-018,CAND-027,gmesse-main,facility,non_profit,weekday,08:30-22:00,322980,included,per_day,"メインホール全面1330㎡・非営利団体かつ非営利目的",,2026-07-30,verified,https://www.g-messe-gunma.jp/organizer-price.html,"冷暖房・付帯設備・光熱水・設営人件費・警備・清掃","利用時間に設営撤去を含む"
PRICE-019,CAND-027,gmesse-main,facility,non_profit,weekend_holiday,08:30-22:00,403740,included,per_day,"メインホール全面1330㎡・非営利団体かつ非営利目的",,2026-07-30,verified,https://www.g-messe-gunma.jp/organizer-price.html,"冷暖房・付帯設備・光熱水・設営人件費・警備・清掃","利用時間に設営撤去を含む"
PRICE-020,CAND-027,gmesse-exhibition,hvac,all,all,all,60000,included,per_hour,"展示ホール全面10000㎡",,2026-07-30,verified,https://www.g-messe-gunma.jp/organizer-price.html,"施設基本料・付帯設備・光熱水・設営人件費・警備・清掃","2/3は40000円/時、1/3は20000円/時"
PRICE-021,CAND-027,gmesse-exhibition,equipment,all,all,all,4000,included,per_day,"仮設ステージ大1台・W2400×D1200×H600/800/1000",,2026-07-30,verified,https://www.g-messe-gunma.jp/organizer-price.html,"施設基本料・冷暖房・設営撤去・音響照明・警備・清掃","必要台数分を加算"
PRICE-022,CAND-027,gmesse-exhibition,cleaning,all,all,all,150000,included,per_use,"展示ホール全面・清掃1回",,2026-07-30,verified,https://www.g-messe-gunma.jp/data/gmesse-support_240501.pdf,"施設基本料・冷暖房・設備・ごみ処理・警備","2/3は100000円、1/3は50000円"
PRICE-023,CAND-027,gmesse-exhibition,network,all,all,all,35000,included,per_use,"ギガ・ライン1回線・1週間以内",,2026-07-30,verified,https://www.g-messe-gunma.jp/data/gmesse-support_240501.pdf,"施設基本料・配信機材・映像音響・人員・電源","回線追加と配信運用費は別確認"
PRICE-024,CAND-010,nara-convention-a,facility,all,weekday,09:00-21:30,347500,included,per_day,"コンベンションホールA・約730㎡",,2026-07-30,verified,https://www.nara-cc.jp/price/index.html,"附帯設備・設営調整・レイアウト変更・警備・清掃","公式料金表の全日区分"
PRICE-025,CAND-010,nara-convention-a,facility,all,weekend_holiday,09:00-21:30,417000,included,per_day,"コンベンションホールA・約730㎡",,2026-07-30,verified,https://www.nara-cc.jp/price/index.html,"附帯設備・設営調整・レイアウト変更・警備・清掃","公式料金表の全日区分"
PRICE-026,CAND-010,nara-convention-b,facility,all,weekday,09:00-21:30,289500,included,per_day,"コンベンションホールB・約600㎡",,2026-07-30,verified,https://www.nara-cc.jp/price/index.html,"附帯設備・設営調整・レイアウト変更・警備・清掃","公式料金表の全日区分"
PRICE-027,CAND-010,nara-convention-b,facility,all,weekend_holiday,09:00-21:30,347400,included,per_day,"コンベンションホールB・約600㎡",,2026-07-30,verified,https://www.nara-cc.jp/price/index.html,"附帯設備・設営調整・レイアウト変更・警備・清掃","公式料金表の全日区分"
PRICE-028,CAND-010,nara-convention-c,facility,all,weekday,09:00-21:30,347500,included,per_day,"コンベンションホールC・約770㎡",,2026-07-30,verified,https://www.nara-cc.jp/price/index.html,"附帯設備・設営調整・レイアウト変更・警備・清掃","公式料金表の全日区分"
PRICE-029,CAND-010,nara-convention-c,facility,all,weekend_holiday,09:00-21:30,417000,included,per_day,"コンベンションホールC・約770㎡",,2026-07-30,verified,https://www.nara-cc.jp/price/index.html,"附帯設備・設営調整・レイアウト変更・警備・清掃","公式料金表の全日区分"
PRICE-030,CAND-010,nara-tenpyo,facility,all,weekday,09:00-21:30,330000,included,per_day,"天平ホール・約600㎡",,2026-07-30,verified,https://www.nara-cc.jp/price/index.html,"附帯設備・設営調整・レイアウト変更・警備・清掃","公式料金表の全日区分"
PRICE-031,CAND-010,nara-tenpyo,facility,all,weekend_holiday,09:00-21:30,396000,included,per_day,"天平ホール・約600㎡",,2026-07-30,verified,https://www.nara-cc.jp/price/index.html,"附帯設備・設営調整・レイアウト変更・警備・清掃","公式料金表の全日区分"
PRICE-032,CAND-010,nara-convention-abc,equipment,all,all,all,66000,included,per_day,"固定式DLPプロジェクター1台・16000ルーメン・コンベンションホール全面利用時",2020-04-01,2026-07-30,verified,https://www.nara-cc.jp/price/data/ancillary_facilities_price_list.pdf,"施設基本料・スクリーン・映像音響操作・設営調整","附帯設備料金表は1日あたり。設備・備品の一部は設営調整費が別途発生"
PRICE-033,CAND-010,nara-convention-abc,equipment,all,all,all,16500,included,per_day,"446インチスクリーン1枚・16:10・コンベンションホール全面利用時",2020-04-01,2026-07-30,verified,https://www.nara-cc.jp/price/data/ancillary_facilities_price_list.pdf,"施設基本料・プロジェクター・映像音響操作・設営調整","附帯設備料金表は1日あたり"
PRICE-034,CAND-010,nara-convention-abc,equipment,all,all,all,3300,included,per_day,"仮設ステージ1台・W2000×D1000×H200〜1000mm",2020-04-01,2026-07-30,verified,https://www.nara-cc.jp/price/data/ancillary_facilities_price_list.pdf,"施設基本料・必要台数・設営調整・音響照明","高さは200mmピッチ。附帯設備料金表は1日あたり"
PRICE-035,CAND-028,makuhari-exhibition-10,facility,all,all,00:00-24:00,1532660,included,per_day,"展示ホール10または11・1ホール・1日",2026-04-01,2026-07-30,verified,https://www.m-messe.co.jp/saved/files/document/pdf/1021/1/Price%20List%20202604-_InternationalExhibitionHall_J.pdf,"電気・冷暖房・工事・設営撤去・警備・清掃","主催者室、多目的室、商談室、給湯室と備付備品・機器を含む。1日は0時から24時"
PRICE-036,CAND-028,makuhari-exhibition-10,facility,all,all,00:00-12:00_or_12:00-24:00,766330,included,per_slot,"展示ホール10または11・1ホール・半日",2026-04-01,2026-07-30,verified,https://www.m-messe.co.jp/saved/files/document/pdf/1021/1/Price%20List%20202604-_InternationalExhibitionHall_J.pdf,"電気・冷暖房・工事・設営撤去・警備・清掃","半日は0時〜12時または12時〜24時。複数ホール・閑散月・長期利用の割引条件あり"
PRICE-037,CAND-028,makuhari-event-hall,facility,式典・集会・展示会・即売会等,all,12_continuous_hours,1320000,included,per_use,"アリーナ利用・基本使用料",2026-04-01,2026-07-30,verified,https://www.m-messe.co.jp/saved/files/document/pdf/1068/1/Price%20List202604-_MakuhariEventHall_J.pdf,"冷暖房・音響照明・舞台・仮設席・設営撤去・警備・清掃","基本使用料は連続12時間を1回とした料金"
PRICE-038,CAND-028,makuhari-event-hall,facility,式典・集会・展示会・即売会等,all,12_continuous_hours,2090000,included,per_use,"全館利用・基本使用料",2026-04-01,2026-07-30,verified,https://www.m-messe.co.jp/saved/files/document/pdf/1068/1/Price%20List202604-_MakuhariEventHall_J.pdf,"冷暖房・音響照明・舞台・仮設席・設営撤去・警備・清掃","基本使用料は連続12時間を1回とした料金"
PRICE-039,CAND-028,makuhari-event-hall,hvac_cooling,all,all,all,33000,included,per_hour,"幕張イベントホール",2026-04-01,2026-07-30,verified,https://www.m-messe.co.jp/saved/files/document/pdf/1068/1/Price%20List202604-_MakuhariEventHall_J.pdf,"施設基本料・暖房・音響照明・舞台・警備・清掃","設備運転開始から終了まで"
PRICE-040,CAND-028,makuhari-event-hall,hvac_heating,all,all,all,27500,included,per_hour,"幕張イベントホール",2026-04-01,2026-07-30,verified,https://www.m-messe.co.jp/saved/files/document/pdf/1068/1/Price%20List202604-_MakuhariEventHall_J.pdf,"施設基本料・冷房・音響照明・舞台・警備・清掃","設備運転開始から終了まで"
PRICE-041,CAND-028,makuhari-event-hall,equipment,all,all,all,88000,included,per_day,"音響基本機器1式",2026-04-01,2026-07-30,verified,https://www.m-messe.co.jp/saved/files/document/pdf/1068/1/Price%20List202604-_MakuhariEventHall_J.pdf,"施設基本料・操作技術員・追加マイク・舞台・照明","固定調整卓、据付スピーカー、音響用電源ユニットを含む"
PRICE-042,CAND-028,makuhari-event-hall,equipment,all,all,all,110000,included,per_day,"照明基本機器1式",2026-04-01,2026-07-30,verified,https://www.m-messe.co.jp/saved/files/document/pdf/1068/1/Price%20List202604-_MakuhariEventHall_J.pdf,"施設基本料・操作技術員・追加灯体・舞台・音響","照明用調光回路、ライトバトン等を含む"
PRICE-043,CAND-028,makuhari-event-hall,cleaning,all,all,all,47300,included,per_day,"共用部清掃料・開催日のみ",2026-04-01,2026-07-30,verified,https://www.m-messe.co.jp/saved/files/document/pdf/1068/1/Price%20List202604-_MakuhariEventHall_J.pdf,"施設基本料・ホール内清掃・廃棄物処理・警備","ホール内清掃は別途費用"
PRICE-044,CAND-029,bigsight-south-1,facility,all,all,00:00-24:00,2090000,included,per_day,"南展示棟 南1ホール・5000㎡・1日",,2026-07-30,verified,https://www.bigsight.jp/organizer/guide/price/exhibition.html,"電気・空調・通信回線・設営撤去・警備・清掃","主催者事務室、商談室、更衣室を含む。最短貸出期間は1日"
PRICE-045,CAND-029,bigsight-south-1,facility,all,all,00:00-12:00_or_12:00-24:00,1045000,included,per_slot,"南展示棟 南1ホール・5000㎡・追加半日",,2026-07-30,verified,https://www.bigsight.jp/organizer/guide/price/exhibition.html,"電気・空調・通信回線・設営撤去・警備・清掃","半日のみの貸出はなく、1.5日・2.5日等の追加区分として利用"
PRICE-046,CAND-029,bigsight-south-1,hvac,all,all,all,22500,excluded,per_hour,"南1〜4ホール・1ホールあたり",,2026-07-30,verified,https://www.bigsight.jp/organizer/download/pdf/guidance_hall.pdf,"施設基本料・電気・通信回線・設営撤去・警備・清掃","展示施設利用の手引き掲載額。消費税別"
PRICE-047,CAND-029,bigsight-south-1,electricity,all,all,all,70,excluded,per_kw_day,"設備容量分：（申込電力−1000kW）×開催日数×70円",,2026-07-30,verified,https://www.bigsight.jp/organizer/download/pdf/guidance_hall.pdf,"従量電気料金・施設基本料・空調・通信回線・設営撤去・警備・清掃","1000kW以下では容量分0円。従量分31.45円/kWhは小数を保持できないため別行化せず注記"
PRICE-048,CAND-036,portmesse-first-b,facility,all,all,00:00-24:00,870000,not_stated,per_day,"第1展示館 展示ホールB・3360㎡・現行料金",2022-10-01,2026-07-30,verified,https://portmesse.com/facility/tenjikan01,"電気・ガス・水道・冷暖房・設営撤去・警備・清掃","2026年9月30日までの本申込みに適用。各種割引制度あり"
PRICE-049,CAND-036,portmesse-first-b,facility,all,all,00:00-24:00,1170000,not_stated,per_day,"第1展示館 展示ホールB・3360㎡・改正料金",2026-10-01,2026-07-30,verified,https://portmesse.com/wp-content/uploads/efe6fef4558307b9c6fc6b36874f9f12.pdf,"電気・ガス・水道・冷暖房・設営撤去・警備・清掃","2026年10月1日以降の本申込みに適用。利用日ではなく本申込日基準"
PRICE-050,CAND-036,portmesse-first-full,facility,all,all,00:00-24:00,4740000,not_stated,per_day,"第1展示館 全面・20160㎡・現行料金",2022-10-01,2026-07-30,verified,https://portmesse.com/facility/tenjikan01,"電気・ガス・水道・冷暖房・設営撤去・警備・清掃","2026年9月30日までの本申込みに適用。各種割引制度あり"
PRICE-051,CAND-036,portmesse-first-full,facility,all,all,00:00-24:00,6390000,not_stated,per_day,"第1展示館 全面・20160㎡・改正料金",2026-10-01,2026-07-30,verified,https://portmesse.com/wp-content/uploads/efe6fef4558307b9c6fc6b36874f9f12.pdf,"電気・ガス・水道・冷暖房・設営撤去・警備・清掃","2026年10月1日以降の本申込みに適用。利用日ではなく本申込日基準"
PRICE-052,CAND-040,intex-hall-5b,facility,all,all,09:00-17:00,528000,included,per_day,"5号館Bゾーン・1625㎡・基本利用時間",2020-04-01,2026-07-30,verified,https://www.intex-osaka.com/jp/organizer/guide/price/,"電気・水道・ガス・冷暖房・設営撤去・警備・清掃","公式現行ページ掲載額。光熱水費は冷暖房利用分を含め使用者負担"
PRICE-053,CAND-040,intex-hall-5b,facility,all,all,09:00-13:00_or_13:00-17:00,264000,included,per_slot,"5号館Bゾーン・半日利用",2020-04-01,2026-07-30,verified,https://www.intex-osaka.com/jp/organizer/guide/price/,"電気・水道・ガス・冷暖房・設営撤去・警備・清掃","基本料金の半額。半日利用で時間外延長する場合は通常時間外料金の50%増"
PRICE-054,CAND-040,intex-hall-5b,facility,all,all,07:00-09:00_or_17:00-22:00,44000,included,per_hour,"5号館Bゾーン・基本利用時間外",2020-04-01,2026-07-30,verified,https://www.intex-osaka.com/jp/organizer/guide/price/,"電気・水道・ガス・冷暖房・設営撤去・警備・清掃","半日利用時の時間外延長は50%増。22時〜翌7時は大型催事条件を満たす場合のみ別料金"
PRICE-055,CAND-040,intex-hall-5b,facility,large_event_only,all,22:00-07:00,57200,included,per_hour,"5号館Bゾーン・深夜利用",2020-04-01,2026-07-30,verified,https://www.intex-osaka.com/jp/organizer/guide/price/,"電気・水道・ガス・冷暖房・設営撤去・警備・清掃","搬入出3日以上かつ使用面積合計50000㎡以上の大規模催事のみ。5B単独利用へ適用できるとは扱わない"
PRICE-056,CAND-040,intex-hall-5a,facility,all,all,09:00-17:00,1485000,included,per_day,"5号館Aゾーン・4728㎡・基本利用時間",2020-04-01,2026-07-30,verified,https://www.intex-osaka.com/jp/organizer/guide/price/,"電気・水道・ガス・冷暖房・設営撤去・警備・清掃","公式現行ページ掲載額。光熱水費は冷暖房利用分を含め使用者負担"
PRICE-057,CAND-040,intex-hall-5b,equipment,all,all,all,22000,included,per_day,"フォークリフト1台",2020-04-01,2026-07-30,verified,https://www.intex-osaka.com/jp/organizer/guide/price/,"運転者・燃料・施設基本料・電気・水道・ガス・冷暖房・設営撤去・警備・清掃","イベントツール料金。使用条件と空きは要確認"
PRICE-058,CAND-030,pacifico-exhibition-a,facility,all,all,00:00-24:00,1364000,included,per_day,"展示ホールA・3300㎡・全日利用",2025-11-01,2026-07-30,verified,https://lp.pacifico.co.jp/hubfs/Room_Rental_Price_List_jpn.pdf,"冷暖房・空調照明等の電気・清掃・レイアウト設営・警備・通信回線","会場使用料金表の2025年11月以降料金。準備撤去のみの半日利用は全日利用に連続する場合に限定"
PRICE-059,CAND-030,pacifico-exhibition-a,facility,setup_teardown,all,00:00-12:00_or_12:00-24:00,682000,included,per_slot,"展示ホールA・準備撤去半日",2025-11-01,2026-07-30,verified,https://lp.pacifico.co.jp/hubfs/Room_Rental_Price_List_jpn.pdf,"冷暖房・空調照明等の電気・清掃・レイアウト設営・警備・通信回線","全日利用に連続する準備・撤去利用に限る"
PRICE-060,CAND-030,pacifico-north-g1-g8,facility,all,all,09:00-17:00,4400000,included,per_day,"ノース多目的ホールG1〜G8・6337㎡",2025-11-01,2026-07-30,verified,https://lp.pacifico.co.jp/hubfs/Room_Rental_Price_List_jpn.pdf,"時間外延長・同日レイアウト変更・追加設備・警備・清掃・通信回線","机・イス、利用開始時レイアウト、音響照明・ポータブルステージ等の指定数、付帯控室を含む。1F全面利用時の5%割引制度あり"
PRICE-061,CAND-030,pacifico-north-g1-g4,facility,all,all,09:00-17:00,2200000,included,per_day,"ノース多目的ホール4/8利用・G1〜G4相当",2025-11-01,2026-07-30,verified,https://lp.pacifico.co.jp/hubfs/Room_Rental_Price_List_jpn.pdf,"時間外延長・同日レイアウト変更・追加設備・警備・清掃・通信回線","4/8利用の料金。G1〜G4は公式レイアウト例のシアター3024席区画"
PRICE-062,CAND-030,pacifico-north-g1-g8,facility,all,all,09:00-21:00,6600000,included,per_day,"ノース多目的ホールG1〜G8・12時間",2025-11-01,2026-07-30,verified,https://lp.pacifico.co.jp/hubfs/Room_Rental_Price_List_jpn.pdf,"時間外延長・同日レイアウト変更・追加設備・警備・清掃・通信回線","9:00〜21:00区分。5:00〜22:00の時間外は792000円/時、22:00〜5:00は1101100円/時"
PRICE-063,CAND-008,actcity-exhibition-full,facility,all,weekday,09:00-22:00,555290,included,per_day,"展示イベントホール全ブロック・平日全日",2019-10-01,2026-07-30,verified,https://www.actcity.jp/user/price/,"冷暖房・電気・給排水・追加音響照明・設営撤去・警備・清掃","練習・準備・撤去利用は7割。同日に大・中ホールまたはコングレスセンター全館と同目的で併用する場合も7割"
PRICE-064,CAND-008,actcity-exhibition-full,facility,all,weekend_holiday,09:00-22:00,721870,included,per_day,"展示イベントホール全ブロック・土日祝全日",2019-10-01,2026-07-30,verified,https://www.actcity.jp/user/price/,"冷暖房・電気・給排水・追加音響照明・設営撤去・警備・清掃","土曜日・日曜日・祝日に1日の範囲内で利用する料金"
PRICE-065,CAND-008,actcity-exhibition-block3,facility,all,weekday,09:00-22:00,222090,included,per_day,"展示イベントホール第3ブロック・1100㎡・平日全日",2019-10-01,2026-07-30,verified,https://www.actcity.jp/user/price/,"冷暖房・電気・給排水・追加音響照明・設営撤去・警備・清掃","最小料金の分割区画。練習・準備・撤去利用は7割"
PRICE-066,CAND-008,actcity-exhibition-full,facility,combined_same_purpose,all,09:00-22:00,388703,included,per_day,"展示イベントホール全ブロック・他施設同日併用7割",2019-10-01,2026-07-30,verified,https://www.actcity.jp/user/price/,"冷暖房・電気・給排水・追加音響照明・設営撤去・警備・清掃","同日に同一目的で大ホール・中ホール・コングレスセンター全館のいずれかと併用する場合。555290円×70%"
PRICE-067,CAND-008,actcity-middle-hall,facility,admission_up_to_1000,all,09:00-22:00,192180,included,per_day,"中ホール・入場料1000円以下・全日",2019-10-01,2026-07-30,verified,https://www.actcity.jp/user/price/,"冷暖房・舞台音響照明設備・楽屋・リハーサル室・警備・清掃","入場料に段階がある場合は最高額を適用。練習・準備・撤去の舞台利用は7割"
PRICE-068,CAND-008,actcity-middle-hall,facility,admission_over_5000,all,09:00-22:00,427160,included,per_day,"中ホール・入場料5001円以上・全日",2019-10-01,2026-07-30,verified,https://www.actcity.jp/user/price/,"冷暖房・舞台音響照明設備・楽屋・リハーサル室・警備・清掃","入場料に段階がある場合は最高額を適用"
PRICE-069,CAND-008,actcity-middle-hall,hvac,all,all,all,3190,included,per_hour,"中ホール冷暖房料",2019-10-01,2026-07-30,verified,https://www.actcity.jp/user/price/,"施設基本料・舞台音響照明設備・楽屋・リハーサル室・警備・清掃","1時間単価"
PRICE-070,CAND-041,acrie-exhibition-full,facility,all,all,09:00-22:00,768300,included,per_day,"展示場A+B+C・4000㎡・全日",,2026-07-30,verified,https://www.himeji-ccc.jp/organizer/fee.html,"冷暖房・電気給排水・仮設舞台・音響映像・設営撤去・警備・清掃・通信回線","現行公式料金ページの一体利用額。主催者控室等を含む"
PRICE-071,CAND-041,acrie-exhibition-b,facility,all,all,09:00-22:00,207300,included,per_day,"展示場B・920㎡・全日",,2026-07-30,verified,https://www.himeji-ccc.jp/organizer/fee.html,"冷暖房・電気給排水・仮設舞台・音響映像・設営撤去・警備・清掃・通信回線","3分割時の最小区画。主催者控室等を含む"
PRICE-072,CAND-041,acrie-exhibition-b,hvac,all,all,all,4500,included,per_hour,"展示場B冷暖房設備",,2026-07-30,verified,https://www.himeji-ccc.jp/organizer/fee.html,"施設基本料・電気給排水・仮設舞台・音響映像・設営撤去・警備・清掃・通信回線","1時間単価。Aは6500円/時、Cは5000円/時"
PRICE-073,CAND-041,acrie-middle-hall,facility,all,weekday,09:00-22:00,118000,included,per_day,"中ホール・693席・平日全日",,2026-07-30,verified,https://www.himeji-ccc.jp/organizer/fee.html,"付属設備・追加舞台音響照明スタッフ・警備・清掃・通信回線","楽屋事務室、楽屋21・27を含む。入場料1001円以上で2〜10割、商品展示販売で10割加算"
PRICE-074,CAND-041,acrie-middle-hall,facility,all,weekend_holiday,09:00-22:00,141600,included,per_day,"中ホール・693席・休日等全日",,2026-07-30,verified,https://www.himeji-ccc.jp/organizer/fee.html,"付属設備・追加舞台音響照明スタッフ・警備・清掃・通信回線","楽屋事務室、楽屋21・27を含む。入場料1001円以上で2〜10割、商品展示販売で10割加算"
PRICE-075,CAND-001,hakodate-main-arena,facility,non_sports_no_admission_nonprofit,weekday,09:00-22:00,150000,not_stated,per_day,"メインアリーナ全面・アマチュアスポーツ以外・入場料なし・非営利",,2026-07-30,verified,https://www.zaidan-hakodate.com/arena/data/ryokin.pdf,"付属設備・電源・設営撤去・警備・清掃・通信回線","土日祝は基本料2割増。興行目的は別途10%加算"
PRICE-076,CAND-001,hakodate-main-arena,facility,non_sports_admission_nonprofit,weekday,09:00-22:00,450000,not_stated,per_day,"メインアリーナ全面・アマチュアスポーツ以外・入場料あり・非営利",,2026-07-30,verified,https://www.zaidan-hakodate.com/arena/data/ryokin.pdf,"付属設備・電源・設営撤去・警備・清掃・通信回線","土日祝は基本料2割増。興行目的は別途10%加算"
PRICE-077,CAND-001,hakodate-main-arena,facility,non_sports_admission_commercial,weekday,09:00-22:00,1350000,not_stated,per_day,"メインアリーナ全面・アマチュアスポーツ以外・入場料あり・営利",,2026-07-30,verified,https://www.zaidan-hakodate.com/arena/data/ryokin.pdf,"付属設備・電源・設営撤去・警備・清掃・通信回線","土日祝は基本料2割増。興行目的は別途10%加算"
PRICE-078,CAND-001,hakodate-sub-arena,facility,non_sports_no_admission_nonprofit,weekday,09:00-22:00,50000,not_stated,per_day,"サブアリーナ全面・アマチュアスポーツ以外・入場料なし・非営利",,2026-07-30,verified,https://www.zaidan-hakodate.com/arena/data/ryokin.pdf,"付属設備・電源・設営撤去・警備・清掃・通信回線","専用使用は原則平日午前・午後。全日料金があっても夜間を含む利用可否は事前確認が必要"
PRICE-079,CAND-001,hakodate-main-arena,electricity,all,all,per_time_band,180,not_stated,per_outlet,"コンセント1口・使用時間区分ごと",,2026-07-30,verified,https://www.zaidan-hakodate.com/arena/senyou.html,"施設基本料・付属設備・設営撤去・警備・清掃・通信回線","午前・午後・夜間をまたぐ場合は使用区分数を乗じる。当日現金精算"
PRICE-080,CAND-024,yamagata-bigwing-full,facility,all,all,09:00-17:00,384000,not_stated,per_day,"多目的集会展示場全面・全日",,2026-07-30,verified,https://www.convention.or.jp/bigwing/ryokin/,"付属設備・冷暖房・特別電気水道・設営撤去・警備・清掃・通信回線","準備・撤去のみの利用は基本料70%。入場料を徴収する場合は有料入場者数に応じて最高入場料の5〜100倍を加算"
PRICE-081,CAND-024,yamagata-bigwing-quarter,facility,all,all,09:00-17:00,112000,not_stated,per_day,"多目的集会展示場4分の1・全日",,2026-07-30,verified,https://www.convention.or.jp/bigwing/ryokin/,"付属設備・冷暖房・特別電気水道・設営撤去・警備・清掃・通信回線","午前・午後・夜間の各4時間区分は56000円。時間区分未満でも区分料金"
PRICE-082,CAND-024,yamagata-bigwing-full,hvac_cooling,all,all,all,17920,not_stated,per_hour,"多目的集会展示場全面・冷房",,2026-07-30,verified,https://www.convention.or.jp/bigwing/ryokin/,"施設基本料・付属設備・暖房・特別電気水道・設営撤去・警備・清掃・通信回線","1時間単価。暖房は16440円/時"
PRICE-083,CAND-024,yamagata-bigwing-quarter,hvac_cooling,all,all,all,4480,not_stated,per_hour,"多目的集会展示場4分の1・冷房",,2026-07-30,verified,https://www.convention.or.jp/bigwing/ryokin/,"施設基本料・付属設備・暖房・特別電気水道・設営撤去・警備・清掃・通信回線","1時間単価。暖房は4110円/時"
PRICE-084,CAND-024,yamagata-bigwing-full,equipment,all,all,all,3000,not_stated,per_day,"1.5tフォークリフト1台",,2026-07-30,verified,https://www.convention.or.jp/bigwing/ryokin/,"施設基本料・冷暖房・電気水道・設営撤去・警備・清掃・通信回線","高所作業台も1台1日3000円。台数は各1"
PRICE-085,CAND-031,techno-west-full,facility,all,weekday,09:00-18:00,485100,included,per_day,"西館大展示場全面・平日全日",2023-10-01,2026-07-30,verified,https://www.technohall.or.jp/pdf/sonota/nisi-ryokin202310.pdf,"換気排気実費・電気水道ガス・付帯設備・設営撤去・警備・清掃・通信回線","土日祝は557865円。搬入・搬出のみは基本料70%。2023年10月改定の公式税込料金表"
PRICE-086,CAND-031,techno-west-quarter-c,facility,all,weekday,09:00-18:00,129360,included,per_day,"西館大展示場1/4区画C・平日全日",2023-10-01,2026-07-30,verified,https://www.technohall.or.jp/pdf/sonota/nisi-ryokin202310.pdf,"換気排気実費・電気水道ガス・付帯設備・設営撤去・警備・清掃・通信回線","土日祝は148764円。搬入・搬出のみ平日90552円"
PRICE-087,CAND-031,techno-west-quarter-c,facility,setup_teardown,weekday,09:00-18:00,90552,included,per_day,"西館大展示場1/4区画C・搬入搬出のみ・平日全日",2023-10-01,2026-07-30,verified,https://www.technohall.or.jp/pdf/sonota/nisi-ryokin202310.pdf,"換気排気実費・電気水道ガス・付帯設備・警備・清掃・通信回線","本番基本料の70%。土日祝は104135円"
PRICE-088,CAND-031,techno-west-full,utilities,all,all,all,47,included,per_kwh,"電気実費相当単価",2026-04-01,2026-07-30,verified,https://www.technohall.or.jp/org/price.html,"施設基本料・換気排気・水道ガス・付帯設備・設営撤去・警備・清掃・通信回線","ガス171円/㎥、水道532円/㎥。大展示場の換気・排気も実費相当額"
PRICE-089,CAND-031,techno-west-full,ventilation,all,all,per_day_estimate,15000,included,estimate,"大展示場の換気・排気を合わせた参考目安",2023-10-01,2026-07-30,verified,https://www.technohall.or.jp/pricekaitei.html,"施設基本料・電気水道ガス・付帯設備・設営撤去・警備・清掃・通信回線","2022年度利用実績に基づく税込平均。使用時間、混雑、展示物量で変動するため確定見積ではない"
PRICE-090,CAND-033,aimesse-full,facility,all,all,09:00-17:00,633600,included,per_day,"展示場全面・全日",,2026-07-30,verified,https://www.yiso.or.jp/messe/application/,"冷暖房・床暖房・電気水道・音響設備・什器・設営撤去・警備・清掃・通信回線","入場料徴収時は最高入場料に応じ20〜100%加算。8月または12月の対象期間は基本料80%"
PRICE-091,CAND-033,aimesse-third,facility,all,all,09:00-17:00,211200,included,per_day,"展示場1/3・全日",,2026-07-30,verified,https://www.yiso.or.jp/messe/application/,"冷暖房・床暖房・電気水道・音響設備・什器・設営撤去・警備・清掃・通信回線","半日105600円、17時以降26400円/時。8月または12月の対象期間は基本料80%"
PRICE-092,CAND-033,aimesse-third,hvac_cooling,all,all,all,7700,included,per_hour,"展示場1/3・冷房",,2026-07-30,verified,https://www.yiso.or.jp/messe/application/,"施設基本料・暖房・床暖房・電気水道・音響設備・設営撤去・警備・清掃・通信回線","暖房6600円/時、床暖房550円/時"
PRICE-093,CAND-033,aimesse-third,equipment,all,all,all,5500,included,per_use,"展示場1/3用音響設備1式",,2026-07-30,verified,https://www.yiso.or.jp/messe/application/,"施設基本料・マイク・冷暖房・電気水道・設営撤去・警備・清掃・通信回線","ワイヤレスマイクは別途1本1100円。300インチ可動スクリーン33000円"
PRICE-094,CAND-033,aimesse-third,facility,setup_teardown,all,07:00-22:00,147840,included,per_day_equivalent,"展示場1/3・準備撤去利用・基本料70%相当",,2026-07-30,verified,https://www.yiso.or.jp/messe/application/,"冷暖房・床暖房・電気水道・音響設備・什器・警備・清掃・通信回線","公式の70%規定を211200円へ適用した比較用換算。実際の利用時間と請求は施設確認が必要"
PRICE-095,CAND-033,aimesse-full,utilities,all,all,all,40,included,per_kwh,"展示場電源設備",,2026-07-30,verified,https://www.yiso.or.jp/messe/application/,"施設基本料・水道・冷暖房・床暖房・音響設備・設営撤去・警備・清掃・通信回線","水道は330円/㎥"
PRICE-096,CAND-020,okinawa-exhibition,facility,no_admission_no_sales,all,09:00-22:00,710400,included,per_day,"展示棟・入場料なし・販売宣伝等営業行為なし・全日",2025-04-01,2026-07-30,verified,https://www.oki-conven.jp/top2/fee/,"付属設備・仮設席・舞台音響照明・設営撤去・警備・清掃・通信回線","控室等の付帯施設を含む。準備撤去日は7割相当額"
PRICE-097,CAND-020,okinawa-exhibition,facility,admission_under_5000_or_sales,all,09:00-22:00,984360,included,per_day,"展示棟・入場料5000円未満、または商品販売・宣伝等の営業行為あり・全日",2025-04-01,2026-07-30,verified,https://www.oki-conven.jp/top2/fee/,"付属設備・仮設席・舞台音響照明・設営撤去・警備・清掃・通信回線","入場料5000円以上は1415520円。販売・宣伝があるだけでも営業行為あり区分になる点に注意"
PRICE-098,CAND-020,okinawa-exhibition,facility,setup_teardown_no_admission_no_sales,all,09:00-22:00,497280,included,per_day_equivalent,"展示棟・準備撤去日・入場料販売なし基本料の7割相当",2025-04-01,2026-07-30,verified,https://www.oki-conven.jp/top2/fee/,"付属設備・仮設席・舞台音響照明・警備・清掃・通信回線","公式の7割規定を710400円へ適用した比較用換算。10円未満切捨て規定"
PRICE-099,CAND-020,okinawa-exhibition,facility,no_admission_no_sales,all,09:00-17:00,490320,included,per_slot,"展示棟・入場料販売なし・昼間",2025-04-01,2026-07-30,verified,https://www.oki-conven.jp/top2/fee/,"付属設備・仮設席・舞台音響照明・設営撤去・警備・清掃・通信回線","午前203760円、午後272760円、夜間272760円。全日単純合算ではない"
PRICE-100,CAND-020,okinawa-exhibition,facility,no_admission_no_sales,all,after_22:00,51120,included,per_30_minutes,"展示棟・入場料販売なし・22時〜9時超過",2025-04-01,2026-07-30,verified,https://www.oki-conven.jp/top2/fee/,"付属設備・深夜対応人件費・警備・清掃・通信回線","30分単価。0:00〜7:00利用は詳細な事前打合せが必要"
PRICE-101,CAND-012,kunibiki-large,facility,all,weekday,09:00-17:00,507680,included,per_day,"大展示場全面・2月〜11月・平日全日",2026-04-01,2026-07-30,verified,https://www.kunibikimesse.jp/organizer/organizer-guide/price/,"冷暖房・清掃・設備備品・設営撤去・警備・通信回線","2026年4月改定後料金。2026年3月31日までに利用承諾された予約は旧料金適用"
PRICE-102,CAND-012,kunibiki-large,facility,all,weekend_holiday,09:00-17:00,609190,included,per_day,"大展示場全面・2月〜11月・土日休日全日",2026-04-01,2026-07-30,verified,https://www.kunibikimesse.jp/organizer/organizer-guide/price/,"冷暖房・清掃・設備備品・設営撤去・警備・通信回線","2026年4月改定後料金。12月〜1月は別料金"
PRICE-103,CAND-012,kunibiki-large,facility,all,weekday,09:00-17:00,355370,included,per_day,"大展示場全面・12月〜1月・平日全日",2026-04-01,2026-07-30,verified,https://www.kunibikimesse.jp/organizer/organizer-guide/price/,"冷暖房・清掃・設備備品・設営撤去・警備・通信回線","冬期は施設基本料が別設定だが、冷暖房単価は同額"
PRICE-104,CAND-012,kunibiki-large,hvac,all,all,per_hour,26260,included,per_hour,"大展示場全面・冷暖房1時間",2026-04-01,2026-07-30,verified,https://www.kunibikimesse.jp/organizer/organizer-guide/price/,"施設基本料・清掃・設備備品・設営撤去・警備・通信回線","2月〜11月と12月〜1月で同額"
PRICE-105,CAND-012,kunibiki-large,cleaning,all,all,per_use,24200,included,per_use,"大展示場全面・清掃1回",2026-04-01,2026-07-30,verified,https://www.kunibikimesse.jp/organizer/organizer-guide/price/,"施設基本料・冷暖房・設備備品・設営撤去・警備・通信回線","利用内容に応じた追加清掃・廃棄物処理は要確認"
PRICE-106,CAND-012,kunibiki-multipurpose,facility,all,weekday,09:00-17:00,89090,included,per_day,"多目的ホール・平日全日",2026-04-01,2026-07-30,verified,https://www.kunibikimesse.jp/organizer/organizer-guide/price/,"冷暖房・清掃・設備備品・設営撤去・警備・通信回線","2026年4月改定後料金"
PRICE-107,CAND-012,kunibiki-multipurpose,facility,all,weekend_holiday,09:00-17:00,106910,included,per_day,"多目的ホール・土日休日全日",2026-04-01,2026-07-30,verified,https://www.kunibikimesse.jp/organizer/organizer-guide/price/,"冷暖房・清掃・設備備品・設営撤去・警備・通信回線","2026年4月改定後料金"
PRICE-108,CAND-012,kunibiki-multipurpose,hvac,all,all,per_hour,4790,included,per_hour,"多目的ホール・冷暖房1時間",2026-04-01,2026-07-30,verified,https://www.kunibikimesse.jp/organizer/organizer-guide/price/,"施設基本料・清掃・設備備品・設営撤去・警備・通信回線","利用時間数を別途積算"
PRICE-109,CAND-012,kunibiki-multipurpose,cleaning,all,all,per_use,4400,included,per_use,"多目的ホール・清掃1回",2026-04-01,2026-07-30,verified,https://www.kunibikimesse.jp/organizer/organizer-guide/price/,"施設基本料・冷暖房・設備備品・設営撤去・警備・通信回線","利用内容に応じた追加清掃・廃棄物処理は要確認"
PRICE-110,CAND-012,kunibiki-large,equipment,exhibition,all,per_day,1100,included,per_day,"仮設ステージ1台・W2000×D1000×H200〜1000",2026-04-01,2026-07-30,verified,https://www.kunibikimesse.jp/files/original/202603021358199212d38bca3.pdf,"施設基本料・設営人件費・階段・手すり・幕・音響照明・電源","保有60台。大会・会議利用では無料、展示会等では有料"
PRICE-111,CAND-012,kunibiki-large,electricity,all,all,metered,48,included,per_kwh,"分電盤・子メーター使用の電気設備",2026-04-01,2026-07-30,verified,https://www.kunibikimesse.jp/files/original/202603021358199212d38bca3.pdf,"施設基本料・分岐工事・設営撤去・警備・清掃・通信回線","1kWh単価。水道設備は1㎥あたり700円"
PRICE-112,CAND-002,yumemesse-exhibition-full,facility,event,all,09:00-17:00,1725000,excluded,per_day,"本館展示場・全区画・開催時・全日",2024-10-01,2026-07-30,verified,https://www.yumemesse.or.jp/wp-content/themes/Vanilla/img/pdf/downloads/1_price_list/pdf_facliity_price_list_1.pdf,"消費税・冷暖房・電気水道・備品・必須清掃・設営撤去・警備・臨時通信回線","2024年10月からの税別料金。9:00〜17:00に満たない場合も時間割計算なし"
PRICE-113,CAND-002,yumemesse-exhibition-third,facility,event,all,09:00-17:00,575000,excluded,per_day,"本館展示場・1/3区画・開催時・全日",2024-10-01,2026-07-30,verified,https://www.yumemesse.or.jp/wp-content/themes/Vanilla/img/pdf/downloads/1_price_list/pdf_facliity_price_list_1.pdf,"消費税・冷暖房・電気水道・備品・必須清掃・設営撤去・警備・臨時通信回線","2024年10月からの税別料金"
PRICE-114,CAND-002,yumemesse-exhibition-full,facility,setup_teardown,all,09:00-17:00,1207500,excluded,per_day_equivalent,"本館展示場・全区画・搬入出時・全日",2024-10-01,2026-07-30,verified,https://www.yumemesse.or.jp/wp-content/themes/Vanilla/img/pdf/downloads/1_price_list/pdf_facliity_price_list_1.pdf,"消費税・冷暖房・電気水道・備品・必須清掃・警備・臨時通信回線","開催時基本料の70%。検索の日額上限からは除外"
PRICE-115,CAND-002,yumemesse-exhibition-full,hvac,all,all,per_hour,28800,excluded,per_hour,"本館展示場・全区画・冷暖房1時間",2024-10-01,2026-07-30,verified,https://www.yumemesse.or.jp/wp-content/themes/Vanilla/img/pdf/downloads/1_price_list/pdf_facliity_price_list_2.pdf,"消費税・施設基本料・電気水道・備品・必須清掃・設営撤去・警備・臨時通信回線","1時間未満の端数は1時間へ切上げ"
PRICE-116,CAND-002,yumemesse-exhibition-third,hvac,all,all,per_hour,9600,excluded,per_hour,"本館展示場・1/3区画・冷暖房1時間",2024-10-01,2026-07-30,verified,https://www.yumemesse.or.jp/wp-content/themes/Vanilla/img/pdf/downloads/1_price_list/pdf_facliity_price_list_2.pdf,"消費税・施設基本料・電気水道・備品・必須清掃・設営撤去・警備・臨時通信回線","1時間未満の端数は1時間へ切上げ"
PRICE-117,CAND-002,yumemesse-exhibition-full,electricity,all,all,metered,40,excluded,per_kwh,"本館展示場・電気使用量",2024-10-01,2026-07-30,verified,https://www.yumemesse.or.jp/wp-content/themes/Vanilla/img/pdf/downloads/1_price_list/pdf_facliity_price_list_2.pdf,"消費税・施設基本料・電気工事・水道・冷暖房・備品・必須清掃・警備・臨時通信回線","1kWh未満の端数は1kWhへ切上げ。水道は1㎥あたり500円"
PRICE-118,CAND-002,yumemesse-conference-hall,facility,event,all,09:00-17:00,63600,excluded,per_day,"本館会議棟・大ホール全区画・開催時・全日",2024-10-01,2026-07-30,verified,https://www.yumemesse.or.jp/wp-content/themes/Vanilla/img/pdf/downloads/1_price_list/pdf_facliity_price_list_1.pdf,"消費税・冷暖房・備品・設営撤去・警備・清掃・臨時通信回線","2024年10月からの税別料金"
PRICE-119,CAND-050,sapporo-main-full,facility,event,weekday,09:00-22:00,791500,included,per_day,"展示・イベント系・大ホール全面・平日全日",2025-04-01,2026-07-30,verified,https://www.sora-scc.jp/assets/pdf/document/%E5%B1%95%E7%A4%BA%E3%83%BB%E3%82%A4%E3%83%99%E3%83%B3%E3%83%88%E7%B3%BB%E6%96%99%E9%87%91%E8%A1%A8.pdf,"備品・設営撤去の追加作業・警備・飲食時清掃・廃棄物・専用通信・人件費","消費税込。利用時間に準備・撤去を含む"
PRICE-120,CAND-050,sapporo-main-full,facility,event,weekend_holiday,09:00-22:00,935800,included,per_day,"展示・イベント系・大ホール全面・土日祝全日",2025-04-01,2026-07-30,verified,https://www.sora-scc.jp/assets/pdf/document/%E5%B1%95%E7%A4%BA%E3%83%BB%E3%82%A4%E3%83%99%E3%83%B3%E3%83%88%E7%B3%BB%E6%96%99%E9%87%91%E8%A1%A8.pdf,"備品・設営撤去の追加作業・警備・飲食時清掃・廃棄物・専用通信・人件費","消費税込。利用時間に準備・撤去を含む"
PRICE-121,CAND-050,sapporo-main-third-b,facility,event,weekday,09:00-22:00,272800,included,per_day,"展示・イベント系・大ホール3分割B・平日全日",2025-04-01,2026-07-30,verified,https://www.sora-scc.jp/assets/pdf/document/%E5%B1%95%E7%A4%BA%E3%83%BB%E3%82%A4%E3%83%99%E3%83%B3%E3%83%88%E7%B3%BB%E6%96%99%E9%87%91%E8%A1%A8.pdf,"備品・設営撤去の追加作業・警備・飲食時清掃・廃棄物・専用通信・人件費","消費税込。3分割Aは295500円、Cは283000円"
PRICE-122,CAND-051,marine-a-main,facility,amateur_sports,weekday,08:00-21:00,1650000,included,per_day,"多目的展示室・アマチュアスポーツ・平日基本料金",2025-03-24,2026-07-30,verified,https://www.city.fukuoka.lg.jp/d1w_reiki/reiki_honbun/q003RG00001474.html,"設営撤去・時間外・警備・清掃・空調光熱・仮設舞台・音響照明・通信・人件費","消費税込。基本料金は開催日に適用"
PRICE-123,CAND-051,marine-a-main,facility,amateur_sports,weekend_holiday,08:00-21:00,1815000,included,per_day,"多目的展示室・アマチュアスポーツ・土日祝基本料金",2025-03-24,2026-07-30,verified,https://www.city.fukuoka.lg.jp/d1w_reiki/reiki_honbun/q003RG00001474.html,"設営撤去・時間外・警備・清掃・空調光熱・仮設舞台・音響照明・通信・人件費","消費税込。12月29日〜1月3日も土日祝区分"
PRICE-124,CAND-051,marine-a-main,facility,setup_teardown,weekday,08:00-21:00,1155000,included,per_day_equivalent,"多目的展示室・アマチュアスポーツ・平日準備撤去料金",2025-03-24,2026-07-30,verified,https://www.city.fukuoka.lg.jp/d1w_reiki/reiki_honbun/q003RG00001474.html,"時間外・警備・清掃・空調光熱・仮設舞台・音響照明・通信・人件費","開催日以外に適用。検索の日額上限からは除外"
PRICE-125,CAND-051,marine-a-main,facility,event,weekday,08:00-21:00,2750000,included,per_day,"多目的展示室・展示会その他催事・平日基本料金",2025-03-24,2026-07-30,verified,https://www.city.fukuoka.lg.jp/d1w_reiki/reiki_honbun/q003RG00001474.html,"設営撤去・時間外・警備・清掃・空調光熱・仮設舞台・音響照明・通信・人件費","消費税込。利用目的でアマチュアスポーツ料金と区別"
PRICE-126,CAND-051,marine-a-subarena,facility,all,all,08:00-21:00,110000,included,per_day,"サブアリーナ基本料金",2025-03-24,2026-07-30,verified,https://www.city.fukuoka.lg.jp/d1w_reiki/reiki_honbun/q003RG00001474.html,"警備・清掃・空調光熱・備品・通信・人件費","多目的展示室と併用する場合は利用時間にかかわらず基本料金の半額"
PRICE-127,CAND-052,kita-hall,facility,no_admission,weekday,09:30-21:30,34900,not_stated,per_day,"ホール・入場料等を徴収しない・平日全日",,2026-07-30,verified,https://www.osakacommunity.jp/kita-center/guide/fee/,"附属設備・舞台照明音響・人件費・清掃・警備","表示額の税扱いはページ上で明記を確認できずnot_stated"
PRICE-128,CAND-052,kita-hall,facility,no_admission,weekend_holiday,09:30-21:30,41880,not_stated,per_day,"ホール・入場料等を徴収しない・土日祝全日",,2026-07-30,verified,https://www.osakacommunity.jp/kita-center/guide/fee/,"附属設備・舞台照明音響・人件費・清掃・警備","休日は土曜・日曜・祝日"
PRICE-129,CAND-052,kita-hall,facility,admission,weekday,09:30-21:30,52400,not_stated,per_day,"ホール・入場料等を徴収する・平日全日",,2026-07-30,verified,https://www.osakacommunity.jp/kita-center/guide/fee/,"附属設備・舞台照明音響・人件費・清掃・警備","施設基準では金銭授受があり主催者に利益が上がる場合を徴収有として案内"
PRICE-130,CAND-052,kita-hall,facility,admission,weekend_holiday,09:30-21:30,62880,not_stated,per_day,"ホール・入場料等を徴収する・土日祝全日",,2026-07-30,verified,https://www.osakacommunity.jp/kita-center/guide/fee/,"附属設備・舞台照明音響・人件費・清掃・警備","表示額の税扱いはページ上で明記を確認できずnot_stated"
PRICE-131,CAND-053,ecole-hall,facility,all,weekday,09:00-22:00,176900,excluded,per_day,"ホール・平日1日",2023-10-01,2026-07-30,verified,https://www.hall-ecole.org/files/libs/641/202401111622502130.pdf,"消費税・必須照明セット・必須ミキサー基本料・舞台備品・人件費・清掃・警備","税抜。有料催事で入場料等が2000円以上の場合は規程料金の20%増"
PRICE-132,CAND-053,ecole-hall,facility,all,weekend_holiday,09:00-22:00,208700,excluded,per_day,"ホール・土日祝1日",2023-10-01,2026-07-30,verified,https://www.hall-ecole.org/files/libs/641/202401111622502130.pdf,"消費税・必須照明セット・必須ミキサー基本料・舞台備品・人件費・清掃・警備","税抜。照明AまたはBとミキサー基本料はいずれも必須"
PRICE-133,CAND-054,iwakura-multipurpose,facility,all,all,09:00-17:00,4680,not_stated,per_slot,"多目的ホール・市外利用・2時間1区分",2026-04-01,2026-07-30,verified,https://www.city.iwakura.aichi.jp/0000000028.html,"冷暖房・放送音響照明・入場料加算・営利加算","2026年9月利用分まで。市内2340円の2倍。9〜11、11〜13、13〜15、15〜17時の各区分"
PRICE-134,CAND-054,iwakura-multipurpose,facility,all,all,17:00-21:00,5980,not_stated,per_slot,"多目的ホール・市外利用・2時間1区分",2026-04-01,2026-07-30,verified,https://www.city.iwakura.aichi.jp/0000000028.html,"冷暖房・放送音響照明・入場料加算・営利加算","2026年9月利用分まで。市内2990円の2倍。17〜19、19〜21時の各区分"
PRICE-135,CAND-054,iwakura-multipurpose,facility,all,all,09:00-21:00,3000,not_stated,per_slot,"多目的ホール・市外利用・2時間1区分",2026-10-01,2026-07-30,verified,https://www.city.iwakura.aichi.jp/0000000028.html,"冷暖房・放送音響照明・入場料加算・営利加算","2026年10月利用分から。市内1500円の2倍。6つの2時間区分すべて同額"
PRICE-136,CAND-054,iwakura-multipurpose,hvac,all,all,all,3200,not_stated,per_hour,"多目的ホール冷暖房",,2026-07-30,verified,https://www.city.iwakura.aichi.jp/0000000028.html,"施設基本料・音響照明・人件費","1時間未満も1時間として加算。施設使用料改定後も変更なしと公式ページに記載"
PRICE-137,CAND-055,sunamachi-training-1,facility,all,weekday,09:00-12:00,3100,not_stated,per_slot,"第1研修室・平日午前",2025-04-01,2026-07-30,verified,https://www.kcf.or.jp/sunamachi/shisetsu/ichiran/detail/?id=123,"舞台照明・音響卓・ピアノ・器具・人件費・清掃","営利目的の利用不可。表示額の税扱いはページ上で未確認"
PRICE-138,CAND-055,sunamachi-training-1,facility,all,weekday,13:00-17:00,6300,not_stated,per_slot,"第1研修室・平日午後",2025-04-01,2026-07-30,verified,https://www.kcf.or.jp/sunamachi/shisetsu/ichiran/detail/?id=123,"舞台照明・音響卓・ピアノ・器具・人件費・清掃","午前と午後の間は利用時間外"
PRICE-139,CAND-055,sunamachi-training-1,facility,all,weekday,18:00-22:00,8000,not_stated,per_slot,"第1研修室・平日夜間",2025-04-01,2026-07-30,verified,https://www.kcf.or.jp/sunamachi/shisetsu/ichiran/detail/?id=123,"舞台照明・音響卓・ピアノ・器具・人件費・清掃","午後と夜間の間は利用時間外"
PRICE-140,CAND-055,sunamachi-training-1,facility,all,weekend_holiday,09:00-12:00,3800,not_stated,per_slot,"第1研修室・土日祝午前",2025-04-01,2026-07-30,verified,https://www.kcf.or.jp/sunamachi/shisetsu/ichiran/detail/?id=123,"舞台照明・音響卓・ピアノ・器具・人件費・清掃","営利目的の利用不可"
PRICE-141,CAND-055,sunamachi-training-1,facility,all,weekend_holiday,13:00-17:00,7700,not_stated,per_slot,"第1研修室・土日祝午後",2025-04-01,2026-07-30,verified,https://www.kcf.or.jp/sunamachi/shisetsu/ichiran/detail/?id=123,"舞台照明・音響卓・ピアノ・器具・人件費・清掃","第2研修室の連結利用料は別途"
PRICE-142,CAND-055,sunamachi-training-1,facility,all,weekend_holiday,18:00-22:00,9750,not_stated,per_slot,"第1研修室・土日祝夜間",2025-04-01,2026-07-30,verified,https://www.kcf.or.jp/sunamachi/shisetsu/ichiran/detail/?id=123,"舞台照明・音響卓・ピアノ・器具・人件費・清掃","第2研修室の連結利用料は別途"
PRICE-143,CAND-056,nyc-large-hall,facility,youth_education,all,08:30-22:00,308000,included,per_day,"カルチャー棟大ホール全体・青少年および青少年教育関係者・全日",2026-07-07,2026-07-30,verified,https://nyc.niye.go.jp/wp-content/uploads/2026/07/nyc_price20260707.pdf,"投光室・ピアノ・追加付帯設備・運営人件費","税込。ホール全体の一般利用には楽屋を含むが、青少年区分の付帯範囲は申込時確認"
PRICE-144,CAND-056,nyc-large-hall,facility,all,all,08:30-22:00,705470,included,per_day,"カルチャー棟大ホール全体・一般・全日",2026-07-07,2026-07-30,verified,https://nyc.niye.go.jp/wp-content/uploads/2026/07/nyc_price20260707.pdf,"投光室・ピアノ・追加付帯設備・運営人件費","税込。楽屋を含む。音響室・映写室を含む。料金は年度改定後の額が適用される場合あり"
PRICE-145,CAND-056,nyc-gym-1,facility,all,all,08:30-12:00,27320,included,per_slot,"スポーツ棟第1体育室・一般・午前",2026-07-07,2026-07-30,verified,https://nyc.niye.go.jp/wp-content/uploads/2026/07/nyc_price20260707.pdf,"付帯設備・床養生・運営人件費","税込。第2体育室も同額"
PRICE-146,CAND-056,nyc-gym-1,facility,all,all,13:00-17:00,33360,included,per_slot,"スポーツ棟第1体育室・一般・午後",2026-07-07,2026-07-30,verified,https://nyc.niye.go.jp/wp-content/uploads/2026/07/nyc_price20260707.pdf,"付帯設備・床養生・運営人件費","税込。全日区分は料金表に設定なし"
PRICE-147,CAND-056,nyc-gym-1,facility,all,all,18:00-22:00,36110,included,per_slot,"スポーツ棟第1体育室・一般・夜間",2026-07-07,2026-07-30,verified,https://nyc.niye.go.jp/wp-content/uploads/2026/07/nyc_price20260707.pdf,"付帯設備・床養生・運営人件費","税込。複数体育室の同時予約可否は要確認"
PRICE-148,CAND-016,sunlake-multipurpose,facility,no_admission,normal_period,all,2250,included,per_hour,"多目的ホール・一般町外・入場料を徴収しない場合",,2026-07-30,verified,https://www.town.kasuya.fukuoka.jp/s037/040/010/010/030/20191130225232.html,"附属設備・舞台音響照明・整理警備人員・配信回線","通常期は4〜6月と10〜11月。準備・後片付けを使用時間に含み、1時間未満は1時間として計算"
PRICE-149,CAND-016,sunlake-multipurpose,facility,no_admission,cooling_heating_period,all,3370,included,per_hour,"多目的ホール・一般町外・入場料を徴収しない場合",,2026-07-30,verified,https://www.town.kasuya.fukuoka.jp/s037/040/010/010/030/20191130225232.html,"附属設備・舞台音響照明・整理警備人員・配信回線","冷房期7〜9月、暖房期12〜3月。冷暖房期料金として公式掲載"
PRICE-150,CAND-016,sunlake-multipurpose,facility,admission,normal_period,all,3000,included,per_hour,"多目的ホール・入場料を徴収する場合",,2026-07-30,verified,https://www.town.kasuya.fukuoka.jp/s037/040/010/010/030/20191130225232.html,"附属設備・舞台音響照明・整理警備人員・配信回線","入場料、会費、寄付金、賛助料等を名目によらず入場対価として扱う公式区分"
PRICE-151,CAND-016,sunlake-multipurpose,facility,admission,cooling_heating_period,all,4500,included,per_hour,"多目的ホール・入場料を徴収する場合",,2026-07-30,verified,https://www.town.kasuya.fukuoka.jp/s037/040/010/010/030/20191130225232.html,"附属設備・舞台音響照明・整理警備人員・配信回線","冷房期7〜9月、暖房期12〜3月の公式料金"
PRICE-152,CAND-016,sunlake-sakura,facility,no_admission,normal_period,all,7500,included,per_hour,"さくらホール・一般町外・入場料を徴収しない場合",,2026-07-30,verified,https://www.town.kasuya.fukuoka.jp/s037/040/010/010/030/20191130225232.html,"附属設備・舞台音響照明・整理警備人員・配信回線","準備・後片付けを使用時間に含む。舞台のみ料金は別区分"
PRICE-153,CAND-016,sunlake-sakura,facility,no_admission,cooling_heating_period,all,11250,included,per_hour,"さくらホール・一般町外・入場料を徴収しない場合",,2026-07-30,verified,https://www.town.kasuya.fukuoka.jp/s037/040/010/010/030/20191130225232.html,"附属設備・舞台音響照明・整理警備人員・配信回線","冷房期7〜9月、暖房期12〜3月の公式料金"
PRICE-154,CAND-016,sunlake-sakura,facility,admission,normal_period,all,10000,included,per_hour,"さくらホール・入場料を徴収する場合",,2026-07-30,verified,https://www.town.kasuya.fukuoka.jp/s037/040/010/010/030/20191130225232.html,"附属設備・舞台音響照明・整理警備人員・配信回線","準備・後片付けを使用時間に含み、1時間未満は1時間として計算"
PRICE-155,CAND-016,sunlake-sakura,facility,admission,cooling_heating_period,all,15000,included,per_hour,"さくらホール・入場料を徴収する場合",,2026-07-30,verified,https://www.town.kasuya.fukuoka.jp/s037/040/010/010/030/20191130225232.html,"附属設備・舞台音響照明・整理警備人員・配信回線","冷房期7〜9月、暖房期12〜3月の公式料金"
PRICE-156,CAND-057,gibun-multipurpose,facility,all,all,09:00-22:00,45800,included,per_day,"多目的ホール全面・通常利用・午前から夜間",,2026-07-30,verified,https://gibun.jp/facility/,"附帯音響映像設備・グランドピアノ・レイアウト変更人員・清掃ごみ処理","午前12600円＋午後16600円＋夜間16600円と同額の公式連続区分。準備・片付けを利用時間に含む"
PRICE-157,CAND-057,gibun-multipurpose,facility,commercial,all,09:00-22:00,91600,included,per_day,"多目的ホール全面・営利利用・午前から夜間",,2026-07-30,verified,https://gibun.jp/facility/,"附帯音響映像設備・グランドピアノ・レイアウト変更人員・清掃ごみ処理","会場内販売、営業活動、撮影、参加者1人2000円以上徴収等は通常料金の倍額"
PRICE-158,CAND-057,gibun-multipurpose,equipment,all,all,all,2000,included,per_use,"拡声装置1式・有線マイク1本付き・通常利用",,2026-07-30,verified,https://gibun.jp/facility/,"施設基本料・追加マイク・操作人員・配信回線","営利利用は4000円"
PRICE-159,CAND-057,gibun-multipurpose,equipment,all,all,all,1500,included,per_use,"PCプロジェクター1式・HDMI接続・通常利用",,2026-07-30,verified,https://gibun.jp/facility/,"施設基本料・変換ケーブル・操作人員・スクリーン・配信回線","営利利用は3000円。HDMI端子のない機器は接続ケーブル持参"
PRICE-160,CAND-058,bellesalle-akihabara-2fb,facility,event,all,8_hours,627000,included,per_slot,"2F HALL B・最短8時間の通常料金参考価格",,2026-07-30,verified,https://www.bellesalle.co.jp/shisetsu/tokyo/bs_akihabara/detail/bs_akihabara_hall_2fb/,"会場管理費・時間延長・付帯設備・人員・清掃・警備等の含有範囲は要見積","公式ページの参考価格。表示料金は最短利用時間の参考で、実際の開催日・時間・内容は問い合わせ"
PRICE-161,CAND-025,bigpalette-exhibition-full,facility,all,all,09:00-17:00,721600,included,per_day,"多目的展示ホール全面5495㎡・午前＋午後",,2026-07-30,verified,https://www.big-palette.jp/promotor/price.html,"冷暖房・電気水道・備品・設営撤去・警備・清掃・催事用回線","午後＋夜間13:00〜21:00も同額。入場料を徴収する場合は最高額に応じ10〜100%加算"
PRICE-162,CAND-025,bigpalette-exhibition-a,facility,all,all,09:00-17:00,217800,included,per_day,"多目的展示ホールA・南側1670㎡・午前＋午後",,2026-07-30,verified,https://www.big-palette.jp/promotor/price.html,"冷暖房・電気水道・備品・設営撤去・警備・清掃・催事用回線","午後＋夜間13:00〜21:00も同額。入場料条件による加算あり"
PRICE-163,CAND-025,bigpalette-exhibition-b,facility,all,all,09:00-17:00,189200,included,per_day,"多目的展示ホールB・中央1444㎡・午前＋午後",,2026-07-30,verified,https://www.big-palette.jp/promotor/price.html,"冷暖房・電気水道・備品・設営撤去・警備・清掃・催事用回線","午後＋夜間13:00〜21:00も同額。入場料条件による加算あり"
PRICE-164,CAND-025,bigpalette-exhibition-c,facility,all,all,09:00-17:00,314600,included,per_day,"多目的展示ホールC・北側2375㎡・午前＋午後",,2026-07-30,verified,https://www.big-palette.jp/promotor/price.html,"冷暖房・電気水道・備品・設営撤去・警備・清掃・催事用回線","午後＋夜間13:00〜21:00も同額。入場料条件による加算あり"
PRICE-165,CAND-025,bigpalette-convention-full,facility,all,all,09:00-17:00,220000,included,per_day,"コンベンションホール全面953㎡・午前＋午後",,2026-07-30,verified,https://www.big-palette.jp/promotor/price.html,"冷暖房・電気・備品・設営撤去・警備・清掃・催事用回線","午後＋夜間13:00〜21:00も同額。入場料条件による加算あり"
PRICE-166,CAND-025,bigpalette-exhibition-full,hvac_cooling,all,all,all,30030,included,per_hour,"多目的展示ホール全面・冷房",,2026-07-30,verified,https://www.big-palette.jp/promotor/price.html,"施設基本料・電気水道・備品・設営撤去・警備・清掃・催事用回線","1時間未満は1時間に切り上げ"
PRICE-167,CAND-025,bigpalette-exhibition-full,hvac_heating,all,all,all,15191,included,per_hour,"多目的展示ホール全面・暖房",,2026-07-30,verified,https://www.big-palette.jp/promotor/price.html,"施設基本料・電気水道・備品・設営撤去・警備・清掃・催事用回線","1時間未満は1時間に切り上げ"
PRICE-168,CAND-025,bigpalette-exhibition-full,network,all,all,all,9000,included,per_day,"有線LAN・1室1日",,2026-07-30,verified,https://www.big-palette.jp/promotor/equipment.html,"施設基本料・個別Wi-Fi構築・配信機材・固定IP・技術人員","事前申込が必要。館内フリーWi-Fiは個人向けで催事利用には不向きと公式FAQに明記"
PRICE-169,CAND-034,airwater-main,facility,amateur_sports,all,per_hour,2460,not_stated,per_hour,"メインアリーナ全面・入場料を徴収しないアマチュアスポーツ利用",,2026-07-30,verified,https://www.city.matsumoto.nagano.jp/soshiki/239/5722.html,"照明・冷暖房・器具・床養生・設営撤去・警備・清掃・催事回線","8:30〜12:30と13:00〜21:00の各1時間料金。利用区分間12:30〜13:00の扱いは要確認"
PRICE-170,CAND-034,airwater-main,facility,other_no_admission,all,per_hour,7380,not_stated,per_hour,"メインアリーナ全面・入場料を徴収しないその他利用",,2026-07-30,verified,https://www.city.matsumoto.nagano.jp/soshiki/239/5722.html,"照明・冷暖房・器具・床養生・設営撤去・警備・清掃・催事回線","ジャグリング大会がアマチュアスポーツかその他利用かは施設確認が必要"
PRICE-171,CAND-034,airwater-main,facility,amateur_sports_admission,all,per_hour,7380,not_stated,per_hour,"メインアリーナ全面・入場料を徴収するアマチュアスポーツ利用",,2026-07-30,verified,https://www.city.matsumoto.nagano.jp/soshiki/239/5722.html,"照明・冷暖房・器具・床養生・設営撤去・警備・清掃・催事回線","高校生以下または障がい者等の利用減額は検索の標準額へ混ぜない"
PRICE-172,CAND-034,airwater-main,facility,other_admission,all,per_hour,14760,not_stated,per_hour,"メインアリーナ全面・入場料を徴収するその他利用",,2026-07-30,verified,https://www.city.matsumoto.nagano.jp/soshiki/239/5722.html,"入場券面最高額100人分・照明・冷暖房・器具・床養生・設営撤去・警備・清掃・催事回線","公式案内ではこの時間料金に入場券面最高額の100人分をさらに加算"
PRICE-173,CAND-034,airwater-main,equipment,all,all,all,3560,not_stated,per_hour,"メインアリーナ全面・全灯",,2026-07-30,verified,https://www.city.matsumoto.nagano.jp/soshiki/239/5722.html,"施設基本料・冷暖房・音響・床養生・設営撤去・警備・清掃・催事回線","2分の1点灯1780円、4分の1点灯890円"
PRICE-174,CAND-034,airwater-main,hvac,all,all,all,11000,not_stated,per_hour,"メインアリーナ全面・冷暖房",,2026-07-30,verified,https://www.city.matsumoto.nagano.jp/soshiki/239/5722.html,"施設基本料・照明・器具・床養生・設営撤去・警備・清掃・催事回線","1時間以内の公式料金"
PRICE-175,CAND-034,kissei-large,facility,no_admission,weekday,09:00-21:30,241900,not_stated,per_day,"大ホール・入場料無料・平日全日",2024-04-01,2026-07-30,verified,https://www.matsubun.jp/guide/pdf/price_shisetsu.pdf,"附属設備・舞台照明音響人員・超過・警備・清掃・回線","準備・練習のみは基本料70%。入場料、営業利用、土日休日は別区分"
PRICE-176,CAND-034,kissei-large,facility,no_admission,weekend_holiday,09:00-21:30,300000,not_stated,per_day,"大ホール・入場料無料・土日休日全日",2024-04-01,2026-07-30,verified,https://www.matsubun.jp/guide/pdf/price_shisetsu.pdf,"附属設備・舞台照明音響人員・超過・警備・清掃・回線","準備・練習のみは基本料70%。入場料、営業利用は別区分"
PRICE-177,CAND-034,kissei-medium,facility,no_admission,weekday,09:00-21:30,90100,not_stated,per_day,"中ホール・入場料無料・平日全日",2024-04-01,2026-07-30,verified,https://www.matsubun.jp/guide/pdf/price_shisetsu.pdf,"附属設備・舞台照明音響人員・超過・警備・清掃・回線","準備・練習のみは基本料70%。入場料、営業利用、土日休日は別区分"
PRICE-178,CAND-034,kissei-medium,facility,no_admission,weekend_holiday,09:00-21:30,111700,not_stated,per_day,"中ホール・入場料無料・土日休日全日",2024-04-01,2026-07-30,verified,https://www.matsubun.jp/guide/pdf/price_shisetsu.pdf,"附属設備・舞台照明音響人員・超過・警備・清掃・回線","準備・練習のみは基本料70%。入場料、営業利用は別区分"
PRICE-179,CAND-014,matsuyama-main,facility,amateur_sports_no_admission,all,09:00-21:00,39720,not_stated,per_day,"メインアリーナ全面・入場料を徴収しないアマチュアスポーツ",2025-04-01,2026-07-30,verified,https://www.cul-spo.or.jp/wp2017/wp-content/uploads/2025/03/taiikukan_kojinandsenyou-1.pdf,"冷暖房・器具・床養生・設営撤去・警備・清掃・催事回線","準備と原状回復を利用時間に含む。営利利用は基本料100%加算"
PRICE-180,CAND-014,matsuyama-main,facility,amateur_sports_admission,all,09:00-21:00,119180,not_stated,per_day,"メインアリーナ全面・入場料を徴収するアマチュアスポーツ",2025-04-01,2026-07-30,verified,https://www.cul-spo.or.jp/wp2017/wp-content/uploads/2025/03/taiikukan_kojinandsenyou-1.pdf,"冷暖房・器具・床養生・設営撤去・警備・清掃・催事回線","営利利用は基本料100%加算"
PRICE-181,CAND-014,matsuyama-main,facility,other_no_admission,all,09:00-21:00,238440,not_stated,per_day,"メインアリーナ全面・入場料を徴収しないアマチュアスポーツ以外",2025-04-01,2026-07-30,verified,https://www.cul-spo.or.jp/wp2017/wp-content/uploads/2025/03/taiikukan_kojinandsenyou-1.pdf,"冷暖房・器具・床養生・設営撤去・警備・清掃・催事回線","ジャグリング大会の料金用途は施設確認が必要。営利利用は基本料100%加算"
PRICE-182,CAND-014,matsuyama-main,facility,other_admission,all,09:00-21:00,596110,not_stated,per_day,"メインアリーナ全面・入場料を徴収するアマチュアスポーツ以外",2025-04-01,2026-07-30,verified,https://www.cul-spo.or.jp/wp2017/wp-content/uploads/2025/03/taiikukan_kojinandsenyou-1.pdf,"冷暖房・器具・床養生・設営撤去・警備・清掃・催事回線","営利利用は基本料100%加算"
PRICE-183,CAND-014,matsuyama-main,hvac,all,all,09:00-21:00,119220,not_stated,per_day,"メインアリーナ全面・冷暖房全日",2025-04-01,2026-07-30,verified,https://www.cul-spo.or.jp/wp2017/wp-content/uploads/2025/03/taiikukan_kojinandsenyou-1.pdf,"施設基本料・器具・床養生・設営撤去・警備・清掃・催事回線","午前26490円、午後39740円、夜間52980円。全日公式額は119220円"
PRICE-184,CAND-014,camellia-hall,facility,no_admission,weekday,09:00-22:00,87420,not_stated,per_day,"キャメリアホール・入場料無料・平日全日",2025-04-01,2026-07-30,verified,https://www.cul-spo.or.jp/wp2017/wp-content/uploads/2025/03/bunkahalltou_kihon-1.pdf,"冷暖房・舞台音響照明・器具・人員・警備・清掃・配信回線","開場時間から本番料金。入場料・営利・練習準備は別区分"
PRICE-185,CAND-014,camellia-hall,facility,no_admission,weekend_holiday,09:00-22:00,105970,not_stated,per_day,"キャメリアホール・入場料無料・土日祝全日",2025-04-01,2026-07-30,verified,https://www.cul-spo.or.jp/wp2017/wp-content/uploads/2025/03/bunkahalltou_kihon-1.pdf,"冷暖房・舞台音響照明・器具・人員・警備・清掃・配信回線","開場時間から本番料金。入場料・営利・練習準備は別区分"
PRICE-186,CAND-017,kumamoto-exhibition,facility,non_profit,weekday,09:00-22:00,481000,included,per_day,"展示ホール全面・非営利利用・平日全日",,2026-07-30,verified,https://www.kumamoto-jo-hall.jp/organizer/fee.html,"附属設備・光熱水・床養生・設営撤去・警備・清掃・催事回線","税込。入場料徴収または商業活動等は営利利用。使用時間に設営撤去を含む"
PRICE-187,CAND-017,kumamoto-exhibition,facility,non_profit,weekend_holiday,09:00-22:00,577200,included,per_day,"展示ホール全面・非営利利用・土日祝全日",,2026-07-30,verified,https://www.kumamoto-jo-hall.jp/organizer/fee.html,"附属設備・光熱水・床養生・設営撤去・警備・清掃・催事回線","税込。入場料徴収または商業活動等は営利利用。使用時間に設営撤去を含む"
PRICE-188,CAND-017,kumamoto-exhibition,facility,commercial,weekday,09:00-22:00,721500,included,per_day,"展示ホール全面・営利利用・平日全日",,2026-07-30,verified,https://www.kumamoto-jo-hall.jp/organizer/fee.html,"附属設備・光熱水・床養生・設営撤去・警備・清掃・催事回線","税込。営利利用は入場料徴収または商業活動その他これに類する目的。使用時間に設営撤去を含む"
PRICE-189,CAND-017,kumamoto-exhibition,facility,commercial,weekend_holiday,09:00-22:00,865800,included,per_day,"展示ホール全面・営利利用・土日祝全日",,2026-07-30,verified,https://www.kumamoto-jo-hall.jp/organizer/fee.html,"附属設備・光熱水・床養生・設営撤去・警備・清掃・催事回線","税込。営利利用は入場料徴収または商業活動その他これに類する目的。使用時間に設営撤去を含む"
PRICE-190,CAND-017,kumamoto-civic,facility,music_stage_non_profit,weekday,09:00-22:00,179400,included,per_day,"シビックホール全面・音楽／演劇／演芸等・非営利・平日全日",,2026-07-30,verified,https://www.kumamoto-jo-hall.jp/organizer/fee.html,"附属設備・光熱水・舞台音響照明人員・設営撤去・警備・清掃・催事回線","税込。音楽・演劇・演芸・市民発表会等の区分。大会が同区分に該当するかは施設確認が必要"
PRICE-191,CAND-017,kumamoto-civic,facility,music_stage_non_profit,weekend_holiday,09:00-22:00,224900,included,per_day,"シビックホール全面・音楽／演劇／演芸等・非営利・土日祝全日",,2026-07-30,verified,https://www.kumamoto-jo-hall.jp/organizer/fee.html,"附属設備・光熱水・舞台音響照明人員・設営撤去・警備・清掃・催事回線","税込。音楽・演劇・演芸・市民発表会等の区分。大会が同区分に該当するかは施設確認が必要"
PRICE-192,CAND-017,kumamoto-civic,facility,commercial,weekday,09:00-22:00,299000,included,per_day,"シビックホール全面・音楽／演劇／演芸等・営利・平日全日",,2026-07-30,verified,https://www.kumamoto-jo-hall.jp/organizer/fee.html,"附属設備・光熱水・舞台音響照明人員・設営撤去・警備・清掃・催事回線","税込。同施設の音楽・演劇・演芸等以外の非営利利用も同額。該当用途は施設確認が必要"
PRICE-193,CAND-017,kumamoto-civic,facility,commercial,weekend_holiday,09:00-22:00,377000,included,per_day,"シビックホール全面・音楽／演劇／演芸等・営利・土日祝全日",,2026-07-30,verified,https://www.kumamoto-jo-hall.jp/organizer/fee.html,"附属設備・光熱水・舞台音響照明人員・設営撤去・警備・清掃・催事回線","税込。同施設の音楽・演劇・演芸等以外の非営利利用も同額。該当用途は施設確認が必要"
PRICE-194,CAND-043,bigship-multipurpose,facility,no_admission_or_le_1000,weekday,09:00-22:00,171090,included,per_day,"多目的ホール・会議／講演／音楽等・入場料なしまたは最高1000円以下・平日全日",,2026-07-30,verified,https://www.bigship.or.jp/bigship/organizer/13/,"冷暖房・附属設備・舞台音響照明人員・養生・清掃・警備・催事回線","税込。展示・競技・スポーツ利用は時間料金の別区分"
PRICE-195,CAND-043,bigship-multipurpose,facility,no_admission_or_le_1000,weekend_holiday,09:00-22:00,205310,included,per_day,"多目的ホール・会議／講演／音楽等・入場料なしまたは最高1000円以下・土日祝全日",,2026-07-30,verified,https://www.bigship.or.jp/bigship/organizer/13/,"冷暖房・附属設備・舞台音響照明人員・養生・清掃・警備・催事回線","税込。展示・競技・スポーツ利用は時間料金の別区分"
PRICE-196,CAND-043,bigship-multipurpose,facility,non_profit_exhibition_sports_le_3000,weekday,all,14190,included,per_hour,"多目的ホール全面・非営利の展示／競技／スポーツ・入場料なしまたは最高3000円以下・平日",,2026-07-30,verified,https://www.bigship.or.jp/bigship/organizer/13/,"冷暖房・附属設備・舞台・養生・清掃・警備・催事回線","税込。JJF型の料金用途候補だが、ジャグリング大会の該当区分は施設確認が必要"
PRICE-197,CAND-043,bigship-multipurpose,facility,non_profit_exhibition_sports_le_3000,weekend_holiday,all,17070,included,per_hour,"多目的ホール全面・非営利の展示／競技／スポーツ・入場料なしまたは最高3000円以下・土日祝",,2026-07-30,verified,https://www.bigship.or.jp/bigship/organizer/13/,"冷暖房・附属設備・舞台・養生・清掃・警備・催事回線","税込。JJF型の料金用途候補だが、ジャグリング大会の該当区分は施設確認が必要"
PRICE-198,CAND-043,bigship-multipurpose,facility,commercial_exhibition_sports,weekday,all,28390,included,per_hour,"多目的ホール全面・営利の展示／競技／スポーツ・平日",,2026-07-30,verified,https://www.bigship.or.jp/bigship/organizer/13/,"冷暖房・附属設備・舞台・養生・清掃・警備・催事回線","税込。1/2面料金は別確認"
PRICE-199,CAND-043,bigship-international,facility,all,all,all,8370,included,per_hour,"国際会議室・1時間",,2026-07-30,verified,https://www.bigship.or.jp/bigship/organizer/13/,"冷暖房・電気・レイアウト設営撤去・清掃・警備・催事回線","税込。利用時間は準備から撤収までを含む"
PRICE-200,CAND-043,bigship-international,hvac,all,all,all,2920,included,per_hour,"国際会議室・冷暖房1時間",,2026-07-30,verified,https://www.bigship.or.jp/bigship/organizer/13/,"施設基本料・電気・レイアウト設営撤去・清掃・警備・催事回線","税込。指定コンセントの電気利用は別途1kWあたり40円"
PRICE-201,CAND-043,bigship-multipurpose,network,all,all,per_event,18480,included,per_event,"インターネット回線専有接続サービス・1催事1セット",,2026-07-30,verified,https://www.bigship.or.jp/bigship/organizer/18/3/,"施設基本料・端末・配信機材・配信技術者","税込。利用21日前までに要予約。帯域・固定IP・冗長化は申込時確認"
PRICE-202,CAND-005,lightcube-large,facility,all,weekday,09:00-12:00,178400,not_stated,per_slot,"大ホール全面・平日午前",,2026-07-30,verified,https://u-koryukyoten.jp/assets/pdf/guide/pdf03.pdf,"附属設備・仮設舞台・空調・電気・設営撤去・警備・清掃・催事回線","公式の午前区分。利用目的、入場料、営利による加算条件は手引き・条例で要確認"
PRICE-203,CAND-005,lightcube-large,facility,all,weekday,13:00-17:00,237800,not_stated,per_slot,"大ホール全面・平日午後",,2026-07-30,verified,https://u-koryukyoten.jp/assets/pdf/guide/pdf03.pdf,"附属設備・仮設舞台・空調・電気・設営撤去・警備・清掃・催事回線","公式の午後区分。12〜13時は利用区分外"
PRICE-204,CAND-005,lightcube-large,facility,all,weekday,18:00-22:00,237800,not_stated,per_slot,"大ホール全面・平日夜間",,2026-07-30,verified,https://u-koryukyoten.jp/assets/pdf/guide/pdf03.pdf,"附属設備・仮設舞台・空調・電気・設営撤去・警備・清掃・催事回線","公式の夜間区分。17〜18時は利用区分外"
PRICE-205,CAND-005,lightcube-large,facility,all,weekend_holiday,09:00-12:00,214100,not_stated,per_slot,"大ホール全面・休日午前",,2026-07-30,verified,https://u-koryukyoten.jp/assets/pdf/guide/pdf03.pdf,"附属設備・仮設舞台・空調・電気・設営撤去・警備・清掃・催事回線","公式の午前区分。休日の定義と利用目的による加算条件は要確認"
PRICE-206,CAND-005,lightcube-large,facility,all,weekend_holiday,13:00-17:00,285400,not_stated,per_slot,"大ホール全面・休日午後",,2026-07-30,verified,https://u-koryukyoten.jp/assets/pdf/guide/pdf03.pdf,"附属設備・仮設舞台・空調・電気・設営撤去・警備・清掃・催事回線","公式の午後区分。12〜13時は利用区分外"
PRICE-207,CAND-005,lightcube-large,facility,all,weekend_holiday,18:00-22:00,285400,not_stated,per_slot,"大ホール全面・休日夜間",,2026-07-30,verified,https://u-koryukyoten.jp/assets/pdf/guide/pdf03.pdf,"附属設備・仮設舞台・空調・電気・設営撤去・警備・清掃・催事回線","公式の夜間区分。17〜18時は利用区分外"
PRICE-208,CAND-013,ishinhall-main,facility,non_profit,weekday,09:00-22:00,121000,not_stated,per_day,"メインホール・平土間全面・非営利・平日全日",,2026-07-30,verified,https://ishinhall.com/hall/org/fee/,"会場設営・座席転換・附属設備・冷暖房・電気・舞台音響照明人員・警備・清掃・Wi-Fi機器","準備・撤去・練習のみは基本料70%。ジャグリング大会が非営利区分に該当するかは施設確認が必要"
PRICE-209,CAND-013,ishinhall-main,facility,non_profit,weekend_holiday,09:00-22:00,151250,not_stated,per_day,"メインホール・平土間全面・非営利・土日祝全日",,2026-07-30,verified,https://ishinhall.com/hall/org/fee/,"会場設営・座席転換・附属設備・冷暖房・電気・舞台音響照明人員・警備・清掃・Wi-Fi機器","準備・撤去・練習のみは基本料70%。会場設営は施設利用料に含まれない"
PRICE-210,CAND-013,ishinhall-main,facility,commercial,weekday,09:00-22:00,242000,not_stated,per_day,"メインホール・平土間全面・営利・平日全日",,2026-07-30,verified,https://ishinhall.com/hall/org/fee/,"会場設営・座席転換・附属設備・冷暖房・電気・舞台音響照明人員・警備・清掃・Wi-Fi機器","準備・撤去・練習のみは基本料70%"
PRICE-211,CAND-013,ishinhall-main,facility,commercial,weekend_holiday,09:00-22:00,302500,not_stated,per_day,"メインホール・平土間全面・営利・土日祝全日",,2026-07-30,verified,https://ishinhall.com/hall/org/fee/,"会場設営・座席転換・附属設備・冷暖房・電気・舞台音響照明人員・警備・清掃・Wi-Fi機器","会場設営は施設利用料に含まれない"
PRICE-212,CAND-013,ishinhall-main,facility,non_profit,weekday,09:00-22:00,72600,not_stated,per_day,"メインホール・平土間半面・非営利・平日全日",,2026-07-30,verified,https://ishinhall.com/hall/org/fee/,"会場設営・座席転換・附属設備・冷暖房・電気・舞台音響照明人員・警備・清掃・Wi-Fi機器","半面利用は6か月前から受付。面積境界・遮音・別催事同時利用は要確認"
PRICE-213,CAND-013,ishinhall-main,hvac,all,all,all,11000,included,per_hour,"メインホール・冷暖房設備使用料",2026-04-01,2026-07-30,verified,https://ishinhall.com/wp-content/themes/overwall/images/pdf/mainhall-price_2026.pdf,"施設基本料・会場設営・附属設備・電気・舞台音響照明人員・警備・清掃","税込。1時間単価"
PRICE-214,CAND-013,ishinhall-main,network,all,all,all,0,included,per_event,"メインホール・LAN回線利用料",2026-04-01,2026-07-30,verified,https://ishinhall.com/wp-content/themes/overwall/images/pdf/mainhall-price_2026.pdf,"Wi-Fiルーター・端末・配信機材・配信技術者・専用帯域","税込料金表でLAN回線利用料0円。Wi-Fiルーターは1区分1100円。帯域・固定IP・専有性・冗長化は要確認"
PRICE-215,CAND-039,miyakomesse-hall3,facility,exhibition,all,09:00-17:00,660000,included,per_day,"第3展示場全面・展示等会期・全日",,2026-07-30,verified,https://www.miyakomesse.jp/planner/information/exhibition-hall3/,"搬出入延長・冷暖房・清掃・電気ガス水道・舞台音響照明映像・設営撤去・警備・催事回線","税込。早朝7〜9時と夜間17〜22時は1時間単位の延長利用"
PRICE-216,CAND-039,miyakomesse-hall3,facility,exhibition,all,09:00-17:00,335500,included,per_day,"第3展示場半面・展示等会期・全日",,2026-07-30,verified,https://www.miyakomesse.jp/planner/information/exhibition-hall3/,"搬出入延長・冷暖房・清掃・電気ガス水道・舞台音響照明映像・設営撤去・警備・催事回線","税込。半面は2000㎡"
PRICE-217,CAND-039,miyakomesse-hall3,hvac_cooling,all,all,all,30360,included,per_hour,"第3展示場全面・冷房設備",,2026-07-30,verified,https://www.miyakomesse.jp/planner/information/exhibition-hall3/,"施設基本料・暖房・清掃・電気ガス水道・設営撤去・警備・催事回線","税込。1時間単価。暖房は27280円／時間"
PRICE-218,CAND-039,miyakomesse-hall3,cleaning,all,all,per_event,69140,included,per_event,"第3展示場全面・清掃作業（原状回復）",,2026-07-30,verified,https://www.miyakomesse.jp/planner/information/exhibition-hall3/,"施設基本料・冷暖房・電気ガス水道・設営撤去・警備・催事回線","税込。指定清掃業者の作業範囲、回数、追加ごみ処理は要確認"
PRICE-219,CAND-039,miyakomesse-hall1,facility,exhibition,all,09:00-17:00,244200,included,per_day,"第1展示場全面・展示等会期・全日",,2026-07-30,verified,https://www.miyakomesse.jp/planner/information/exhibition-hall1/,"搬出入延長・冷暖房・清掃・電気ガス水道・設営撤去・警備・催事回線","税込。全面1480㎡"
PRICE-220,CAND-039,miyakomesse-hall1,facility,exhibition,all,09:00-17:00,127600,included,per_day,"第1展示場半面・展示等会期・全日",,2026-07-30,verified,https://www.miyakomesse.jp/planner/information/exhibition-hall1/,"搬出入延長・冷暖房・清掃・電気ガス水道・設営撤去・警備・催事回線","税込。半面740㎡"
PRICE-221,CAND-039,miyakomesse-hall1,hvac_cooling,all,all,all,11330,included,per_hour,"第1展示場全面・冷房設備",,2026-07-30,verified,https://www.miyakomesse.jp/planner/information/exhibition-hall1/,"施設基本料・暖房・清掃・電気ガス水道・設営撤去・警備・催事回線","税込。1時間単価。暖房は10120円／時間"
PRICE-222,CAND-039,miyakomesse-hall1,cleaning,all,all,per_event,20152,included,per_event,"第1展示場全面・清掃作業（原状回復）",,2026-07-30,verified,https://www.miyakomesse.jp/planner/information/exhibition-hall1/,"施設基本料・冷暖房・電気ガス水道・設営撤去・警備・催事回線","税込。指定清掃業者の作業範囲、回数、追加ごみ処理は要確認"
PRICE-223,CAND-047,saga-main,facility,standard_sports,weekday,12_hours,1089000,included,per_day,"メインアリーナ・スポーツ・通常基本使用料・平日12時間",,2026-07-30,verified,https://saga-sunrisepark.com/wp-content/uploads/2023/11/MAIN_ARENA_%E6%96%99%E9%87%91%E8%A1%A8_20231102_fin.pdf,"1階諸室・設営撤去・休演・延長・電気空調水道・床施工・舞台音響照明映像・警備・清掃・催事回線","税込。設営撤去・休演は該当基本料50%、延長は10%。利用時間帯と含有範囲は見積時確認"
PRICE-224,CAND-047,saga-main,facility,standard_sports,weekend_holiday,12_hours,1210000,included,per_day,"メインアリーナ・スポーツ・通常基本使用料・土日祝12時間",,2026-07-30,verified,https://saga-sunrisepark.com/wp-content/uploads/2023/11/MAIN_ARENA_%E6%96%99%E9%87%91%E8%A1%A8_20231102_fin.pdf,"1階諸室・設営撤去・休演・延長・電気空調水道・床施工・舞台音響照明映像・警備・清掃・催事回線","税込。利用時間帯と含有範囲は見積時確認"
PRICE-225,CAND-047,saga-main,facility,qualified_nonprofit_sports,weekday,12_hours,270600,included,per_day,"メインアリーナ・販促目的のない非営利スポーツ・平日12時間",,2026-07-30,verified,https://saga-sunrisepark.com/wp-content/uploads/2023/11/MAIN_ARENA_%E6%96%99%E9%87%91%E8%A1%A8_20231102_fin.pdf,"1階諸室・設営撤去・休演・延長・電気空調水道・床施工・舞台音響照明映像・警備・清掃・催事回線","税込。行政主催、または所定の非営利組織・無料・販売協賛なし等の要件があり、一般的な大会が該当するとは限らない"
PRICE-226,CAND-047,saga-main,facility,standard_mice_other,weekday,12_hours,1320000,included,per_day,"メインアリーナ・MICEその他・通常基本使用料・平日12時間",,2026-07-30,verified,https://saga-sunrisepark.com/wp-content/uploads/2023/11/MAIN_ARENA_%E6%96%99%E9%87%91%E8%A1%A8_20231102_fin.pdf,"1階諸室・設営撤去・休演・延長・電気空調水道・床施工・舞台音響照明映像・警備・清掃・催事回線","税込。ジャグリング大会がスポーツかMICEその他かは施設確認が必要"
PRICE-227,CAND-047,saga-main,facility,qualified_nonprofit_mice_other,weekday,12_hours,330000,included,per_day,"メインアリーナ・販促目的のない非営利MICEその他・平日12時間",,2026-07-30,verified,https://saga-sunrisepark.com/wp-content/uploads/2023/11/MAIN_ARENA_%E6%96%99%E9%87%91%E8%A1%A8_20231102_fin.pdf,"1階諸室・設営撤去・休演・延長・電気空調水道・床施工・舞台音響照明映像・警備・清掃・催事回線","税込。適用要件が厳しく、団体名だけで非営利料金と判定しない"
PRICE-228,CAND-047,saga-sub,facility,qualified_nonprofit_sports,all,09:00-12:00,6600,included,per_slot,"サブアリーナ・販促目的のない非営利スポーツ・午前",,2026-07-30,verified,https://saga-sunrisepark.com/wp-content/uploads/2023/07/SUB_ARENA_%E6%96%99%E9%87%91%E8%A1%A8-1.pdf,"諸室・設営撤去・電気空調水道・床施工・器具・警備・清掃・催事回線","税込。非営利要件とジャグリング大会の適用可否は要確認"
PRICE-229,CAND-047,saga-sub,facility,qualified_nonprofit_sports,all,12:00-17:00,12100,included,per_slot,"サブアリーナ・販促目的のない非営利スポーツ・午後",,2026-07-30,verified,https://saga-sunrisepark.com/wp-content/uploads/2023/07/SUB_ARENA_%E6%96%99%E9%87%91%E8%A1%A8-1.pdf,"諸室・設営撤去・電気空調水道・床施工・器具・警備・清掃・催事回線","税込。設営撤去・休演は該当使用料50%"
PRICE-230,CAND-047,saga-sub,facility,qualified_nonprofit_sports,all,17:00-22:00,12100,included,per_slot,"サブアリーナ・販促目的のない非営利スポーツ・夜間",,2026-07-30,verified,https://saga-sunrisepark.com/wp-content/uploads/2023/07/SUB_ARENA_%E6%96%99%E9%87%91%E8%A1%A8-1.pdf,"諸室・設営撤去・電気空調水道・床施工・器具・警備・清掃・催事回線","税込。設営撤去・休演は該当使用料50%"
PRICE-231,CAND-015,culport-large,facility,no_admission,weekday,09:00-22:00,192970,not_stated,per_day,"四国銀行ホール・入場料を徴収しない・平日全日",2026-04-01,2026-07-30,verified,https://www.bunkaplaza.or.jp/facility/halls/charge/,"附属設備・舞台音響照明人員・冷暖房・電気・設営撤去・警備・清掃・催事回線","2026年4月1日以降の利用申請に適用される現行表。税の内外はページ上で明記を確認できずnot_stated。準備・練習利用は該当基本料等の7割"
PRICE-232,CAND-015,culport-large,facility,no_admission,weekend_holiday,09:00-22:00,231510,not_stated,per_day,"四国銀行ホール・入場料を徴収しない・土日休日全日",2026-04-01,2026-07-30,verified,https://www.bunkaplaza.or.jp/facility/halls/charge/,"附属設備・舞台音響照明人員・冷暖房・電気・設営撤去・警備・清掃・催事回線","2026年4月1日以降の利用申請に適用される現行表。3階客席等を除く利用は該当額の8割"
PRICE-233,CAND-015,culport-small,facility,no_admission,weekday,09:00-22:00,35530,not_stated,per_day,"龍馬学園イベントホール・入場料を徴収しない・平日全日",2026-04-01,2026-07-30,verified,https://www.bunkaplaza.or.jp/facility/halls/charge/,"仮設舞台・移動席設営・附属設備・音響照明人員・冷暖房・電気・設営撤去・警備・清掃・催事回線","2026年4月1日以降の利用申請に適用される現行表。客席・舞台の設営は主催者が行う"
PRICE-234,CAND-015,culport-small,facility,no_admission,weekend_holiday,09:00-22:00,42660,not_stated,per_day,"龍馬学園イベントホール・入場料を徴収しない・土日休日全日",2026-04-01,2026-07-30,verified,https://www.bunkaplaza.or.jp/facility/halls/charge/,"仮設舞台・移動席設営・附属設備・音響照明人員・冷暖房・電気・設営撤去・警備・清掃・催事回線","2026年4月1日以降の利用申請に適用される現行表。200人超は避難誘導計画等を提出し許可が必要"
PRICE-235,CAND-003,sendai-exhibition-all,facility,noncommercial,weekday,09:00-21:30,831600,included,per_day,"展示室一体・通常料金・平日3区分通し",,2026-07-30,verified,https://www.aobayama.jp/organizer/material/files/sic2025_price.pdf,"冷暖房・附帯設備・電気・設営撤去・警備・清掃・通信回線","税込。12〜13時・17〜18時の利用条件は施設確認。商品販売、入場料、顧客催事等の営利目的は展示棟通常料金の1.5倍"
PRICE-236,CAND-003,sendai-exhibition-all,facility,noncommercial,weekend_holiday,09:00-21:30,1039500,included,per_day,"展示室一体・通常料金・土日祝3区分通し",,2026-07-30,verified,https://www.aobayama.jp/organizer/material/files/sic2025_price.pdf,"冷暖房・附帯設備・電気・設営撤去・警備・清掃・通信回線","税込。設営、放置、撤去だけの時間帯は利用料金の半額。本番と準備が混在する区分およびリハーサルは通常額"
PRICE-237,CAND-003,sendai-exhibition-all,hvac,all,all,all,15750,included,per_hour,"展示室一体・空調利用料",,2026-07-30,verified,https://www.aobayama.jp/organizer/material/files/sic2025_accessory.pdf,"施設基本料・附帯設備・電気・設営撤去・警備・清掃・通信回線","税込。1時間単価。2000㎡は10500円／時、1000㎡は5250円／時"
PRICE-238,CAND-006,tokimesse-wave-all,facility,all,weekday,09:00-13:00,698000,included,per_slot,"展示ホール全面・平日午前",,2026-07-30,verified,https://www.tokimesse.com/sponsor/usage/price.html,"冷暖房・光熱水・舞台音響照明・設営撤去・警備・清掃・通信回線","税込。入場料を徴収する場合は別表加算。本番と準備・撤去が同一区分に混在する場合は本番料金"
PRICE-239,CAND-006,tokimesse-wave-all,facility,all,weekday,13:00-17:00,698000,included,per_slot,"展示ホール全面・平日午後",,2026-07-30,verified,https://www.tokimesse.com/sponsor/usage/price.html,"冷暖房・光熱水・舞台音響照明・設営撤去・警備・清掃・通信回線","税込。17〜18時は通常の区分外で、午後から連続利用する場合は1時間単価"
PRICE-240,CAND-006,tokimesse-wave-all,facility,all,weekday,18:00-22:00,698000,included,per_slot,"展示ホール全面・平日夜間",,2026-07-30,verified,https://www.tokimesse.com/sponsor/usage/price.html,"冷暖房・光熱水・舞台音響照明・設営撤去・警備・清掃・通信回線","税込。1区分すべてを準備・撤去・リハーサルに使う場合は準備撤去料金"
PRICE-241,CAND-006,tokimesse-wave-all,facility,all,weekend_holiday,09:00-13:00,767800,included,per_slot,"展示ホール全面・休日午前",,2026-07-30,verified,https://www.tokimesse.com/sponsor/usage/price.html,"冷暖房・光熱水・舞台音響照明・設営撤去・警備・清掃・通信回線","税込。休日は土日祝"
PRICE-242,CAND-006,tokimesse-wave-all,facility,all,weekend_holiday,13:00-17:00,767800,included,per_slot,"展示ホール全面・休日午後",,2026-07-30,verified,https://www.tokimesse.com/sponsor/usage/price.html,"冷暖房・光熱水・舞台音響照明・設営撤去・警備・清掃・通信回線","税込。17〜18時の利用条件は要確認"
PRICE-243,CAND-006,tokimesse-wave-all,facility,all,weekend_holiday,18:00-22:00,767800,included,per_slot,"展示ホール全面・休日夜間",,2026-07-30,verified,https://www.tokimesse.com/sponsor/usage/price.html,"冷暖房・光熱水・舞台音響照明・設営撤去・警備・清掃・通信回線","税込。時間外・深夜利用は個別相談"
PRICE-244,CAND-006,tokimesse-wave-b,facility,all,weekday,09:00-13:00,255760,included,per_slot,"展示ホールB・平日午前",,2026-07-30,verified,https://www.tokimesse.com/sponsor/usage/price.html,"冷暖房・光熱水・舞台音響照明・設営撤去・警備・清掃・通信回線","税込。Bは全面の3分の1・2700㎡"
PRICE-245,CAND-006,tokimesse-wave-b,facility,all,weekday,13:00-17:00,255760,included,per_slot,"展示ホールB・平日午後",,2026-07-30,verified,https://www.tokimesse.com/sponsor/usage/price.html,"冷暖房・光熱水・舞台音響照明・設営撤去・警備・清掃・通信回線","税込"
PRICE-246,CAND-006,tokimesse-wave-b,facility,all,weekday,18:00-22:00,255760,included,per_slot,"展示ホールB・平日夜間",,2026-07-30,verified,https://www.tokimesse.com/sponsor/usage/price.html,"冷暖房・光熱水・舞台音響照明・設営撤去・警備・清掃・通信回線","税込"
PRICE-247,CAND-006,tokimesse-wave-all,hvac,all,all,all,27600,included,per_hour,"展示ホール全面・冷暖房",,2026-07-30,verified,https://www.tokimesse.com/sponsor/usage/price.html,"施設基本料・光熱水・舞台音響照明・設営撤去・警備・清掃・通信回線","税込。1時間単価。2/3は18400円、1/3は9220円"
PRICE-248,CAND-006,tokimesse-wave-all,electricity,all,all,metered,45,included,per_kwh,"展示ホール・電気従量",,2026-07-30,verified,https://www.tokimesse.com/sponsor/usage/price.html,"施設基本料・冷暖房・水道ガス・仮設工事・設営撤去・警備・清掃・通信回線","税込。1kWh単価。必要容量、幹線工事、最低料金は要確認"
PRICE-249,CAND-006,tokimesse-wave-all,cleaning,all,all,per_event,132000,included,per_event,"展示ホール全面・使用後清掃",,2026-07-30,verified,https://www.tokimesse.com/sponsor/usage/price.html,"施設基本料・冷暖房・光熱水・舞台音響照明・設営撤去・警備・廃棄物処理・通信回線","税込。Aは88000円、Bは44000円。清掃範囲と廃棄物処理は要確認"
PRICE-250,CAND-006,tokimesse-wave-all,network,all,all,per_day,83600,included,per_day,"展示ホール全面・プレミアム無線インターネット接続",,2026-07-30,verified,https://www.tokimesse.com/sponsor/download/files/usage_hall.pdf,"施設基本料・LAN配線構築・情報コンセント・SSID設定・回線帯域保証・冗長化","税込。利用開始14日前までに申込。帯域、専有性、固定IP、同時接続、配信適合は要確認"
PRICE-251,CAND-032,ishikawa-hall4,facility,all,all,09:00-17:00,903490,not_stated,per_day,"4号館展示場全面・全日",,2026-07-30,verified,https://ishikawa-odekake.jp/westpark/downloads/,"冷暖房・展示用電気・重油・水道ガス・設営撤去・警備・清掃・通信回線","全日は9時から17時以降にわたる利用。入場料等を徴収する目的外催物は通常額の2倍。準備撤去だけの利用は原則半額"
PRICE-252,CAND-032,ishikawa-hall4,facility,all,all,09:00-17:00,397270,not_stated,per_day,"4号館展示場北面・全日",,2026-07-30,verified,https://ishikawa-odekake.jp/westpark/downloads/,"冷暖房・展示用電気・重油・水道ガス・設営撤去・警備・清掃・通信回線","北面2362㎡。3・4号館の半面利用は目的により受付開始が全面より遅い"
PRICE-253,CAND-032,ishikawa-hall4,facility,all,all,09:00-17:00,506200,not_stated,per_day,"4号館展示場南面・全日",,2026-07-30,verified,https://ishikawa-odekake.jp/westpark/downloads/,"冷暖房・展示用電気・重油・水道ガス・設営撤去・警備・清掃・通信回線","南面3150㎡。共用部の扱い、最小貸出単位、半面間の遮音は要確認"
PRICE-254,CAND-032,ishikawa-hall3,facility,all,all,09:00-17:00,765720,not_stated,per_day,"3号館展示場全面・全日",,2026-07-30,verified,https://ishikawa-odekake.jp/westpark/downloads/,"冷暖房・展示用電気・重油・水道ガス・設営撤去・警備・清掃・通信回線","全日は9時から17時以降にわたる利用。入場料等を徴収する目的外催物は通常額の2倍。準備撤去だけの利用は原則半額"
PRICE-255,CAND-032,ishikawa-hall3,facility,all,all,09:00-17:00,531830,not_stated,per_day,"3号館展示場東面・全日",,2026-07-30,verified,https://ishikawa-odekake.jp/westpark/downloads/,"冷暖房・展示用電気・重油・水道ガス・設営撤去・警備・清掃・通信回線","東面4317㎡。3・4号館の半面利用は目的により受付開始が全面より遅い"
PRICE-256,CAND-032,ishikawa-hall3,facility,all,all,09:00-17:00,233880,not_stated,per_day,"3号館展示場西面・全日",,2026-07-30,verified,https://ishikawa-odekake.jp/westpark/downloads/,"冷暖房・展示用電気・重油・水道ガス・設営撤去・警備・清掃・通信回線","西面1892㎡。最小貸出単位、半面間の遮音、同時催事条件は要確認"
PRICE-257,CAND-032,ishikawa-hall1,facility,all,all,09:00-17:00,393000,not_stated,per_day,"1号館展示場・全日",,2026-07-30,verified,https://ishikawa-odekake.jp/westpark/downloads/,"冷暖房・展示用電気・重油・水道ガス・設営撤去・警備・清掃・通信回線","展示面積3193㎡。入場料等を徴収する目的外催物は通常額の2倍"
PRICE-258,CAND-032,ishikawa-hall3,equipment,all,all,per_day,3310,not_stated,per_day,"放送設備一式・1日",,2026-07-30,verified,https://ishikawa-odekake.jp/westpark/downloads/,"施設基本料・冷暖房・展示用電気・音響照明・設営撤去・警備・清掃・通信回線","号館別の接続範囲、オペレーター、人件費は要確認"
PRICE-259,CAND-049,kagoshima-main,facility,amateur_sports,all,09:00-21:00,46800,not_stated,per_day,"メインアリーナ・入場料なし・アマチュア一般・午前から夜間",,2026-07-30,verified,https://nishihara-shokai-arena.jp/facilities/mainarena,"空調・舞台音響照明・設営撤去・警備・清掃・通信回線","公式の午前から夜間区分。利用時間には準備・片付けを含む。ジャグリング・ヨーヨー催事がアマチュアスポーツ一般へ該当するか要確認"
PRICE-260,CAND-049,kagoshima-main,facility,event,all,09:00-21:00,188500,not_stated,per_day,"メインアリーナ・入場料なし・その他利用・午前から夜間",,2026-07-30,verified,https://nishihara-shokai-arena.jp/facilities/mainarena,"空調・舞台音響照明・設営撤去・警備・清掃・通信回線","公式の午前から夜間区分。適用される使用団体区分は催事内容を提示して要確認"
PRICE-261,CAND-049,kagoshima-main,facility,amateur_sports_admission,all,09:00-21:00,279500,not_stated,per_day,"メインアリーナ・入場料あり・アマチュア利用・午前から夜間",,2026-07-30,verified,https://nishihara-shokai-arena.jp/facilities/mainarena,"空調・舞台音響照明・設営撤去・警備・清掃・通信回線","公式の午前から夜間区分。入場料の定義、参加費・観覧券の扱いは要確認"
PRICE-262,CAND-049,kagoshima-main,facility,event_admission,all,09:00-21:00,742300,not_stated,per_day,"メインアリーナ・入場料あり・その他利用・午前から夜間",,2026-07-30,verified,https://nishihara-shokai-arena.jp/facilities/mainarena,"空調・舞台音響照明・設営撤去・警備・清掃・通信回線","公式の午前から夜間区分。適用される使用団体・入場料区分は要確認"
PRICE-263,CAND-049,kagoshima-main,hvac,all,all,all,16600,not_stated,per_hour,"メインアリーナ冷房",,2026-07-30,verified,https://nishihara-shokai-arena.jp/facilities/mainarena,"施設基本料・舞台音響照明・設営撤去・警備・清掃・通信回線","1時間単価。必要時間、最低利用時間、予冷時間、税の扱いは要確認"
PRICE-264,CAND-049,kagoshima-main,hvac,all,all,all,14000,not_stated,per_hour,"メインアリーナ暖房",,2026-07-30,verified,https://nishihara-shokai-arena.jp/facilities/mainarena,"施設基本料・舞台音響照明・設営撤去・警備・清掃・通信回線","1時間単価。必要時間、最低利用時間、予熱時間、税の扱いは要確認"
PRICE-265,CAND-049,kagoshima-sub,facility,amateur_sports,all,09:00-21:00,17550,not_stated,per_day,"サブアリーナ・入場料なし・アマチュア一般・午前から夜間",,2026-07-30,verified,https://nishihara-shokai-arena.jp/facilities/subarena,"設備・設営撤去・警備・清掃・通信回線","公式の午前から夜間区分。主な種目以外は要問い合わせ"
PRICE-266,CAND-049,kagoshima-sub,facility,event,all,09:00-21:00,94200,not_stated,per_day,"サブアリーナ・入場料なし・その他利用・午前から夜間",,2026-07-30,verified,https://nishihara-shokai-arena.jp/facilities/subarena,"設備・設営撤去・警備・清掃・通信回線","公式の午前から夜間区分。適用される使用団体区分は催事内容を提示して要確認"
PRICE-267,CAND-049,kagoshima-sub,facility,amateur_sports_admission,all,09:00-21:00,139600,not_stated,per_day,"サブアリーナ・入場料あり・アマチュア利用・午前から夜間",,2026-07-30,verified,https://nishihara-shokai-arena.jp/facilities/subarena,"設備・設営撤去・警備・清掃・通信回線","公式の午前から夜間区分。入場料の定義、参加費・観覧券の扱いは要確認"
PRICE-268,CAND-049,kagoshima-sub,facility,event_admission,all,09:00-21:00,371000,not_stated,per_day,"サブアリーナ・入場料あり・その他利用・午前から夜間",,2026-07-30,verified,https://nishihara-shokai-arena.jp/facilities/subarena,"設備・設営撤去・警備・清掃・通信回線","公式の午前から夜間区分。適用される使用団体・入場料区分は要確認"
PRICE-269,CAND-049,kagoshima-main,parking,amateur_sports,all,per_day,45000,not_stated,per_day,"多目的広場を臨時駐車場として使用・アマチュアスポーツ",,2026-07-30,verified,https://nishihara-shokai-arena.jp/access,"通常駐車場・誘導員・警備・区画設営・交通整理・シャトルバス","乗用車200台または大型バス30〜40台等の臨時駐車場。その他利用は60000円／日"
PRICE-270,CAND-011,okayama-event,facility,event,weekday,09:00-21:00,392700,included,per_day,"イベントホール全面・平日本番・終日",,2026-07-30,verified,https://www.mamakari.net/facility/eventhall.php,"空調・机・仮設電気・追加舞台音響照明映像・設営撤去・警備・清掃・通信回線","税込。シアター形式のイスを基本仕様に含む。利用目的・入場料による加算有無は要確認"
PRICE-271,CAND-011,okayama-event,facility,event,weekend_holiday,09:00-21:00,471900,included,per_day,"イベントホール全面・土日祝本番・終日",,2026-07-30,verified,https://www.mamakari.net/facility/eventhall.php,"空調・机・仮設電気・追加舞台音響照明映像・設営撤去・警備・清掃・通信回線","税込。シアター形式のイスを基本仕様に含む。利用目的・入場料による加算有無は要確認"
PRICE-272,CAND-011,okayama-event,setup_teardown,event,weekday,09:00-21:00,275000,included,per_day,"イベントホール全面・平日設営撤去・終日",,2026-07-30,verified,https://www.mamakari.net/facility/eventhall.php,"空調・机・仮設電気・舞台音響照明映像・警備・清掃・通信回線","税込。本番を含まない設営撤去区分。本番と混在する日の扱いは要確認"
PRICE-273,CAND-011,okayama-event,setup_teardown,event,weekend_holiday,09:00-21:00,331100,included,per_day,"イベントホール全面・土日祝設営撤去・終日",,2026-07-30,verified,https://www.mamakari.net/facility/eventhall.php,"空調・机・仮設電気・舞台音響照明映像・警備・清掃・通信回線","税込。本番を含まない設営撤去区分。本番と混在する日の扱いは要確認"
PRICE-274,CAND-011,okayama-event,hvac,all,all,all,4400,included,per_hour,"イベントホール全面・冷暖房",,2026-07-30,verified,https://www.mamakari.net/price/equipment.php,"施設基本料・机・仮設電気・舞台音響照明映像・設営撤去・警備・清掃・通信回線","税込。分割利用は半額。必要時間、予冷予熱、最低利用時間は要確認"
PRICE-275,CAND-011,okayama-event,electricity,all,all,metered,44,included,per_kwh,"仮設電力使用料",,2026-07-30,verified,https://www.mamakari.net/price/equipment.php,"施設基本料・幹線工事・電気工事・空調・舞台音響照明映像・設営撤去・警備・清掃・通信回線","税込。1kWh単価。利用内容により仮設電気工事が必要"
PRICE-276,CAND-011,okayama-event,equipment,all,all,per_day,44000,included,per_day,"イベントホール・20000ルーメンプロジェクター",2025-04-01,2026-07-30,verified,https://www.mamakari.net/company/download/174,"施設基本料・スクリーン・映像配線・オペレーター・空調・設営撤去・警備・清掃・通信回線","税込。1日単価。半面用11000ルーメンは24200円"
PRICE-277,CAND-011,okayama-convention,equipment,all,all,per_day,3300,included,per_day,"コンベンションホール・常設昇降ステージ一式",,2026-07-30,verified,https://www.mamakari.net/price/equipment.php,"施設基本料・舞台転換人件費・音響照明映像・空調・設営撤去・警備・清掃・通信回線","税込。W18m×D5.3mまたは8.5m、H0.3mまたは0.6m、6分割可能。転換時間と人件費は要確認"
PRICE-278,CAND-059,higashinari-large-flat,facility,no_admission,weekday,09:30-21:30,38500,not_stated,per_day,"大ホール平土間・入場料を徴収しない・平日全日",,2026-07-30,verified,https://www.osakacommunity.jp/higashinari-center/guide/fee/,"附属設備・舞台技術者・空調・設営撤去・警備・清掃・通信回線","附属設備は別料金。舞台装置・照明・音響利用時は有料技術者が必要な場合あり"
PRICE-279,CAND-059,higashinari-large-flat,facility,admission,weekday,09:30-21:30,57800,not_stated,per_day,"大ホール平土間・入場料を徴収する・平日全日",,2026-07-30,verified,https://www.osakacommunity.jp/higashinari-center/guide/fee/,"附属設備・舞台技術者・空調・設営撤去・警備・清掃・通信回線","入場料類の定義と参加費の扱いは要確認"
PRICE-280,CAND-059,higashinari-large-flat,facility,no_admission,weekend_holiday,09:30-21:30,46200,not_stated,per_day,"大ホール平土間・入場料を徴収しない・休日全日",,2026-07-30,verified,https://www.osakacommunity.jp/higashinari-center/guide/fee/,"附属設備・舞台技術者・空調・設営撤去・警備・清掃・通信回線","休日は土日祝。附属設備は別料金"
PRICE-281,CAND-059,higashinari-large-flat,facility,admission,weekend_holiday,09:30-21:30,69360,not_stated,per_day,"大ホール平土間・入場料を徴収する・休日全日",,2026-07-30,verified,https://www.osakacommunity.jp/higashinari-center/guide/fee/,"附属設備・舞台技術者・空調・設営撤去・警備・清掃・通信回線","休日は土日祝。入場料類の定義と参加費の扱いは要確認"
PRICE-282,CAND-060,nishinari-hall,facility,no_admission,weekday,09:30-21:30,34900,not_stated,per_day,"ホール・入場料を徴収しない・平日全日",,2026-07-30,verified,https://www.osakacommunity.jp/nishinari-center/guide/fee/,"附属設備・舞台技術者・空調・設営撤去・警備・清掃・通信回線","ホール利用時は利用目的と附属設備の事前打合せが必要"
PRICE-283,CAND-060,nishinari-hall,facility,admission,weekday,09:30-21:30,52400,not_stated,per_day,"ホール・入場料を徴収する・平日全日",,2026-07-30,verified,https://www.osakacommunity.jp/nishinari-center/guide/fee/,"附属設備・舞台技術者・空調・設営撤去・警備・清掃・通信回線","入場料類の定義と参加費の扱いは要確認"
PRICE-284,CAND-060,nishinari-hall,facility,no_admission,weekend_holiday,09:30-21:30,41880,not_stated,per_day,"ホール・入場料を徴収しない・休日全日",,2026-07-30,verified,https://www.osakacommunity.jp/nishinari-center/guide/fee/,"附属設備・舞台技術者・空調・設営撤去・警備・清掃・通信回線","休日料金。ホール利用時は事前打合せが必要"
PRICE-285,CAND-060,nishinari-hall,facility,admission,weekend_holiday,09:30-21:30,62880,not_stated,per_day,"ホール・入場料を徴収する・休日全日",,2026-07-30,verified,https://www.osakacommunity.jp/nishinari-center/guide/fee/,"附属設備・舞台技術者・空調・設営撤去・警備・清掃・通信回線","休日料金。入場料類の定義と参加費の扱いは要確認"
PRICE-286,CAND-062,sunshine-fountain,facility,event,weekday,10:00-20:00,660000,included,per_day,"噴水広場・平日会場基本料金",2026-07-01,2026-07-30,verified,https://co.sunshinecity.co.jp/file/pdf/fountain/fountain_202607.pdf,"音響照明映像各基本セット・追加人員・告知媒体・物販歩合・設営撤去延長","電気、立会管理者1名、基本備品を含む。物販時は売上の10％を別途支払う"
PRICE-287,CAND-062,sunshine-fountain,facility,event,weekend_holiday,10:00-20:00,1100000,included,per_day,"噴水広場・土日祝会場基本料金",2026-07-01,2026-07-30,verified,https://co.sunshinecity.co.jp/file/pdf/fountain/fountain_202607.pdf,"音響照明映像各基本セット・追加人員・告知媒体・物販歩合・設営撤去延長","電気、立会管理者1名、基本備品を含む。一部繁忙期平日は土日祝料金"
PRICE-288,CAND-064,10box-1,facility,performance,all,09:00-22:00,7100,not_stated,per_day,"box-1を終日5日以上14日以内で連続利用する場合の1日額",,2026-07-30,verified,https://www.gekito.jp/?pg=1723857507,"空調・照明音響・映像配信機材・楽屋box・夜間延長","身体表現を主とする舞台芸術の連続利用。一般利用の1日3区分合計とは異なる"
PRICE-289,CAND-065,stspot-hall,facility,performance,weekday_mon_wed,10:00-22:00,40000,included,per_day,"公演利用・月火水",2019-10-01,2026-07-30,verified,https://stspot.jp/guide/fee.php,"作業人件費・消耗品費・主催者手配の技術者と受付人員","準備撤去時間を含む。仕込み初日のみ半額"
PRICE-290,CAND-065,stspot-hall,facility,performance,weekday_thu_fri,10:00-22:00,45000,included,per_day,"公演利用・木金",2019-10-01,2026-07-30,verified,https://stspot.jp/guide/fee.php,"作業人件費・消耗品費・主催者手配の技術者と受付人員","準備撤去時間を含む。仕込み初日のみ半額"
PRICE-291,CAND-065,stspot-hall,facility,performance,weekend_holiday,10:00-22:00,62000,included,per_day,"公演利用・土日祝",2019-10-01,2026-07-30,verified,https://stspot.jp/guide/fee.php,"作業人件費・消耗品費・主催者手配の技術者と受付人員","準備撤去時間を含む。仕込み初日のみ半額"
PRICE-292,CAND-068,mekaru-base,facility,performance,weekday,09:00-22:00,20000,included,per_day,"舞台公演・スタジオプラン・3日以上連続・平日",,2026-07-30,verified,https://www.m-base.okinawa/rental/,"音響・照明・空調・延長・舞台技術人員","3日以上連続利用に限る1日額"
PRICE-293,CAND-068,mekaru-base,facility,performance,weekend_holiday,09:00-22:00,25000,included,per_day,"舞台公演・スタジオプラン・3日以上連続・土日祝",,2026-07-30,verified,https://www.m-base.okinawa/rental/,"音響・照明・空調・延長・舞台技術人員","3日以上連続利用に限る1日額"
PRICE-294,CAND-068,mekaru-base,equipment,performance,all,per_day,2000,included,per_day,"舞台公演・スタジオプラン・音響設備",,2026-07-30,verified,https://www.m-base.okinawa/rental/,"施設基本料・照明・空調・延長・技術人員","3日以上連続利用プランの1日額"
PRICE-295,CAND-068,mekaru-base,equipment,performance,all,per_day,3000,included,per_day,"舞台公演・スタジオプラン・照明設備",,2026-07-30,verified,https://www.m-base.okinawa/rental/,"施設基本料・音響・空調・延長・技術人員","3日以上連続利用プランの1日額"
PRICE-296,CAND-068,mekaru-base,hvac,performance,all,per_day,1000,included,per_day,"舞台公演・スタジオプラン・空調",,2026-07-30,verified,https://www.m-base.okinawa/rental/,"施設基本料・音響・照明・延長・技術人員","3日以上連続利用プランの1日額"
PRICE-297,CAND-069,ryutopia-studio-b,facility,performance,all,09:00-22:00,33000,not_stated,per_day,"スタジオB・演劇舞踊用・全日",,2026-07-30,verified,https://www.ryutopia.or.jp/rent/price/,"附属設備・技術人員・設営撤去・冷暖房・警備・清掃・通信回線","公式料金ページの全日区分。客席・舞台構成と技術条件は別途確認"
PRICE-298,CAND-070,orbis-hall,facility,performance,weekday,09:00-22:00,55350,included,per_day,"多目的小ホール・文化事業等・その他・平日通常利用",2021-03-18,2026-07-30,verified,https://www.bunka-toyama.jp/orbis/download/images/ryoukin_201910.pdf,"附属設備・技術人員・設営撤去・冷暖房・警備・清掃・通信回線・入場料加算","税込。県共催・後援・創作練習に該当しない文化事業等の全日額。利用日の改定後料金は要再確認"
PRICE-299,CAND-070,orbis-hall,facility,performance,weekend_holiday,09:00-22:00,63652,included,per_day,"多目的小ホール・文化事業等・その他・土日休日通常利用",2021-03-18,2026-07-30,verified,https://www.bunka-toyama.jp/orbis/download/images/ryoukin_201910.pdf,"附属設備・技術人員・設営撤去・冷暖房・警備・清掃・通信回線・入場料加算","税込。入場料1001円以上は平日利用料金を基準とする加算あり。利用日の改定後料金は要再確認"
PRICE-300,CAND-071,sainotsuno-theater,facility,performance,weekday,10:00-22:00,35000,not_stated,per_day,"劇場・平日1日貸切",2025-10-01,2026-07-30,verified,https://sainotsuno.org/wp/wp-content/uploads/2025/10/13ad159531a4230e0c240d878ea03c24.pdf,"管理スタッフ・音響・照明・舞台制作人員・楽屋・原状復帰","音響・照明・舞台設備を使う場合は管理スタッフ費AまたはBが各日別途。冷暖房・電気代は基本料に含む"
PRICE-301,CAND-071,sainotsuno-theater,facility,performance,weekend_holiday,10:00-22:00,40000,not_stated,per_day,"劇場・土日祝1日貸切",2025-10-01,2026-07-30,verified,https://sainotsuno.org/wp/wp-content/uploads/2025/10/13ad159531a4230e0c240d878ea03c24.pdf,"管理スタッフ・音響・照明・舞台制作人員・楽屋・原状復帰","音響・照明・舞台設備を使う場合は管理スタッフ費AまたはBが各日別途。冷暖房・電気代は基本料に含む"
PRICE-302,CAND-072,nanjare-stage,facility,performance,weekday,00:00-23:59,20000,not_stated,per_day,"一日利用プラン・前払い・平日",,2026-07-30,verified,https://www.nanjare-nagoya.com/service/price/,"振込手数料・特殊機材・追加消耗品・主催者運営人員","4階舞台＋楽屋と上の稽古場を含む。原則として電気水道、音響・照明設備料金込み"
PRICE-303,CAND-072,nanjare-stage,facility,performance,weekend_holiday,00:00-23:59,40000,not_stated,per_day,"一日利用プラン・前払い・土日祝",,2026-07-30,verified,https://www.nanjare-nagoya.com/service/price/,"振込手数料・特殊機材・追加消耗品・主催者運営人員","4階舞台＋楽屋と上の稽古場を含む。原則として電気水道、音響・照明設備料金込み"
PRICE-304,CAND-073,shiinomi-theater,facility,performance,no_admission,09:00-13:00,5290,not_stated,per_slot,"ホール・入場料無料・午前区分",,2026-07-30,verified,https://forest.ashibue.jp/theater/29,"必須劇場専門スタッフ・冷暖房・舞台照明・舞台音響・技術専門スタッフ","9〜22時の参考合計はSCENARIO-012で区分合算"
PRICE-305,CAND-073,shiinomi-theater,facility,performance,no_admission,13:00-17:00,5290,not_stated,per_slot,"ホール・入場料無料・午後区分",,2026-07-30,verified,https://forest.ashibue.jp/theater/29,"必須劇場専門スタッフ・冷暖房・舞台照明・舞台音響・技術専門スタッフ","9〜22時の参考合計はSCENARIO-012で区分合算"
PRICE-306,CAND-073,shiinomi-theater,facility,performance,no_admission,17:00-22:00,7050,not_stated,per_slot,"ホール・入場料無料・夜間区分",,2026-07-30,verified,https://forest.ashibue.jp/theater/29,"必須劇場専門スタッフ・冷暖房・舞台照明・舞台音響・技術専門スタッフ","9〜22時の参考合計はSCENARIO-012で区分合算"
PRICE-307,CAND-073,shiinomi-theater,facility,performance,admission,09:00-13:00,7940,not_stated,per_slot,"ホール・入場料をとる場合・午前区分",,2026-07-30,verified,https://forest.ashibue.jp/theater/29,"必須劇場専門スタッフ・冷暖房・舞台照明・舞台音響・技術専門スタッフ","9〜22時の参考合計はSCENARIO-013で区分合算"
PRICE-308,CAND-073,shiinomi-theater,facility,performance,admission,13:00-17:00,7940,not_stated,per_slot,"ホール・入場料をとる場合・午後区分",,2026-07-30,verified,https://forest.ashibue.jp/theater/29,"必須劇場専門スタッフ・冷暖房・舞台照明・舞台音響・技術専門スタッフ","9〜22時の参考合計はSCENARIO-013で区分合算"
PRICE-309,CAND-073,shiinomi-theater,facility,performance,admission,17:00-22:00,10600,not_stated,per_slot,"ホール・入場料をとる場合・夜間区分",,2026-07-30,verified,https://forest.ashibue.jp/theater/29,"必須劇場専門スタッフ・冷暖房・舞台照明・舞台音響・技術専門スタッフ","9〜22時の参考合計はSCENARIO-013で区分合算"
PRICE-310,CAND-074,theater-nest,facility,performance,weekday,10:00-23:00,19800,not_stated,per_day,"入場料1000円以下・平日全日",,2026-07-30,verified,https://art-village-toon.jp/facility/theater/,"附属設備・技術人員・設営撤去・冷暖房・警備・清掃・通信回線","公式ページの10〜23時区分。22〜23時は22時までの利用者に限る延長で、同時間だけの利用不可"
PRICE-311,CAND-074,theater-nest,facility,performance,weekend_holiday,10:00-23:00,23700,not_stated,per_day,"入場料1000円以下・土日祝全日",,2026-07-30,verified,https://art-village-toon.jp/facility/theater/,"附属設備・技術人員・設営撤去・冷暖房・警備・清掃・通信回線","公式ページの10〜23時区分。入場料1001〜3000円、3001円以上は別料金"
PRICE-312,CAND-035,nagara-main-hall,facility,large_hall_standard,weekday,08:00-21:30,274930,included,per_day,"メインホール大ホール使用（1・2階席）・平日全日",2026-04-01,2026-08-02,verified,https://www.g-ncc.jp/facilities/main-hall-2/,"附属設備・冷暖房・仮設電源・延長使用・警備・清掃・通信回線","料金表の基準額。入場料その他の対価徴収、商品の宣伝・展示・販売等の営利目的は原則2倍。準備・練習の扱いは別途料金表・規則を確認"
PRICE-313,CAND-035,nagara-main-hall,facility,large_hall_standard,weekend_holiday,08:00-21:30,358150,included,per_day,"メインホール大ホール使用（1・2階席）・土日休日全日",2026-04-01,2026-08-02,verified,https://www.g-ncc.jp/facilities/main-hall-2/,"附属設備・冷暖房・仮設電源・延長使用・警備・清掃・通信回線","料金表の基準額。入場料その他の対価徴収、商品の宣伝・展示・販売等の営利目的は原則2倍。準備・練習の扱いは別途料金表・規則を確認"
PRICE-314,CAND-035,nagara-main-hall,facility,stage_rehearsal,weekday,08:00-21:30,41400,included,per_day,"メインホール舞台練習使用（舞台のみ）・平日全日",2026-04-01,2026-08-02,verified,https://www.g-ncc.jp/facilities/main-hall-2/,"附属設備・冷暖房・仮設電源・延長使用・警備・清掃・通信回線","関連催事で大・中ホール等を使用する日および連続する日は舞台練習使用不可。受付は使用日の3か月前の月初から"
PRICE-315,CAND-035,gmc-deai-dome,facility,exhibition_meeting_ceremony_other,weekday,09:00-21:00,692120,included,per_day,"で愛ドーム第1体育館・全面使用・見本市、展示会、集会、式典、その他・平日全日",2026-04-01,2026-08-02,verified,https://gifu-sports.org/gmc/wp/wp-content/uploads/2026/03/R8.4%EF%BD%9E%E5%B2%90%E9%98%9C%E3%83%A1%E3%83%A2%E3%83%AA%E3%82%A2%E3%83%AB%E3%82%BB%E3%83%B3%E3%82%BF%E3%83%BC%E5%88%A9%E7%94%A8%E6%96%99%E9%87%91%E8%A1%A8.pdf,"付属設備、照明・電気、冷暖房、音響、映像、舞台設備、準備撤去操作、持込電気器具、駐車","料金表は令和8年4月1日改定。利用分類は施設確認が必要で、スポーツ・興行・入場料区分は別料金"
PRICE-316,CAND-035,gmc-deai-dome,facility,exhibition_meeting_ceremony_other,weekend_holiday,09:00-21:00,878580,included,per_day,"で愛ドーム第1体育館・全面使用・見本市、展示会、集会、式典、その他・土日休日全日",2026-04-01,2026-08-02,verified,https://gifu-sports.org/gmc/wp/wp-content/uploads/2026/03/R8.4%EF%BD%9E%E5%B2%90%E9%98%9C%E3%83%A1%E3%83%A2%E3%83%AA%E3%82%A2%E3%83%AB%E3%82%BB%E3%83%B3%E3%82%BF%E3%83%BC%E5%88%A9%E7%94%A8%E6%96%99%E9%87%91%E8%A1%A8.pdf,"付属設備、照明・電気、冷暖房、音響、映像、舞台設備、準備撤去操作、持込電気器具、駐車","料金表は令和8年4月1日改定。利用分類は施設確認が必要で、スポーツ・興行・入場料区分は別料金"
PRICE-317,CAND-035,gmc-fureai-dome,facility,other_no_admission,weekday,09:00-21:00,198560,included,per_day,"ふれ愛ドーム第2体育館・全面使用・その他・入場料等を徴収しない場合・平日全日",2026-04-01,2026-08-02,verified,https://gifu-sports.org/gmc/wp/wp-content/uploads/2026/03/R8.4%EF%BD%9E%E5%B2%90%E9%98%9C%E3%83%A1%E3%83%A2%E3%83%AA%E3%82%A2%E3%83%AB%E3%82%BB%E3%83%B3%E3%82%BF%E3%83%BC%E5%88%A9%E7%94%A8%E6%96%99%E9%87%91%E8%A1%A8.pdf,"付属設備、照明・電気、冷暖房、音響、映像、舞台設備、準備撤去操作、持込電気器具、駐車","料金表は令和8年4月1日改定。土日休日は、で愛ドーム等の例外を除き、表の額へ1割を加算する旨の注記があるが、ここでは公式掲載の基準額のみを記録"
PRICE-318,CAND-037,saori-main,facility,amateur_sports,weekday,09:00-22:00,41200,not_stated,per_day,"メインアリーナ・入場料を徴収しない・スポーツのために使用・平日全日",2020-04-01,2026-08-02,verified,https://shisetsu.mizuno.jp/storage/rel_doc/m-7138/393_18151045_0.pdf,"設備機器、照明、冷暖房、音響、可動観客席、映像装置、延長使用、他用途・入場料区分","指定管理者が現在公開する料金表を視覚確認。表記は2020年4月改定で、税の内訳は表中で明示されない"
PRICE-319,CAND-037,saori-main,facility,amateur_sports,weekend_holiday,09:00-22:00,49430,not_stated,per_day,"メインアリーナ・入場料を徴収しない・スポーツのために使用・土日祝全日",2020-04-01,2026-08-02,verified,https://shisetsu.mizuno.jp/storage/rel_doc/m-7138/393_18151045_0.pdf,"設備機器、照明、冷暖房、音響、可動観客席、映像装置、延長使用、他用途・入場料区分","指定管理者が現在公開する料金表を視覚確認。表記は2020年4月改定で、税の内訳は表中で明示されない"
PRICE-320,CAND-037,saori-sub,facility,amateur_sports,weekday,09:00-22:00,20590,not_stated,per_day,"サブアリーナ・入場料を徴収しない・スポーツのために使用・平日全日",2020-04-01,2026-08-02,verified,https://shisetsu.mizuno.jp/storage/rel_doc/m-7138/393_18151045_0.pdf,"設備機器、照明、冷暖房、音響、延長使用、他用途・入場料区分","指定管理者が現在公開する料金表を視覚確認。表記は2020年4月改定で、税の内訳は表中で明示されない"
PRICE-321,CAND-037,saori-sub,facility,amateur_sports,weekend_holiday,09:00-22:00,24690,not_stated,per_day,"サブアリーナ・入場料を徴収しない・スポーツのために使用・土日祝全日",2020-04-01,2026-08-02,verified,https://shisetsu.mizuno.jp/storage/rel_doc/m-7138/393_18151045_0.pdf,"設備機器、照明、冷暖房、音響、延長使用、他用途・入場料区分","指定管理者が現在公開する料金表を視覚確認。表記は2020年4月改定で、税の内訳は表中で明示されない"
PRICE-322,CAND-075,kitayell-main,facility,amateur_sports,weekday,09:00-21:00,277000,not_stated,per_day,"メインアリーナ・入場料を徴収しない・アマチュアスポーツ・平日全日",2026-04-01,2026-08-03,verified,https://www.kitayell.jp/wpky2408/wp-content/uploads/2026/03/39b22f87de59619c0f0d0f44810bd363.pdf,"付帯設備、準備・撤去の別区分外利用、他用途・入場料区分","公式料金表を視覚確認。令和8年4月1日施行で、税の扱いは表中で明示されない"
PRICE-323,CAND-075,kitayell-main,facility,amateur_sports,weekend_holiday,09:00-21:00,414000,not_stated,per_day,"メインアリーナ・入場料を徴収しない・アマチュアスポーツ・土日休日全日",2026-04-01,2026-08-03,verified,https://www.kitayell.jp/wpky2408/wp-content/uploads/2026/03/39b22f87de59619c0f0d0f44810bd363.pdf,"付帯設備、準備・撤去の別区分外利用、他用途・入場料区分","公式料金表を視覚確認。令和8年4月1日施行で、税の扱いは表中で明示されない"
PRICE-324,CAND-075,kitayell-sub,facility,amateur_sports,weekday,09:00-21:00,68000,not_stated,per_day,"サブアリーナ・入場料を徴収しない・アマチュアスポーツ・平日全日",2026-04-01,2026-08-03,verified,https://www.kitayell.jp/wpky2408/wp-content/uploads/2026/03/39b22f87de59619c0f0d0f44810bd363.pdf,"付帯設備、準備・撤去の別区分外利用、他用途・入場料区分","公式料金表を視覚確認。令和8年4月1日施行で、税の扱いは表中で明示されない"
PRICE-325,CAND-075,kitayell-sub,facility,amateur_sports,weekend_holiday,09:00-21:00,102000,not_stated,per_day,"サブアリーナ・入場料を徴収しない・アマチュアスポーツ・土日休日全日",2026-04-01,2026-08-03,verified,https://www.kitayell.jp/wpky2408/wp-content/uploads/2026/03/39b22f87de59619c0f0d0f44810bd363.pdf,"付帯設備、準備・撤去の別区分外利用、他用途・入場料区分","公式料金表を視覚確認。令和8年4月1日施行で、税の扱いは表中で明示されない"
PRICE-326,CAND-024,bigwing-exhibition-all,facility,exhibition,all,09:00-17:00,384000,not_stated,per_time_band,"多目的集会展示場・全部・全日（9時〜17時）",,2026-08-03,verified,https://www.convention.or.jp/bigwing/ryokin/,"付属設備、冷暖房、特別電気・水道、入場料徴収時の加算、時間外利用、準備・撤去の別区分","公式HTML料金表を確認。税の扱いは料金ページ上で明示されない。準備・撤去は施設使用料の70％（屋外は35％）"
PRICE-327,CAND-079,sundome-main,facility,no_admission,weekday,09:00-21:00,388080,included,per_day,"県内事業者・メインホール全館・展示会等以外・入場料を徴収しない・平日全日",,2026-08-03,verified,https://sundome.sankan.jp/price-main-2/,"冷暖房、電気、水道、準備・撤去の別区分、入場料徴収時の別料金、時間外利用","公式HTML料金表は消費税込みと明記。準備・撤去のみは料金表の70％"
PRICE-328,CAND-079,sundome-main,facility,no_admission,weekend_holiday,09:00-21:00,582120,included,per_day,"県内事業者・メインホール全館・展示会等以外・入場料を徴収しない・土日祝全日",,2026-08-03,verified,https://sundome.sankan.jp/price-main-2/,"冷暖房、電気、水道、準備・撤去の別区分、入場料徴収時の別料金、時間外利用","公式HTML料金表は消費税込みと明記。準備・撤去のみは料金表の70％"
PRICE-329,CAND-079,sundome-main,facility,no_admission,weekday,09:00-21:00,485100,included,per_day,"県外事業者・メインホール全館・展示会等以外・入場料を徴収しない・平日全日",,2026-08-03,verified,https://sundome.sankan.jp/price-main-2/,"冷暖房、電気、水道、準備・撤去の別区分、入場料徴収時の別料金、時間外利用","公式HTML料金表は消費税込みと明記。準備・撤去のみは料金表の70％"
PRICE-330,CAND-079,sundome-main,facility,no_admission,weekend_holiday,09:00-21:00,582120,included,per_day,"県外事業者・メインホール全館・展示会等以外・入場料を徴収しない・土日祝全日",,2026-08-03,verified,https://sundome.sankan.jp/price-main-2/,"冷暖房、電気、水道、準備・撤去の別区分、入場料徴収時の別料金、時間外利用","公式HTML料金表は消費税込みと明記。準備・撤去のみは料金表の70％"
PRICE-331,CAND-080,sun-main,facility,performance,weekday,09:00-13:00,88000,included,per_time_band,"メインアリーナ全面・音楽、プロスポーツ等の興行・平日・午前9時から午後1時",,2026-08-03,verified,https://sun-arena.or.jp/?page_id=111,"設備・特定設備・備品、時間外、準備・撤去の別区分","公式HTML料金表は税込みと明記。準備・撤去時間は施設利用料金の50％"
PRICE-332,CAND-080,sun-main,facility,performance,weekend_holiday,09:00-13:00,104750,included,per_time_band,"メインアリーナ全面・音楽、プロスポーツ等の興行・土日祝・午前9時から午後1時",,2026-08-03,verified,https://sun-arena.or.jp/?page_id=111,"設備・特定設備・備品、時間外、準備・撤去の別区分","公式HTML料金表は税込みと明記。準備・撤去時間は施設利用料金の50％"
PRICE-333,CAND-080,sun-main,facility,performance,weekday,17:00-21:00,132000,included,per_time_band,"メインアリーナ全面・音楽、プロスポーツ等の興行・平日・午後5時から午後9時",,2026-08-03,verified,https://sun-arena.or.jp/?page_id=111,"設備・特定設備・備品、時間外、準備・撤去の別区分","公式HTML料金表は税込みと明記。準備・撤去時間は施設利用料金の50％"
PRICE-334,CAND-080,sun-main,facility,performance,weekend_holiday,17:00-21:00,157130,included,per_time_band,"メインアリーナ全面・音楽、プロスポーツ等の興行・土日祝・午後5時から午後9時",,2026-08-03,verified,https://sun-arena.or.jp/?page_id=111,"設備・特定設備・備品、時間外、準備・撤去の別区分","公式HTML料金表は税込みと明記。準備・撤去時間は施設利用料金の50％"
PRICE-335,CAND-081,skyexpo-hall-a,facility,event,all,00:00-24:00,2954640,not_stated,per_day,"展示ホールA・利用面積8,000㎡超10,000㎡以下・1ホール・全日",,2026-08-03,verified,https://www.aichiskyexpo.com/organizer-top/forusecharge/,"付帯設備、電気・空調・水道等の使用料、設営撤去、警備、清掃、イベント回線","公式HTML料金表の展示施設欄を直接記録。ページ上の当該展示ホール料金について税込表記は確認できないためtax_statusはnot_stated"
PRICE-336,CAND-081,skyexpo-halls-b-f,facility,event,all,00:00-24:00,2477280,not_stated,per_day,"展示ホールB〜F・利用面積6,000㎡超10,000㎡以下・1ホール・全日",,2026-08-03,verified,https://www.aichiskyexpo.com/organizer-top/forusecharge/,"付帯設備、電気・空調・水道等の使用料、設営撤去、警備、清掃、イベント回線","公式HTML料金表の展示施設欄を直接記録。ページ上の当該展示ホール料金について税込表記は確認できないためtax_statusはnot_stated"
PRICE-337,CAND-081,skyexpo-outdoor-a,facility,event,all,per_day,1716000,included,per_day,"多目的利用地A・全面33,000㎡・1日",,2026-08-03,verified,https://www.aichiskyexpo.com/organizer-top/forusecharge/,"付帯設備、電気・空調・水道等の使用料、設営撤去、警備、清掃、イベント回線","公式HTML料金表は多目的利用地Aの1日利用料金を税込と明記"
PRICE-338,CAND-082,kagawa-main,facility,non_sports_no_admission_commercial,weekday,09:00-21:00,1029300,not_stated,per_day,"メインアリーナ全面・アマチュアスポーツ以外・入場料なし・営利・平日",,2026-08-04,verified,https://kagawa-arena.com/wp-content/uploads/2024/08/%E3%81%82%E3%81%AA%E3%81%B6%E3%81%8D%E3%82%A2%E3%83%AA%E3%83%BC%E3%83%8A%E9%A6%99%E5%B7%9D_%E5%88%A9%E7%94%A8%E6%96%99%E9%87%91.pdf,"付帯設備、電気・水道・ガス工事、設営撤去、警備、清掃、催事回線","公式料金表の9:00〜21:00区分を直接記録。料金表に税込・税抜の明示を確認できないためtax_statusはnot_stated。準備又は撤去は料金の2分の1"
PRICE-339,CAND-082,kagawa-main,facility,non_sports_no_admission_nonprofit,weekday,09:00-21:00,651900,not_stated,per_day,"メインアリーナ全面・アマチュアスポーツ以外・入場料なし・非営利・平日",,2026-08-04,verified,https://kagawa-arena.com/wp-content/uploads/2024/08/%E3%81%82%E3%81%AA%E3%81%B6%E3%81%8D%E3%82%A2%E3%83%AA%E3%83%BC%E3%83%8A%E9%A6%99%E5%B7%9D_%E5%88%A9%E7%94%A8%E6%96%99%E9%87%91.pdf,"付帯設備、電気・水道・ガス工事、設営撤去、警備、清掃、催事回線","公式料金表の9:00〜21:00区分を直接記録。料金表に税込・税抜の明示を確認できないためtax_statusはnot_stated。準備又は撤去は料金の2分の1"
PRICE-340,CAND-082,kagawa-main,facility,non_sports_no_admission_commercial,weekend_holiday,09:00-21:00,1235100,not_stated,per_day,"メインアリーナ全面・アマチュアスポーツ以外・入場料なし・営利・休日等",,2026-08-04,verified,https://kagawa-arena.com/wp-content/uploads/2024/08/%E3%81%82%E3%81%AA%E3%81%B6%E3%81%8D%E3%82%A2%E3%83%AA%E3%83%BC%E3%83%8A%E9%A6%99%E5%B7%9D_%E5%88%A9%E7%94%A8%E6%96%99%E9%87%91.pdf,"付帯設備、電気・水道・ガス工事、設営撤去、警備、清掃、催事回線","公式料金表の9:00〜21:00区分を直接記録。料金表に税込・税抜の明示を確認できないためtax_statusはnot_stated。休日等は祝日・日曜日・土曜日"
PRICE-341,CAND-082,kagawa-sub,facility,non_sports_no_admission_commercial,weekday,09:00-21:00,386700,not_stated,per_day,"サブアリーナ全面・アマチュアスポーツ以外・入場料なし・営利・平日",,2026-08-04,verified,https://kagawa-arena.com/wp-content/uploads/2024/08/%E3%81%82%E3%81%AA%E3%81%B6%E3%81%8D%E3%82%A2%E3%83%AA%E3%83%BC%E3%83%8A%E9%A6%99%E5%B7%9D_%E5%88%A9%E7%94%A8%E6%96%99%E9%87%91.pdf,"付帯設備、電気・水道・ガス工事、設営撤去、警備、清掃、催事回線","公式料金表の9:00〜21:00区分を直接記録。料金表に税込・税抜の明示を確認できないためtax_statusはnot_stated。サブアリーナは2分の1に分割利用可能"
PRICE-342,CAND-085,osakajo-main,facility,performance,weekday,all,4000000,excluded,per_day,"アリーナ・音楽・芸能・プロスポーツ・平日本番日",,2026-08-04,verified,https://www.osaka-johall.com/organizer/download/data/price_arena.pdf,"付帯設備、準備日、延長、冷暖房、清掃、警備、通信・光回線、設営撤去","公式料金表のジャンル別・本番日1日料金を直接記録。消費税別。準備日は1,800,000円、土日祝休日本番日は5,000,000円の別区分"
PRICE-343,CAND-085,osakajo-main,facility,exhibition,weekday,all,3300000,excluded,per_day,"アリーナ・物品販売・展示会・平日本番日",,2026-08-04,verified,https://www.osaka-johall.com/organizer/download/data/price_arena.pdf,"付帯設備、準備日、延長、冷暖房、清掃、警備、通信・光回線、設営撤去","公式料金表のジャンル別・本番日1日料金を直接記録。消費税別。準備日は1,600,000円、土日祝休日本番日は3,800,000円の別区分"
PRICE-344,CAND-085,osakajo-main,facility,ceremony,weekday,all,2600000,excluded,per_day,"アリーナ・集会・式典・平日本番日",,2026-08-04,verified,https://www.osaka-johall.com/organizer/download/data/price_arena.pdf,"付帯設備、準備日、延長、冷暖房、清掃、警備、通信・光回線、設営撤去","公式料金表のジャンル別・本番日1日料金を直接記録。消費税別。準備日は1,300,000円、土日祝休日本番日は3,800,000円の別区分"
PRICE-345,CAND-085,osakajo-main,facility,amateur_sports,weekday,all,1200000,excluded,per_day,"アリーナ・アマチュアスポーツ・平日本番日",,2026-08-04,verified,https://www.osaka-johall.com/organizer/download/data/price_arena.pdf,"付帯設備、準備日、延長、冷暖房、清掃、警備、通信・光回線、設営撤去","公式料金表のジャンル別・本番日1日料金を直接記録。消費税別。準備日は600,000円、土日祝休日本番日は1,400,000円の別区分"
PRICE-346,CAND-087,saitama-main,facility,performance,weekday,00:00-24:00,7260000,included,per_day,"メインアリーナ・興行・その他・平日本開催・0時から24時の間の連続12時間",,2026-08-04,verified,https://www.saitama-arena.co.jp/business/outlook_of_use/pdf/arena-fee.pdf,"設営・撤去・リハーサル、延長、基本モード以外の客席設営費、付帯設備、警備、清掃、催事回線","公式料金表の2024年3月設定・税込表記を直接記録。現在は大規模改修により2027年3月末まで大規模イベント区画を利用できないとの公式告知がある"
PRICE-347,CAND-088,kobe-world-main,facility,performance,weekday,09:00-21:00,830000,included,per_day,"アリーナ使用・音楽・芸能・プロスポーツ等の興行・平日開催日",,2026-08-04,verified,https://www.kobe-spokyo.jp/worldsp-kobe/riyou/charge,"準備・撤去日、時間外、冷暖房、電気・ガス・水道、付帯設備、物販、警備、清掃、催事回線","公式HTML料金表のアリーナ使用・開催日料金を直接記録。料金表は消費税込みと明記。使用時間は9時から21時。2027年4月1日以降のホール使用料改定が公式告知されているため開催日の適用料金を確認する"
PRICE-348,CAND-090,xebio-main,facility,performance,weekday,07:00-24:00,1672000,included,per_15_hours,"商業利用・アリーナ又はアイスリンク・本番日・平日・連続15時間まで",,2026-08-04,verified,https://www.xebioarena.com/wp-content/uploads/2026/03/%E4%BB%99%E5%8F%B0%E5%B8%82%E3%82%A2%E3%83%AA%E3%83%BC%E3%83%8A-%E5%88%A9%E7%94%A8%E6%96%99%E9%87%91%E8%A1%A8-260401.pdf,"施設管理費、警備費、原状復帰清掃費、水道光熱費、付帯設備、物販手数料","公式料金表の税抜1,520,000円と税込1,672,000円を併記するうち、税込額を記録。15時間未満でも基本料金は同額。料金表は変更される場合があると明記"
PRICE-349,CAND-092,lala-main,facility,performance,weekday,08:00-23:00,4000000,excluded,per_12_hours,"アリーナ本番日利用料・平日・基本利用時間内の連続する12時間",,2026-08-04,verified,https://lalaarenatokyo-bay.com/wp-content/uploads/2025/07/ea0b47857713c6e7173afd3ab81358c9.pdf,"諸室、電気・空調等の設備、備品、延長人件費、清掃、誘導、ゴミ処理","公式料金表の2026年7月版を直接確認。基本利用時間は8:00から23:00内の連続する12時間で、準備・撤去・一般来場者および関係者の退館までを含む。料金は税別"
PRICE-350,CAND-092,lala-sub,facility,performance,weekday,not_stated,300000,excluded,per_day,"サブアリーナ727㎡・1日",,2026-08-04,verified,https://lalaarenatokyo-bay.com/wp-content/uploads/2025/07/ea0b47857713c6e7173afd3ab81358c9.pdf,"空調・物販等の詳細条件、付帯設備、設営撤去、税","公式料金表の2026年7月版を直接確認。サブアリーナ利用時間はアリーナ利用時間に準ずるが、同表はサブアリーナの時刻帯を別記していないためtime_bandはnot_stated。空調あり、物販等可能、音出しはBGM程度と明記。料金は税別"
PRICE-351,CAND-093,ig-main,facility,performance,weekday,07:00-24:00,8800000,included,per_day,"メインアリーナ・興行利用・平日・基本利用時間",,2026-08-04,verified,https://www.ig-arena.jp/uploads/2026/03/riyouryoukin_260301.pdf,"電気・空調・水道、時間外料金、附属諸室・附帯設備・備品、設置・オペレーション、日常清掃の仕様外清掃、ゴミ処理","運営会社の2026年3月現行料金表を直接確認。興行利用は一般利用以外（コンサート、プロスポーツ等）と定義。平日・土日祝は午前0時で切替、利用期間・内容により割引制度あり"
PRICE-352,CAND-093,ig-sub,facility,performance,weekday,07:00-24:00,1210000,included,per_day,"サブアリーナ全面・興行利用・平日・基本利用時間",,2026-08-04,verified,https://www.ig-arena.jp/uploads/2026/03/riyouryoukin_260301.pdf,"電気・空調・水道、時間外料金、附帯設備・備品、設置・オペレーション、日常清掃の仕様外清掃、ゴミ処理","運営会社の2026年3月現行料金表を直接確認。興行利用のサブアリーナは全面又は2分の1利用で、4分の1利用はない。平日・土日祝は午前0時で切替、利用期間・内容により割引制度あり"
PRICE-353,CAND-094,pia-main,facility,performance,weekday,08:00-23:00,4000000,excluded,per_12_hours,"本番・平日・基本利用時間内の連続した12時間",2026-04-01,2026-08-04,verified,https://pia-arena-mm.jp/assets/images/facility_price.pdf,"諸室、電気空調等設備、貸出備品、時間外利用","公式料金表で2026年4月1日以降適用を直接確認。利用時間は準備・撤去・観客・出演者・関係者等の入館から退館までを含む。音出し可能時間は原則9:00から22:00で、料金は税別・契約時消費税率による"
PRICE-354,CAND-104,grandmesse-exhibition,facility,performance,weekday,09:00-17:00,1355200,included,per_day,"展示ホール4区画（全面）・平日・全日使用",,2026-08-04,verified,https://www.grandmesse.jp/kiji00318/index.html,"光熱水費、備品使用料、会場設営費、入場料を徴収する興行の別途料金、時間外延長","運営会社公式料金表（最終更新2025-11-27）を直接確認。準備・撤去は基本料金の3割引、土日祝は1割増。17:00から翌9:00の時間外延長は1時間180,400円（税込）と掲載"
PRICE-355,CAND-105,premist-closed,facility,event,all,07:00-24:00,5390000,included,per_day,"アリーナ面のみ・展示会・集会等・全面利用",,2026-08-04,verified,https://www.sapporo-dome.co.jp/event-prom/event/,"諸室料金、備付物件、延長料金、設営・撤去、超過入場者加算","運営会社の現行イベント利用料金ページを直接確認。7:00から24:00を1日とし、アリーナ面のみの展示会・集会等の全面利用は税込5,390,000円、設営・撤去日は税込2,695,000円と掲載"
PRICE-356,CAND-106,tsudome-indoor,facility,performance,weekday,morning,297800,not_stated,per_session,"屋内グラウンド全面・音楽・芸能・プロ競技・物販・宣伝・展示会等・入場料の類を徴収しない場合・午前",,2026-08-04,verified,https://www.sapporo-sport.jp/tsudome/price/,"暖房料、照明料、備付物件使用料、超過時間","指定管理者公式HTML料金表で直接確認。営利又は営業目的は入場料の類を徴収する区分となる。税込/税別の明示は表中で未確認"
PRICE-357,CAND-109,azuma-main,facility,performance,weekday,per_hour,22000,not_stated,per_hour,"メインアリーナ・非スポーツ利用・入場料の類を徴収しない場合・平日",,2026-08-04,verified,https://www.azumapark.or.jp/user-guide/information-for-use/,"照明、冷暖房、附属設備、設営、警備、清掃","指定管理者公式料金案内で平日22,000円/時、土日祝等33,000円/時を確認。税込/税別の明示はこの波で未確認"
PRICE-358,CAND-111,ecopa-main,facility,performance,all,08:30-21:00,218960,not_stated,per_day,"アリーナ全面・入場料徴収なし・アマチュアスポーツ以外・一般・全日",,2026-08-04,verified,https://www.ecopa.jp/organizer/charge/arena.php,"時間外追加、冷暖房、照明・大型映像等の附帯設備、可動席","指定管理者公式HTML料金表で直接確認。使用料の税込/税別はこの波で明示を確認できないためnot_stated。全面を使用しない場合は座席配置もそれに応じると公式に記載"
PRICE-359,CAND-113,mediadome-main,facility,amateur_sports,weekday,09:00-21:00,110000,included,per_day,"アリーナ5,000㎡・大会・イベント利用・平日",,2026-08-04,verified,https://www.mediadome.jp/rental/pricelist/index.html,"光熱水費、控室、備品、駐車場、清掃、警備、入場料を徴収する催事の別料金","運営者公式HTML料金表で直接確認。料金は税込、土日祝は137,500円。使用時間に準備・後片付け・撤去を含む"
PRICE-360,CAND-114,yoyogi-first,facility,performance,weekday,07:00-23:00,9000000,not_stated,per_12_hours,"第一体育館・興行又は入場料徴収あり・本番日・平日・7時から23時内の任意12時間",2026-04-01,2026-08-04,verified,https://www.jpnsport.go.jp/yoyogi/Portals/0/yoyogi/pdf/riyouannnai/202604_yoyogi_riyouannai%282026%E3%83%BB2027%29.pdf,"空調、付属設備、時間外利用、設営・撤去","日本スポーツ振興センターの2026年4月版公式利用案内を直接確認。休日等は10,800,000円。税の明示をこの波で確認できないためnot_stated"
PRICE-361,CAND-115,ngk-main,facility,performance,weekday,09:00-21:00,2280000,not_stated,per_day,"クロコくんホール・興行・平日",,2026-08-04,verified,https://www.nespa.or.jp/hall/shisetsu/price.html,"設営人件費、清掃・ごみ処理、付属設備、電気・水道、時間外利用","指定管理者公式HTML料金表で直接確認。準備又は撤去は1,140,000円、土日祝は2,640,000円。税込/税別の明示はこの波で未確認"
PRICE-362,CAND-118,atc-a,facility,performance,all,09:00-17:00,1500000,excluded,per_day,"Aホール・全室・基本利用日",,2026-08-04,verified,https://atchall.com/howto/hall/atchall/ahall/,"空調、電気、水道、清掃、時間外、設営・撤去","運営者公式ページで税別1,500,000円/日を確認。基準利用時間は9:00〜17:00。準備・撤去日は同額で9:00〜20:00"
PRICE-363,CAND-119,shiga-main,facility,event,weekday,09:00-22:00,88400,included,per_day,"メインアリーナ全面・スポーツレクリエーション専用利用・平日",,2026-08-04,verified,https://shiga-arena.jp/guide,"空調、照明、県外居住者加算、非スポーツ利用の別区分","指定管理者公式ページで税込88,400円、土日祝110,500円を確認。県外居住者は1.5倍と掲載"
PRICE-364,CAND-121,showa-main,facility,amateur_sports,all,per_2_hours,12000,not_stated,per_2_hours,"メインアリーナ全面専用",,2026-08-04,verified,https://www.kakogawa-sports.jp/facilities/gym/pdf/price.pdf,"空調、営利・入場料ありの別区分、附帯設備","指定管理者公式料金PDFで全面専用2時間12,000円を確認。税込/税別の明示はこの波で未確認"
PRICE-365,CAND-122,fukuoka-main,facility,amateur_sports,weekday,09:00-22:00,88400,included,per_day,"メインアリーナ全面・スポーツレクリエーション専用利用・平日",,2026-08-04,verified,https://www.fukuoka-city-arena.jp/about/price.html,"非スポーツ利用の別区分・倍率、附帯設備","指定管理者公式ページで税込88,400円、土日祝110,500円を確認"
PRICE-366,CAND-124,kumamoto-large,facility,non_sports,all,per_hour,11360,included,per_hour,"大体育室・専用利用・アマチュアスポーツ以外",,2026-08-04,verified,https://www.kspa.or.jp/sougou_taiku_charge/,"入場料徴収時の別料金、照明、冷暖房、大型映像装置","指定管理者公式HTML料金表で税込11,360円/時間を直接確認。アマチュアスポーツは2,720円/時間。1時間未満は1時間として計算"
PRICE-367,CAND-127,aore-arena,facility,non_sports,all,per_hour,36000,not_stated,per_hour,"アリーナ全面・営利利用",,2026-08-04,verified,https://ao-re.jp/wp-content/uploads/2025/08/656440dda7f7bac176e145f0320d8e23.pdf,"空調、附属設備、入場料区分、時間外","長岡市の公式利用案内PDF（2025年8月公開）で営利36,000円/時間を確認。税込/税別の明示はこの波で未確認"
PRICE-368,CAND-128,forum-a,facility,performance,weekday,09:00-23:00,4140400,not_stated,per_day,"ホールA・本番日・月曜から木曜",2023-10-01,2026-08-04,needs_check,https://www.t-i-forum.co.jp/mt_images/facilities/price_list_01.pdf,"附帯設備、時間外、設営・撤去、金土日祝別料金","運営者公式料金PDFで本番日4,140,400円を確認。PDFは2023年10月1日適用開始で、現行の終了日・改定状況はこの波で未確認のためneeds_check"
PRICE-369,CAND-129,sansin-hall,facility,performance,all,09:00-17:00,450000,included,per_day,"展示ホール全面・通常利用",,2026-08-04,verified,https://sansin.or.jp/fee/,"入場料徴収時110%、準備・撤去時70%、冷暖房ほか附帯設備","運営者公式HTML料金表で税込450,000円/日を直接確認。準備・搬出入・撤去・最終清掃も利用時間に含む"
PRICE-370,CAND-132,asue-main,facility,performance,weekday,09:00-21:00,1251900,not_stated,per_day,"メインアリーナ全面・商業利用",,2026-08-04,verified,https://www.yahataya-park.jp/osaka_arena/main/price.html,"土日祝20%加算、付属設備、時間外","指定管理者公式HTML料金表で商業利用1,251,900円/全日を直接確認。税込/税別の明示はこの波で未確認"
PRICE-371,CAND-134,pulse-large,facility,performance,all,08:00-18:00,715000,not_stated,per_day,"大展示場・全面・通常利用",,2026-08-04,verified,https://www.pulseplaza.jp/guide/ratesim.html,"時間外92,400円/時、光熱費","運営者公式HTML料金表で715,000円/全日を直接確認。税込/税別の明示はこの波で未確認"
PRICE-372,CAND-135,convex-large,facility,performance,all,09:00-17:00,540320,not_stated,per_day,"大展示場・通常利用",,2026-08-04,verified,https://www.convex-okayama.co.jp/direction/charge/,"区画利用、附帯設備","運営者公式HTML料金表で540,320円/日を直接確認。税込/税別の明示はこの波で未確認"
PRICE-373,CAND-136,kyocera-arena,facility,exhibition,weekday,09:00-23:00,12000000,excluded,per_day,"アリーナ・展示会・平日",,2026-08-04,verified,https://www.kyoceradome-osaka.jp/use_guide/arena/,"土日祝、準備日、付帯設備","運営者公式ページで税別12,000,000円/日を直接確認。土日祝13,500,000円、準備日5,500,000円"
PRICE-374,CAND-137,hiroshima-exhibition,facility,exhibition,all,09:00-17:00,316800,included,per_day,"展示館全面・2,640㎡・入場料を徴収しない場合",,2026-08-05,verified,https://exhibition-oken.jp/ご利用料金案内/,"時間外49,800円/時、附帯設備","運営者公式の現行税込料金ページで316,800円/全日を直接確認。ページ更新日は2026年5月20日"
PRICE-375,CAND-138,sapporo46-main,facility,amateur_sports,weekday,09:00-21:00,83200,included,per_day,"アリーナ全面・専用利用・平日",,2026-08-04,verified,https://www.sapporo-sport.jp/chuo-g/price/,"アマチュア競技以外・入場料徴収時の別料金","指定管理者公式HTML料金表で税込83,200円/日を直接確認。9時から12時18,500円、13時から17時27,700円、18時から21時37,000円"
PRICE-376,CAND-139,maeda-main,facility,amateur_sports,all,per_hour,5210,included,per_hour,"メインアリーナ全面・貸切・スポーツ・非営利",,2026-08-04,verified,https://aomori-sportspark.jp/new_athletic_park/mainarena/,"営利・非スポーツ用途は主催者向け料金表","指定管理者公式ページで税込5,210円/時間を直接確認。利用前支払と主催者資料を別公式ページで案内"
PRICE-377,CAND-142,oita-main,facility,non_sports,weekday,per_hour,11100,not_stated,per_hour,"メイン競技場・その他用途・平日",,2026-08-04,verified,https://budo.oita-sportspark.jp/price/price-group/,"土日祝、入場料・会費による加算、全館利用区分","指定管理者公式ページで平日11,100円/時間を直接確認。土日祝13,320円。税込/税別の明示はこの波で未確認"
PRICE-378,CAND-143,kochi-main,facility,performance,weekday,08:30-21:00,426360,not_stated,per_day,"主競技場全面・興行・平日",,2026-08-04,verified,https://www.kochi-kenmin.org/wp-content/uploads/2024/12/arena_noama_charge.pdf,"土日祝、入場料徴収の別区分、附帯設備","指定管理者公式料金PDFで426,360円/全日を直接確認。税込/税別の明示はこの波で未確認"
PRICE-379,CAND-144,sasebo-main,facility,profit,all,09:00-13:00,233280,not_stated,per_4_hours,"大体育室・営利目的",2024-04-01,2026-08-05,verified,https://www.city.sasebo.lg.jp/documents/2764/06taikubunkakan.pdf,"入場料等加算、準備・後片付けは3分の1、時間外20%加算","佐世保市の現行施設ページが案内する令和6年4月1日現在PDFを画像照合。従来の77,760円は集会場の営利額との混同だったため訂正。税表記なし"
PRICE-380,CAND-149,yanmar-nagai,facility,other_no_admission,weekday,09:00-21:00,1008000,not_stated,per_day,"全スタンド・その他利用・会費または入場料なし・平日終日",,2026-08-05,verified,https://nagaipark.com/stadium/guide/price/,"附帯設備・入場料徴収時3倍・土日祝2割増","指定管理者公式の現行HTML料金表を再確認し、掲載基本額を平日・入場料なしとして精密化。税込/税別は未明示"
PRICE-381,CAND-153,orix-main,facility,performance,weekday,09:00-22:00,1100000,excluded,per_day,"平日・利用時間13時間・設営開始から撤去終了まで",,2026-08-04,verified,https://www.orixtheater.jp/information/price/,"土日祝、付帯設備、実費","運営者公式ページで税別1,100,000円/日を直接確認"
PRICE-382,CAND-154,kobe-kokusai-main,facility,performance,weekday,09:00-12:00,242000,excluded,per_3_hours,"午前・平日",2026-05-27,2026-08-04,verified,https://www.kih.co.jp/theme/kih/images/kokusaihall/rentalhall/pdf/rental_price.pdf,"土日祝、準備・リハーサルは基本料金50%、附帯設備","運営者公式料金PDFで税別242,000円/3時間を直接確認。2026年5月27日改定"
PRICE-383,CAND-159,tokyo-budo-main,facility,non_sports,all,09:00-21:00,395800,included,per_day,"大武道場・入場料なし・その他スポーツ・スタンド使用",,2026-08-04,verified,https://www.tef.or.jp/tb/budo/,"入場料・営利等の別区分、附帯設備","指定管理者公式HTML料金表で税込395,800円/全日を直接確認。準備・片付けを利用時間に含む。2026-08-05に用途分類を訂正"
PRICE-384,CAND-164,twin-north,facility,performance,all,09:00-17:00,1557600,included,per_day,"北南館全面・10,400㎡・全日",,2026-08-04,verified,https://www.t-messe.or.jp/organizer/price.html,"入場料最高額により5〜20%加算、取消、附帯設備","運営者公式HTML料金表で税込1,557,600円/全日を直接確認"
PRICE-385,CAND-165,konohana-main,facility,amateur_sports,all,08:30-21:00,66570,not_stated,per_day,"メインアリーナ全面・一般",2026-04-01,2026-08-04,verified,https://www.kusanagi-sportscomplex.jp/images/3349.pdf,"照明、器具備品","指定管理者公式料金PDFで2026年4月からの全日一般全面66,570円を確認。税込/税別の明示はこの波で未確認"
PRICE-386,CAND-166,prism-main,facility,performance,all,10:00-18:00,3630000,included,per_day,"全面・開催日・基本料金",2026-04-01,2026-08-04,verified,https://www.tokyo-dome.co.jp/prism/organizer/pdf/fee.pdf,"時間外、附帯設備","運営者公式料金PDFで2026年4月1日から2027年3月31日の税込3,630,000円/日を直接確認"
PRICE-387,CAND-169,ehime-kenbun-main,facility,performance,weekday,09:00-22:00,276990,included,per_day,"メインホール・平日・入場無料・全日",2025-04-01,2026-08-05,verified,https://www.kenbun.jp/rent/price/,"土日祝、入場料、附帯設備","運営者公式の現行税込料金表で2025年4月1日施行の276,990円/全日を確認。旧観測262,550円を現行額へ訂正"
PRICE-388,CAND-180,kose-main,facility,amateur_sports,all,08:00-17:00,16500,not_stated,per_day,"体育館メインアリーナ全面・一般・1日",2019-10-01,2026-08-05,verified,https://www.kose-sp.pref.yamanashi.jp/guide/739/,"器具、放送、冷暖房、入場料徴収時の別料金","指定管理者公式HTML料金表で一般アマチュアスポーツ16,500円/1日を直接確認。利用時間に準備・片付けを含む"
PRICE-389,CAND-182,ishikawa-main,facility,amateur_sports,all,all,4190,not_stated,per_hour,"メインアリーナ全面・入場無料",,2026-08-05,verified,https://www.ishikawa-spc.jp/useguide/index.html,"照明、冷暖房、器具、入場有料時の別料金","指定管理者公式HTML料金表でアマチュアスポーツ・入場無料4,190円/時を直接確認"
PRICE-390,CAND-183,yonago-main,facility,no_admission_nonprofit,all,all,810,not_stated,per_hour,"大体育館全面・非営利・入場料なし",,2026-08-05,verified,https://yonago-santai.jp/about/facility/mainarena/,"冷暖房、器具、営利・入場料ありの別料金","指定管理者公式HTML料金表で非営利・入場料なし810円/時を直接確認。連続3時間以上は基本使用料の90%"
PRICE-391,CAND-189,kaminoyama-main,facility,all,all,per_hour,2420,included,per_hour,"アリーナ全面・基本使用料",,2026-08-05,verified,https://taibun.com/facility/arena,"附属設備・目的別割増・冷暖房・床養生","指定管理者公式ページに税込2,420円/時間と税別2,200円を併記"
PRICE-392,CAND-191,kamisu-main,facility,all,all,09:00-12:00,7920,included,per_3_hours,"メインアリーナ全面・1区分",,2026-08-05,verified,https://www.kamisu-arena.com/?mode=k&s=1&type=ga_02&v=20260214,"冷暖房・附属設備・目的別割増","施設公式料金表で9時〜12時の全面7,920円を確認。利用時間に準備・原状回復を含む"
PRICE-393,CAND-191,kamisu-main,hvac,all,all,per_hour,13200,included,per_hour,"メインアリーナ床全面・客席の冷暖房",,2026-08-05,verified,https://www.kamisu-arena.com/?mode=k&s=1&type=ga_02&v=20260214,"基本使用料","施設公式料金表で床全面・客席の冷暖房13,200円/時間を確認"
PRICE-394,CAND-193,gunma-main,facility,amateur_sports_no_admission,all,per_hour,5360,not_stated,per_hour,"ぐんまアリーナ・メインフロア全面",2025-04-01,2026-08-05,verified,https://gunma-sports.or.jp/sportscenter/arena/guide/pdf/gunma-sportscenter-list_of_charges.pdf,"電気・設備・入場料徴収・その他用途の別料金","公式料金PDFの2025年4月1日改正表でアマチュアスポーツ・入場料なし・全面5,360円/時間を確認"
PRICE-395,CAND-194,saiden-main,facility,amateur_sports,all,per_2_hours,13720,included,per_2_hours,"メインアリーナA・B・C全面・市内一般",,2026-08-05,verified,https://www.city.saitama.lg.jp/004/006/003/001/p077482.html,"空調・附属設備・市外割増","さいたま市公式ページで税込13,720円/2時間を確認。市外は1.5倍"
PRICE-396,CAND-194,saiden-main,facility,amateur_sports,all,09:00-21:00,68610,included,per_day,"メインアリーナA・B・C全面・市内一般・全日",,2026-08-05,verified,https://www.city.saitama.lg.jp/004/006/003/001/p077482.html,"空調・附属設備・市外割増","さいたま市公式ページで税込68,610円/全日を確認"
PRICE-397,CAND-194,saiden-main,hvac,all,all,per_hour,10470,included,per_hour,"メインアリーナ空調",,2026-08-05,verified,https://www.city.saitama.lg.jp/004/006/003/001/p077482.html,"基本使用料","さいたま市公式ページで税込10,470円/時間を確認"
PRICE-398,CAND-195,chiba-port-main,facility,amateur_sports_no_admission,weekday,09:00-21:00,98910,not_stated,per_day,"メインアリーナ全面・一般・平日",2026-04-01,2026-08-05,verified,https://chibacity.spo-sin.or.jp/wp-content/uploads/2026/01/fe9d3a37506d0eee8822eb5d92aa6b10.pdf,"冷暖房・特別照明・附属設備・土日祝割増","指定管理者公式の2026年4月改定料金表で平日98,910円/全日を確認"
PRICE-399,CAND-195,chiba-port-main,hvac,all,all,per_hour,33000,not_stated,per_hour,"メインアリーナ冷暖房",2026-04-01,2026-08-05,verified,https://chibacity.spo-sin.or.jp/shisetu/arena-top/arena-price/,"基本使用料","指定管理者公式料金ページで冷暖房33,000円/時間を確認"
PRICE-400,CAND-196,ota-main,facility,amateur_sports,weekday,09:00-21:00,81600,included,per_day,"メインアリーナ全面・区内利用者・平日・全日",,2026-08-05,verified,https://www.ota.esforta.jp/guide/,"付帯設備・全国大会・入場料徴収・区外・土日祝の別料金","指定管理者公式HTML料金表で税込81,600円/全日を確認。利用時間に準備・後片付けを含む"
PRICE-401,CAND-197,hiratsuka-main,hvac,all,all,per_hour,7200,not_stated,per_hour,"第1体育室冷房・市内団体",,2026-08-05,verified,https://www.city.hiratsuka.kanagawa.jp/koen/page-c_00811.html,"基本使用料・市外割増","平塚市公式ページで市内7,200円/時間、市外14,400円/時間を確認"
PRICE-402,CAND-198,hokuroku-main,facility,amateur_sports,all,per_hour,2310,not_stated,per_hour,"メインアリーナ全面・一般・大会専用利用・昼間",,2026-08-05,verified,https://www.hokuroku.jp/about/37,"付帯設備・夜間・高校生以下・入場料徴収等の別料金","指定管理者公式HTML料金表で一般2,310円/時間を確認。半面利用は半額"
PRICE-403,CAND-198,hokuroku-main,facility,amateur_sports,all,08:30-17:30,16500,not_stated,per_day,"メインアリーナ全面・一般・大会専用利用・1日",,2026-08-05,verified,https://www.hokuroku.jp/about/37,"付帯設備・夜間・高校生以下・入場料徴収等の別料金","指定管理者公式HTML料金表で一般16,500円/1日を確認。半面利用は半額"
PRICE-404,CAND-199,joetsu-indoor,facility,amateur_sports,all,09:00-12:00,12320,not_stated,per_3_hours,"インドアスタジアム全面・スポーツ利用・午前",,2026-08-05,verified,https://region-joetsu.jp/facility/indoor-stadium/,"付属設備・市外2倍・超過料金・休館期間","施設公式HTML料金表で12,320円/午前を確認。2026年9月1日から2027年3月31日まで長期休館予定"
PRICE-405,CAND-199,joetsu-indoor,facility,assembly,weekday,09:00-12:00,24750,not_stated,per_3_hours,"インドアスタジアム全面・集会等利用・平日午前",,2026-08-05,verified,https://region-joetsu.jp/facility/indoor-stadium/,"付属設備・市外2倍・超過料金・休館期間","施設公式HTML料金表で平日24,750円/午前を確認。2026年9月1日から2027年3月31日まで長期休館予定"
PRICE-406,CAND-200,takaoka-takehira-arena,facility,amateur_sports,all,09:00-21:00,37410,not_stated,per_day,"アリーナ全面・入場料なし・全日",2019-10-01,2026-08-05,verified,https://www.city.takaoka.toyama.jp/material/files/group/61/10-takehiramemorialgym.pdf,"付属設備・冷暖房・入場料徴収・スポーツ以外・時間外等の別料金","高岡市公式ページ掲載の料金PDFを目視確認。2019年10月1日施行版のため申込前に改定有無を要再確認"
PRICE-407,CAND-201,kanazawa-first,facility,amateur_sports,all,per_hour,2750,included,per_hour,"第1競技場全面・団体利用・スポーツ・入場料なし",,2026-08-05,verified,https://www.city.kanazawa.ishikawa.jp/reiki/reiki_honbun/a400RG00000372.html,"照明・冷暖房・入場料徴収・スポーツ以外・市外利用等の割増","金沢市体育施設条例で第1競技場全面2,750円/時間を確認。条例は使用料に消費税等を含むと規定"
PRICE-408,CAND-201,kanazawa-first,hvac,all,all,per_hour,7150,included,per_hour,"第1競技場観覧席・冷暖房",,2026-08-05,verified,https://www.city.kanazawa.ishikawa.jp/reiki/reiki_honbun/a400RG00000372.html,"競技場床面の冷暖房・基本使用料・照明等の別料金","金沢市体育施設条例で第1競技場観覧席の冷暖房7,150円/時間を確認"
PRICE-409,CAND-202,fukui-main,facility,amateur_sports,all,per_hour,1760,not_stated,per_hour,"主競技場全面・スポーツまたは体力づくり・入場料なし",2024-04-01,2026-08-05,verified,https://www.city.fukui.lg.jp/kyoiku/sports/sisetu/price_d/fil/chokuei_ryokin.pdf,"付属設備・冷暖房・入場料徴収・集会等・市外利用等の別料金","福井市公式2024年4月料金表PDFを目視確認。主競技場全面1,760円/時間"
PRICE-410,CAND-202,fukui-main,hvac,all,all,per_hour,3950,not_stated,per_hour,"主競技場・競技場冷房",2024-04-01,2026-08-05,verified,https://www.city.fukui.lg.jp/kyoiku/sports/sisetu/price_d/fil/chokuei_ryokin.pdf,"観覧席冷房・基本使用料・照明等の別料金","福井市公式2024年4月料金表PDFを目視確認。主競技場の競技場冷房3,950円/時間"
PRICE-411,CAND-203,chikuma-kotobuki-arena,facility,amateur_sports,all,per_hour,1500,not_stated,per_hour,"アリーナ全面・専用・非営利・アマチュアスポーツ・入場料なし",,2026-08-05,verified,https://www.city.chikuma.lg.jp/section/reiki_int/reiki_honbun/r021RG00000206.html,"照明・入場料徴収・スポーツ以外・営利・市外利用等の割増","千曲市体育施設条例で更埴体育館アリーナ全面1,500円/時間を確認。ことぶきアリーナ千曲は更埴体育館の愛称"
PRICE-412,CAND-203,chikuma-kotobuki-arena,lighting,all,all,per_hour,770,not_stated,per_hour,"アリーナ全面・照明",,2026-08-05,verified,https://www.city.chikuma.lg.jp/section/reiki_int/reiki_honbun/r021RG00000206.html,"基本使用料・市外利用等の割増","千曲市体育施設条例でアリーナ全面の照明770円/時間を確認。使用面積に応じた料金"
PRICE-413,CAND-205,numazu-sports-arena,facility,amateur_sports,all,09:00-12:00,4800,not_stated,per_3_hours,"スポーツアリーナ全面・一般・スポーツ利用・入場料または受講料なし",2024-04-01,2026-08-05,verified,https://city.numazu-sougoutaiikukan.jp/guide,"空調・移動観覧席・入場料徴収・スポーツ以外・市外利用等の別料金","指定管理者公式HTMLと2024年4月1日改訂料金PDFを目視照合。午前・午後1・午後2はいずれも4,800円/3時間"
PRICE-414,CAND-205,numazu-sports-arena,hvac,all,all,per_hour,5400,not_stated,per_hour,"スポーツアリーナ全面・一般・冷暖房",2024-04-01,2026-08-05,verified,https://city.numazu-sougoutaiikukan.jp/storage/rel_doc/m-7627/639_12030216_1.pdf,"基本使用料・高校生以下・部分利用等の別料金","指定管理者公式料金PDFを目視確認。スポーツアリーナ全面の冷暖房は一般5,400円/時間"
PRICE-415,CAND-205,numazu-sports-arena,equipment,all,all,per_3_hours,15000,not_stated,per_3_hours,"スポーツアリーナ移動観覧席1式",2024-04-01,2026-08-05,verified,https://city.numazu-sougoutaiikukan.jp/gallery,"基本使用料・空調・分割利用等の別料金","指定管理者公式ページで移動観覧席1,008席・1回3時間15,000円を確認。分割利用可"
PRICE-416,CAND-206,toyohashi-first,facility,amateur_sports,weekday,09:00-21:00,44910,not_stated,per_day,"第1競技場・アマチュアスポーツ・平日・全日",,2026-08-05,verified,https://www.city.toyohashi.lg.jp/secure/101467/ryoukin%28soutai%29.pdf,"付属設備・準備撤去・スポーツ以外・休日等の別料金","豊橋市公式料金PDFを目視確認。平日全日44,910円"
PRICE-417,CAND-206,toyohashi-first,facility,amateur_sports,weekend_holiday,09:00-21:00,67360,not_stated,per_day,"第1競技場・アマチュアスポーツ・土日休日・全日",,2026-08-05,verified,https://www.city.toyohashi.lg.jp/secure/101467/ryoukin%28soutai%29.pdf,"付属設備・準備撤去・スポーツ以外等の別料金","豊橋市公式料金PDFを目視確認。土日休日全日67,360円"
PRICE-418,CAND-207,yokkaichi-main,facility,amateur_sports,weekday,09:00-21:00,45500,not_stated,per_day,"アリーナ全面・スポーツ・入場料金なし・平日全日",2020-05-01,2026-08-05,verified,https://www.city.yokkaichi.lg.jp/www/contents/1514445275515/simple/430jourei058.pdf,"付属設備・土日祝2割増・入場料徴収・スポーツ以外等の別料金","四日市市条例PDFを目視確認。平日全日45,500円。土日祝は規定料金の2割増し"
PRICE-419,CAND-208,hikone-main,facility,amateur_sports,weekday,09:00-12:30,10500,not_stated,per_time_band,"メインアリーナ全面・平日午前・入場料徴収なし",,2026-08-05,verified,https://shisetsu.mizuno.jp/storage/rel_doc/m-7227/393_09561133_0.pdf,"冷暖房・備品・湖東圏域外1.5倍・入場料徴収2倍・興行10倍","指定管理者公式料金PDFを目視確認。平日午前10,500円/3.5時間"
PRICE-420,CAND-208,hikone-main,hvac,all,all,per_hour,18000,not_stated,per_hour,"メインアリーナ・冷暖房",,2026-08-05,verified,https://shisetsu.mizuno.jp/storage/rel_doc/m-7227/393_09561133_0.pdf,"基本使用料・部分利用・備品等の別料金","指定管理者公式料金PDFを目視確認。メインアリーナ冷暖房18,000円/時間"
PRICE-421,CAND-209,kyoto-arena,facility,amateur_sports,weekday,09:00-12:00,16760,not_stated,per_3_hours,"体育室全面・アマチュアスポーツ・入場料徴収なし・平日午前",,2026-08-05,verified,https://www.kyoto-sports.or.jp/wp-content/themes/kyoto_sports/do_sports/image/pdf/riyou_2026_4.pdf,"付属設備・入場料徴収・スポーツ以外・土日祝等の別料金","指定管理者公式2026年利用案内PDFを目視確認。平日午前16,760円/3時間"
PRICE-422,CAND-209,kyoto-arena,facility,amateur_sports,weekday,09:00-21:00,78560,not_stated,per_day,"体育室全面・アマチュアスポーツ・入場料徴収なし・平日全日",,2026-08-05,verified,https://www.kyoto-sports.or.jp/wp-content/themes/kyoto_sports/do_sports/image/pdf/riyou_2026_4.pdf,"付属設備・入場料徴収・スポーツ以外・土日祝等の別料金","指定管理者公式2026年利用案内PDFを目視確認。平日全日78,560円"
PRICE-423,CAND-210,higashiosaka-main,facility,amateur_sports,weekday,09:00-12:00,13000,not_stated,per_3_hours,"大アリーナ全面・平日午前・市内利用・アマチュアスポーツ・入場料徴収なし",,2026-08-05,verified,https://www.hos-arena.com/gymnasium/use.html,"空調・付属設備・土日祝2割増・市外5割増・入場料徴収・スポーツ以外等の別料金","指定管理者公式HTML料金表で午前13,000円/3時間を確認"
PRICE-424,CAND-210,higashiosaka-main,hvac,all,all,per_hour,9000,not_stated,per_hour,"大アリーナ競技面全面・冷房",,2026-08-05,verified,https://www.hos-arena.com/gymnasium/fee.html,"観覧席空調・基本使用料・付属設備等の別料金","指定管理者公式HTML料金表で大アリーナ競技面全面の冷房9,000円/時間を確認"
PRICE-425,CAND-211,himeji-first,facility,amateur_sports,weekday,09:00-17:00,4200,not_stated,per_hour,"第一競技場全面・平日日中・市内利用・アマチュアスポーツ・入場料徴収なし",2024-04-01,2026-08-05,verified,https://himeji-machishin.jp/sports/shisetsu/chuotai/ryokin/,"空調・付属設備・土日祝2割増・市外5割増・入場料徴収・スポーツ以外等の別料金","指定管理者公式HTML料金表で9時〜17時の第一競技場全面4,200円/時間を確認"
PRICE-426,CAND-211,himeji-first,hvac,all,all,per_hour,10990,not_stated,per_hour,"第一競技場・冷房",2024-04-01,2026-08-05,verified,https://himeji-machishin.jp/sports/shisetsu/chuotai/ryokin/,"暖房・基本使用料・付属設備等の別料金","指定管理者公式HTML料金表で第一競技場冷房10,990円/時間を確認"
PRICE-427,CAND-212,nara-central,facility,amateur_sports,all,09:00-12:00,3600,not_stated,per_3_hours,"中央体育館全面・アマチュアスポーツ・入場料徴収なし・午前",,2026-08-05,verified,https://www.city.nara.lg.jp/uploaded/attachment/161221.pdf,"付属設備・空調・入場料徴収・スポーツ以外・市外利用等の別料金","奈良市公式料金PDFを目視確認。午前3,600円/3時間"
PRICE-428,CAND-212,nara-central,facility,amateur_sports,all,09:00-21:00,18000,not_stated,per_day,"中央体育館全面・アマチュアスポーツ・入場料徴収なし・全日",,2026-08-05,verified,https://www.city.nara.lg.jp/uploaded/attachment/161221.pdf,"付属設備・空調・入場料徴収・スポーツ以外・市外利用等の別料金","奈良市公式料金PDFを目視確認。全日18,000円"
PRICE-429,CAND-213,wakayama-kannan-arena,facility,amateur_sports,all,09:00-12:00,5390,not_stated,per_3_hours,"アリーナ全面・アマチュアスポーツ・入場無料・午前",,2026-08-05,verified,https://www.city.wakayama.wakayama.jp/shisetsu/kouen_sp_shisetsu/1006086/1000981.html,"附属設備・延長・入場料徴収・スポーツ以外等の別料金","和歌山市公式HTML料金表で午前5,390円/3時間を確認"
PRICE-430,CAND-213,wakayama-kannan-arena,facility,amateur_sports,all,13:00-17:00,7990,not_stated,per_4_hours,"アリーナ全面・アマチュアスポーツ・入場無料・午後",,2026-08-05,verified,https://www.city.wakayama.wakayama.jp/shisetsu/kouen_sp_shisetsu/1006086/1000981.html,"附属設備・延長・入場料徴収・スポーツ以外等の別料金","和歌山市公式HTML料金表で午後7,990円/4時間を確認"
PRICE-431,CAND-214,tottori-main,facility,amateur_sports,all,per_hour,2950,not_stated,per_hour,"メインアリーナ全面・一般・アマチュアスポーツ・入場料徴収なし",2024-04-01,2026-08-05,verified,https://www.fuse-sportspark.com/wp-content/uploads/2024/04/%E9%B3%A5%E5%8F%96%E7%9C%8B%E7%AB%8B%E5%B8%83%E5%8B%A2%E7%B7%8F%E5%90%88%E9%81%8B%E5%8B%95%E5%85%AC%E5%9C%92%E6%96%99%E9%87%91%E8%A1%A8R6.4.1%EF%BD%9E.pdf,"照明・空調・器具・入場料徴収・商業利用等の別料金","指定管理者公式料金PDFを目視確認。一般の全面利用2,950円/時間"
PRICE-432,CAND-214,tottori-main,hvac,all,all,per_hour,11200,not_stated,per_hour,"メインアリーナ全面・冷房",2024-04-01,2026-08-05,verified,https://www.fuse-sportspark.com/wp-content/uploads/2024/04/%E9%B3%A5%E5%8F%96%E7%9C%8B%E7%AB%8B%E5%B8%83%E5%8B%A2%E7%B7%8F%E5%90%88%E9%81%8B%E5%8B%95%E5%85%AC%E5%9C%92%E6%96%99%E9%87%91%E8%A1%A8R6.4.1%EF%BD%9E.pdf,"基本使用料・照明・器具等の別料金","指定管理者公式料金PDFを目視確認。メインアリーナ冷房11,200円/時間"
PRICE-433,CAND-215,matsue-main,hvac,amateur_sports,all,per_hour,13980,not_stated,per_hour,"メインアリーナ・アマチュアスポーツ・入場料徴収なし・冷暖房",2026-04-01,2026-08-05,verified,https://www.so-tai.jp/charge/,"基本使用料・照明・器具・土日祝2割増・入場料徴収等の別料金","指定管理者公式HTML料金表で冷暖房13,980円/時間を確認"
PRICE-434,CAND-216,soja-main,facility,amateur_sports,all,per_hour,6900,not_stated,per_hour,"メインアリーナ全面・一般・スポーツ利用・25％照度",,2026-08-05,verified,https://soja-facilities.fagiano-okayama.com/facilities/sports-center/,"空調・照明加算・備品・入場料徴収・スポーツ以外等の別料金","指定管理者公式HTML料金表で全面6,900円/時間を確認"
PRICE-435,CAND-216,soja-main,hvac,all,all,per_hour,5000,not_stated,per_hour,"メインアリーナ1階全面・空調",2026-07-01,2026-08-05,verified,https://www.city.soja.okayama.jp/soshiki/17/21659.html,"2階観客席空調・基本使用料・分割利用等の別料金","総社市公式ページでメインアリーナ1階全面の空調5,000円/時間を確認。2026年7〜9月は周知期間の特例あり"
PRICE-436,CAND-217,kure-ihi-main,facility,amateur_sports,all,per_hour,2880,not_stated,per_hour,"競技場全面・一般・アマチュアスポーツ・入場料徴収なし",,2026-08-05,verified,https://sports-kure.com/shisetsu/s-510/s-511,"空調・特別照明・器具・時間外・入場料徴収・スポーツ以外等の別料金","指定管理者公式HTML料金表で全面2,880円/時間を確認"
PRICE-437,CAND-217,kure-ihi-main,hvac,all,all,per_hour,2000,not_stated,per_hour,"競技場メインアリーナ・冷暖房",,2026-08-05,verified,https://sports-kure.com/shisetsu/s-510/s-511,"基本使用料・特別照明・器具等の別料金","指定管理者公式HTML料金表でメインアリーナ冷暖房2,000円/時間を確認"
PRICE-438,CAND-218,shunan-main,facility,amateur_sports,all,per_hour,3420,not_stated,per_hour,"メインアリーナ全面・アマチュアスポーツ・入場料徴収なし",2026-04-01,2026-08-05,verified,https://www.shunan-srt.jp/facilities/pdf/price.pdf?202602=,"空調・放送・器具・入場料徴収・スポーツ以外等の別料金","指定管理者公式2026年料金PDFを目視確認。全面3,420円/時間"
PRICE-439,CAND-218,shunan-main,hvac,all,all,per_hour,11530,not_stated,per_hour,"メインアリーナ・空調",2026-04-01,2026-08-05,verified,https://www.shunan-srt.jp/facilities/pdf/price.pdf?202602=,"基本使用料・放送・器具等の別料金","指定管理者公式2026年料金PDFを目視確認。メインアリーナ空調11,530円/時間"
PRICE-440,CAND-219,tokushima-first,facility,amateur_sports,all,09:00-12:00,6600,not_stated,per_3_hours,"第一競技場全面・一般・アマチュアスポーツ・午前",2019-10-01,2026-08-05,verified,https://www.tokushimacity-sports.or.jp/app/wp-content/uploads/2020/09/R1.10.1%E3%80%80%E5%B8%82%E3%83%BB%E7%9C%8C%E6%96%99%E9%87%91%E3%80%80%EF%BC%B0%EF%BC%A4%EF%BC%A6.pdf,"冷暖房・附属設備・入場料徴収・スポーツ以外等の別料金","指定管理者の現行施設ページから案内される料金PDFを目視確認。午前6,600円/3時間。料金表の施行日は2019年10月1日のため実利用前に再確認"
PRICE-441,CAND-220,takamatsu-first,facility,all,all,09:00-12:00,7500,not_stated,per_3_hours,"第1競技場全面・入場料等を徴収しない・午前",,2026-08-05,verified,https://www.taka-spo.or.jp/sou2.html,"電灯・備品・入場料徴収等の別料金","指定管理者公式HTML料金表で全面7,500円/3時間を確認"
PRICE-442,CAND-220,takamatsu-first,facility,all,all,09:00-22:00,27500,not_stated,per_day,"第1競技場全面・入場料等を徴収しない・全日",,2026-08-05,verified,https://www.taka-spo.or.jp/sou2.html,"電灯・備品・入場料徴収等の別料金","指定管理者公式HTML料金表で全面27,500円/全日を確認"
PRICE-443,CAND-221,ehime-park-main,facility,all,all,09:00-13:00,14660,included,per_half_day,"体育館全面・専用利用・半日",2021-04-01,2026-08-05,verified,https://ehime-spa.jp/wp-content/uploads/2021/03/030401.pdf,"冷暖房・入場料徴収・時間外等の別料金","指定管理者公式料金PDFを目視確認。体育館全面の半日14,660円。料金表の改定日は2021年4月1日のため実利用前に再確認"
PRICE-444,CAND-221,ehime-park-main,facility,all,all,09:00-21:00,29320,included,per_day,"体育館全面・専用利用・1日8時間以下",2021-04-01,2026-08-05,verified,https://ehime-spa.jp/wp-content/uploads/2021/03/030401.pdf,"冷暖房・入場料徴収・8時間超過等の別料金","指定管理者公式料金PDFを目視確認。体育館全面の1日8時間以下29,320円。実際の利用時間区分と現行額は申込前に再確認"
PRICE-445,CAND-221,ehime-park-main,hvac,all,all,per_hour,11200,included,per_hour,"体育館・冷暖房",2021-04-01,2026-08-05,verified,https://ehime-spa.jp/wp-content/uploads/2021/03/030401.pdf,"基本使用料・附属設備等の別料金","指定管理者公式料金PDFを目視確認。体育館冷暖房11,200円/時間。料金表の改定日は2021年4月1日のため実利用前に再確認"
PRICE-446,CAND-222,haruno-main,facility,amateur_sports,all,08:30-12:00,13240,not_stated,per_3_5_hours,"大アリーナ全面・一般・アマチュアスポーツ・入場料を徴収しない・午前",,2026-08-05,verified,https://www.kochi-haruno.org/faci/gymnasium,"空調・照明・器具・入場料徴収・スポーツ以外等の別料金","指定管理者公式HTML料金表で全面13,240円/3.5時間を確認"
PRICE-447,CAND-222,haruno-main,facility,amateur_sports,all,08:30-17:00,29110,not_stated,per_day,"大アリーナ全面・一般・アマチュアスポーツ・入場料を徴収しない・全日",,2026-08-05,verified,https://www.kochi-haruno.org/faci/gymnasium,"空調・照明・器具・入場料徴収・スポーツ以外等の別料金","指定管理者公式HTML料金表で全面29,110円/全日を確認"
PRICE-448,CAND-223,fukuoka-citizens-main,facility,all,weekday,09:00-12:00,5770,not_stated,per_3_hours,"競技場全面・専用利用・平日午前",,2026-08-05,verified,https://www.sports-fukuokacity.or.jp/facility/facility_price.html,"附属設備・入場料徴収等の別料金","指定管理者公式HTML料金表で全面5,770円/3時間を確認"
PRICE-449,CAND-223,fukuoka-citizens-main,facility,all,weekend_holiday,09:00-12:00,7570,not_stated,per_3_hours,"競技場全面・専用利用・土日祝午前",,2026-08-05,verified,https://www.sports-fukuokacity.or.jp/facility/facility_price.html,"附属設備・入場料徴収等の別料金","指定管理者公式HTML料金表で全面7,570円/3時間を確認"
PRICE-450,CAND-224,saga-plaza-main,facility,amateur_sports,all,per_2_hours,4830,not_stated,per_2_hours,"大競技場全面・体育利用・プロスポーツを除く",2026-06-01,2026-08-05,verified,https://saga-sunrisepark.com/wp-content/uploads/2026/06/%E6%96%99%E9%87%91%E8%A1%A8SAGA%E3%83%97%E3%83%A9%E3%82%B6_2026.6%EF%BD%9E-003-%E3%81%AE%E3%82%B3%E3%83%94%E3%83%BC.pdf,"照明・空調・器具・入場料徴収・スポーツ以外等の別料金","指定管理者公式2026年料金PDFを目視確認。全面4,830円/2時間"
PRICE-451,CAND-224,saga-plaza-main,facility,amateur_sports,all,09:00-21:00,28980,not_stated,per_day,"大競技場全面・体育利用・プロスポーツを除く・全日",2026-06-01,2026-08-05,verified,https://saga-sunrisepark.com/wp-content/uploads/2026/06/%E6%96%99%E9%87%91%E8%A1%A8SAGA%E3%83%97%E3%83%A9%E3%82%B6_2026.6%EF%BD%9E-003-%E3%81%AE%E3%82%B3%E3%83%94%E3%83%BC.pdf,"照明・空調・器具・入場料徴収・スポーツ以外等の別料金","指定管理者公式2026年料金PDFを目視確認。全面28,980円/9時〜21時"
PRICE-452,CAND-224,saga-plaza-main,hvac,all,all,per_hour,5960,not_stated,per_hour,"大競技場1階フロア・冷房",2026-06-01,2026-08-05,verified,https://saga-sunrisepark.com/wp-content/uploads/2026/06/%E6%96%99%E9%87%91%E8%A1%A8SAGA%E3%83%97%E3%83%A9%E3%82%B6_2026.6%EF%BD%9E-003-%E3%81%AE%E3%82%B3%E3%83%94%E3%83%BC.pdf,"基本使用料・観覧席空調・照明・器具等の別料金","指定管理者公式2026年料金PDFを目視確認。1階フロア冷房5,960円/時間"
PRICE-453,CAND-225,nagasaki-pref-main,facility,amateur_sports,all,per_4_hours,9390,not_stated,per_4_hours,"メインアリーナ全面・一般・アマチュアスポーツ・入場料無料",2019-10-01,2026-08-05,verified,https://www.pref.nagasaki.jp/nsfinder/sougou/so_ryo.html,"冷暖房・照明・器具・入場料徴収・スポーツ以外等の別料金","長崎県公式HTML料金表で9,390円/4時間を確認。改正日は2019年10月1日のため実利用前に再確認"
PRICE-454,CAND-225,nagasaki-pref-main,hvac,all,all,per_hour,16030,not_stated,per_hour,"メインアリーナ・冷暖房",2019-10-01,2026-08-05,verified,https://www.pref.nagasaki.jp/nsfinder/sougou/so_ryo.html,"基本使用料・照明・器具等の別料金","長崎県公式HTML料金表で冷暖房16,030円/時間を確認。改正日は2019年10月1日のため実利用前に再確認"
PRICE-455,CAND-226,kumamoto-city-main,facility,amateur_sports,all,09:00-12:00,8190,not_stated,per_3_hours,"大体育室全面・アマチュアスポーツ・午前",,2026-08-05,verified,https://kc-sks.jp/soutai/price.html,"照明・空調・器具・入場料徴収・営利商業宣伝等の別料金","指定管理者公式HTML料金表で全面8,190円/3時間を確認"
PRICE-456,CAND-226,kumamoto-city-main,hvac,all,all,per_hour,10000,not_stated,per_hour,"大体育室・空調",,2026-08-05,verified,https://kc-sks.jp/soutai/price.html,"基本使用料・照明・器具等の別料金","指定管理者公式HTML料金表で大体育室空調10,000円/時間を確認"
PRICE-457,CAND-227,oita-ozu-main,facility,amateur_sports,all,per_hour,6980,included,per_hour,"メインアリーナ全面・アマチュアスポーツ",2026-04-01,2026-08-05,verified,https://www.oita-oosukouen.com/wp/wp-content/uploads/2026/01/%E4%BD%93%E8%82%B2%E9%A4%A8%E6%96%99%E9%87%91%E8%A1%A8%E3%80%902026%E5%B9%B44%E6%9C%881%E6%97%A5%E6%94%B9%E5%AE%9A%E3%80%91-1.pdf,"器具・土日祝3割増・入場料徴収・スポーツ以外等の別料金","指定管理者公式2026年料金PDFを目視確認。照明・冷暖房込みで全面6,980円/時間"
PRICE-458,CAND-227,oita-ozu-main,facility,non_sports,all,per_hour,27780,included,per_hour,"メインアリーナ全面・その他使用",2026-04-01,2026-08-05,verified,https://www.oita-oosukouen.com/wp/wp-content/uploads/2026/01/%E4%BD%93%E8%82%B2%E9%A4%A8%E6%96%99%E9%87%91%E8%A1%A8%E3%80%902026%E5%B9%B44%E6%9C%881%E6%97%A5%E6%94%B9%E5%AE%9A%E3%80%91-1.pdf,"器具・土日祝3割増・入場料徴収等の別料金","指定管理者公式2026年料金PDFを目視確認。照明・冷暖房込みでその他使用27,780円/時間"
PRICE-459,CAND-228,miyazaki-city-main,facility,amateur_sports,all,per_hour,2430,not_stated,per_hour,"体育室全面・一般・アマチュアスポーツ・入場料を徴収しない",2026-04-01,2026-08-05,verified,https://www.city.miyazaki.miyazaki.jp/fs/8/5/9/3/2/6/_/859326.pdf,"冷暖房・器具・入場料徴収・スポーツ以外等の別料金","宮崎市公式改定料金PDFを目視確認。体育室の一般的区分2,430円/時間。詳細区分は施設へ要確認"
PRICE-460,CAND-228,miyazaki-city-main,hvac,all,all,per_hour,4830,not_stated,per_hour,"体育室アリーナ・暖房",2026-04-01,2026-08-05,verified,https://www.city.miyazaki.miyazaki.jp/fs/8/5/9/3/2/6/_/859326.pdf,"基本使用料・観覧席暖房・冷房・器具等の別料金","宮崎市公式改定料金PDFを目視確認。アリーナ暖房4,830円/時間"
PRICE-461,CAND-228,miyazaki-city-main,hvac,all,all,per_hour,9670,not_stated,per_hour,"体育室アリーナ・冷房",2026-04-01,2026-08-05,verified,https://www.city.miyazaki.miyazaki.jp/fs/8/5/9/3/2/6/_/859326.pdf,"基本使用料・観覧席冷房・暖房・器具等の別料金","宮崎市公式改定料金PDFを目視確認。アリーナ冷房9,670円/時間"
PRICE-462,CAND-229,sendai-main,facility,amateur_sports,all,08:30-22:00,15250,not_stated,per_day,"メインアリーナ全面・高校生以下以外・アマチュアスポーツ及び文化行事・入場料を徴収しない",,2026-08-05,verified,https://satsumasendai.or.jp/relays/download/179/137/116//?file=%2Ffiles%2Flibs%2F282%2F201602171207358426.pdf,"冷暖房・照明・器具・入場料徴収・その他用途等の別料金","指定管理者公式料金PDFを目視確認。8時30分〜22時15,250円。表の作成時期が2016年のため現行額は要再確認"
PRICE-463,CAND-229,sendai-main,facility,non_sports,all,08:30-22:00,30500,not_stated,per_day,"メインアリーナ全面・その他の催物・入場料を徴収しない",,2026-08-05,verified,https://satsumasendai.or.jp/relays/download/179/137/116//?file=%2Ffiles%2Flibs%2F282%2F201602171207358426.pdf,"冷暖房・照明・器具・物品販売・入場料徴収等の別料金","指定管理者公式料金PDFを目視確認。8時30分〜22時30,500円。表の作成時期が2016年のため現行額は要再確認"
PRICE-464,CAND-229,sendai-main,facility,amateur_sports,all,08:30-22:00,61000,not_stated,per_day,"メインアリーナ全面・アマチュアスポーツ及び文化行事・入場料を徴収する",,2026-08-05,verified,https://satsumasendai.or.jp/relays/download/179/137/116//?file=%2Ffiles%2Flibs%2F282%2F201602171207358426.pdf,"冷暖房・照明・器具・入場料総収入加算等の別料金","指定管理者公式料金PDFを目視確認。8時30分〜22時61,000円に加え入場料等総収入の5%相当額を加算。現行額は要再確認"
PRICE-465,CAND-230,okinawa-budokan-arena,facility,amateur_sports,all,09:00-13:00,27730,not_stated,per_4_hours,"アリーナ全面・一般学生・アマチュアスポーツ等・入場料を徴収しない",,2026-08-05,verified,https://www.ounoyama.jp/each-facility-guidance/budokan/arena/,"冷房・照明・音響・器具・入場料徴収等の別料金","指定管理者公式HTML料金表で27,730円/4時間を確認"
PRICE-466,CAND-230,okinawa-budokan-arena,facility,amateur_sports,all,09:00-17:00,55460,not_stated,per_8_hours,"アリーナ全面・一般学生・アマチュアスポーツ等・入場料を徴収しない",,2026-08-05,verified,https://www.ounoyama.jp/each-facility-guidance/budokan/arena/,"冷房・照明・音響・器具・入場料徴収等の別料金","指定管理者公式HTML料金表で55,460円/8時間を確認"
PRICE-467,CAND-230,okinawa-budokan-arena,facility,non_sports,all,09:00-17:00,75440,not_stated,per_8_hours,"アリーナ全面・その他の催物・非営利・入場料を徴収しない",,2026-08-05,verified,https://www.ounoyama.jp/each-facility-guidance/budokan/arena/,"冷房・照明・音響・器具・入場料徴収・営利利用等の別料金","指定管理者公式HTML料金表で75,440円/8時間を確認"
PRICE-468,CAND-230,okinawa-budokan-arena,hvac,all,all,per_hour,18330,not_stated,per_hour,"アリーナ冷房",,2026-08-05,verified,https://www.ounoyama.jp/each-facility-guidance/budokan/arena/,"基本使用料・照明・音響・器具等の別料金","指定管理者公式HTML料金表で冷房18,330円/時間を確認"
PRICE-469,CAND-110,takasaki-main,facility,amateur_sports,all,08:30-12:00,95200,not_stated,per_3_5_hours,"メインアリーナ全面・一般・アマチュアスポーツ",,2026-08-05,verified,https://www.takasaki-foundation.or.jp/arena/floormap_detail.php?id=1,"冷暖房・照明・器具・入場料徴収等の別料金","指定管理者公式HTML料金表で95,200円/3.5時間を確認"
PRICE-470,CAND-110,takasaki-main,facility,amateur_sports,all,08:30-21:00,364400,not_stated,per_day,"メインアリーナ全面・一般・アマチュアスポーツ",,2026-08-05,verified,https://www.takasaki-foundation.or.jp/arena/floormap_detail.php?id=1,"冷暖房・照明・器具・入場料徴収等の別料金","指定管理者公式HTML料金表で364,400円/日を確認"
PRICE-471,CAND-110,takasaki-main,facility,non_sports,all,08:30-21:00,1100400,not_stated,per_day,"メインアリーナ全面・一般・その他のスポーツ等",,2026-08-05,verified,https://www.takasaki-foundation.or.jp/arena/floormap_detail.php?id=1,"冷暖房・照明・器具・入場料徴収等の別料金","指定管理者公式HTML料金表で1,100,400円/日を確認"
PRICE-472,CAND-126,tokyo-gym-main,facility,amateur_sports,weekday,09:00-21:00,440200,included,per_day,"メインアリーナ・アマチュアスポーツ・平日・入場料等なし",,2026-08-05,verified,https://www.tef.or.jp/tmg/arena/mainarena_fee02.pdf,"照明・冷暖房・附属設備・入場料徴収等の別料金","公式施設利用料金PDFを目視確認。消費税10%込み、準備・撤去時間を含む"
PRICE-473,CAND-126,tokyo-gym-main,facility,amateur_sports,non_weekday,09:00-21:00,550200,included,per_day,"メインアリーナ・アマチュアスポーツ・平日以外・入場料等なし",,2026-08-05,verified,https://www.tef.or.jp/tmg/arena/mainarena_fee02.pdf,"照明・冷暖房・附属設備・入場料徴収等の別料金","公式施設利用料金PDFを目視確認。平日以外は土日祝日と12月28日〜1月3日、消費税10%込み"
PRICE-474,CAND-126,tokyo-gym-main,facility,non_sports,weekday,09:00-21:00,880400,included,per_day,"メインアリーナ・その他のスポーツ等・平日・入場料等なし",,2026-08-05,verified,https://www.tef.or.jp/tmg/arena/mainarena_fee02.pdf,"照明・冷暖房・附属設備・入場料徴収等の別料金","公式施設利用料金PDFを目視確認。消費税10%込み、準備・撤去時間を含む"
PRICE-475,CAND-108,grande-main,facility,amateur_sports,all,per_hour,7700,included,per_hour,"メインアリーナ・一般・アマチュアスポーツ・入場料を徴収しない",2025-04-01,2026-08-05,verified,https://www.mspf.jp/grande21/pdfa/arena_ryokinhyo_20250401.pdf,"冷暖房・照明・器具・観客席・土日祝日・準備撤去等の加算又は別料金","指定管理者公式料金PDFを目視確認。消費税込み、観客席利用時は1.3倍"
PRICE-476,CAND-108,grande-main,facility,non_sports,all,per_hour,46000,included,per_hour,"メインアリーナ・一般・アマチュアスポーツ以外・非営利・入場料を徴収しない",2025-04-01,2026-08-05,verified,https://www.mspf.jp/grande21/pdfa/arena_ryokinhyo_20250401.pdf,"冷暖房・照明・器具・観客席・営利利用・準備撤去等の加算又は別料金","指定管理者公式料金PDFを目視確認。消費税込み、観客席利用時は1.3倍"
PRICE-477,CAND-108,grande-main,facility,non_sports,all,per_hour,115200,included,per_hour,"メインアリーナ・一般・アマチュアスポーツ以外・営利目的・入場料を徴収しない",2025-04-01,2026-08-05,verified,https://www.mspf.jp/grande21/pdfa/arena_ryokinhyo_20250401.pdf,"冷暖房・照明・器具・観客席・準備撤去等の加算又は別料金","指定管理者公式料金PDFを目視確認。消費税込み、観客席利用時は1.3倍"
PRICE-478,CAND-108,grande-main,hvac,all,all,per_hour,23700,included,per_hour,"メインアリーナ冷房",2025-04-01,2026-08-05,verified,https://www.mspf.jp/grande21/pdfa/arena_ryokinhyo_20250401.pdf,"基本使用料・照明・器具等の別料金","指定管理者公式料金PDFを目視確認。消費税込み"
PRICE-479,CAND-108,grande-main,hvac,all,all,per_hour,17800,included,per_hour,"メインアリーナ暖房",2025-04-01,2026-08-05,verified,https://www.mspf.jp/grande21/pdfa/arena_ryokinhyo_20250401.pdf,"基本使用料・照明・器具等の別料金","指定管理者公式料金PDFを目視確認。消費税込み"
PRICE-480,CAND-122,fukuoka-main,facility,amateur_sports,non_weekday,09:00-22:00,110500,included,per_day,"メインアリーナ全面・スポーツレクリエーション専用利用・土日祝",,2026-08-05,verified,https://www.fukuoka-city-arena.jp/about/price.html,"非スポーツ利用の別区分・倍率、附帯設備","指定管理者公式HTML料金表で税込110,500円/日を確認"
PRICE-481,CAND-122,fukuoka-main,lighting,all,all,09:00-22:00,26000,included,per_day,"メインアリーナ照明設備・全面・全灯",,2026-08-05,verified,https://www.fukuoka-city-arena.jp/about/price.html,"基本使用料・音響・その他附属設備","指定管理者公式HTML料金表で税込26,000円/日を確認。全灯1,500ルクス利用時"
PRICE-482,CAND-122,fukuoka-main,audio,all,all,09:00-22:00,13000,included,per_day,"メインアリーナ音響設備1式",,2026-08-05,verified,https://www.fukuoka-city-arena.jp/about/price.html,"基本使用料・照明・その他附属設備","指定管理者公式HTML料金表で税込13,000円/日を確認"
PRICE-483,CAND-142,oita-main,facility,amateur_sports,all,per_hour,3700,not_stated,per_hour,"メイン競技場全面・一般・スポーツ利用",,2026-08-05,verified,https://budo.oita-sportspark.jp/price/price-group/,"照明・冷暖房・入場料又は会費加算・全館利用等の別料金","指定管理者公式HTML料金表で3,700円/時間を確認"
PRICE-484,CAND-142,oita-main,facility,non_sports,non_weekday,per_hour,13320,not_stated,per_hour,"メイン競技場全面・一般・その他用途・土日祝",,2026-08-05,verified,https://budo.oita-sportspark.jp/price/price-group/,"照明・冷暖房・入場料又は会費加算・全館利用等の別料金","指定管理者公式HTML料金表で13,320円/時間を確認"
PRICE-485,CAND-142,oita-main,lighting,all,all,per_hour,1350,not_stated,per_hour,"メイン競技場照明設備・全部点灯",,2026-08-05,verified,https://budo.oita-sportspark.jp/price/price-group/,"基本使用料・冷暖房・器具等の別料金","指定管理者公式HTML料金表で1,350円/時間を確認"
PRICE-486,CAND-142,oita-main,hvac,all,all,per_hour,8400,not_stated,per_hour,"メイン競技場・競技フロア冷房・全部使用",,2026-08-05,verified,https://budo.oita-sportspark.jp/price/price-group/,"基本使用料・観客フロア冷房・照明・器具等の別料金","指定管理者公式HTML料金表で8,400円/時間を確認"
PRICE-487,CAND-142,oita-main,hvac,all,all,per_hour,9000,not_stated,per_hour,"メイン競技場・競技フロア暖房・全部使用",,2026-08-05,verified,https://budo.oita-sportspark.jp/price/price-group/,"基本使用料・観客フロア暖房・照明・器具等の別料金","指定管理者公式HTML料金表で9,000円/時間を確認"
PRICE-488,CAND-159,tokyo-budo-main,facility,amateur_sports,all,09:00-21:00,88000,included,per_day,"大武道場・入場料なし・アマチュアスポーツ・スタンド未使用",,2026-08-05,verified,https://www.tef.or.jp/tb/budo/,"スタンド使用・入場料徴収・附属設備等の別料金","指定管理者公式HTML料金表で税込88,000円/全日を確認。準備・後片付けを含む"
PRICE-489,CAND-159,tokyo-budo-main,facility,amateur_sports,all,09:00-21:00,217800,included,per_day,"大武道場・入場料なし・アマチュアスポーツ・スタンド使用",,2026-08-05,verified,https://www.tef.or.jp/tb/budo/,"入場料徴収・附属設備等の別料金","指定管理者公式HTML料金表で税込217,800円/全日を確認。準備・後片付けを含む"
PRICE-490,CAND-159,tokyo-budo-main,facility,non_sports,all,09:00-21:00,174900,included,per_day,"大武道場・入場料なし・その他スポーツ・スタンド未使用",,2026-08-05,verified,https://www.tef.or.jp/tb/budo/,"スタンド使用・入場料徴収・附属設備等の別料金","指定管理者公式HTML料金表で税込174,900円/全日を確認。準備・後片付けを含む"
PRICE-491,CAND-182,ishikawa-main,facility,amateur_sports,all,per_hour,20950,not_stated,per_hour,"メインアリーナ全面・アマチュアスポーツ・入場有料",,2026-08-05,verified,https://www.ishikawa-spc.jp/useguide/index.html,"照明・冷暖房・器具等の別料金","指定管理者公式HTML料金表で20,950円/時間を確認"
PRICE-492,CAND-182,ishikawa-main,facility,non_sports,all,per_hour,83800,not_stated,per_hour,"メインアリーナ全面・アマチュアスポーツ以外・入場無料",,2026-08-05,verified,https://www.ishikawa-spc.jp/useguide/index.html,"照明・冷暖房・器具等の別料金","指定管理者公式HTML料金表で83,800円/時間を確認"
PRICE-493,CAND-182,ishikawa-main,facility,non_sports,all,per_hour,167610,not_stated,per_hour,"メインアリーナ全面・アマチュアスポーツ以外・入場有料",,2026-08-05,verified,https://www.ishikawa-spc.jp/useguide/index.html,"照明・冷暖房・器具等の別料金","指定管理者公式HTML料金表で167,610円/時間を確認"
PRICE-494,CAND-182,ishikawa-main,lighting,all,all,per_hour,2930,not_stated,per_hour,"メインアリーナ照明設備・全灯",,2026-08-05,verified,https://www.ishikawa-spc.jp/useguide/index.html,"基本使用料・冷暖房・器具等の別料金","指定管理者公式HTML料金表で2,930円/時間を確認"
PRICE-495,CAND-182,ishikawa-main,hvac,all,all,per_hour,15710,not_stated,per_hour,"メインアリーナ冷暖房設備",,2026-08-05,verified,https://www.ishikawa-spc.jp/useguide/index.html,"基本使用料・照明・器具等の別料金","指定管理者公式HTML料金表で15,710円/時間を確認"
PRICE-496,CAND-139,maeda-main,lighting,all,all,per_hour,1270,included,per_hour,"メインアリーナ全面照明",,2026-08-05,verified,https://aomori-sportspark.jp/info/charge/,"基本使用料・冷暖房・大型映像装置等の別料金","指定管理者公式HTML料金表で税込1,270円/時間を確認"
PRICE-497,CAND-139,maeda-main,hvac,all,all,per_hour,3200,included,per_hour,"メインアリーナ暖房・競技会等・スタンド利用",,2026-08-05,verified,https://aomori-sportspark.jp/info/charge/,"基本使用料・照明・器具等の別料金","指定管理者公式HTML料金表で税込3,200円/時間を確認"
PRICE-498,CAND-139,maeda-main,hvac,all,all,per_hour,3500,included,per_hour,"メインアリーナ冷房・競技会等・スタンド利用",,2026-08-05,verified,https://aomori-sportspark.jp/info/charge/,"基本使用料・照明・器具等の別料金","指定管理者公式HTML料金表で税込3,500円/時間を確認"
PRICE-499,CAND-139,maeda-main,video,all,all,per_hour,2540,included,per_hour,"大型映像装置",,2026-08-05,verified,https://aomori-sportspark.jp/info/charge/,"基本使用料・照明・冷暖房・その他設備等の別料金","指定管理者公式HTML料金表で税込2,540円/時間を確認"
PRICE-500,CAND-165,konohana-main,facility,amateur_sports,all,08:30-12:30,23490,not_stated,per_4_hours,"メインアリーナ全面・一般",2026-04-01,2026-08-05,verified,https://www.kusanagi-sportscomplex.jp/images/3349.pdf,"照明・器具備品等の別料金","指定管理者公式2026年4月料金PDFを画像で目視確認"
PRICE-501,CAND-165,konohana-main,facility,amateur_sports,all,08:30-17:00,39160,not_stated,per_8_5_hours,"メインアリーナ全面・一般",2026-04-01,2026-08-05,verified,https://www.kusanagi-sportscomplex.jp/images/3349.pdf,"照明・器具備品等の別料金","指定管理者公式2026年4月料金PDFを画像で目視確認"
PRICE-502,CAND-165,konohana-main,facility,amateur_sports,all,18:00-21:00,27410,not_stated,per_3_hours,"メインアリーナ全面・一般",2026-04-01,2026-08-05,verified,https://www.kusanagi-sportscomplex.jp/images/3349.pdf,"照明・器具備品等の別料金","指定管理者公式2026年4月料金PDFを画像で目視確認"
PRICE-503,CAND-183,yonago-main,facility,nonprofit_paid_admission,all,per_hour,1620,not_stated,per_hour,"大体育館全面・非営利・入場料等を徴収",,2026-08-05,verified,https://yonago-santai.jp/about/facility/mainarena/,"冷暖房・器具等の別料金","指定管理者公式HTML料金表で1,620円/時間を確認。連続3時間以上は基本使用料の90%"
PRICE-504,CAND-183,yonago-main,facility,commercial_no_admission,all,per_hour,28510,not_stated,per_hour,"大体育館全面・営利目的・入場料等を徴収しない",,2026-08-05,verified,https://yonago-santai.jp/about/facility/mainarena/,"冷暖房・器具等の別料金","指定管理者公式HTML料金表で28,510円/時間を確認。連続3時間以上は基本使用料の90%"
PRICE-505,CAND-183,yonago-main,facility,commercial_paid_admission,all,per_hour,40740,not_stated,per_hour,"大体育館全面・営利目的・入場料等を徴収",,2026-08-05,verified,https://yonago-santai.jp/about/facility/mainarena/,"冷暖房・器具等の別料金","指定管理者公式HTML料金表で40,740円/時間を確認。連続3時間以上は基本使用料の90%"
PRICE-506,CAND-183,yonago-main,hvac,all,all,per_hour,8350,not_stated,per_hour,"大体育館冷房",,2026-08-05,verified,https://yonago-santai.jp/about/facility/mainarena/,"基本使用料・暖房・器具等の別料金","指定管理者公式HTML料金表で8,350円/時間を確認"
PRICE-507,CAND-183,yonago-main,hvac,all,all,per_hour,7530,not_stated,per_hour,"大体育館暖房",,2026-08-05,verified,https://yonago-santai.jp/about/facility/mainarena/,"基本使用料・冷房・器具等の別料金","指定管理者公式HTML料金表で7,530円/時間を確認"
PRICE-508,CAND-193,gunma-main,facility,amateur_sports_paid_admission,all,per_hour,33750,not_stated,per_hour,"ぐんまアリーナ・メインフロア全面・アマチュアスポーツ・入場料徴収",2025-04-01,2026-08-05,verified,https://gunma-sports.or.jp/sportscenter/arena/fees/pdf/gunma-sportscenter-list_of_charges02.pdf,"電気・設備等の別料金","公式2025年4月1日改正料金PDFを画像で目視確認"
PRICE-509,CAND-193,gunma-main,facility,non_sports,all,per_hour,68900,not_stated,per_hour,"ぐんまアリーナ・メインフロア・その他用途・入場料を徴収しない",2025-04-01,2026-08-05,verified,https://gunma-sports.or.jp/sportscenter/arena/fees/pdf/gunma-sportscenter-list_of_charges02.pdf,"電気・設備・入場料徴収等の別料金","公式2025年4月1日改正料金PDFを画像で目視確認"
PRICE-510,CAND-193,gunma-main,facility,non_sports,all,per_hour,172930,not_stated,per_hour,"ぐんまアリーナ・メインフロア・その他用途・入場料を徴収",2025-04-01,2026-08-05,verified,https://gunma-sports.or.jp/sportscenter/arena/fees/pdf/gunma-sportscenter-list_of_charges02.pdf,"電気・設備等の別料金","公式2025年4月1日改正料金PDFを画像で目視確認"
PRICE-511,CAND-193,gunma-main,lighting,all,all,per_hour,1150,not_stated,per_court_hour,"ぐんまアリーナ1面・全灯",2025-04-01,2026-08-05,verified,https://gunma-sports.or.jp/sportscenter/arena/fees/pdf/gunma-sportscenter-list_of_charges02.pdf,"基本使用料・他面照明・設備等の別料金","公式2025年4月1日改正料金PDFの電気使用料表を画像で目視確認"
PRICE-512,CAND-138,sapporo46-main,facility,amateur_sports,weekend_holiday,09:00-21:00,99840,included,per_day,"アリーナ全面・専用利用・土日祝",,2026-08-05,verified,https://www.sapporo-sport.jp/chuo-g/price/,"アマチュア競技以外・入場料徴収・冷暖房・備品等の別料金","指定管理者公式HTML料金表で税込99,840円/日を直接確認"
PRICE-513,CAND-138,sapporo46-main,audio,all,all,09:00-21:00,7800,included,per_day,"放送設備・全日",,2026-08-05,verified,https://www.sapporo-sport.jp/chuo-g/price/,"基本使用料・冷暖房・映像・その他備品等の別料金","指定管理者公式HTML料金表で税込7,800円/全日を直接確認"
PRICE-514,CAND-138,sapporo46-main,video,all,all,09:00-21:00,21600,included,per_day,"大型映像装置・両面一式・全日",,2026-08-05,verified,https://www.sapporo-sport.jp/chuo-g/price/,"基本使用料・冷暖房・放送・その他備品等の別料金","指定管理者公式HTML料金表で税込21,600円/全日を直接確認"
PRICE-515,CAND-138,sapporo46-main,equipment,all,all,09:00-21:00,38400,included,per_day,"壁面収納式移動観覧席・両面592席・全日",,2026-08-05,verified,https://www.sapporo-sport.jp/chuo-g/price/,"基本使用料・全体移動式観覧席・その他備品等の別料金","指定管理者公式HTML料金表で税込38,400円/全日を直接確認"
PRICE-516,CAND-143,kochi-main,facility,amateur_sports_no_admission,all,08:30-21:00,27850,not_stated,per_day,"主競技場全面・一般・入場料を徴収しない",,2026-08-05,verified,https://www.kochi-kenmin.org/studium/,"学生・半面・1/5面・附帯設備等の別料金","指定管理者公式HTML料金表で27,850円/全日を直接確認"
PRICE-517,CAND-143,kochi-main,facility,amateur_sports_paid_admission,weekday,08:30-21:00,48000,not_stated,per_day,"主競技場全面・アマチュアスポーツ・入場料を徴収・平日",,2026-08-05,verified,https://www.kochi-kenmin.org/studium/,"土日祝・附帯設備等の別料金","指定管理者公式HTML料金表で48,000円/全日を直接確認。練習・準備専用利用は基本料金の70%"
PRICE-518,CAND-143,kochi-main,facility,non_sports_no_admission_nonprofit,weekday,08:30-21:00,86870,not_stated,per_day,"主競技場全面・その他催物・非営利/非宣伝・平日",,2026-08-05,verified,https://www.kochi-kenmin.org/studium/,"土日祝・営利宣伝・興行・附帯設備等の別料金","指定管理者公式HTML料金表で86,870円/全日を直接確認"
PRICE-519,CAND-143,kochi-main,facility,non_sports_no_admission_commercial,weekday,08:30-21:00,274030,not_stated,per_day,"主競技場全面・その他催物・営利または営業宣伝・平日",,2026-08-05,verified,https://www.kochi-kenmin.org/studium/,"土日祝・興行・附帯設備等の別料金","指定管理者公式HTML料金表で274,030円/全日を直接確認"
PRICE-520,CAND-143,kochi-main,lighting,admission,all,per_hour,7740,not_stated,per_hour,"主競技場A照明・入場料徴収または催物",,2026-08-05,verified,https://www.kochi-kenmin.org/studium/,"基本使用料・B照明・冷暖房・その他設備等の別料金","指定管理者公式HTML料金表で7,740円/時間を直接確認。アマチュアスポーツ入場料なしは6,190円/時間"
PRICE-521,CAND-180,kose-main,facility,non_sports,all,08:00-17:00,198000,not_stated,per_day,"体育館メインアリーナ全面・アマチュアスポーツ以外・1日",2019-10-01,2026-08-05,verified,https://www.kose-sp.pref.yamanashi.jp/guide/739/,"入場料徴収・放送・冷暖房・器具等の別料金","指定管理者公式HTMLで現在掲示される2019年10月1日適用料金198,000円/1日を直接確認"
PRICE-522,CAND-180,kose-main,facility,amateur_sports,all,17:00-22:00,13200,not_stated,per_time_band,"体育館メインアリーナ全面・一般・夜間",2019-10-01,2026-08-05,verified,https://www.kose-sp.pref.yamanashi.jp/guide/739/,"器具・放送・冷暖房・入場料徴収時の別料金","指定管理者公式HTMLで現在掲示される2019年10月1日適用料金13,200円/夜間区分を直接確認"
PRICE-523,CAND-180,kose-main,audio,all,all,per_hour,1630,not_stated,per_hour,"体育館メインアリーナ放送設備",2019-10-01,2026-08-05,verified,https://www.kose-sp.pref.yamanashi.jp/guide/739/,"基本使用料・冷暖房・器具等の別料金","指定管理者公式HTMLで現在掲示される2019年10月1日適用料金1,630円/時間を直接確認"
PRICE-524,CAND-180,kose-main,hvac,all,all,per_hour,5940,not_stated,per_hour,"体育館メインアリーナ冷暖房設備",2019-10-01,2026-08-05,verified,https://www.kose-sp.pref.yamanashi.jp/guide/739/,"基本使用料・放送・器具等の別料金","指定管理者公式HTMLで現在掲示される2019年10月1日適用料金5,940円/時間を直接確認"
PRICE-525,CAND-184,aomori-city-main,facility,amateur_sports_no_admission,all,per_hour,2000,not_stated,per_hour,"メインアリーナ全面・アマチュアスポーツ・入場料なし",,2026-08-05,verified,https://aomori-arena.jp/price/,"附属設備・電気・冷暖房等の別料金","指定管理者公式HTML料金表で2,000円/時間を直接確認。準備・原状回復時間を含む"
PRICE-526,CAND-184,aomori-city-main,facility,amateur_sports_paid_admission,all,per_hour,4000,not_stated,per_hour,"メインアリーナ全面・アマチュアスポーツ・入場料あり",,2026-08-05,verified,https://aomori-arena.jp/price/,"附属設備・電気・冷暖房等の別料金","指定管理者公式HTML料金表で4,000円/時間を直接確認。準備・原状回復時間を含む"
PRICE-527,CAND-184,aomori-city-main,facility,non_sports_no_admission_nonprofit,all,per_hour,6000,not_stated,per_hour,"メインアリーナ全面・スポーツ以外・入場料なし・非営利",,2026-08-05,verified,https://aomori-arena.jp/price/,"附属設備・電気・冷暖房等の別料金","指定管理者公式HTML料金表で6,000円/時間を直接確認。準備・原状回復時間を含む"
PRICE-528,CAND-184,aomori-city-main,facility,non_sports_no_admission_commercial,all,per_hour,18000,not_stated,per_hour,"メインアリーナ全面・スポーツ以外・入場料なし・営利",,2026-08-05,verified,https://aomori-arena.jp/price/,"附属設備・電気・冷暖房等の別料金","指定管理者公式HTML料金表で18,000円/時間を直接確認。準備・原状回復時間を含む"
PRICE-529,CAND-184,aomori-city-main,audio,all,all,per_hour,1000,not_stated,per_hour,"メインアリーナ放送設備",,2026-08-05,verified,https://aomori-arena.jp/price/,"基本使用料・大型映像・電気・冷暖房等の別料金","指定管理者公式HTML料金表で1,000円/時間を直接確認"
PRICE-530,CAND-187,nice-main,facility,amateur_sports_no_admission,weekday,09:00-12:00,7880,not_stated,per_3_hours,"メインアリーナ全面・平日午前・アマチュアスポーツ・入場料なし",,2026-08-05,verified,https://shisetsu.mizuno.jp/m-7619/guide,"利用目的による加算・附属設備等の別料金","指定管理者公式HTML料金表で7,880円/3時間を直接確認"
PRICE-531,CAND-187,nice-main,facility,amateur_sports_paid_admission,weekday,09:00-12:00,15760,not_stated,per_3_hours,"メインアリーナ全面・平日午前・アマチュアスポーツ・入場料あり",,2026-08-05,verified,https://shisetsu.mizuno.jp/m-7619/guide,"利用目的による加算・附属設備等の別料金","指定管理者公式HTML料金表の括弧内料金15,760円/3時間を直接確認"
PRICE-532,CAND-187,nice-main,facility,amateur_sports_no_admission,weekend_holiday,09:00-12:00,9480,not_stated,per_3_hours,"メインアリーナ全面・土日祝午前・アマチュアスポーツ・入場料なし",,2026-08-05,verified,https://shisetsu.mizuno.jp/m-7619/guide,"利用目的による加算・附属設備等の別料金","指定管理者公式HTML料金表で9,480円/3時間を直接確認"
PRICE-533,CAND-187,nice-main,facility,amateur_sports_paid_admission,weekend_holiday,09:00-12:00,18960,not_stated,per_3_hours,"メインアリーナ全面・土日祝午前・アマチュアスポーツ・入場料あり",,2026-08-05,verified,https://shisetsu.mizuno.jp/m-7619/guide,"利用目的による加算・附属設備等の別料金","指定管理者公式HTML料金表の括弧内料金18,960円/3時間を直接確認"
PRICE-534,CAND-190,koriyama-main,facility,amateur_sports_no_admission,all,09:00-21:00,16500,not_stated,per_day,"大体育館全面・アマチュアスポーツ・一般・入場料なし・全日",,2026-08-05,verified,https://www.city.koriyama.lg.jp/uploaded/attachment/109350.pdf,"附属設備・冷暖房等の別料金","郡山市公式PDFの1ページ目を画像で照合し16,500円/全日を確認"
PRICE-535,CAND-190,koriyama-main,facility,non_sports,all,09:00-21:00,122700,not_stated,per_day,"大体育館全面・その他・入場料なし・全日",,2026-08-05,verified,https://www.city.koriyama.lg.jp/uploaded/attachment/109350.pdf,"附属設備・冷暖房等の別料金","郡山市公式PDFの1ページ目を画像で照合し122,700円/全日を確認"
PRICE-536,CAND-190,koriyama-main,facility,amateur_sports_paid_admission,all,09:00-21:00,59400,not_stated,per_day,"大体育館全面・興行目的以外・アマチュアスポーツ・一般・入場料あり・全日",,2026-08-05,verified,https://www.city.koriyama.lg.jp/uploaded/attachment/109350.pdf,"附属設備・冷暖房等の別料金","郡山市公式PDFの1ページ目を画像で照合し59,400円/全日を確認"
PRICE-537,CAND-190,koriyama-main,facility,non_sports_admission_nonprofit,all,09:00-21:00,355200,not_stated,per_day,"大体育館全面・興行目的以外・その他・入場料あり・全日",,2026-08-05,verified,https://www.city.koriyama.lg.jp/uploaded/attachment/109350.pdf,"附属設備・冷暖房等の別料金","郡山市公式PDFの1ページ目を画像で照合し355,200円/全日を確認"
PRICE-538,CAND-190,koriyama-main,facility,performance,all,09:00-21:00,603000,not_stated,per_day,"大体育館全面・興行目的・全日",,2026-08-05,verified,https://www.city.koriyama.lg.jp/uploaded/attachment/109350.pdf,"附属設備・冷暖房等の別料金","郡山市公式PDFの1ページ目を画像で照合し603,000円/全日を確認"
PRICE-539,CAND-167,yotsuba-main,facility,amateur_sports_no_admission,all,per_hour,3600,not_stated,per_hour,"メインアリーナ全面・大人・アマチュアスポーツ・入場料なし・非営利",,2026-08-05,verified,https://obihiro-arena.jp/fee,"附属設備・特殊電気設備・開館時間外等の別料金","指定管理者公式HTML料金表で3,600円/時間を直接確認"
PRICE-540,CAND-167,yotsuba-main,facility,amateur_sports_paid_admission,all,per_hour,7200,not_stated,per_hour,"メインアリーナ全面・大人・アマチュアスポーツ・入場料あり・非営利",,2026-08-05,verified,https://obihiro-arena.jp/fee,"附属設備・特殊電気設備・開館時間外等の別料金","指定管理者公式HTML料金表で7,200円/時間を直接確認"
PRICE-541,CAND-167,yotsuba-main,facility,non_sports_no_admission_nonprofit,all,per_hour,10800,not_stated,per_hour,"メインアリーナ全面・大人・その他催物・入場料なし・非営利",,2026-08-05,verified,https://obihiro-arena.jp/fee,"附属設備・特殊電気設備・開館時間外等の別料金","指定管理者公式HTML料金表で10,800円/時間を直接確認"
PRICE-542,CAND-167,yotsuba-main,facility,non_sports_admission_nonprofit,all,per_hour,21600,not_stated,per_hour,"メインアリーナ全面・大人・その他催物・入場料あり・非営利",,2026-08-05,verified,https://obihiro-arena.jp/fee,"附属設備・特殊電気設備・開館時間外等の別料金","指定管理者公式HTML料金表で21,600円/時間を直接確認"
PRICE-543,CAND-167,yotsuba-main,audio,all,all,per_hour,500,not_stated,per_hour,"有料放送設備",,2026-08-05,verified,https://obihiro-arena.jp/fee,"放送室・基本使用料・特殊電気設備等の別料金","指定管理者公式HTML料金表で500円/時間を直接確認"
PRICE-544,CAND-168,cna-main,facility,amateur_sports_no_admission,all,per_hour,2350,not_stated,per_hour,"メインアリーナ全面・市民が体育に使用・入場料なし・一般",2024-04-01,2026-08-05,verified,https://www.city.akita.lg.jp/_res/projects/default_project/_page_/001/002/453/ryokin.pdf,"大会講習会・市外参加・附属設備等は別区分","秋田市公式の2024年4月改定PDFを画像照合し2,350円/時間を確認"
PRICE-545,CAND-168,cna-main,facility,other_no_admission,all,per_hour,7060,not_stated,per_hour,"メインアリーナ全面・その他の催し・入場料なし・一般",2024-04-01,2026-08-05,verified,https://www.city.akita.lg.jp/_res/projects/default_project/_page_/001/002/453/ryokin.pdf,"営利・附属設備等は別料金","秋田市公式の2024年4月改定PDFを画像照合し7,060円/時間を確認"
PRICE-546,CAND-168,cna-main,facility,amateur_sports_paid_admission,all,per_hour,6120,not_stated,per_hour,"メインアリーナ全面・体育・入場料あり・一般",2024-04-01,2026-08-05,verified,https://www.city.akita.lg.jp/_res/projects/default_project/_page_/001/002/453/ryokin.pdf,"営利・附属設備等は別料金","秋田市公式の2024年4月改定PDFを画像照合し6,120円/時間を確認"
PRICE-547,CAND-168,cna-main,facility,other_admission,all,per_hour,21210,not_stated,per_hour,"メインアリーナ全面・その他の催し・入場料あり・一般",2024-04-01,2026-08-05,verified,https://www.city.akita.lg.jp/_res/projects/default_project/_page_/001/002/453/ryokin.pdf,"営利・附属設備等は別料金","秋田市公式の2024年4月改定PDFを画像照合し21,210円/時間を確認"
PRICE-548,CAND-168,cna-main,facility,non_sports_admission_commercial,all,per_hour,76360,not_stated,per_hour,"メインアリーナ全面・営利目的",2024-04-01,2026-08-05,verified,https://www.city.akita.lg.jp/_res/projects/default_project/_page_/001/002/453/ryokin.pdf,"附属設備・物品販売等の別料金","秋田市公式の2024年4月改定PDFを画像照合し76,360円/時間を確認"
PRICE-549,CAND-176,nobeoka-main,facility,amateur_sports_no_admission,all,09:00-17:00,1800,not_stated,per_hour,"メインアリーナ全面・その他の団体・アマチュアスポーツ・入場料なし・昼間",,2026-08-05,verified,https://www.miyazaki-spokyo.jp/nobeoka-arena/pdf/price202604.pdf,"照明・空調・器具等の別料金","指定管理者公式料金PDFを画像照合し1,800円/時間を確認"
PRICE-550,CAND-176,nobeoka-main,facility,amateur_sports_paid_admission,all,09:00-17:00,3600,not_stated,per_hour,"メインアリーナ全面・その他の団体・アマチュアスポーツ・入場料あり・昼間",,2026-08-05,verified,https://www.miyazaki-spokyo.jp/nobeoka-arena/pdf/price202604.pdf,"照明・空調・器具等の別料金","指定管理者公式料金PDFを画像照合し3,600円/時間を確認"
PRICE-551,CAND-176,nobeoka-main,facility,other_no_admission,all,09:00-17:00,18000,not_stated,per_hour,"メインアリーナ全面・アマチュアスポーツ以外・入場料なし・昼間",,2026-08-05,verified,https://www.miyazaki-spokyo.jp/nobeoka-arena/pdf/price202604.pdf,"照明・空調・器具等の別料金","指定管理者公式料金PDFを画像照合し18,000円/時間を確認"
PRICE-552,CAND-176,nobeoka-main,facility,other_admission,all,09:00-17:00,36000,not_stated,per_hour,"メインアリーナ全面・アマチュアスポーツ以外・入場料あり・昼間",,2026-08-05,verified,https://www.miyazaki-spokyo.jp/nobeoka-arena/pdf/price202604.pdf,"照明・空調・器具等の別料金","指定管理者公式料金PDFを画像照合し36,000円/時間を確認"
PRICE-553,CAND-176,nobeoka-main,lighting,all,all,per_hour,300,not_stated,per_hour,"メインアリーナ照明設備・750ルクス以上",,2026-08-05,verified,https://www.miyazaki-spokyo.jp/nobeoka-arena/pdf/price202604.pdf,"基本使用料・1,000ルクス照明・空調等の別料金","指定管理者公式料金PDFを画像照合し300円/時間を確認"
PRICE-554,CAND-176,nobeoka-main,hvac,all,all,per_hour,6900,not_stated,per_hour,"メインアリーナ空調設備・競技場",,2026-08-05,verified,https://www.miyazaki-spokyo.jp/nobeoka-arena/pdf/price202604.pdf,"基本使用料・観客席空調等の別料金","指定管理者公式料金PDFを画像照合し6,900円/時間を確認。観客席は8,100円/時間"
PRICE-555,CAND-177,toyama-pref-large,facility,amateur_sports_no_admission,all,per_hour,2570,not_stated,per_hour,"大アリーナ全面・アマチュアスポーツ大会・入場無料または練習",2026-07-01,2026-08-05,verified,https://www.sportsnet.pref.toyama.jp/member/sougou/fee.html,"附属設備・宿泊併用等の別料金","施設公式HTMLで2026年7月1日適用の新料金2,570円/時間を直接確認"
PRICE-556,CAND-177,toyama-pref-large,facility,amateur_sports_paid_admission,all,per_hour,7690,not_stated,per_hour,"大アリーナ全面・アマチュアスポーツ大会・入場有料",2026-07-01,2026-08-05,verified,https://www.sportsnet.pref.toyama.jp/member/sougou/fee.html,"附属設備・宿泊併用等の別料金","施設公式HTMLで2026年7月1日適用の新料金7,690円/時間を直接確認"
PRICE-557,CAND-177,toyama-pref-large,facility,non_sports,all,per_hour,51260,not_stated,per_hour,"大アリーナ全面・スポーツ以外に利用",2026-07-01,2026-08-05,verified,https://www.sportsnet.pref.toyama.jp/member/sougou/fee.html,"附属設備・宿泊併用等の別料金","施設公式HTMLで2026年7月1日適用の新料金51,260円/時間を直接確認"
PRICE-558,CAND-177,toyama-pref-large,lighting,all,all,per_hour,2760,not_stated,per_hour,"大アリーナ照明設備・1,500ルクス",2026-07-01,2026-08-05,verified,https://www.sportsnet.pref.toyama.jp/member/sougou/fee.html,"基本使用料・他照度・空調等の別料金","施設公式HTMLで2026年7月1日適用の新料金2,760円/時間を直接確認"
PRICE-559,CAND-177,toyama-pref-large,hvac,all,all,per_hour,14360,not_stated,per_hour,"大アリーナ冷暖房設備",2026-07-01,2026-08-05,verified,https://www.sportsnet.pref.toyama.jp/member/sougou/fee.html,"基本使用料・照明等の別料金","施設公式HTMLで2026年7月1日適用の新料金14,360円/時間を直接確認"
PRICE-560,CAND-177,toyama-pref-large,video,all,all,per_hour,1200,not_stated,per_hour,"大アリーナ大型映像装置一式",2026-07-01,2026-08-05,verified,https://www.sportsnet.pref.toyama.jp/member/sougou/fee.html,"基本使用料・照明・空調等の別料金","施設公式HTMLで2026年7月1日適用の新料金1,200円/時間を直接確認"
PRICE-561,CAND-175,jtekt-nara-main,facility,amateur_sports_no_admission,all,09:00-17:00,25220,not_stated,per_day,"第一体育館全面・アマチュアスポーツ・入場料徴収なし・全日",2026-04-01,2026-08-05,verified,https://www.pref.nara.lg.jp/n052/11166.html,"附属器具・冷暖房等の別料金。2026年3月31日までに承認済みの場合は旧料金","奈良県公式HTMLで2026年4月1日改正の25,220円/全日を直接確認"
PRICE-562,CAND-175,jtekt-nara-main,facility,amateur_sports_paid_admission,all,09:00-17:00,50440,not_stated,per_day,"第一体育館全面・アマチュアスポーツ・入場料徴収あり・全日",2026-04-01,2026-08-05,verified,https://www.pref.nara.lg.jp/n052/11166.html,"附属器具・冷暖房等の別料金。2026年3月31日までに承認済みの場合は旧料金","奈良県公式HTMLで2026年4月1日改正の50,440円/全日を直接確認"
PRICE-563,CAND-175,jtekt-nara-main,facility,other_no_admission,all,09:00-17:00,75670,not_stated,per_day,"第一体育館全面・アマチュアスポーツ以外・入場料徴収なし・全日",2026-04-01,2026-08-05,verified,https://www.pref.nara.lg.jp/n052/11166.html,"附属器具・冷暖房等の別料金。2026年3月31日までに承認済みの場合は旧料金","奈良県公式HTMLで2026年4月1日改正の75,670円/全日を直接確認"
PRICE-564,CAND-175,jtekt-nara-main,facility,non_sports_admission_nonprofit,all,09:00-17:00,178900,not_stated,per_day,"第一体育館全面・アマチュアスポーツ以外・入場料徴収あり・営利目的の明記なし・全日",2026-04-01,2026-08-05,verified,https://www.pref.nara.lg.jp/n052/11166.html,"営利目的・附属器具・冷暖房等は別区分。2026年3月31日までに承認済みの場合は旧料金","奈良県公式HTMLで2026年4月1日改正の178,900円/全日を直接確認"
PRICE-565,CAND-175,jtekt-nara-main,facility,non_sports_admission_commercial,all,09:00-17:00,309660,not_stated,per_day,"第一体育館全面・アマチュアスポーツ以外・入場料徴収あり・営利目的・全日",2026-04-01,2026-08-05,verified,https://www.pref.nara.lg.jp/n052/11166.html,"附属器具・冷暖房等の別料金。2026年3月31日までに承認済みの場合は旧料金","奈良県公式HTMLで2026年4月1日改正の309,660円/全日を直接確認"
PRICE-566,CAND-175,jtekt-nara-main,hvac,all,all,per_hour,16580,not_stated,per_hour,"第一体育館・冷房・アリーナ全体",2026-04-01,2026-08-05,verified,https://www.pref.nara.lg.jp/n052/11166.html,"施設基本料・観客席のみの冷房・暖房・附属器具等の別料金","奈良県公式HTMLで2026年4月1日改正の16,580円/時間を直接確認"
PRICE-567,CAND-175,jtekt-nara-main,audio,all,all,per_day,2610,not_stated,per_day,"マイク設備・1日",2026-04-01,2026-08-05,verified,https://www.pref.nara.lg.jp/n052/11166.html,"施設基本料・冷暖房・その他附属器具等の別料金","奈良県公式HTMLで2026年4月1日改正の2,610円/日を直接確認"
PRICE-568,CAND-179,yamagata-first,facility,amateur_sports_no_admission,all,09:00-12:00,6300,not_stated,per_3_hours,"第一体育館競技場全面・アマチュアスポーツ・入場料徴収なし・1使用時間区分",,2026-08-05,verified,https://www.yamagatasi-taikyou.jp/shisetsu-1sposen-riyouryoukin.html,"照明・冷暖房・附属設備等の別料金。半面・4分の1面、高校生以下、準備利用は減額区分","指定管理者公式HTMLで6,300円/3時間区分を直接確認"
PRICE-569,CAND-179,yamagata-first,facility,amateur_sports_paid_admission,all,09:00-12:00,18900,not_stated,per_3_hours,"第一体育館競技場全面・アマチュアスポーツ・入場料徴収あり・1使用時間区分",,2026-08-05,verified,https://www.yamagatasi-taikyou.jp/shisetsu-1sposen-riyouryoukin.html,"照明・冷暖房・附属設備等の別料金。半面・4分の1面、高校生以下、準備利用は減額区分","指定管理者公式HTMLで18,900円/3時間区分を直接確認"
PRICE-570,CAND-179,yamagata-first,facility,non_sports_no_admission_nonprofit,all,09:00-12:00,18900,not_stated,per_3_hours,"第一体育館競技場全面・その他の催物・入場料徴収なし・非営利・1使用時間区分",,2026-08-05,verified,https://www.yamagatasi-taikyou.jp/shisetsu-1sposen-riyouryoukin.html,"照明・冷暖房・附属設備等の別料金。半面・4分の1面、高校生以下、準備利用は減額区分","指定管理者公式HTMLで18,900円/3時間区分を直接確認"
PRICE-571,CAND-179,yamagata-first,facility,non_sports_no_admission_commercial,all,09:00-12:00,63000,not_stated,per_3_hours,"第一体育館競技場全面・その他の催物・入場料徴収なし・営利目的・1使用時間区分",,2026-08-05,verified,https://www.yamagatasi-taikyou.jp/shisetsu-1sposen-riyouryoukin.html,"照明・冷暖房・附属設備等の別料金。半面・4分の1面、高校生以下、準備利用は減額区分","指定管理者公式HTMLで63,000円/3時間区分を直接確認"
PRICE-572,CAND-179,yamagata-first,facility,other_admission,all,09:00-12:00,189000,not_stated,per_3_hours,"第一体育館競技場全面・その他の催物・入場料徴収あり・1使用時間区分",,2026-08-05,verified,https://www.yamagatasi-taikyou.jp/shisetsu-1sposen-riyouryoukin.html,"照明・冷暖房・附属設備等の別料金。半面・4分の1面、高校生以下、準備利用は減額区分","指定管理者公式HTMLで189,000円/3時間区分を直接確認"
PRICE-573,CAND-179,yamagata-first,lighting,all,all,per_hour,2800,not_stated,per_hour,"第一体育館競技場・1,300ルックス照明設備",,2026-08-05,verified,https://www.yamagatasi-taikyou.jp/shisetsu-1sposen-riyouryoukin.html,"施設基本料・他照度・冷暖房・附属設備等の別料金","指定管理者公式HTMLで2,800円/時間を直接確認"
PRICE-574,CAND-179,yamagata-first,hvac,all,all,per_hour,7000,not_stated,per_hour,"第一体育館競技場・暖房・競技場床",,2026-08-05,verified,https://www.yamagatasi-taikyou.jp/shisetsu-1sposen-riyouryoukin.html,"施設基本料・観客席暖房・冷房・照明・附属設備等の別料金","指定管理者公式HTMLで7,000円/時間を直接確認"
PRICE-575,CAND-181,nikkan-main,facility,amateur_sports_no_admission,all,09:00-13:00,22000,included,per_4_hours,"メインアリーナ全面・アマチュアスポーツ・入場料徴収なし・午前",,2026-08-05,verified,https://www.gsz-eastarea.com/assets/pdf/price_list.pdf,"照明・空調・設備備品・供用時間外等の別料金。高校生以下は記載額の半額","指定管理者公式サイト掲載の税込料金PDFを画像照合し22,000円/4時間を確認。資料面に2021.2.1表記あり"
PRICE-576,CAND-181,nikkan-main,facility,amateur_sports_paid_admission,all,09:00-13:00,110000,included,per_4_hours,"メインアリーナ全面・アマチュアスポーツ・入場料徴収あり・午前",,2026-08-05,verified,https://www.gsz-eastarea.com/assets/pdf/price_list.pdf,"照明・空調・設備備品・供用時間外等の別料金。高校生以下は記載額の半額","指定管理者公式サイト掲載の税込料金PDFを画像照合し110,000円/4時間を確認。資料面に2021.2.1表記あり"
PRICE-577,CAND-181,nikkan-main,facility,other_no_admission,all,09:00-13:00,132000,included,per_4_hours,"メインアリーナ全面・アマチュアスポーツ以外・入場料徴収なし・午前",,2026-08-05,verified,https://www.gsz-eastarea.com/assets/pdf/price_list.pdf,"照明・空調・設備備品・供用時間外等の別料金。高校生以下は記載額の半額","指定管理者公式サイト掲載の税込料金PDFを画像照合し132,000円/4時間を確認。資料面に2021.2.1表記あり"
PRICE-578,CAND-181,nikkan-main,facility,other_admission,all,09:00-13:00,660000,included,per_4_hours,"メインアリーナ全面・アマチュアスポーツ以外・入場料徴収あり・午前",,2026-08-05,verified,https://www.gsz-eastarea.com/assets/pdf/price_list.pdf,"照明・空調・設備備品・供用時間外等の別料金。高校生以下は記載額の半額","指定管理者公式サイト掲載の税込料金PDFを画像照合し660,000円/4時間を確認。資料面に2021.2.1表記あり"
PRICE-579,CAND-181,nikkan-main,lighting,all,all,per_hour,2000,included,per_hour,"メインアリーナ照明・全灯・1,400ルクス以上",,2026-08-05,verified,https://www.gsz-eastarea.com/assets/pdf/price_list.pdf,"施設基本料・空調・設備備品等の別料金","指定管理者公式サイト掲載の税込料金PDFを画像照合し2,000円/時間を確認。資料面に2021.2.1表記あり"
PRICE-580,CAND-181,nikkan-main,hvac,all,all,per_hour,12000,included,per_hour,"全館空調・メインアリーナ全面",,2026-08-05,verified,https://www.gsz-eastarea.com/assets/pdf/price_list.pdf,"施設基本料・照明・設備備品等の別料金。全館空調は観客席を含む","指定管理者公式サイト掲載の税込料金PDFを画像照合し12,000円/時間を確認。資料面に2021.2.1表記あり"
PRICE-581,CAND-181,nikkan-main,audio,all,all,per_hour,500,included,per_hour,"メインアリーナ・放送設備一式",,2026-08-05,verified,https://www.gsz-eastarea.com/assets/pdf/price_list.pdf,"施設基本料・照明・空調・その他設備備品等の別料金","指定管理者公式サイト掲載の税込料金PDFを画像照合し500円/時間を確認。資料面に2021.2.1表記あり"
PRICE-582,CAND-163,whitering-main,facility,noncommercial,all,08:30-11:00,7500,not_stated,per_time_band,"メインアリーナ全面・市内団体・営利目的外・第1時間帯",2019-10-01,2026-08-05,verified,https://whitering.jp/pdf/price.pdf,"照明・冷暖房・器具備品等の別料金。市外団体・営利目的は別区分","指定管理者の現行利用案内からリンクされる2019年10月開始料金表を画像照合し7,500円/区分を確認。改定有無は実利用時に再確認"
PRICE-583,CAND-163,whitering-main,facility,noncommercial,all,08:30-21:00,42450,not_stated,per_day,"メインアリーナ全面・市内団体・営利目的外・終日",2019-10-01,2026-08-05,verified,https://whitering.jp/pdf/price.pdf,"照明・冷暖房・器具備品等の別料金。市外団体・営利目的は別区分","指定管理者の現行利用案内からリンクされる2019年10月開始料金表を画像照合し42,450円/終日を確認。改定有無は実利用時に再確認"
PRICE-584,CAND-163,whitering-sub,facility,noncommercial,all,08:30-11:00,4500,not_stated,per_time_band,"サブアリーナ全面・市内団体・営利目的外・第1時間帯",2019-10-01,2026-08-05,verified,https://whitering.jp/pdf/price.pdf,"照明・器具備品等の別料金。市外団体・営利目的は別区分","指定管理者の現行利用案内からリンクされる2019年10月開始料金表を画像照合し4,500円/区分を確認。改定有無は実利用時に再確認"
PRICE-585,CAND-163,whitering-sub,facility,noncommercial,all,08:30-21:00,27000,not_stated,per_day,"サブアリーナ全面・市内団体・営利目的外・終日",2019-10-01,2026-08-05,verified,https://whitering.jp/pdf/price.pdf,"照明・器具備品等の別料金。市外団体・営利目的は別区分","指定管理者の現行利用案内からリンクされる2019年10月開始料金表を画像照合し27,000円/終日を確認。改定有無は実利用時に再確認"
PRICE-586,CAND-163,whitering-main,hvac,all,all,per_hour,10400,not_stated,per_hour,"メインアリーナ冷暖房",2019-10-01,2026-08-05,verified,https://whitering.jp/pdf/price.pdf,"施設基本料・照明・器具備品等の別料金","指定管理者の現行利用案内からリンクされる料金表を画像照合し10,400円/時間を確認。改定有無は実利用時に再確認"
PRICE-587,CAND-163,whitering-main,lighting,all,all,per_hour,9420,not_stated,per_hour,"メインアリーナ照明Aセット・全灯",2019-10-01,2026-08-05,verified,https://whitering.jp/pdf/price.pdf,"施設基本料・冷暖房・器具備品等の別料金","指定管理者の現行利用案内からリンクされる料金表を画像照合し9,420円/時間を確認。改定有無は実利用時に再確認"
PRICE-588,CAND-163,whitering-main,audio,all,all,per_use,10400,not_stated,per_use,"メインアリーナ常設音響一式",2019-10-01,2026-08-05,verified,https://whitering.jp/pdf/price.pdf,"施設基本料・照明・冷暖房・音響調整装置等の別料金","指定管理者の現行利用案内からリンクされる料金表を画像照合し10,400円/式を確認。改定有無は実利用時に再確認"
PRICE-589,CAND-188,asahikawa-main,facility,amateur_sports_no_admission,all,09:00-21:00,21000,not_stated,per_day,"主競技場全面・大学生一般・アマチュアスポーツ・入場料徴収なし・全日",,2026-08-05,verified,https://a-a-s-a.or.jp/app/wp-content/uploads/2026/07/e6b41167d4401a8ddc5c8b5a38a43ac3.pdf,"暖房・電気・器具備品等の別料金。2026年10月1日から改定後料金","指定管理者公式料金表の2026年9月30日までの欄を画像照合し21,000円/全日を確認"
PRICE-590,CAND-188,asahikawa-main,facility,amateur_sports_paid_admission,all,09:00-21:00,73920,not_stated,per_day,"主競技場全面・大学生一般・アマチュアスポーツ・入場料徴収あり・全日",,2026-08-05,verified,https://a-a-s-a.or.jp/app/wp-content/uploads/2026/07/e6b41167d4401a8ddc5c8b5a38a43ac3.pdf,"暖房・電気・器具備品等の別料金。2026年10月1日から改定後料金","指定管理者公式料金表の2026年9月30日までの欄を画像照合し73,920円/全日を確認"
PRICE-591,CAND-188,asahikawa-main,facility,non_sports_no_admission_nonprofit,all,09:00-21:00,126840,not_stated,per_day,"主競技場全面・大学生一般・その他の催物・入場料徴収なし・非営利・全日",,2026-08-05,verified,https://a-a-s-a.or.jp/app/wp-content/uploads/2026/07/e6b41167d4401a8ddc5c8b5a38a43ac3.pdf,"暖房・電気・器具備品等の別料金。2026年10月1日から改定後料金","指定管理者公式料金表の2026年9月30日までの欄を画像照合し126,840円/全日を確認"
PRICE-592,CAND-188,asahikawa-main,facility,non_sports_no_admission_commercial,all,09:00-21:00,317520,not_stated,per_day,"主競技場全面・大学生一般・その他の催物・入場料徴収なし・営利目的・全日",,2026-08-05,verified,https://a-a-s-a.or.jp/app/wp-content/uploads/2026/07/e6b41167d4401a8ddc5c8b5a38a43ac3.pdf,"暖房・電気・器具備品等の別料金。2026年10月1日から改定後料金","指定管理者公式料金表の2026年9月30日までの欄を画像照合し317,520円/全日を確認"
PRICE-593,CAND-188,asahikawa-main,facility,non_sports_admission_nonprofit,all,09:00-21:00,211680,not_stated,per_day,"主競技場全面・大学生一般・その他の催物・入場料徴収あり・非営利・全日",,2026-08-05,verified,https://a-a-s-a.or.jp/app/wp-content/uploads/2026/07/e6b41167d4401a8ddc5c8b5a38a43ac3.pdf,"暖房・電気・器具備品等の別料金。2026年10月1日から改定後料金","指定管理者公式料金表の2026年9月30日までの欄を画像照合し211,680円/全日を確認"
PRICE-594,CAND-188,asahikawa-main,facility,non_sports_admission_commercial,all,09:00-21:00,529200,not_stated,per_day,"主競技場全面・大学生一般・その他の催物・入場料徴収あり・営利目的・全日",,2026-08-05,verified,https://a-a-s-a.or.jp/app/wp-content/uploads/2026/07/e6b41167d4401a8ddc5c8b5a38a43ac3.pdf,"暖房・電気・器具備品等の別料金。2026年10月1日から改定後料金","指定管理者公式料金表の2026年9月30日までの欄を画像照合し529,200円/全日を確認"
PRICE-595,CAND-102,shigeto-main,facility,amateur_sports,weekday,08:30-21:00,55600,not_stated,per_day,"メインアリーナ全面・平日・アマチュア大学以下・終日",2024-09-01,2026-08-05,verified,https://www.okayama-momo.jp/userguide/03/,"冷暖房・照明・器具備品等の別料金。入場料徴収時は別途加算","指定管理者公式HTMLの2026年8月31日までの現行表で55,600円/終日を確認。2026年9月1日から改定予定"
PRICE-596,CAND-102,shigeto-main,facility,amateur_sports,weekend_holiday,08:30-21:00,66800,not_stated,per_day,"メインアリーナ全面・土日祝・アマチュア大学以下・終日",2024-09-01,2026-08-05,verified,https://www.okayama-momo.jp/userguide/03/,"冷暖房・照明・器具備品等の別料金。入場料徴収時は別途加算","指定管理者公式HTMLの2026年8月31日までの現行表で66,800円/終日を確認。2026年9月1日から改定予定"
PRICE-597,CAND-102,shigeto-main,facility,non_sports_no_admission_nonprofit,weekday,08:30-21:00,332800,not_stated,per_day,"メインアリーナ全面・平日・営利でない催し・終日",2024-09-01,2026-08-05,verified,https://www.okayama-momo.jp/userguide/03/,"冷暖房・照明・器具備品等の別料金。入場料徴収時は別途加算","指定管理者公式HTMLの2026年8月31日までの現行表で332,800円/終日を確認。2026年9月1日から改定予定"
PRICE-598,CAND-102,shigeto-main,facility,event,weekday,08:30-21:00,798000,not_stated,per_day,"メインアリーナ全面・平日・催し区分・終日",2024-09-01,2026-08-05,verified,https://www.okayama-momo.jp/userguide/03/,"冷暖房・照明・器具備品等の別料金。入場料徴収時は別途加算","指定管理者公式HTMLの2026年8月31日までの現行表で催し区分798,000円/終日を確認。催事内容による区分適用は申込前に要確認"
PRICE-599,CAND-102,shigeto-sub,facility,amateur_sports,weekday,08:30-21:00,13900,not_stated,per_day,"サブアリーナ全面・平日・アマチュア大学以下・終日",2024-09-01,2026-08-05,verified,https://www.okayama-momo.jp/userguide/03/,"照明・器具備品等の別料金。入場料徴収時は別途加算","指定管理者公式HTMLの2026年8月31日までの現行表で13,900円/終日を確認。2026年9月1日から改定予定"
PRICE-600,CAND-102,shigeto-sub,facility,non_sports_no_admission_nonprofit,weekday,08:30-21:00,83200,not_stated,per_day,"サブアリーナ全面・平日・営利でない催し・終日",2024-09-01,2026-08-05,verified,https://www.okayama-momo.jp/userguide/03/,"照明・器具備品等の別料金。入場料徴収時は別途加算","指定管理者公式HTMLの2026年8月31日までの現行表で83,200円/終日を確認。2026年9月1日から改定予定"
PRICE-601,CAND-102,shigeto-sub,facility,event,weekday,08:30-21:00,199500,not_stated,per_day,"サブアリーナ全面・平日・催し区分・終日",2024-09-01,2026-08-05,verified,https://www.okayama-momo.jp/userguide/03/,"照明・器具備品等の別料金。入場料徴収時は別途加算","指定管理者公式HTMLの2026年8月31日までの現行表で催し区分199,500円/終日を確認。催事内容による区分適用は申込前に要確認"
PRICE-602,CAND-102,shigeto-main,hvac,all,all,per_hour,11860,not_stated,per_hour,"メインアリーナ冷暖房設備・アリーナ側",2024-09-01,2026-08-05,verified,https://www.okayama-momo.jp/userguide/03/,"施設基本料・観客席側冷暖房・照明・器具等の別料金","指定管理者公式HTMLの2026年8月31日までの現行表で11,860円/時間を確認。換気のみは2分の1減免"
PRICE-603,CAND-102,shigeto-main,lighting,all,all,per_hour,5330,not_stated,per_hour,"メインアリーナ照明・1,500ルクス",2024-09-01,2026-08-05,verified,https://www.okayama-momo.jp/userguide/03/,"施設基本料・冷暖房・他照度・器具等の別料金","指定管理者公式HTMLの2026年8月31日までの現行表で5,330円/時間を確認"
PRICE-604,CAND-102,shigeto-main,audio,all,all,per_day,5930,not_stated,per_day,"放送設備1式・マイク1本含む",2024-09-01,2026-08-05,verified,https://www.okayama-momo.jp/userguide/03/,"施設基本料・冷暖房・照明・追加マイク・器具等の別料金","指定管理者公式HTMLの2026年8月31日までの現行表で5,930円/日を確認"
PRICE-605,CAND-130,sky-main,facility,all,weekday,09:00-13:00,10400,not_stated,per_4_hours,"メインホール全面・平日・午前",,2026-08-05,verified,https://www.city.toyota.aichi.jp/shisei/shisetsu/sports/skyhalltoyota/1005799.html,"附属設備・用途等による加算の有無は要確認","豊田市の2026年3月27日更新公式HTMLで全面10,400円/4時間を確認"
PRICE-606,CAND-130,sky-main,facility,all,weekday,17:00-21:00,15600,not_stated,per_4_hours,"メインホール全面・平日・夜間",,2026-08-05,verified,https://www.city.toyota.aichi.jp/shisei/shisetsu/sports/skyhalltoyota/1005799.html,"附属設備・用途等による加算の有無は要確認","豊田市の2026年3月27日更新公式HTMLで全面15,600円/4時間を確認"
PRICE-607,CAND-130,sky-main,facility,all,weekend_holiday,09:00-13:00,15600,not_stated,per_4_hours,"メインホール全面・土日祝・午前",,2026-08-05,verified,https://www.city.toyota.aichi.jp/shisei/shisetsu/sports/skyhalltoyota/1005799.html,"附属設備・用途等による加算の有無は要確認","豊田市の2026年3月27日更新公式HTMLで全面15,600円/4時間を確認"
PRICE-608,CAND-130,sky-main,facility,all,weekend_holiday,17:00-21:00,23400,not_stated,per_4_hours,"メインホール全面・土日祝・夜間",,2026-08-05,verified,https://www.city.toyota.aichi.jp/shisei/shisetsu/sports/skyhalltoyota/1005799.html,"附属設備・用途等による加算の有無は要確認","豊田市の2026年3月27日更新公式HTMLで全面23,400円/4時間を確認"
PRICE-609,CAND-117,kobe-hall2,facility,exhibition,all,09:00-17:00,1118000,included,per_day,"2号館1階コンベンションホール全体・見本市／展示／興行",,2026-08-05,verified,https://kobe-cc.jp/ja/facilities/price/,"駐車場・時間外・技術者人件費・通信・備品・警備・清掃","指定管理者公式HTMLで冷暖房費込・税込1,118,000円/日を確認。見本市・展示・興行には準備料金・半日料金の設定なし"
PRICE-610,CAND-117,kobe-hall2,facility,exhibition,all,overtime,71000,included,per_30_minutes,"2号館1階コンベンションホール全体・見本市／展示／興行・時間外",,2026-08-05,verified,https://kobe-cc.jp/ja/facilities/price/,"駐車場・基本利用料・技術者人件費・通信・備品・警備・清掃","指定管理者公式HTMLで冷暖房費込・税込71,000円/30分を確認"
PRICE-611,CAND-117,kobe-hall2,facility,assembly,all,09:00-17:00,870000,included,per_day,"2号館1階コンベンションホール全体・会議／集会／式典",,2026-08-05,verified,https://kobe-cc.jp/ja/facilities/price/,"駐車場・時間外・技術者人件費・通信・備品・警備・清掃","指定管理者公式HTMLで冷暖房費込・税込870,000円/日を確認"
PRICE-612,CAND-117,kobe-hall2,facility,assembly,all,overtime,55000,included,per_30_minutes,"2号館1階コンベンションホール全体・会議／集会／式典・時間外",,2026-08-05,verified,https://kobe-cc.jp/ja/facilities/price/,"駐車場・基本利用料・技術者人件費・通信・備品・警備・清掃","指定管理者公式HTMLで冷暖房費込・税込55,000円/30分を確認"
PRICE-613,CAND-117,kobe-hall2,setup_teardown,assembly,all,09:00-17:00,435000,included,per_day,"2号館1階コンベンションホール全体・会議／集会／式典の会期前日準備",,2026-08-05,verified,https://kobe-cc.jp/ja/facilities/price/,"駐車場・時間外・技術者人件費・通信・備品・警備・清掃","指定管理者公式HTMLで基本利用料50%の準備料金435,000円を確認。会期前日に会議・集会利用する場合の条件"
PRICE-614,CAND-118,atc-a,facility,performance,all,overtime,205000,excluded,per_hour,"Aホール・全室・時間外",,2026-08-05,verified,https://atchall.com/howto/hall/atchall/ahall/,"空調、電気、水道、清掃、基本利用料、設営・撤去","運営者公式HTMLで税別205,000円/時を確認"
PRICE-615,CAND-118,atc-a-half-large,facility,performance,all,09:00-17:00,800000,excluded,per_day,"Aホール1/2大・1,600㎡",,2026-08-05,verified,https://atchall.com/howto/hall/atchall/ahall/,"空調、電気、水道、清掃、時間外、設営・撤去","運営者公式HTMLで税別800,000円/日を確認。準備・撤去日は同額で9:00〜20:00"
PRICE-616,CAND-118,atc-a-half-large,facility,performance,all,overtime,108000,excluded,per_hour,"Aホール1/2大・1,600㎡・時間外",,2026-08-05,verified,https://atchall.com/howto/hall/atchall/ahall/,"空調、電気、水道、清掃、基本利用料、設営・撤去","運営者公式HTMLで税別108,000円/時を確認"
PRICE-617,CAND-118,atc-a-half-small,facility,performance,all,09:00-17:00,700000,excluded,per_day,"Aホール1/2小・1,300㎡",,2026-08-05,verified,https://atchall.com/howto/hall/atchall/ahall/,"空調、電気、水道、清掃、時間外、設営・撤去","運営者公式HTMLで税別700,000円/日を確認。準備・撤去日は同額で9:00〜20:00"
PRICE-618,CAND-118,atc-a-half-small,facility,performance,all,overtime,95000,excluded,per_hour,"Aホール1/2小・1,300㎡・時間外",,2026-08-05,verified,https://atchall.com/howto/hall/atchall/ahall/,"空調、電気、水道、清掃、基本利用料、設営・撤去","運営者公式HTMLで税別95,000円/時を確認"
PRICE-619,CAND-135,convex-large,facility,performance,all,09:00-13:00,270160,not_stated,per_4_hours,"大展示場全面・午前",,2026-08-05,verified,https://www.convex-okayama.co.jp/direction/charge/,"冷暖房・電気・ガス・水道・入場料加算・時間外","運営者公式HTMLで270,160円/4時間を確認"
PRICE-620,CAND-135,convex-large,facility,performance,all,17:00-21:00,270160,not_stated,per_4_hours,"大展示場全面・夜間",,2026-08-05,verified,https://www.convex-okayama.co.jp/direction/charge/,"冷暖房・電気・ガス・水道・入場料加算・時間外","運営者公式HTMLで270,160円/4時間を確認。午後区分13:00〜17:00も同額"
PRICE-621,CAND-135,convex-large,facility,performance,all,21:00-09:00,67540,not_stated,per_hour,"大展示場全面・時間外",,2026-08-05,verified,https://www.convex-okayama.co.jp/direction/charge/,"冷暖房・電気・ガス・水道・入場料加算・基本利用料","運営者公式HTMLで67,540円/時を確認。1時間未満は1時間に切り上げ"
PRICE-622,CAND-135,convex-large-two-thirds,facility,performance,all,09:00-17:00,338800,not_stated,per_day,"大展示場2/3・2,327㎡",,2026-08-05,verified,https://www.convex-okayama.co.jp/direction/charge/,"冷暖房・電気・ガス・水道・入場料加算・時間外","運営者公式HTMLで338,800円/日を確認"
PRICE-623,CAND-135,convex-large-one-third,facility,performance,all,09:00-17:00,225280,not_stated,per_day,"大展示場1/3・1,470㎡",,2026-08-05,verified,https://www.convex-okayama.co.jp/direction/charge/,"冷暖房・電気・ガス・水道・入場料加算・時間外","運営者公式HTMLで225,280円/日を確認"
PRICE-624,CAND-135,convex-large,hvac_cooling,all,all,per_hour,29370,not_stated,per_hour,"大展示場全面・冷房",,2026-08-05,verified,https://www.convex-okayama.co.jp/direction/charge/,"施設基本料・暖房・電気・ガス・水道・入場料加算","運営者公式HTMLで29,370円/時を確認"
PRICE-625,CAND-135,convex-large,hvac_heating,all,all,per_hour,27390,not_stated,per_hour,"大展示場全面・暖房",,2026-08-05,verified,https://www.convex-okayama.co.jp/direction/charge/,"施設基本料・冷房・電気・ガス・水道・入場料加算","運営者公式HTMLで27,390円/時を確認"
PRICE-626,CAND-026,capio-arena,facility,amateur_sports_no_admission,all,09:00-22:00,12800,not_stated,per_day,"アリーナ全面・アマチュアスポーツ大会・入場料なし",,2026-08-05,verified,https://www.tcf.or.jp/capio/facility/arena/,"冷暖房・附属設備・設営撤去・警備・清掃・通信回線","指定管理者公式HTMLで12,800円/日を確認"
PRICE-627,CAND-026,capio-arena,facility,amateur_sports_paid_admission,all,09:00-22:00,38430,not_stated,per_day,"アリーナ全面・アマチュアスポーツ大会・入場料あり",,2026-08-05,verified,https://www.tcf.or.jp/capio/facility/arena/,"冷暖房・附属設備・設営撤去・警備・清掃・通信回線","指定管理者公式HTMLで38,430円/日を確認"
PRICE-628,CAND-026,capio-arena,facility,non_sports_no_admission_nonprofit,all,09:00-22:00,51240,not_stated,per_day,"アリーナ全面・スポーツ以外・入場料なし",,2026-08-05,verified,https://www.tcf.or.jp/capio/facility/arena/,"冷暖房・附属設備・設営撤去・警備・清掃・通信回線","指定管理者公式HTMLで51,240円/日を確認。営利・宣伝目的は入場有料区分を適用"
PRICE-629,CAND-026,capio-arena,facility,non_sports_admission_nonprofit,all,09:00-22:00,160180,not_stated,per_day,"アリーナ全面・スポーツ以外・入場料あり又は営利宣伝目的",,2026-08-05,verified,https://www.tcf.or.jp/capio/facility/arena/,"冷暖房・附属設備・設営撤去・警備・清掃・通信回線","指定管理者公式HTMLで160,180円/日を確認。スポーツ以外の営利・宣伝目的は入場料有無を問わずこの区分"
PRICE-630,CAND-026,capio-arena,hvac,all,all,per_hour,7330,not_stated,per_hour,"アリーナ冷暖房",,2026-08-05,verified,https://www.tcf.or.jp/capio/facility/arena/,"施設基本料・附属設備・設営撤去・警備・清掃・通信回線","指定管理者公式HTMLで7,330円/時を確認"
PRICE-631,CAND-026,capio-arena,equipment,all,all,per_time_band,2130,not_stated,per_time_band,"可動ステージ1基",,2026-08-05,verified,https://www.tcf.or.jp/capio/facility/arena/,"施設基本料・冷暖房・その他附属設備・設営撤去・操作人件費","指定管理者公式HTMLで1区分2,130円を確認"
PRICE-632,CAND-100,efpico-main,facility,amateur_sports,all,09:00-22:00,91000,not_stated,per_day,"メインアリーナ全面専用・アマチュアスポーツ",,2026-08-05,verified,https://www.city.fukuyama.hiroshima.jp/soshiki/sports/172543.html,"附属設備・入場料加算・設営撤去・警備・清掃・通信回線","2026年7月24日更新の福山市公式HTMLで91,000円/日を確認"
PRICE-633,CAND-100,efpico-main,facility,non_profit,all,09:00-22:00,364000,not_stated,per_day,"メインアリーナ全面専用・営利を目的としない催物",,2026-08-05,verified,https://www.city.fukuyama.hiroshima.jp/soshiki/sports/172543.html,"附属設備・入場料加算・設営撤去・警備・清掃・通信回線","2026年7月24日更新の福山市公式HTMLで364,000円/日を確認"
PRICE-634,CAND-100,efpico-main,facility,event,all,09:00-22:00,728000,not_stated,per_day,"メインアリーナ全面専用・その他催物",,2026-08-05,verified,https://www.city.fukuyama.hiroshima.jp/soshiki/sports/172543.html,"附属設備・入場料加算・設営撤去・警備・清掃・通信回線","2026年7月24日更新の福山市公式HTMLで728,000円/日を確認"
PRICE-635,CAND-100,efpico-main,facility,amateur_sports,all,per_hour,7800,not_stated,per_hour,"メインアリーナ全面専用・アマチュアスポーツ・1時間",,2026-08-05,verified,https://www.city.fukuyama.hiroshima.jp/soshiki/sports/172543.html,"附属設備・入場料加算・設営撤去・警備・清掃・通信回線","2026年7月24日更新の福山市公式HTMLで7,800円/時を確認"
PRICE-636,CAND-100,efpico-main,facility,non_profit,all,per_hour,31200,not_stated,per_hour,"メインアリーナ全面専用・営利を目的としない催物・1時間",,2026-08-05,verified,https://www.city.fukuyama.hiroshima.jp/soshiki/sports/172543.html,"附属設備・入場料加算・設営撤去・警備・清掃・通信回線","2026年7月24日更新の福山市公式HTMLで31,200円/時を確認"
PRICE-637,CAND-100,efpico-main,facility,event,all,per_hour,62400,not_stated,per_hour,"メインアリーナ全面専用・その他催物・1時間",,2026-08-05,verified,https://www.city.fukuyama.hiroshima.jp/soshiki/sports/172543.html,"附属設備・入場料加算・設営撤去・警備・清掃・通信回線","2026年7月24日更新の福山市公式HTMLで62,400円/時を確認"
PRICE-638,CAND-123,ehime-main,facility,amateur_sports_no_admission,weekday,09:00-21:00,52350,not_stated,per_day,"主道場全体・アマチュアスポーツ・入場料無料・平日",2025-04-01,2026-08-05,verified,https://ehime-spa.jp/wp-content/uploads/2025/04/%E5%88%A9%E7%94%A8%E6%96%99%E9%87%91%E4%B8%80%E8%A6%A7%E8%A1%A8%EF%BC%88%E4%BB%A4%E5%92%8C%EF%BC%97%E5%B9%B4%EF%BC%94%E6%9C%88%EF%BC%91%E6%97%A5%E3%81%8B%E3%82%89%EF%BC%89.pdf,"冷暖房・附属設備・時間外・休館日加算","指定管理者公式の2025年4月1日改定料金表を画像照合。入場無料の祝日等は平日と同額"
PRICE-639,CAND-123,ehime-main,facility,amateur_sports_no_admission,holiday,09:00-21:00,52350,not_stated,per_day,"主道場全体・アマチュアスポーツ・入場料無料・祝日等",2025-04-01,2026-08-05,verified,https://ehime-spa.jp/wp-content/uploads/2025/04/%E5%88%A9%E7%94%A8%E6%96%99%E9%87%91%E4%B8%80%E8%A6%A7%E8%A1%A8%EF%BC%88%E4%BB%A4%E5%92%8C%EF%BC%97%E5%B9%B4%EF%BC%94%E6%9C%88%EF%BC%91%E6%97%A5%E3%81%8B%E3%82%89%EF%BC%89.pdf,"冷暖房・附属設備・時間外・休館日加算","指定管理者公式の2025年4月1日改定料金表を画像照合。入場無料は平日と同額"
PRICE-640,CAND-123,ehime-main,facility,amateur_sports_paid_admission,weekday,09:00-21:00,135100,not_stated,per_day,"主道場全体・アマチュアスポーツ・入場料有料・平日",2025-04-01,2026-08-05,verified,https://ehime-spa.jp/wp-content/uploads/2025/04/%E5%88%A9%E7%94%A8%E6%96%99%E9%87%91%E4%B8%80%E8%A6%A7%E8%A1%A8%EF%BC%88%E4%BB%A4%E5%92%8C%EF%BC%97%E5%B9%B4%EF%BC%94%E6%9C%88%EF%BC%91%E6%97%A5%E3%81%8B%E3%82%89%EF%BC%89.pdf,"冷暖房・附属設備・時間外・休館日加算","指定管理者公式の2025年4月1日改定料金表を画像照合"
PRICE-641,CAND-123,ehime-main,facility,amateur_sports_paid_admission,holiday,09:00-21:00,162250,not_stated,per_day,"主道場全体・アマチュアスポーツ・入場料有料・祝日等",2025-04-01,2026-08-05,verified,https://ehime-spa.jp/wp-content/uploads/2025/04/%E5%88%A9%E7%94%A8%E6%96%99%E9%87%91%E4%B8%80%E8%A6%A7%E8%A1%A8%EF%BC%88%E4%BB%A4%E5%92%8C%EF%BC%97%E5%B9%B4%EF%BC%94%E6%9C%88%EF%BC%91%E6%97%A5%E3%81%8B%E3%82%89%EF%BC%89.pdf,"冷暖房・附属設備・時間外・休館日加算","指定管理者公式の2025年4月1日改定料金表を画像照合"
PRICE-642,CAND-123,ehime-main,facility,non_sports_no_admission_nonprofit,weekday,09:00-21:00,348890,not_stated,per_day,"主道場全体・アマチュアスポーツ以外・入場料無料・平日",2025-04-01,2026-08-05,verified,https://ehime-spa.jp/wp-content/uploads/2025/04/%E5%88%A9%E7%94%A8%E6%96%99%E9%87%91%E4%B8%80%E8%A6%A7%E8%A1%A8%EF%BC%88%E4%BB%A4%E5%92%8C%EF%BC%97%E5%B9%B4%EF%BC%94%E6%9C%88%EF%BC%91%E6%97%A5%E3%81%8B%E3%82%89%EF%BC%89.pdf,"冷暖房・附属設備・時間外・休館日加算","指定管理者公式の2025年4月1日改定料金表を画像照合"
PRICE-643,CAND-123,ehime-main,facility,non_sports_no_admission_nonprofit,holiday,09:00-21:00,418820,not_stated,per_day,"主道場全体・アマチュアスポーツ以外・入場料無料・祝日等",2025-04-01,2026-08-05,verified,https://ehime-spa.jp/wp-content/uploads/2025/04/%E5%88%A9%E7%94%A8%E6%96%99%E9%87%91%E4%B8%80%E8%A6%A7%E8%A1%A8%EF%BC%88%E4%BB%A4%E5%92%8C%EF%BC%97%E5%B9%B4%EF%BC%94%E6%9C%88%EF%BC%91%E6%97%A5%E3%81%8B%E3%82%89%EF%BC%89.pdf,"冷暖房・附属設備・時間外・休館日加算","指定管理者公式の2025年4月1日改定料金表を画像照合"
PRICE-644,CAND-123,ehime-main,facility,non_sports_admission_nonprofit,weekday,09:00-21:00,856490,not_stated,per_day,"主道場全体・アマチュアスポーツ以外・入場料有料又は営利目的・平日",2025-04-01,2026-08-05,verified,https://ehime-spa.jp/wp-content/uploads/2025/04/%E5%88%A9%E7%94%A8%E6%96%99%E9%87%91%E4%B8%80%E8%A6%A7%E8%A1%A8%EF%BC%88%E4%BB%A4%E5%92%8C%EF%BC%97%E5%B9%B4%EF%BC%94%E6%9C%88%EF%BC%91%E6%97%A5%E3%81%8B%E3%82%89%EF%BC%89.pdf,"冷暖房・附属設備・時間外・休館日加算","指定管理者公式の2025年4月1日改定料金表を画像照合。宣伝・展示・販売等の営利利用は入場有料相当額"
PRICE-645,CAND-123,ehime-main,facility,non_sports_admission_nonprofit,holiday,09:00-21:00,1027930,not_stated,per_day,"主道場全体・アマチュアスポーツ以外・入場料有料又は営利目的・祝日等",2025-04-01,2026-08-05,verified,https://ehime-spa.jp/wp-content/uploads/2025/04/%E5%88%A9%E7%94%A8%E6%96%99%E9%87%91%E4%B8%80%E8%A6%A7%E8%A1%A8%EF%BC%88%E4%BB%A4%E5%92%8C%EF%BC%97%E5%B9%B4%EF%BC%94%E6%9C%88%EF%BC%91%E6%97%A5%E3%81%8B%E3%82%89%EF%BC%89.pdf,"冷暖房・附属設備・時間外・休館日加算","指定管理者公式の2025年4月1日改定料金表を画像照合。宣伝・展示・販売等の営利利用は入場有料相当額"
PRICE-646,CAND-123,ehime-main,hvac,all,all,per_hour,11100,not_stated,per_hour,"主道場・冷暖房",2025-04-01,2026-08-05,verified,https://ehime-spa.jp/wp-content/uploads/2025/04/%E5%88%A9%E7%94%A8%E6%96%99%E9%87%91%E4%B8%80%E8%A6%A7%E8%A1%A8%EF%BC%88%E4%BB%A4%E5%92%8C%EF%BC%97%E5%B9%B4%EF%BC%94%E6%9C%88%EF%BC%91%E6%97%A5%E3%81%8B%E3%82%89%EF%BC%89.pdf,"施設基本料・附属設備・時間外","指定管理者公式の2025年4月1日改定料金表を画像照合し11,100円/時を確認"
PRICE-647,CAND-123,ehime-main,audio,all,all,per_day,2080,not_stated,per_day,"主道場・音響設備1式",2025-04-01,2026-08-05,verified,https://ehime-spa.jp/wp-content/uploads/2025/04/%E5%88%A9%E7%94%A8%E6%96%99%E9%87%91%E4%B8%80%E8%A6%A7%E8%A1%A8%EF%BC%88%E4%BB%A4%E5%92%8C%EF%BC%97%E5%B9%B4%EF%BC%94%E6%9C%88%EF%BC%91%E6%97%A5%E3%81%8B%E3%82%89%EF%BC%89.pdf,"施設基本料・冷暖房・操作人件費・その他備品","指定管理者公式の2025年4月1日改定料金表を画像照合し主道場1式1日2,080円を確認"
PRICE-648,CAND-151,gcube-event,facility,exhibition,weekday,09:00-17:00,1524600,included,per_time_band,"イベントホール全体A+B+C+D+E・興行展示会利用",2025-08-17,2026-08-05,verified,https://www.gco.co.jp/wp02/wp-content/themes/gco/assets/img/organizer/price/events_exhibitions_2508.pdf,"土日祝10%増、準備撤収30%引、4月30日〜5月6日20%引、追加設備・技術・通信","運営者公式の2025年8月17日適用料金表を画像照合。空調・電灯・備品セッティングは施設利用料に含む"
PRICE-649,CAND-151,gcube-event,facility,exhibition,weekday,per_hour,227700,included,per_hour,"イベントホール全体A+B+C+D+E・延長1時間",2025-08-17,2026-08-05,verified,https://www.gco.co.jp/wp02/wp-content/themes/gco/assets/img/organizer/price/events_exhibitions_2508.pdf,"土日祝10%増、準備撤収30%引、追加設備・技術・通信","運営者公式の2025年8月17日適用料金表を画像照合。時間区分に続く1時間又は17:00〜翌9:00の1時間"
PRICE-650,CAND-151,gcube-event-1930,facility,exhibition,weekday,09:00-17:00,1222100,included,per_time_band,"イベントホールA+B+C+D又はB+C+D+E・1,930㎡",2025-08-17,2026-08-05,verified,https://www.gco.co.jp/wp02/wp-content/themes/gco/assets/img/organizer/price/events_exhibitions_2508.pdf,"土日祝10%増、準備撤収30%引、4月30日〜5月6日20%引、追加設備・技術・通信","運営者公式の2025年8月17日適用料金表を画像照合"
PRICE-651,CAND-151,gcube-event-1500,facility,exhibition,weekday,09:00-17:00,919600,included,per_time_band,"イベントホールA+B+C又はC+D+E・1,500㎡",2025-08-17,2026-08-05,verified,https://www.gco.co.jp/wp02/wp-content/themes/gco/assets/img/organizer/price/events_exhibitions_2508.pdf,"土日祝10%増、準備撤収30%引、4月30日〜5月6日20%引、追加設備・技術・通信","運営者公式の2025年8月17日適用料金表を画像照合"
PRICE-652,CAND-151,gcube-event-1260,facility,exhibition,weekday,09:00-17:00,919600,included,per_time_band,"イベントホールB+C+D・1,260㎡",2025-08-17,2026-08-05,verified,https://www.gco.co.jp/wp02/wp-content/themes/gco/assets/img/organizer/price/events_exhibitions_2508.pdf,"土日祝10%増、準備撤収30%引、4月30日〜5月6日20%引、追加設備・技術・通信","運営者公式の2025年8月17日適用料金表を画像照合"
PRICE-653,CAND-151,gcube-event-1100,facility,exhibition,weekday,09:00-17:00,762300,included,per_time_band,"イベントホールA+B又はD+E・1,100㎡",2025-08-17,2026-08-05,verified,https://www.gco.co.jp/wp02/wp-content/themes/gco/assets/img/organizer/price/events_exhibitions_2508.pdf,"土日祝10%増、準備撤収30%引、4月30日〜5月6日20%引、追加設備・技術・通信","運営者公式の2025年8月17日適用料金表を画像照合"
PRICE-654,CAND-151,gcube-event-830,facility,exhibition,weekday,09:00-17:00,762300,included,per_time_band,"イベントホールB+C又はC+D・830㎡",2025-08-17,2026-08-05,verified,https://www.gco.co.jp/wp02/wp-content/themes/gco/assets/img/organizer/price/events_exhibitions_2508.pdf,"土日祝10%増、準備撤収30%引、4月30日〜5月6日20%引、追加設備・技術・通信","運営者公式の2025年8月17日適用料金表を画像照合"
PRICE-655,CAND-151,gcube-event-670,facility,exhibition,weekday,09:00-17:00,459800,included,per_time_band,"イベントホールA又はE・670㎡",2025-08-17,2026-08-05,verified,https://www.gco.co.jp/wp02/wp-content/themes/gco/assets/img/organizer/price/events_exhibitions_2508.pdf,"土日祝10%増、準備撤収30%引、4月30日〜5月6日20%引、追加設備・技術・通信","運営者公式の2025年8月17日適用料金表を画像照合"
PRICE-656,CAND-151,gcube-main,facility,event,weekday,09:00-21:00,1633500,included,per_day,"メインホール全体1〜2階席・興行展示会利用",2025-08-17,2026-08-05,verified,https://www.gco.co.jp/wp02/wp-content/themes/gco/assets/img/organizer/price/events_exhibitions_2508.pdf,"土日祝10%増、準備撤収30%引、追加設備・技術・通信","運営者公式の2025年8月17日適用料金表を画像照合。空調・電灯・備品セッティングは施設利用料に含む"
PRICE-657,CAND-151,gcube-main,facility,event,weekday,per_hour,323400,included,per_hour,"メインホール全体1〜2階席・延長1時間",2025-08-17,2026-08-05,verified,https://www.gco.co.jp/wp02/wp-content/themes/gco/assets/img/organizer/price/events_exhibitions_2508.pdf,"土日祝10%増、準備撤収30%引、追加設備・技術・通信","運営者公式の2025年8月17日適用料金表を画像照合"
PRICE-658,CAND-161,marronnier-large,facility,exhibition,weekday,09:00-17:00,448000,included,per_day,"大展示場全面・会期・平日",2022-12-01,2026-08-05,verified,https://www.marronnierplaza.jp/assets/pdf/other/price/price.pdf,"入場料等加算・冷暖房・電気水道・早朝警備・清掃","現行公式ダウンロードページが案内する2022年12月1日改定税込表を画像照合。実予約時に改定有無を再確認"
PRICE-659,CAND-161,marronnier-large,facility,exhibition,holiday,09:00-17:00,538000,included,per_day,"大展示場全面・会期・土日祝",2022-12-01,2026-08-05,verified,https://www.marronnierplaza.jp/assets/pdf/other/price/price.pdf,"入場料等加算・冷暖房・電気水道・早朝警備・清掃","現行公式ダウンロードページが案内する2022年12月1日改定税込表を画像照合。実予約時に改定有無を再確認"
PRICE-660,CAND-161,marronnier-large,setup_teardown,setup_teardown,weekday,09:00-17:00,358400,included,per_day,"大展示場全面・準備撤去・平日",2022-12-01,2026-08-05,verified,https://www.marronnierplaza.jp/assets/pdf/other/price/price.pdf,"入場料等加算・冷暖房・電気水道・早朝警備・清掃","現行公式ダウンロードページが案内する2022年12月1日改定税込表を画像照合。会期448,000円とは分離"
PRICE-661,CAND-161,marronnier-large,setup_teardown,setup_teardown,holiday,09:00-17:00,430400,included,per_day,"大展示場全面・準備撤去・土日祝",2022-12-01,2026-08-05,verified,https://www.marronnierplaza.jp/assets/pdf/other/price/price.pdf,"入場料等加算・冷暖房・電気水道・早朝警備・清掃","現行公式ダウンロードページが案内する2022年12月1日改定税込表を画像照合。会期538,000円とは分離"
PRICE-662,CAND-161,marronnier-large-two-thirds,facility,exhibition,weekday,09:00-17:00,304000,included,per_day,"大展示場2/3・1,780㎡・会期・平日",2022-12-01,2026-08-05,verified,https://www.marronnierplaza.jp/assets/pdf/other/price/price.pdf,"入場料等加算・冷暖房・電気水道・早朝警備・清掃","現行公式ダウンロードページが案内する2022年12月1日改定税込表を画像照合"
PRICE-663,CAND-161,marronnier-large-two-thirds,facility,exhibition,holiday,09:00-17:00,364000,included,per_day,"大展示場2/3・1,780㎡・会期・土日祝",2022-12-01,2026-08-05,verified,https://www.marronnierplaza.jp/assets/pdf/other/price/price.pdf,"入場料等加算・冷暖房・電気水道・早朝警備・清掃","現行公式ダウンロードページが案内する2022年12月1日改定税込表を画像照合"
PRICE-664,CAND-161,marronnier-large-half,facility,exhibition,weekday,09:00-17:00,231000,included,per_day,"大展示場1/2・1,333㎡・会期・平日",2022-12-01,2026-08-05,verified,https://www.marronnierplaza.jp/assets/pdf/other/price/price.pdf,"入場料等加算・冷暖房・電気水道・早朝警備・清掃","現行公式ダウンロードページが案内する2022年12月1日改定税込表を画像照合"
PRICE-665,CAND-161,marronnier-large-half,facility,exhibition,holiday,09:00-17:00,276000,included,per_day,"大展示場1/2・1,333㎡・会期・土日祝",2022-12-01,2026-08-05,verified,https://www.marronnierplaza.jp/assets/pdf/other/price/price.pdf,"入場料等加算・冷暖房・電気水道・早朝警備・清掃","現行公式ダウンロードページが案内する2022年12月1日改定税込表を画像照合"
PRICE-666,CAND-161,marronnier-large-third,facility,exhibition,weekday,09:00-17:00,154000,included,per_day,"大展示場1/3・890㎡・会期・平日",2022-12-01,2026-08-05,verified,https://www.marronnierplaza.jp/assets/pdf/other/price/price.pdf,"入場料等加算・冷暖房・電気水道・早朝警備・清掃","現行公式ダウンロードページが案内する2022年12月1日改定税込表を画像照合"
PRICE-667,CAND-161,marronnier-large-third,facility,exhibition,holiday,09:00-17:00,187000,included,per_day,"大展示場1/3・890㎡・会期・土日祝",2022-12-01,2026-08-05,verified,https://www.marronnierplaza.jp/assets/pdf/other/price/price.pdf,"入場料等加算・冷暖房・電気水道・早朝警備・清掃","現行公式ダウンロードページが案内する2022年12月1日改定税込表を画像照合"
PRICE-668,CAND-161,marronnier-large,hvac,all,all,per_hour,15400,included,per_hour,"大展示場・冷暖房",2022-12-01,2026-08-05,verified,https://www.marronnierplaza.jp/assets/pdf/other/price/price.pdf,"施設基本料・電気水道・早朝警備・清掃","現行公式ダウンロードページが案内する2022年12月1日改定税込表を画像照合。利用面積に関係なく同額"
PRICE-669,CAND-101,nishiten-large,facility,exhibition,all,08:00-18:00,836000,included,per_day,"大展示場全面・産業貿易関係",,2026-08-05,verified,https://hello-kitakyushu.or.jp/nishiten/fee/,"時間外・光熱水・空調・警備・清掃・ごみ・附帯設備・通信","運営者公式の現行HTML税込表を確認。準備撤去日の半日利用は半額"
PRICE-670,CAND-101,nishiten-large,facility,performance,all,08:00-18:00,1199000,included,per_day,"大展示場全面・その他目的",,2026-08-05,verified,https://hello-kitakyushu.or.jp/nishiten/fee/,"時間外・光熱水・空調・警備・清掃・ごみ・附帯設備・通信","運営者公式の現行HTML税込表を確認。産業貿易関係836,000円とは用途を分離"
PRICE-671,CAND-101,nishiten-large-two-thirds,facility,exhibition,all,08:00-18:00,638000,included,per_day,"大展示場2/3・産業貿易関係",,2026-08-05,verified,https://hello-kitakyushu.or.jp/nishiten/fee/,"時間外・光熱水・空調・警備・清掃・ごみ・附帯設備・通信","運営者公式の現行HTML税込表を確認"
PRICE-672,CAND-101,nishiten-large-two-thirds,facility,performance,all,08:00-18:00,880000,included,per_day,"大展示場2/3・その他目的",,2026-08-05,verified,https://hello-kitakyushu.or.jp/nishiten/fee/,"時間外・光熱水・空調・警備・清掃・ごみ・附帯設備・通信","運営者公式の現行HTML税込表を確認"
PRICE-673,CAND-101,nishiten-large-half,facility,exhibition,all,08:00-18:00,473000,included,per_day,"大展示場1/2・産業貿易関係",,2026-08-05,verified,https://hello-kitakyushu.or.jp/nishiten/fee/,"時間外・光熱水・空調・警備・清掃・ごみ・附帯設備・通信","運営者公式の現行HTML税込表を確認"
PRICE-674,CAND-101,nishiten-large-half,facility,performance,all,08:00-18:00,693000,included,per_day,"大展示場1/2・その他目的",,2026-08-05,verified,https://hello-kitakyushu.or.jp/nishiten/fee/,"時間外・光熱水・空調・警備・清掃・ごみ・附帯設備・通信","運営者公式の現行HTML税込表を確認"
PRICE-675,CAND-101,nishiten-large-third,facility,exhibition,all,08:00-18:00,330000,included,per_day,"大展示場1/3・産業貿易関係",,2026-08-05,verified,https://hello-kitakyushu.or.jp/nishiten/fee/,"時間外・光熱水・空調・警備・清掃・ごみ・附帯設備・通信","運営者公式の現行HTML税込表を確認"
PRICE-676,CAND-101,nishiten-large-third,facility,performance,all,08:00-18:00,506000,included,per_day,"大展示場1/3・その他目的",,2026-08-05,verified,https://hello-kitakyushu.or.jp/nishiten/fee/,"時間外・光熱水・空調・警備・清掃・ごみ・附帯設備・通信","運営者公式の現行HTML税込表を確認"
PRICE-677,CAND-101,nishiten-large,audio,all,all,per_day,2200,included,per_day,"放送用具1式・マイク1本・ワイヤレス1本・有線放送1か所",,2026-08-05,verified,https://hello-kitakyushu.or.jp/nishiten/fee/,"施設基本料・追加マイク・音響操作・電源・通信","運営者公式の現行HTML税込表を確認"
PRICE-678,CAND-101,nishiten-large,cleaning,all,all,per_event,76000,included,per_event,"大展示場全面・最終清掃",,2026-08-05,verified,https://hello-kitakyushu.or.jp/nishiten/fee/,"施設基本料・ごみ処理・光熱水・警備・通信","運営者公式の現行HTML税込表を確認。ごみ処理は別料金"
PRICE-679,CAND-141,parkdome-ground,facility,amateur_sports,all,per_hour,5330,included,per_hour,"グラウンド全面・学生・アマチュアスポーツ",,2026-08-05,verified,https://www.kspa.or.jp/park_charge/,"入場料徴収時加算・夜間照明・大型映像・放送・物販申請","指定管理者公式の現行HTML税込表を確認"
PRICE-680,CAND-141,parkdome-ground,facility,amateur_sports,all,per_hour,11710,included,per_hour,"グラウンド全面・一般・アマチュアスポーツ",,2026-08-05,verified,https://www.kspa.or.jp/park_charge/,"入場料徴収時加算・夜間照明・大型映像・放送・物販申請","指定管理者公式の現行HTML税込表を確認"
PRICE-681,CAND-141,parkdome-ground,facility,other_no_admission,all,per_hour,35130,included,per_hour,"グラウンド全面・アマチュアスポーツ以外",,2026-08-05,verified,https://www.kspa.or.jp/park_charge/,"入場料徴収時加算・夜間照明・大型映像・放送・物販申請","指定管理者公式の現行HTML税込表を確認。プロスポーツ等を含み得る区分で、非スポーツ利用可否・内容は事前確認が必要"
PRICE-682,CAND-141,parkdome-quarter,facility,other_no_admission,all,per_hour,8790,included,per_hour,"グラウンド1/4面・アマチュアスポーツ以外",,2026-08-05,verified,https://www.kspa.or.jp/park_charge/,"入場料徴収時加算・夜間照明・大型映像・放送・物販申請","指定管理者公式の現行HTML税込表を確認。プロスポーツ等を含み得る区分で、非スポーツ利用可否・内容は事前確認が必要"
PRICE-683,CAND-164,twin-north,facility,exhibition,all,09:00-17:00,803000,included,per_day,"北館大展示場全面・5,000㎡",2023-04-01,2026-08-05,verified,https://www.t-messe.or.jp/organizer/price.html,"時間外・冷暖房・附帯設備・中小企業以外/入場料加算","運営者公式の現行HTML税込表を確認。令和5年4月1日現在"
PRICE-684,CAND-164,twin-north,facility,exhibition,all,09:00-13:00,418000,included,per_half_day,"北館大展示場全面・半日",2023-04-01,2026-08-05,verified,https://www.t-messe.or.jp/organizer/price.html,"時間外・冷暖房・附帯設備・中小企業以外/入場料加算","運営者公式の現行HTML税込表を確認。13:00〜17:00も同額"
PRICE-685,CAND-164,twin-north,hvac,all,all,per_hour,33000,included,per_hour,"北館大展示場全面・冷暖房",2023-04-01,2026-08-05,verified,https://www.t-messe.or.jp/organizer/price.html,"施設基本料・附帯設備","運営者公式の現行HTML税込表を確認"
PRICE-686,CAND-164,twin-north-half,facility,exhibition,all,09:00-17:00,440000,included,per_day,"北館大展示場1/2・2,500㎡",2023-04-01,2026-08-05,verified,https://www.t-messe.or.jp/organizer/price.html,"時間外・冷暖房・附帯設備・中小企業以外/入場料加算","運営者公式の現行HTML税込表を確認"
PRICE-687,CAND-164,twin-south,facility,exhibition,all,09:00-17:00,836000,included,per_day,"南館大展示場全面・5,400㎡",2023-04-01,2026-08-05,verified,https://www.t-messe.or.jp/organizer/price.html,"時間外・冷暖房・附帯設備・中小企業以外/入場料加算","運営者公式の現行HTML税込表を確認。令和5年4月1日現在"
PRICE-688,CAND-164,twin-south,facility,exhibition,all,09:00-13:00,429000,included,per_half_day,"南館大展示場全面・半日",2023-04-01,2026-08-05,verified,https://www.t-messe.or.jp/organizer/price.html,"時間外・冷暖房・附帯設備・中小企業以外/入場料加算","運営者公式の現行HTML税込表を確認。13:00〜17:00も同額"
PRICE-689,CAND-164,twin-south,hvac,all,all,per_hour,34100,included,per_hour,"南館大展示場全面・冷暖房",2023-04-01,2026-08-05,verified,https://www.t-messe.or.jp/organizer/price.html,"施設基本料・附帯設備","運営者公式の現行HTML税込表を確認"
PRICE-690,CAND-164,twin-south-two-thirds,facility,exhibition,all,09:00-17:00,583000,included,per_day,"南館大展示場2/3・3,600㎡",2023-04-01,2026-08-05,verified,https://www.t-messe.or.jp/organizer/price.html,"時間外・冷暖房・附帯設備・中小企業以外/入場料加算","運営者公式の現行HTML税込表を確認"
PRICE-691,CAND-164,twin-south-third,facility,exhibition,all,09:00-17:00,308000,included,per_day,"南館大展示場1/3・1,800㎡",2023-04-01,2026-08-05,verified,https://www.t-messe.or.jp/organizer/price.html,"時間外・冷暖房・附帯設備・中小企業以外/入場料加算","運営者公式の現行HTML税込表を確認"
PRICE-692,CAND-164,twin-north,audio,all,all,per_day,7260,included,per_day,"展示場用放送設備1式・マイク1本",2023-04-01,2026-08-05,verified,https://www.t-messe.or.jp/organizer/price.html,"施設基本料・追加マイク・PA・操作・電源・通信","運営者公式の現行HTML税込表を確認"
PRICE-693,CAND-166,prism-main,setup_teardown,setup_teardown,all,09:00-22:00,1815000,included,per_day,"全面2,809㎡・設営撤去日",2026-04-01,2026-08-05,verified,https://www.tokyo-dome.co.jp/prism/organizer/pdf/fee.pdf,"本番利用・空調・音響・電気・警備・清掃","運営者公式の2026年度税込料金表を確認。2027年3月31日まで有効"
PRICE-694,CAND-166,prism-pattern-a,facility,exhibition,all,10:00-18:00,2970000,included,per_day,"パターンA・2,327㎡・イベント開催日",2026-04-01,2026-08-05,verified,https://www.tokyo-dome.co.jp/prism/organizer/pdf/fee.pdf,"時間外・空調・音響・電気・警備・清掃","運営者公式の2026年度税込料金表を確認。2027年3月31日まで有効"
PRICE-695,CAND-166,prism-pattern-a,setup_teardown,setup_teardown,all,09:00-22:00,1485000,included,per_day,"パターンA・2,327㎡・設営撤去日",2026-04-01,2026-08-05,verified,https://www.tokyo-dome.co.jp/prism/organizer/pdf/fee.pdf,"本番利用・空調・音響・電気・警備・清掃","運営者公式の2026年度税込料金表を確認。2027年3月31日まで有効"
PRICE-696,CAND-166,prism-pattern-b,facility,exhibition,all,10:00-18:00,1815000,included,per_day,"パターンB・西半面1,374㎡・イベント開催日",2026-04-01,2026-08-05,verified,https://www.tokyo-dome.co.jp/prism/organizer/pdf/fee.pdf,"時間外・空調・音響・電気・警備・清掃","運営者公式の2026年度税込料金表を確認。半面は他催事との同時開催条件あり"
PRICE-697,CAND-166,prism-pattern-b,setup_teardown,setup_teardown,all,09:00-22:00,907500,included,per_day,"パターンB・西半面1,374㎡・設営撤去日",2026-04-01,2026-08-05,verified,https://www.tokyo-dome.co.jp/prism/organizer/pdf/fee.pdf,"本番利用・空調・音響・電気・警備・清掃","運営者公式の2026年度税込料金表を確認。半面は他催事との同時開催条件あり"
PRICE-698,CAND-166,prism-pattern-c,facility,exhibition,all,10:00-18:00,1815000,included,per_day,"パターンC・東半面1,374㎡・イベント開催日",2026-04-01,2026-08-05,verified,https://www.tokyo-dome.co.jp/prism/organizer/pdf/fee.pdf,"時間外・空調・音響・電気・警備・清掃","運営者公式の2026年度税込料金表を確認。半面は他催事との同時開催条件あり"
PRICE-699,CAND-166,prism-pattern-c,setup_teardown,setup_teardown,all,09:00-22:00,907500,included,per_day,"パターンC・東半面1,374㎡・設営撤去日",2026-04-01,2026-08-05,verified,https://www.tokyo-dome.co.jp/prism/organizer/pdf/fee.pdf,"本番利用・空調・音響・電気・警備・清掃","運営者公式の2026年度税込料金表を確認。半面は他催事との同時開催条件あり"
PRICE-700,CAND-166,prism-main,hvac,all,all,per_day,88000,included,per_day,"全面・空調設備1日",2026-04-01,2026-08-05,verified,https://www.tokyo-dome.co.jp/prism/organizer/pdf/fee.pdf,"施設基本料・時間外・電気・警備・清掃","運営者公式の2026年度税込料金表を確認"
PRICE-701,CAND-166,prism-main,audio,all,all,per_event,11000,included,per_event,"音響設備1式・イベント開催日",2026-04-01,2026-08-05,verified,https://www.tokyo-dome.co.jp/prism/organizer/pdf/fee.pdf,"施設基本料・追加機材・オペレーター・電気","運営者公式の2026年度税込料金表を確認"
PRICE-702,CAND-169,ehime-kenbun-main,facility,performance,holiday,09:00-22:00,332380,included,per_day,"メインホール・土日祝・入場無料・全日",2025-04-01,2026-08-05,verified,https://www.kenbun.jp/rent/price/,"附帯設備・冷暖房・時間外","運営者公式の現行税込料金表を確認"
PRICE-703,CAND-169,ehime-kenbun-main,facility,performance,weekday,09:00-22:00,360100,included,per_day,"メインホール・平日・最高入場料1,100円未満・全日",2025-04-01,2026-08-05,verified,https://www.kenbun.jp/rent/price/,"附帯設備・冷暖房・時間外","運営者公式の現行税込料金表を確認"
PRICE-704,CAND-169,ehime-kenbun-main,facility,performance,holiday,09:00-22:00,432120,included,per_day,"メインホール・土日祝・最高入場料1,100円未満・全日",2025-04-01,2026-08-05,verified,https://www.kenbun.jp/rent/price/,"附帯設備・冷暖房・時間外","運営者公式の現行税込料金表を確認"
PRICE-705,CAND-169,ehime-kenbun-main,facility,performance,weekday,09:00-22:00,443200,included,per_day,"メインホール・平日・最高入場料1,100円以上3,300円未満・全日",2025-04-01,2026-08-05,verified,https://www.kenbun.jp/rent/price/,"附帯設備・冷暖房・時間外","運営者公式の現行税込料金表を確認"
PRICE-706,CAND-169,ehime-kenbun-main,facility,performance,holiday,09:00-22:00,531840,included,per_day,"メインホール・土日祝・最高入場料1,100円以上3,300円未満・全日",2025-04-01,2026-08-05,verified,https://www.kenbun.jp/rent/price/,"附帯設備・冷暖房・時間外","運営者公式の現行税込料金表を確認"
PRICE-707,CAND-169,ehime-kenbun-main,facility,performance,weekday,09:00-22:00,554010,included,per_day,"メインホール・平日・最高入場料3,300円以上・全日",2025-04-01,2026-08-05,verified,https://www.kenbun.jp/rent/price/,"附帯設備・冷暖房・時間外","運営者公式の現行税込料金表を確認"
PRICE-708,CAND-169,ehime-kenbun-main,facility,performance,holiday,09:00-22:00,664800,included,per_day,"メインホール・土日祝・最高入場料3,300円以上・全日",2025-04-01,2026-08-05,verified,https://www.kenbun.jp/rent/price/,"附帯設備・冷暖房・時間外","運営者公式の現行税込料金表を確認"
PRICE-709,CAND-169,ehime-kenbun-main,setup_teardown,setup_teardown,weekday,09:00-22:00,138480,included,per_day,"メインホール・平日・準備またはリハーサル・全日",2025-04-01,2026-08-05,verified,https://www.kenbun.jp/rent/price/,"本番利用・附帯設備・冷暖房・時間外","運営者公式の現行税込料金表を確認"
PRICE-710,CAND-169,ehime-kenbun-main,setup_teardown,setup_teardown,holiday,09:00-22:00,166190,included,per_day,"メインホール・土日祝・準備またはリハーサル・全日",2025-04-01,2026-08-05,verified,https://www.kenbun.jp/rent/price/,"本番利用・附帯設備・冷暖房・時間外","運営者公式の現行税込料金表を確認"
PRICE-711,CAND-137,hiroshima-exhibition-one-zone,facility,exhibition,all,09:00-17:00,79200,included,per_day,"展示館1区画・660㎡・入場料を徴収しない場合",,2026-08-05,verified,https://exhibition-oken.jp/ご利用料金案内/,"時間外・附帯設備・入場料徴収時加算","運営者公式の現行税込料金ページを確認"
PRICE-712,CAND-137,hiroshima-exhibition-two-zones,facility,exhibition,all,09:00-17:00,158400,included,per_day,"展示館2区画・1,320㎡・入場料を徴収しない場合",,2026-08-05,verified,https://exhibition-oken.jp/ご利用料金案内/,"時間外・附帯設備・入場料徴収時加算","運営者公式の現行税込料金ページを確認"
PRICE-713,CAND-137,hiroshima-exhibition-three-zones,facility,exhibition,all,09:00-17:00,237600,included,per_day,"展示館3区画・1,980㎡・入場料を徴収しない場合",,2026-08-05,verified,https://exhibition-oken.jp/ご利用料金案内/,"時間外・附帯設備・入場料徴収時加算","運営者公式の現行税込料金ページを確認"
PRICE-714,CAND-137,hiroshima-exhibition,facility,exhibition,all,09:00-17:00,633600,included,per_day,"展示館全面・2,640㎡・入場料を徴収する場合",,2026-08-05,verified,https://exhibition-oken.jp/ご利用料金案内/,"時間外・附帯設備","公式表の入場料徴収時2倍規定に基づき316,800円×2で算出"
PRICE-715,CAND-137,hiroshima-exhibition-one-zone,facility,exhibition,all,09:00-17:00,158400,included,per_day,"展示館1区画・660㎡・入場料を徴収する場合",,2026-08-05,verified,https://exhibition-oken.jp/ご利用料金案内/,"時間外・附帯設備","公式表の入場料徴収時2倍規定に基づき79,200円×2で算出"
PRICE-716,CAND-137,hiroshima-exhibition-two-zones,facility,exhibition,all,09:00-17:00,316800,included,per_day,"展示館2区画・1,320㎡・入場料を徴収する場合",,2026-08-05,verified,https://exhibition-oken.jp/ご利用料金案内/,"時間外・附帯設備","公式表の入場料徴収時2倍規定に基づき158,400円×2で算出"
PRICE-717,CAND-137,hiroshima-exhibition-three-zones,facility,exhibition,all,09:00-17:00,475200,included,per_day,"展示館3区画・1,980㎡・入場料を徴収する場合",,2026-08-05,verified,https://exhibition-oken.jp/ご利用料金案内/,"時間外・附帯設備","公式表の入場料徴収時2倍規定に基づき237,600円×2で算出"
PRICE-718,CAND-172,rohm-main,facility,performance,holiday,09:00-22:00,663700,included,per_day,"メインホール全席・土日祝・入場無料・全3区分本番",2023-04-01,2026-08-05,verified,https://rohmtheatrekyoto.jp/rental/price/,"付属設備・延長・人件費・物販手数料","運営者公式の現行HTML税込表を確認。ページ表示は2023年4月現在"
PRICE-719,CAND-172,rohm-main,facility,performance,holiday,09:00-22:00,885000,included,per_day,"メインホール全席・土日祝・最高入場料3,000円以下・全3区分本番",2023-04-01,2026-08-05,verified,https://rohmtheatrekyoto.jp/rental/price/,"付属設備・延長・人件費・物販手数料","運営者公式の現行HTML税込表を確認。ページ表示は2023年4月現在"
PRICE-720,CAND-172,rohm-main,facility,performance,holiday,09:00-22:00,1206800,included,per_day,"メインホール全席・土日祝・最高入場料3,001円以上・全3区分本番",2023-04-01,2026-08-05,verified,https://rohmtheatrekyoto.jp/rental/price/,"付属設備・延長・人件費・物販手数料","運営者公式の現行HTML税込表を確認。ページ表示は2023年4月現在"
PRICE-721,CAND-172,rohm-main,facility,performance,weekday,09:00-22:00,462600,included,per_day,"メインホール全席・平日・入場無料・全3区分本番",2023-04-01,2026-08-05,verified,https://rohmtheatrekyoto.jp/rental/price/,"付属設備・延長・人件費・物販手数料","運営者公式の現行HTML税込表を確認。ページ表示は2023年4月現在"
PRICE-722,CAND-172,rohm-main,facility,performance,weekday,09:00-22:00,647600,included,per_day,"メインホール全席・平日・最高入場料3,000円以下・全3区分本番",2023-04-01,2026-08-05,verified,https://rohmtheatrekyoto.jp/rental/price/,"付属設備・延長・人件費・物販手数料","運営者公式の現行HTML税込表を確認。ページ表示は2023年4月現在"
PRICE-723,CAND-172,rohm-main,facility,performance,weekday,09:00-22:00,809500,included,per_day,"メインホール全席・平日・最高入場料3,001円以上・全3区分本番",2023-04-01,2026-08-05,verified,https://rohmtheatrekyoto.jp/rental/price/,"付属設備・延長・人件費・物販手数料","運営者公式の現行HTML税込表を確認。ページ表示は2023年4月現在"
PRICE-724,CAND-172,rohm-main,setup_teardown,setup_teardown,holiday,09:00-22:00,331800,included,per_day,"メインホール全席・土日祝・入場無料区分・全3区分準備練習",2023-04-01,2026-08-05,verified,https://rohmtheatrekyoto.jp/rental/price/,"本番利用・付属設備・延長・人件費","運営者公式の現行HTML税込表を確認。準備練習の適用条件あり"
PRICE-725,CAND-172,rohm-main,setup_teardown,setup_teardown,weekday,09:00-22:00,231300,included,per_day,"メインホール全席・平日・入場無料区分・全3区分準備練習",2023-04-01,2026-08-05,verified,https://rohmtheatrekyoto.jp/rental/price/,"本番利用・付属設備・延長・人件費","運営者公式の現行HTML税込表を確認。準備練習の適用条件あり"
PRICE-726,CAND-172,rohm-main,network,all,all,per_day,11000,excluded,per_day,"インターネット中継用専用光回線1回線",,2026-08-05,verified,https://rohmtheatrekyoto.jp/wp-content/uploads/rentalguide_web_20260301.pdf,"施設基本料・撮影配信機材・要員・館内共用LAN/Wi-Fi","2026年3月版公式利用案内を確認。税抜、全館で2回線のみのため事前相談"
PRICE-727,CAND-172,rohm-south,facility,performance,holiday,09:00-22:00,321500,included,per_day,"サウスホール全席・土日祝・入場無料・全3区分本番",2023-04-01,2026-08-05,verified,https://rohmtheatrekyoto.jp/rental/price/,"付属設備・延長・人件費・物販手数料","運営者公式の現行HTML税込表を確認。ページ表示は2023年4月現在"
PRICE-728,CAND-172,rohm-south,facility,performance,holiday,09:00-22:00,428600,included,per_day,"サウスホール全席・土日祝・最高入場料3,000円以下・全3区分本番",2023-04-01,2026-08-05,verified,https://rohmtheatrekyoto.jp/rental/price/,"付属設備・延長・人件費・物販手数料","運営者公式の現行HTML税込表を確認。ページ表示は2023年4月現在"
PRICE-729,CAND-172,rohm-south,facility,performance,holiday,09:00-22:00,584500,included,per_day,"サウスホール全席・土日祝・最高入場料3,001円以上・全3区分本番",2023-04-01,2026-08-05,verified,https://rohmtheatrekyoto.jp/rental/price/,"付属設備・延長・人件費・物販手数料","運営者公式の現行HTML税込表を確認。ページ表示は2023年4月現在"
PRICE-730,CAND-172,rohm-south,facility,performance,weekday,09:00-22:00,224400,included,per_day,"サウスホール全席・平日・入場無料・全3区分本番",2023-04-01,2026-08-05,verified,https://rohmtheatrekyoto.jp/rental/price/,"付属設備・延長・人件費・物販手数料","運営者公式の現行HTML税込表を確認。ページ表示は2023年4月現在"
PRICE-731,CAND-172,rohm-south,facility,performance,weekday,09:00-22:00,314100,included,per_day,"サウスホール全席・平日・最高入場料3,000円以下・全3区分本番",2023-04-01,2026-08-05,verified,https://rohmtheatrekyoto.jp/rental/price/,"付属設備・延長・人件費・物販手数料","運営者公式の現行HTML税込表を確認。ページ表示は2023年4月現在"
PRICE-732,CAND-172,rohm-south,facility,performance,weekday,09:00-22:00,392700,included,per_day,"サウスホール全席・平日・最高入場料3,001円以上・全3区分本番",2023-04-01,2026-08-05,verified,https://rohmtheatrekyoto.jp/rental/price/,"付属設備・延長・人件費・物販手数料","運営者公式の現行HTML税込表を確認。ページ表示は2023年4月現在"
PRICE-733,CAND-172,rohm-south,setup_teardown,setup_teardown,holiday,09:00-22:00,160700,included,per_day,"サウスホール全席・土日祝・入場無料区分・全3区分準備練習",2023-04-01,2026-08-05,verified,https://rohmtheatrekyoto.jp/rental/price/,"本番利用・付属設備・延長・人件費","運営者公式の現行HTML税込表を確認。準備練習の適用条件あり"
PRICE-734,CAND-172,rohm-south,setup_teardown,setup_teardown,weekday,09:00-22:00,112200,included,per_day,"サウスホール全席・平日・入場無料区分・全3区分準備練習",2023-04-01,2026-08-05,verified,https://rohmtheatrekyoto.jp/rental/price/,"本番利用・付属設備・延長・人件費","運営者公式の現行HTML税込表を確認。準備練習の適用条件あり"
PRICE-735,CAND-172,rohm-north,facility,performance,holiday,09:00-22:00,90200,included,per_day,"ノースホール・土日祝・全3区分本番",2023-04-01,2026-08-05,verified,https://rohmtheatrekyoto.jp/rental/price/,"付属設備・延長・人件費・物販手数料","運営者公式の現行HTML税込表を確認。ページ表示は2023年4月現在"
PRICE-736,CAND-172,rohm-north,facility,performance,weekday,09:00-22:00,66100,included,per_day,"ノースホール・平日・全3区分本番",2023-04-01,2026-08-05,verified,https://rohmtheatrekyoto.jp/rental/price/,"付属設備・延長・人件費・物販手数料","運営者公式の現行HTML税込表を確認。ページ表示は2023年4月現在"
PRICE-737,CAND-173,kyoto-concert-main,facility,performance,holiday,09:00-12:00,237160,included,per_session,"大ホール・土日祝・入場料を徴収しない本番・午前",,2026-08-05,verified,https://www.kyotoconcerthall.org/price/,"付属設備・延長・人件費","運営者公式の現行HTML税込表を確認"
PRICE-738,CAND-173,kyoto-concert-main,facility,performance,holiday,13:00-17:00,331890,included,per_session,"大ホール・土日祝・入場料を徴収しない本番・午後",,2026-08-05,verified,https://www.kyotoconcerthall.org/price/,"付属設備・延長・人件費","運営者公式の現行HTML税込表を確認"
PRICE-739,CAND-173,kyoto-concert-main,facility,performance,holiday,18:00-22:00,473630,included,per_session,"大ホール・土日祝・入場料を徴収しない本番・夜間",,2026-08-05,verified,https://www.kyotoconcerthall.org/price/,"付属設備・延長・人件費","運営者公式の現行HTML税込表を確認"
PRICE-740,CAND-173,kyoto-concert-main,facility,performance,weekday,09:00-12:00,179770,included,per_session,"大ホール・平日・入場料を徴収しない本番・午前",,2026-08-05,verified,https://www.kyotoconcerthall.org/price/,"付属設備・延長・人件費","運営者公式の現行HTML税込表を確認"
PRICE-741,CAND-173,kyoto-concert-main,facility,performance,weekday,13:00-17:00,252060,included,per_session,"大ホール・平日・入場料を徴収しない本番・午後",,2026-08-05,verified,https://www.kyotoconcerthall.org/price/,"付属設備・延長・人件費","運営者公式の現行HTML税込表を確認"
PRICE-742,CAND-173,kyoto-concert-main,facility,performance,weekday,18:00-22:00,359540,included,per_session,"大ホール・平日・入場料を徴収しない本番・夜間",,2026-08-05,verified,https://www.kyotoconcerthall.org/price/,"付属設備・延長・人件費","運営者公式の現行HTML税込表を確認"
PRICE-743,CAND-173,kyoto-concert-main,facility,performance,weekday,09:00-12:00,239690,included,per_session,"大ホール・平日・最高入場料2,001〜5,000円・本番・午前",,2026-08-05,verified,https://www.kyotoconcerthall.org/price/,"付属設備・延長・人件費","運営者公式の現行HTML税込表を確認"
PRICE-744,CAND-173,kyoto-concert-main,facility,performance,weekday,13:00-17:00,336080,included,per_session,"大ホール・平日・最高入場料2,001〜5,000円・本番・午後",,2026-08-05,verified,https://www.kyotoconcerthall.org/price/,"付属設備・延長・人件費","運営者公式の現行HTML税込表を確認"
PRICE-745,CAND-173,kyoto-concert-main,facility,performance,weekday,18:00-22:00,479390,included,per_session,"大ホール・平日・最高入場料2,001〜5,000円・本番・夜間",,2026-08-05,verified,https://www.kyotoconcerthall.org/price/,"付属設備・延長・人件費","運営者公式の現行HTML税込表を確認"
PRICE-746,CAND-173,kyoto-concert-main,facility,performance,weekday,09:00-12:00,299610,included,per_session,"大ホール・平日・最高入場料5,001円以上・本番・午前",,2026-08-05,verified,https://www.kyotoconcerthall.org/price/,"付属設備・延長・人件費","運営者公式の現行HTML税込表を確認"
PRICE-747,CAND-173,kyoto-concert-main,facility,performance,weekday,13:00-17:00,420090,included,per_session,"大ホール・平日・最高入場料5,001円以上・本番・午後",,2026-08-05,verified,https://www.kyotoconcerthall.org/price/,"付属設備・延長・人件費","運営者公式の現行HTML税込表を確認"
PRICE-748,CAND-173,kyoto-concert-main,facility,performance,weekday,18:00-22:00,599230,included,per_session,"大ホール・平日・最高入場料5,001円以上・本番・夜間",,2026-08-05,verified,https://www.kyotoconcerthall.org/price/,"付属設備・延長・人件費","運営者公式の現行HTML税込表を確認"
PRICE-749,CAND-173,kyoto-concert-main,network,all,all,per_day,12100,included,per_day,"ライブ配信用1Gbps光回線",,2026-08-05,verified,https://www.kyotoconcerthall.org/price/,"施設基本料・配信機材・通信機器・LANケーブル","運営者公式の現行HTML税込表を確認。ベストエフォート型、3日以上連続は上限36,300円"
PRICE-750,CAND-120,kami-main,facility,amateur_sports_no_admission,all,08:30-12:00,12250,not_stated,per_session,"メインアリーナ専用・入場料なし・アマチュアスポーツ・午前",2026-04-01,2026-08-05,verified,https://www.hamayamakoen.jp/pdf/20260401_riyouryou.pdf,"附属設備・時間外・冷暖房・観客席等","指定管理者公式の2026年4月1日改定新料金を確認"
PRICE-751,CAND-120,kami-main,facility,amateur_sports_no_admission,all,13:00-17:00,18380,not_stated,per_session,"メインアリーナ専用・入場料なし・アマチュアスポーツ・午後",2026-04-01,2026-08-05,verified,https://www.hamayamakoen.jp/pdf/20260401_riyouryou.pdf,"附属設備・時間外・冷暖房・観客席等","指定管理者公式の2026年4月1日改定新料金を確認"
PRICE-752,CAND-120,kami-main,facility,amateur_sports_no_admission,all,08:30-17:00,30640,not_stated,per_day,"メインアリーナ専用・入場料なし・アマチュアスポーツ・昼間",2026-04-01,2026-08-05,verified,https://www.hamayamakoen.jp/pdf/20260401_riyouryou.pdf,"附属設備・時間外・冷暖房・観客席等","指定管理者公式の2026年4月1日改定新料金を確認"
PRICE-753,CAND-120,kami-main,facility,other_no_admission,all,08:30-12:00,91960,not_stated,per_session,"メインアリーナ専用・入場料なし・アマチュアスポーツ以外・午前",2026-04-01,2026-08-05,verified,https://www.hamayamakoen.jp/pdf/20260401_riyouryou.pdf,"附属設備・時間外・冷暖房・観客席等","指定管理者公式の2026年4月1日改定新料金を確認。非スポーツ専用と断定せずその他用途区分として記録"
PRICE-754,CAND-120,kami-main,facility,other_no_admission,all,13:00-17:00,137940,not_stated,per_session,"メインアリーナ専用・入場料なし・アマチュアスポーツ以外・午後",2026-04-01,2026-08-05,verified,https://www.hamayamakoen.jp/pdf/20260401_riyouryou.pdf,"附属設備・時間外・冷暖房・観客席等","指定管理者公式の2026年4月1日改定新料金を確認。非スポーツ専用と断定せずその他用途区分として記録"
PRICE-755,CAND-120,kami-main,facility,other_no_admission,all,08:30-17:00,229900,not_stated,per_day,"メインアリーナ専用・入場料なし・アマチュアスポーツ以外・昼間",2026-04-01,2026-08-05,verified,https://www.hamayamakoen.jp/pdf/20260401_riyouryou.pdf,"附属設備・時間外・冷暖房・観客席等","指定管理者公式の2026年4月1日改定新料金を確認。非スポーツ専用と断定せずその他用途区分として記録"
PRICE-756,CAND-120,kami-main,facility,amateur_sports_paid_admission,all,08:30-17:00,153260,not_stated,per_day,"メインアリーナ専用・入場料あり・アマチュアスポーツ・昼間",2026-04-01,2026-08-05,verified,https://www.hamayamakoen.jp/pdf/20260401_riyouryou.pdf,"附属設備・時間外・冷暖房・観客席等","指定管理者公式の2026年4月1日改定新料金を確認"
PRICE-757,CAND-120,kami-main,facility,other_admission,all,08:30-12:00,183920,not_stated,per_session,"メインアリーナ専用・入場料あり・アマチュアスポーツ以外・午前",2026-04-01,2026-08-05,verified,https://www.hamayamakoen.jp/pdf/20260401_riyouryou.pdf,"附属設備・時間外・冷暖房・観客席等","指定管理者公式の2026年4月1日改定新料金を確認。非スポーツ専用と断定せずその他用途区分として記録"
PRICE-758,CAND-120,kami-main,facility,other_admission,all,13:00-17:00,275880,not_stated,per_session,"メインアリーナ専用・入場料あり・アマチュアスポーツ以外・午後",2026-04-01,2026-08-05,verified,https://www.hamayamakoen.jp/pdf/20260401_riyouryou.pdf,"附属設備・時間外・冷暖房・観客席等","指定管理者公式の2026年4月1日改定新料金を確認。非スポーツ専用と断定せずその他用途区分として記録"
PRICE-759,CAND-120,kami-main,facility,other_admission,all,08:30-17:00,459800,not_stated,per_day,"メインアリーナ専用・入場料あり・アマチュアスポーツ以外・昼間",2026-04-01,2026-08-05,verified,https://www.hamayamakoen.jp/pdf/20260401_riyouryou.pdf,"附属設備・時間外・冷暖房・観客席等","指定管理者公式の2026年4月1日改定新料金を確認。非スポーツ専用と断定せずその他用途区分として記録"
PRICE-760,CAND-120,kami-sub,facility,amateur_sports_no_admission,all,08:30-17:00,9610,not_stated,per_day,"サブアリーナ専用・入場料なし・アマチュアスポーツ・昼間",2026-04-01,2026-08-05,verified,https://www.hamayamakoen.jp/pdf/20260401_riyouryou.pdf,"附属設備・時間外・冷暖房等","指定管理者公式の2026年4月1日改定新料金を確認"
PRICE-761,CAND-120,kami-sub,facility,other_no_admission,all,08:30-17:00,72240,not_stated,per_day,"サブアリーナ専用・入場料なし・アマチュアスポーツ以外・昼間",2026-04-01,2026-08-05,verified,https://www.hamayamakoen.jp/pdf/20260401_riyouryou.pdf,"附属設備・時間外・冷暖房等","指定管理者公式の2026年4月1日改定新料金を確認。非スポーツ専用と断定せずその他用途区分として記録"
PRICE-762,CAND-120,kami-sub,facility,amateur_sports_paid_admission,all,08:30-17:00,48150,not_stated,per_day,"サブアリーナ専用・入場料あり・アマチュアスポーツ・昼間",2026-04-01,2026-08-05,verified,https://www.hamayamakoen.jp/pdf/20260401_riyouryou.pdf,"附属設備・時間外・冷暖房等","指定管理者公式の2026年4月1日改定新料金を確認"
PRICE-763,CAND-120,kami-sub,facility,other_admission,all,08:30-17:00,144490,not_stated,per_day,"サブアリーナ専用・入場料あり・アマチュアスポーツ以外・昼間",2026-04-01,2026-08-05,verified,https://www.hamayamakoen.jp/pdf/20260401_riyouryou.pdf,"附属設備・時間外・冷暖房等","指定管理者公式の2026年4月1日改定新料金を確認。非スポーツ専用と断定せずその他用途区分として記録"
PRICE-764,CAND-149,yanmar-nagai,facility,amateur_sports_no_admission,weekday,09:00-21:00,336000,not_stated,per_day,"全スタンド・競技大会・会費または入場料なし・平日終日",,2026-08-05,verified,https://nagaipark.com/stadium/guide/price/,"附属設備・入場料徴収時3倍・土日祝2割増","指定管理者公式の現行HTML料金表を確認"
PRICE-765,CAND-149,yanmar-nagai,facility,other_no_admission,weekday,09:00-21:00,504000,not_stated,per_day,"スタンドなし又はメインスタンドのみ・その他利用・会費または入場料なし・平日終日",,2026-08-05,verified,https://nagaipark.com/stadium/guide/price/,"附属設備・入場料徴収時3倍・土日祝2割増","指定管理者公式の現行HTML料金表を確認"
PRICE-766,CAND-149,yanmar-nagai,facility,other_no_admission,weekday,09:00-21:00,756000,not_stated,per_day,"中段スタンドまで・その他利用・会費または入場料なし・平日終日",,2026-08-05,verified,https://nagaipark.com/stadium/guide/price/,"附属設備・入場料徴収時3倍・土日祝2割増","指定管理者公式の現行HTML料金表を確認"
PRICE-767,CAND-149,yanmar-nagai,facility,other_admission,weekday,09:00-21:00,3024000,not_stated,per_day,"全スタンド・その他利用・会費または入場料あり・平日終日",,2026-08-05,verified,https://nagaipark.com/stadium/guide/price/,"附属設備・土日祝2割増","公式表の入場料徴収時3倍規定に基づき1,008,000円×3で算出"
PRICE-768,CAND-149,yanmar-nagai,facility,other_no_admission,holiday,09:00-21:00,1209600,not_stated,per_day,"全スタンド・その他利用・会費または入場料なし・土日祝終日",,2026-08-05,verified,https://nagaipark.com/stadium/guide/price/,"附属設備・入場料徴収時3倍","公式表の土日祝2割増規定に基づき1,008,000円×1.2で算出"
PRICE-769,CAND-149,yanmar-nagai,facility,other_admission,holiday,09:00-21:00,3628800,not_stated,per_day,"全スタンド・その他利用・会費または入場料あり・土日祝終日",,2026-08-05,verified,https://nagaipark.com/stadium/guide/price/,"附属設備","公式表の入場料徴収時3倍・土日祝2割増規定に基づき1,008,000円×3×1.2で算出"
PRICE-770,CAND-149,yanmar-nagai,audio,all,all,per_day,18000,not_stated,per_day,"拡声装置1日",,2026-08-05,verified,https://nagaipark.com/stadium/guide/price/,"施設基本料・操作人件費・追加機材","指定管理者公式の現行HTML料金表を確認"
PRICE-771,CAND-149,yanmar-nagai,video,all,all,per_day,24000,not_stated,per_day,"映像設備1日",,2026-08-05,verified,https://nagaipark.com/stadium/guide/price/,"施設基本料・操作人件費・追加機材","指定管理者公式の現行HTML料金表を確認"
PRICE-772,CAND-149,yanmar-nagai,lighting,all,all,per_hour,96000,not_stated,per_hour,"照明設備1,500ルクス以上",,2026-08-05,verified,https://nagaipark.com/stadium/guide/price/,"施設基本料・特殊照明・操作人件費","指定管理者公式の現行HTML料金表を確認"
PRICE-773,CAND-146,panasonic-stands,video,all,all,per_2_hours,2200,not_stated,per_2_hours,"電光掲示板1式・2時間",,2026-08-05,verified,https://www.city.suita.osaka.jp/_res/projects/default_project/_page_/001/012/932/1201216121557.pdf,"施設基本料・操作人件費・追加機材","吹田市公式の2026年公開施設資料に掲載された附属設備料金を確認。市外使用者は倍額"
PRICE-774,CAND-146,panasonic-stands,audio,all,all,per_2_hours,1500,not_stated,per_2_hours,"放送設備装置1式・2時間",,2026-08-05,verified,https://www.city.suita.osaka.jp/_res/projects/default_project/_page_/001/012/932/1201216121557.pdf,"施設基本料・操作人件費・追加機材","吹田市公式の2026年公開施設資料に掲載された附属設備料金を確認。市外使用者は倍額"
PRICE-775,CAND-146,panasonic-stands,equipment,all,all,per_day,15000,not_stated,per_day,"写真判定装置1式・1日",,2026-08-05,verified,https://www.city.suita.osaka.jp/_res/projects/default_project/_page_/001/012/932/1201216121557.pdf,"施設基本料・操作人件費","吹田市公式の2026年公開施設資料に掲載された附属設備料金を確認。市外使用者は倍額"
PRICE-776,CAND-146,panasonic-stands,lighting,all,all,per_30_minutes,2300,not_stated,per_30_minutes,"ナイター照明4機・全灯・30分",,2026-08-05,verified,https://www.city.suita.osaka.jp/_res/projects/default_project/_page_/001/012/932/1201216121557.pdf,"施設基本料・操作人件費","吹田市公式の2026年公開施設資料に掲載された附属設備料金を確認。市外使用者は倍額"
PRICE-777,CAND-146,panasonic-stands,lighting,all,all,per_30_minutes,1200,not_stated,per_30_minutes,"ナイター照明4機・半灯・30分",,2026-08-05,verified,https://www.city.suita.osaka.jp/_res/projects/default_project/_page_/001/012/932/1201216121557.pdf,"施設基本料・操作人件費","吹田市公式の2026年公開施設資料に掲載された附属設備料金を確認。市外使用者は倍額"
PRICE-778,CAND-155,peacewing-field,facility,amateur_sports,weekday,09:00-21:00,257830,not_stated,per_day,"フィールド及びスタンド双方・大人・アマチュアスポーツ・平日1日",,2026-08-05,verified,https://www.hiroshima-stadiumpark.jp/peacewing/asset/img/rental/field_stand.jpg?v2,"附属設備・入場料等徴収時加算・芝修繕費","運営者公式の現行掲載料金表画像を目視照合。施行日と税込表記は明示なし"
PRICE-779,CAND-155,peacewing-field,facility,amateur_sports,holiday,09:00-21:00,309390,not_stated,per_day,"フィールド及びスタンド双方・大人・アマチュアスポーツ・土日祝1日",,2026-08-05,verified,https://www.hiroshima-stadiumpark.jp/peacewing/asset/img/rental/field_stand.jpg?v2,"附属設備・入場料等徴収時加算・芝修繕費","運営者公式の現行掲載料金表画像を目視照合。施行日と税込表記は明示なし"
PRICE-780,CAND-155,peacewing-field,facility,event,weekday,09:00-21:00,515660,not_stated,per_day,"フィールド及びスタンド双方・大人・アマチュアスポーツ以外・平日1日",,2026-08-05,verified,https://www.hiroshima-stadiumpark.jp/peacewing/asset/img/rental/field_stand.jpg?v2,"附属設備・入場料等徴収時加算・芝修繕費","運営者公式の現行掲載料金表画像を目視照合。施行日と税込表記は明示なし"
PRICE-781,CAND-155,peacewing-field,facility,event,holiday,09:00-21:00,618780,not_stated,per_day,"フィールド及びスタンド双方・大人・アマチュアスポーツ以外・土日祝1日",,2026-08-05,verified,https://www.hiroshima-stadiumpark.jp/peacewing/asset/img/rental/field_stand.jpg?v2,"附属設備・入場料等徴収時加算・芝修繕費","運営者公式の現行掲載料金表画像を目視照合。施行日と税込表記は明示なし"
PRICE-782,CAND-155,peacewing-field,facility,amateur_sports,weekday,09:00-21:00,128910,not_stated,per_day,"フィールド又はスタンドの一方・大人・アマチュアスポーツ・平日1日",,2026-08-05,verified,https://www.hiroshima-stadiumpark.jp/peacewing/asset/img/rental/field_stand.jpg?v2,"附属設備・入場料等徴収時加算・芝修繕費","運営者公式の現行掲載料金表画像を目視照合。施行日と税込表記は明示なし"
PRICE-783,CAND-155,peacewing-field,facility,amateur_sports,holiday,09:00-21:00,154690,not_stated,per_day,"フィールド又はスタンドの一方・大人・アマチュアスポーツ・土日祝1日",,2026-08-05,verified,https://www.hiroshima-stadiumpark.jp/peacewing/asset/img/rental/field_stand.jpg?v2,"附属設備・入場料等徴収時加算・芝修繕費","運営者公式の現行掲載料金表画像を目視照合。施行日と税込表記は明示なし"
PRICE-784,CAND-155,peacewing-field,facility,event,weekday,09:00-21:00,257820,not_stated,per_day,"フィールド又はスタンドの一方・大人・アマチュアスポーツ以外・平日1日",,2026-08-05,verified,https://www.hiroshima-stadiumpark.jp/peacewing/asset/img/rental/field_stand.jpg?v2,"附属設備・入場料等徴収時加算・芝修繕費","運営者公式の現行掲載料金表画像を目視照合。施行日と税込表記は明示なし"
PRICE-785,CAND-155,peacewing-field,facility,event,holiday,09:00-21:00,309380,not_stated,per_day,"フィールド又はスタンドの一方・大人・アマチュアスポーツ以外・土日祝1日",,2026-08-05,verified,https://www.hiroshima-stadiumpark.jp/peacewing/asset/img/rental/field_stand.jpg?v2,"附属設備・入場料等徴収時加算・芝修繕費","運営者公式の現行掲載料金表画像を目視照合。施行日と税込表記は明示なし"
PRICE-786,CAND-155,peacewing-field,lighting,amateur_sports,all,per_hour,23470,not_stated,per_hour,"照明設備・光度1（100%）・アマチュアスポーツ・1時間までごと",,2026-08-05,verified,https://www.hiroshima-stadiumpark.jp/peacewing/asset/img/rental/attached_ep.jpg?v6,"施設基本料・操作人件費","運営者公式の現行掲載料金表画像を目視照合。施行日と税込表記は明示なし"
PRICE-787,CAND-155,peacewing-field,lighting,event,all,per_hour,117350,not_stated,per_hour,"照明設備・光度1（100%）・アマチュアスポーツ以外・1時間までごと",,2026-08-05,verified,https://www.hiroshima-stadiumpark.jp/peacewing/asset/img/rental/attached_ep.jpg?v6,"施設基本料・操作人件費","運営者公式の現行掲載料金表画像を目視照合。施行日と税込表記は明示なし"
PRICE-788,CAND-155,peacewing-field,audio,all,all,per_hour,20310,not_stated,per_hour,"音響設備・1時間までごと",,2026-08-05,verified,https://www.hiroshima-stadiumpark.jp/peacewing/asset/img/rental/attached_ep.jpg?v6,"施設基本料・操作人件費","運営者公式の現行掲載料金表画像を目視照合。アマチュアスポーツ以外の別額表示なし"
PRICE-789,CAND-155,peacewing-field,video,amateur_sports,all,per_hour,15800,not_stated,per_hour,"大型映像装置A・アマチュアスポーツ・1時間までごと",,2026-08-05,verified,https://www.hiroshima-stadiumpark.jp/peacewing/asset/img/rental/attached_ep.jpg?v6,"施設基本料・広告表示加算・操作人件費","運営者公式の現行掲載料金表画像を目視照合。施行日と税込表記は明示なし"
PRICE-790,CAND-155,peacewing-field,video,event,all,per_hour,63200,not_stated,per_hour,"大型映像装置A・アマチュアスポーツ以外・1時間までごと",,2026-08-05,verified,https://www.hiroshima-stadiumpark.jp/peacewing/asset/img/rental/attached_ep.jpg?v6,"施設基本料・広告表示加算・操作人件費","運営者公式の現行掲載料金表画像を目視照合。施行日と税込表記は明示なし"
PRICE-791,CAND-155,peacewing-field,equipment,amateur_sports,all,per_hour,23450,not_stated,per_hour,"総合演出設備・アマチュアスポーツ・1時間までごと",,2026-08-05,verified,https://www.hiroshima-stadiumpark.jp/peacewing/asset/img/rental/attached_ep.jpg?v6,"施設基本料・操作人件費","照明・音響・大型映像・帯状映像・デジタルサイネージの全部又は一部を連動する設備。公式画像を目視照合"
PRICE-792,CAND-155,peacewing-field,equipment,event,all,per_hour,93800,not_stated,per_hour,"総合演出設備・アマチュアスポーツ以外・1時間までごと",,2026-08-05,verified,https://www.hiroshima-stadiumpark.jp/peacewing/asset/img/rental/attached_ep.jpg?v6,"施設基本料・操作人件費","照明・音響・大型映像・帯状映像・デジタルサイネージの全部又は一部を連動する設備。公式画像を目視照合"
PRICE-793,CAND-155,peacewing-field,parking,all,all,per_day,424660,not_stated,per_day,"駐車場全部を占有して使用・1日",,2026-08-05,verified,https://www.hiroshima-stadiumpark.jp/peacewing/rental/,"施設基本料・通常の時間貸駐車料金","公式HTML備考の駐車場全部占有1日額を確認。通常駐車は30分210円、平日最大1,500円、休日最大1,800円"
PRICE-794,CAND-021,maeda-main,facility,amateur_sports,all,per_hour,5210,included,per_hour,"メインアリーナ全面・スポーツ非営利・使用料3,940円と照明料1,270円の合計",,2026-08-05,verified,https://aomori-sportspark.jp/info/charge/,"冷暖房・大型映像・スポーツ以外/営利利用","運営者公式の現行HTML料金表を確認。1時間・消費税込"
PRICE-795,CAND-021,maeda-main,facility,amateur_sports,all,per_hour,1730,included,per_hour,"メインアリーナ1/3面・スポーツ非営利・使用料1,310円と照明料420円の合計",,2026-08-05,verified,https://aomori-sportspark.jp/info/charge/,"冷暖房・大型映像・スポーツ以外/営利利用","運営者公式の現行HTML料金表を確認。1時間・消費税込"
PRICE-796,CAND-021,maeda-main,hvac_heating,amateur_sports,all,per_hour,3200,included,per_hour,"メインアリーナ暖房・競技会等スタンド利用・1時間",,2026-08-05,verified,https://aomori-sportspark.jp/info/charge/,"施設基本料・照明・操作人件費","運営者公式の現行HTML料金表を確認。消費税込"
PRICE-797,CAND-021,maeda-main,hvac_cooling,amateur_sports,all,per_hour,3500,included,per_hour,"メインアリーナ冷房・競技会等スタンド利用・1時間",,2026-08-05,verified,https://aomori-sportspark.jp/info/charge/,"施設基本料・照明・操作人件費","運営者公式の現行HTML料金表を確認。消費税込"
PRICE-798,CAND-021,maeda-sub,facility,amateur_sports,all,per_hour,2470,included,per_hour,"サブアリーナ全面・スポーツ非営利・使用料1,890円と照明料580円の合計",,2026-08-05,verified,https://aomori-sportspark.jp/info/charge/,"冷暖房・スポーツ以外/営利利用","運営者公式の現行HTML料金表を確認。1時間・消費税込"
PRICE-799,CAND-021,maeda-sub,facility,amateur_sports,all,per_hour,1230,included,per_hour,"サブアリーナ1/2面・スポーツ非営利・使用料940円と照明料290円の合計",,2026-08-05,verified,https://aomori-sportspark.jp/info/charge/,"冷暖房・スポーツ以外/営利利用","運営者公式の現行HTML料金表を確認。1時間・消費税込"
PRICE-800,CAND-021,maeda-main,video,all,all,per_hour,2540,included,per_hour,"大型映像装置・1時間",,2026-08-05,verified,https://aomori-sportspark.jp/info/charge/,"施設基本料・操作人件費","運営者公式の現行HTML料金表を確認。消費税込"
PRICE-801,CAND-038,shiga-main,facility,amateur_sports_no_admission,all,08:30-12:30,5060,included,per_hour,"メインアリーナ全面・県内・アマチュアスポーツ・入場料等なし・午前1時間",,2026-08-05,verified,https://shiga-arena.jp/guide,"空調・照明・県外1.5倍・分割利用","運営者公式の現行HTML料金表を確認。税込"
PRICE-802,CAND-038,shiga-main,facility,amateur_sports_no_admission,all,13:00-17:00,7810,included,per_hour,"メインアリーナ全面・県内・アマチュアスポーツ・入場料等なし・午後1時間",,2026-08-05,verified,https://shiga-arena.jp/guide,"空調・照明・県外1.5倍・分割利用","運営者公式の現行HTML料金表を確認。税込"
PRICE-803,CAND-038,shiga-main,facility,amateur_sports_no_admission,all,17:30-21:30,10100,included,per_hour,"メインアリーナ全面・県内・アマチュアスポーツ・入場料等なし・夜間1時間",,2026-08-05,verified,https://shiga-arena.jp/guide,"空調・照明・県外1.5倍・分割利用","運営者公式の現行HTML料金表を確認。税込"
PRICE-804,CAND-038,shiga-main,facility,other_no_admission,weekday,08:30-12:30,17710,included,per_hour,"メインアリーナ全面・県内・その他催物・入場料等なし・平日午前1時間",,2026-08-05,verified,https://shiga-arena.jp/guide,"空調・照明・県外1.5倍・土日祝1.5倍","運営者公式の現行HTML料金表を確認。税込"
PRICE-805,CAND-038,shiga-main,facility,other_no_admission,weekday,13:00-17:00,27340,included,per_hour,"メインアリーナ全面・県内・その他催物・入場料等なし・平日午後1時間",,2026-08-05,verified,https://shiga-arena.jp/guide,"空調・照明・県外1.5倍・土日祝1.5倍","運営者公式の現行HTML料金表を確認。税込"
PRICE-806,CAND-038,shiga-main,facility,other_no_admission,weekday,17:30-21:30,35350,included,per_hour,"メインアリーナ全面・県内・その他催物・入場料等なし・平日夜間1時間",,2026-08-05,verified,https://shiga-arena.jp/guide,"空調・照明・県外1.5倍・土日祝1.5倍","運営者公式の現行HTML料金表を確認。税込"
PRICE-807,CAND-038,shiga-main,facility,other_admission,weekday,08:30-12:30,50600,included,per_hour,"メインアリーナ全面・県内・その他催物・入場料等あり・平日午前1時間",,2026-08-05,verified,https://shiga-arena.jp/guide,"空調・照明・県外1.5倍・土日祝1.5倍","運営者公式の現行HTML料金表を確認。税込"
PRICE-808,CAND-038,shiga-main,facility,other_admission,weekday,13:00-17:00,78100,included,per_hour,"メインアリーナ全面・県内・その他催物・入場料等あり・平日午後1時間",,2026-08-05,verified,https://shiga-arena.jp/guide,"空調・照明・県外1.5倍・土日祝1.5倍","運営者公式の現行HTML料金表を確認。税込"
PRICE-809,CAND-038,shiga-main,facility,other_admission,weekday,17:30-21:30,101000,included,per_hour,"メインアリーナ全面・県内・その他催物・入場料等あり・平日夜間1時間",,2026-08-05,verified,https://shiga-arena.jp/guide,"空調・照明・県外1.5倍・土日祝1.5倍","運営者公式の現行HTML料金表を確認。税込"
PRICE-810,CAND-038,shiga-sub,facility,amateur_sports_no_admission,all,08:30-12:30,2340,included,per_hour,"サブアリーナ全面・県内・アマチュアスポーツ・入場料等なし・午前1時間",,2026-08-05,verified,https://shiga-arena.jp/guide,"空調・照明・県外1.5倍・分割利用","運営者公式の現行HTML料金表を確認。税込"
PRICE-811,CAND-038,shiga-sub,facility,amateur_sports_no_admission,all,13:00-17:00,3620,included,per_hour,"サブアリーナ全面・県内・アマチュアスポーツ・入場料等なし・午後1時間",,2026-08-05,verified,https://shiga-arena.jp/guide,"空調・照明・県外1.5倍・分割利用","運営者公式の現行HTML料金表を確認。税込"
PRICE-812,CAND-038,shiga-sub,facility,amateur_sports_no_admission,all,17:30-21:30,4690,included,per_hour,"サブアリーナ全面・県内・アマチュアスポーツ・入場料等なし・夜間1時間",,2026-08-05,verified,https://shiga-arena.jp/guide,"空調・照明・県外1.5倍・分割利用","運営者公式の現行HTML料金表を確認。税込"
PRICE-813,CAND-042,big-whale-main,facility,amateur_sports,weekday,09:00-21:00,130900,included,per_day,"アリーナ全面・スポーツ/レクリエーション・平日全日",2022-04-01,2026-08-05,verified,https://www.wakayamasposhin.or.jp/big-whale/wp-content/uploads/2022/04/ホエール料金表R4.4.1改定.pdf,"附属設備・入場料徴収・児童生徒等減免","現行公式料金ページが案内する2022年4月1日改定表を確認。税込"
PRICE-814,CAND-042,big-whale-main,facility,amateur_sports,holiday,09:00-21:00,157300,included,per_day,"アリーナ全面・スポーツ/レクリエーション・土日祝全日",2022-04-01,2026-08-05,verified,https://www.wakayamasposhin.or.jp/big-whale/wp-content/uploads/2022/04/ホエール料金表R4.4.1改定.pdf,"附属設備・入場料徴収・児童生徒等減免","現行公式料金ページが案内する2022年4月1日改定表を確認。税込"
PRICE-815,CAND-042,big-whale-main,facility,amateur_sports,weekday,09:00-21:00,65450,included,per_day,"アリーナ半面・スポーツ/レクリエーション・平日全日",2022-04-01,2026-08-05,verified,https://www.wakayamasposhin.or.jp/big-whale/wp-content/uploads/2022/04/ホエール料金表R4.4.1改定.pdf,"附属設備・入場料徴収・児童生徒等減免","現行公式料金ページが案内する2022年4月1日改定表を確認。税込"
PRICE-816,CAND-042,big-whale-main,facility,amateur_sports,holiday,09:00-21:00,78650,included,per_day,"アリーナ半面・スポーツ/レクリエーション・土日祝全日",2022-04-01,2026-08-05,verified,https://www.wakayamasposhin.or.jp/big-whale/wp-content/uploads/2022/04/ホエール料金表R4.4.1改定.pdf,"附属設備・入場料徴収・児童生徒等減免","現行公式料金ページが案内する2022年4月1日改定表を確認。税込"
PRICE-817,CAND-042,big-whale-main,facility,assembly,weekday,09:00-21:00,343200,included,per_day,"式典・集会・平日全日",2022-04-01,2026-08-05,verified,https://www.wakayamasposhin.or.jp/big-whale/wp-content/uploads/2022/04/ホエール料金表R4.4.1改定.pdf,"附属設備・入場料徴収","現行公式料金ページが案内する2022年4月1日改定表を確認。税込"
PRICE-818,CAND-042,big-whale-main,facility,assembly,holiday,09:00-21:00,412500,included,per_day,"式典・集会・土日祝全日",2022-04-01,2026-08-05,verified,https://www.wakayamasposhin.or.jp/big-whale/wp-content/uploads/2022/04/ホエール料金表R4.4.1改定.pdf,"附属設備・入場料徴収","現行公式料金ページが案内する2022年4月1日改定表を確認。税込"
PRICE-819,CAND-042,big-whale-main,facility,exhibition,weekday,09:00-21:00,493900,included,per_day,"見本市・展示会・平日全日",2022-04-01,2026-08-05,verified,https://www.wakayamasposhin.or.jp/big-whale/wp-content/uploads/2022/04/ホエール料金表R4.4.1改定.pdf,"附属設備・入場料徴収","現行公式料金ページが案内する2022年4月1日改定表を確認。税込"
PRICE-820,CAND-042,big-whale-main,facility,exhibition,holiday,09:00-21:00,592900,included,per_day,"見本市・展示会・土日祝全日",2022-04-01,2026-08-05,verified,https://www.wakayamasposhin.or.jp/big-whale/wp-content/uploads/2022/04/ホエール料金表R4.4.1改定.pdf,"附属設備・入場料徴収","現行公式料金ページが案内する2022年4月1日改定表を確認。税込"
PRICE-821,CAND-042,big-whale-main,facility,admission_up_to_1000,weekday,09:00-21:00,493900,included,per_day,"入場料徴収・1,000円未満・平日全日",2022-04-01,2026-08-05,verified,https://www.wakayamasposhin.or.jp/big-whale/wp-content/uploads/2022/04/ホエール料金表R4.4.1改定.pdf,"附属設備","現行公式料金ページが案内する2022年4月1日改定表を確認。税込"
PRICE-822,CAND-042,big-whale-main,facility,admission_over_5000,weekday,09:00-21:00,854700,included,per_day,"入場料徴収・5,000円以上・平日全日",2022-04-01,2026-08-05,verified,https://www.wakayamasposhin.or.jp/big-whale/wp-content/uploads/2022/04/ホエール料金表R4.4.1改定.pdf,"附属設備","現行公式料金ページが案内する2022年4月1日改定表を確認。税込"
PRICE-823,CAND-061,suncherry-main,facility,all,all,per_hour,5140,not_stated,per_hour,"メインアリーナ全面・大人専用利用・1時間",,2026-08-05,verified,https://suncherry.hatsukaichi-sports.net/usagefee/,"附属設備・小人/65歳以上料金","運営者公式の現行HTML料金表を確認。税表記は明示なし"
PRICE-824,CAND-061,suncherry-main,facility,all,all,per_hour,2570,not_stated,per_hour,"メインアリーナ半面・大人専用利用・1時間",,2026-08-05,verified,https://suncherry.hatsukaichi-sports.net/usagefee/,"附属設備・小人/65歳以上料金","運営者公式の現行HTML料金表を確認。税表記は明示なし"
PRICE-825,CAND-061,suncherry-main,facility,all,all,per_hour,1720,not_stated,per_hour,"メインアリーナ1/3面・大人専用利用・1時間",,2026-08-05,verified,https://suncherry.hatsukaichi-sports.net/usagefee/,"附属設備・小人/65歳以上料金","運営者公式の現行HTML料金表を確認。税表記は明示なし"
PRICE-826,CAND-061,suncherry-sub,facility,all,all,per_hour,1720,not_stated,per_hour,"サブアリーナ・大人専用利用・1時間",,2026-08-05,verified,https://suncherry.hatsukaichi-sports.net/usagefee/,"附属設備・小人/65歳以上料金","運営者公式の現行HTML料金表を確認。税表記は明示なし"
PRICE-827,CAND-061,suncherry-main,audio,all,all,per_use,4950,not_stated,per_use,"放送設備・1回",,2026-08-05,verified,https://suncherry.hatsukaichi-sports.net/usagefee/,"施設基本料・操作人件費","運営者公式の現行HTML料金表を確認。税表記は明示なし"
PRICE-828,CAND-061,suncherry-main,lighting,all,all,per_hour,1030,not_stated,per_hour,"メインアリーナ照明1,000ルクス・1時間",,2026-08-05,verified,https://suncherry.hatsukaichi-sports.net/usagefee/,"施設基本料・操作人件費","運営者公式の現行HTML料金表を確認。税表記は明示なし"
PRICE-829,CAND-061,suncherry-main,lighting,all,all,per_hour,2570,not_stated,per_hour,"メインアリーナ照明1,500ルクス・1時間",,2026-08-05,verified,https://suncherry.hatsukaichi-sports.net/usagefee/,"施設基本料・操作人件費","運営者公式の現行HTML料金表を確認。税表記は明示なし"
PRICE-830,CAND-061,suncherry-main,equipment,all,all,per_use,3850,not_stated,per_use,"得点掲示板・1回",,2026-08-05,verified,https://suncherry.hatsukaichi-sports.net/usagefee/,"施設基本料・操作人件費","運営者公式の現行HTML料金表を確認。税表記は明示なし"
PRICE-831,CAND-150,hanasaka-field,facility,all,all,all,110000,included,per_use,"グラウンド117m×76m・基本利用料",,2026-08-05,verified,https://www.hanasaka-stadium.jp/department/rental/,"スタンド・附属設備・入場料徴収3倍・スポーツ以外3倍・土日祝1.2倍・時間外","運営者公式の現行HTML料金表を確認。税込。利用時間単位は表中に明示されないためper_use"
PRICE-832,CAND-150,hanasaka-field,facility,all,all,outside_09:00-21:00,11000,included,per_hour,"グラウンド・9時以前または21時以降・超過1時間",,2026-08-05,verified,https://www.hanasaka-stadium.jp/department/rental/,"基本利用料・スタンド・附属設備・入場料徴収等の倍率","運営者公式の現行HTML料金表を確認。税込。時間外利用の詳細は要問い合わせ"
PRICE-833,CAND-150,hanasaka-main-stand,facility,all,all,all,130000,included,per_use,"メインスタンド西側6,610席・基本利用料",,2026-08-05,verified,https://www.hanasaka-stadium.jp/department/rental/,"グラウンド・附属設備・入場料徴収3倍・スポーツ以外3倍・土日祝1.2倍・時間外","運営者公式の現行HTML料金表を確認。税込。利用時間単位は表中に明示されないためper_use"
PRICE-834,CAND-150,hanasaka-main-stand,facility,all,all,outside_09:00-21:00,13500,included,per_hour,"メインスタンド・9時以前または21時以降・超過1時間",,2026-08-05,verified,https://www.hanasaka-stadium.jp/department/rental/,"基本利用料・グラウンド・附属設備・入場料徴収等の倍率","運営者公式の現行HTML料金表を確認。税込。時間外利用の詳細は要問い合わせ"
PRICE-835,CAND-150,hanasaka-back-stand,facility,all,all,all,75000,included,per_use,"バックスタンド東側10,917席・基本利用料",,2026-08-05,verified,https://www.hanasaka-stadium.jp/department/rental/,"グラウンド・附属設備・入場料徴収3倍・スポーツ以外3倍・土日祝1.2倍・時間外","運営者公式の現行HTML料金表を確認。税込。利用時間単位は表中に明示されないためper_use"
PRICE-836,CAND-150,hanasaka-back-stand,facility,all,all,outside_09:00-21:00,7800,included,per_hour,"バックスタンド・9時以前または21時以降・超過1時間",,2026-08-05,verified,https://www.hanasaka-stadium.jp/department/rental/,"基本利用料・グラウンド・附属設備・入場料徴収等の倍率","運営者公式の現行HTML料金表を確認。税込。時間外利用の詳細は要問い合わせ"
PRICE-837,CAND-150,hanasaka-home-stand,facility,all,all,all,70000,included,per_use,"ホームゴール裏北側3,842席・基本利用料",,2026-08-05,verified,https://www.hanasaka-stadium.jp/department/rental/,"グラウンド・附属設備・入場料徴収3倍・スポーツ以外3倍・土日祝1.2倍・時間外","運営者公式の現行HTML料金表を確認。税込。利用時間単位は表中に明示されないためper_use"
PRICE-838,CAND-150,hanasaka-home-stand,facility,all,all,outside_09:00-21:00,7300,included,per_hour,"ホームゴール裏・9時以前または21時以降・超過1時間",,2026-08-05,verified,https://www.hanasaka-stadium.jp/department/rental/,"基本利用料・グラウンド・附属設備・入場料徴収等の倍率","運営者公式の現行HTML料金表を確認。税込。時間外利用の詳細は要問い合わせ"
PRICE-839,CAND-150,hanasaka-away-stand,facility,all,all,all,15000,included,per_use,"アウェイゴール裏南側2,705席・基本利用料",,2026-08-05,verified,https://www.hanasaka-stadium.jp/department/rental/,"グラウンド・附属設備・入場料徴収3倍・スポーツ以外3倍・土日祝1.2倍・時間外","運営者公式の現行HTML料金表を確認。税込。利用時間単位は表中に明示されないためper_use"
PRICE-840,CAND-150,hanasaka-away-stand,facility,all,all,outside_09:00-21:00,1500,included,per_hour,"アウェイゴール裏・9時以前または21時以降・超過1時間",,2026-08-05,verified,https://www.hanasaka-stadium.jp/department/rental/,"基本利用料・グラウンド・附属設備・入場料徴収等の倍率","運営者公式の現行HTML料金表を確認。税込。時間外利用の詳細は要問い合わせ"
PRICE-841,CAND-150,hanasaka-field,video,all,all,per_day,24000,included,per_day,"大型映像装置・1日使用",,2026-08-05,verified,https://www.hanasaka-stadium.jp/department/rental/,"施設基本料・操作人件費・追加機材","運営者公式の現行HTML料金表を確認。税込"
PRICE-842,CAND-150,hanasaka-field,audio,all,all,per_day,18000,included,per_day,"音響・1日使用",,2026-08-05,verified,https://www.hanasaka-stadium.jp/department/rental/,"施設基本料・操作人件費・追加機材","運営者公式の現行HTML料金表を確認。税込"
PRICE-843,CAND-150,hanasaka-field,lighting,all,all,per_hour,100000,included,per_hour,"ナイター照明100%点灯・1時間",,2026-08-05,verified,https://www.hanasaka-stadium.jp/department/rental/,"施設基本料・操作人件費","運営者公式の現行HTML料金表を確認。税込"
PRICE-844,CAND-150,hanasaka-field,equipment,all,all,per_use,4300,included,per_use,"サッカーセット・ゴール、ライン等",,2026-08-05,verified,https://www.hanasaka-stadium.jp/department/rental/,"施設基本料・設置撤去・操作人件費","運営者公式の現行HTML料金表を確認。税込。利用時間単位は表中に明示されないためper_use"
PRICE-845,CAND-150,hanasaka-field,equipment,all,all,per_use,4300,included,per_use,"ラグビーセット・ゴール、ライン等",,2026-08-05,verified,https://www.hanasaka-stadium.jp/department/rental/,"施設基本料・設置撤去・操作人件費","運営者公式の現行HTML料金表を確認。税込。利用時間単位は表中に明示されないためper_use"
PRICE-846,CAND-150,hanasaka-field,equipment,all,all,per_use,4300,included,per_use,"アメフトセット・ゴール、ライン等",,2026-08-05,verified,https://www.hanasaka-stadium.jp/department/rental/,"施設基本料・設置撤去・操作人件費","運営者公式の現行HTML料金表を確認。税込。利用時間単位は表中に明示されないためper_use"
PRICE-847,CAND-150,hanasaka-north-training,facility,all,all,2_hours,2800,included,per_2_hours,"北練習室966㎡・2時間区分",,2026-08-05,verified,https://www.hanasaka-stadium.jp/department/rental/,"入場料徴収3倍・スポーツ以外3倍・土日祝1.2倍・時間外1,700円/時","運営者公式の現行HTML料金表を確認。税込。9〜21時の2時間区分"
PRICE-848,CAND-150,hanasaka-south-training,facility,all,all,2_hours,2800,included,per_2_hours,"南練習室966㎡・2時間区分",,2026-08-05,verified,https://www.hanasaka-stadium.jp/department/rental/,"入場料徴収3倍・スポーツ以外3倍・土日祝1.2倍・時間外1,700円/時","運営者公式の現行HTML料金表を確認。税込。9〜21時の2時間区分"
PRICE-849,CAND-076,ys-arena-main,facility,amateur_sports_no_admission,all,per_hour,14000,included,per_hour,"アリーナ・リンク解氷時・アマチュアスポーツ・入場料なし・1時間",2026-07-01,2026-08-05,verified,https://www.city.hachinohe.aomori.jp/material/files/group/12/R080701.pdf,"設備・器具・床養生・冷暖房・高校生以下0.8倍","八戸市公式2026年7月1日現在料金表を画像照合。消費税10%を含む"
PRICE-850,CAND-076,ys-arena-main,facility,amateur_sports_admission,all,per_hour,42000,included,per_hour,"アリーナ・リンク解氷時・アマチュアスポーツ・入場料あり・1時間",2026-07-01,2026-08-05,verified,https://www.city.hachinohe.aomori.jp/material/files/group/12/R080701.pdf,"設備・器具・床養生・冷暖房・高校生以下0.8倍","八戸市公式2026年7月1日現在料金表を画像照合。消費税10%を含む"
PRICE-851,CAND-076,ys-arena-main,facility,other_no_admission,all,per_hour,34000,included,per_hour,"アリーナ・リンク解氷時・催物・入場料なし・1時間",2026-07-01,2026-08-05,verified,https://www.city.hachinohe.aomori.jp/material/files/group/12/R080701.pdf,"設備・器具・床養生・冷暖房・土日祝1.2倍","八戸市公式2026年7月1日現在料金表を画像照合。消費税10%を含む"
PRICE-852,CAND-076,ys-arena-main,facility,other_admission,all,per_hour,102000,included,per_hour,"アリーナ・リンク解氷時・催物・入場料あり・1時間",2026-07-01,2026-08-05,verified,https://www.city.hachinohe.aomori.jp/material/files/group/12/R080701.pdf,"設備・器具・床養生・冷暖房・土日祝1.2倍","八戸市公式2026年7月1日現在料金表を画像照合。消費税10%を含む"
PRICE-853,CAND-076,ys-arena-main,facility,event,all,per_hour,142000,included,per_hour,"アリーナ・リンク解氷時・興行または類似用途・1時間",2026-07-01,2026-08-05,verified,https://www.city.hachinohe.aomori.jp/material/files/group/12/R080701.pdf,"設備・器具・床養生・冷暖房・土日祝1.2倍","八戸市公式2026年7月1日現在料金表を画像照合。消費税10%を含む"
PRICE-854,CAND-076,ys-arena-main,audio,all,all,per_day,1500,included,per_day,"放送機器1式・1日",2026-07-01,2026-08-05,verified,https://www.city.hachinohe.aomori.jp/material/files/group/12/R080701.pdf,"施設基本料・操作人件費・入場料徴収時3倍","八戸市公式2026年7月1日現在料金表を画像照合。消費税10%を含む"
PRICE-855,CAND-076,ys-arena-main,equipment,amateur_sports,all,per_hour,160,included,per_hour,"バスケット台1対・1時間",2026-07-01,2026-08-05,verified,https://www.city.hachinohe.aomori.jp/material/files/group/12/R080701.pdf,"施設基本料・設置撤去・高校生以下0.5倍・入場料徴収時3倍","八戸市公式2026年7月1日現在料金表を画像照合。消費税10%を含む"
PRICE-856,CAND-076,ys-arena-main,equipment,amateur_sports,all,per_hour,120,included,per_hour,"バレーボール支柱・ネット共1組・1時間",2026-07-01,2026-08-05,verified,https://www.city.hachinohe.aomori.jp/material/files/group/12/R080701.pdf,"施設基本料・設置撤去・高校生以下0.5倍・入場料徴収時3倍","八戸市公式2026年7月1日現在料金表を画像照合。消費税10%を含む"
PRICE-857,CAND-076,ys-arena-main,equipment,amateur_sports,all,per_hour,120,included,per_hour,"フットサルゴール・ネット共1対・1時間",2026-07-01,2026-08-05,verified,https://www.city.hachinohe.aomori.jp/material/files/group/12/R080701.pdf,"施設基本料・設置撤去・高校生以下0.5倍・入場料徴収時3倍","八戸市公式2026年7月1日現在料金表を画像照合。消費税10%を含む"
PRICE-858,CAND-077,takaya-main,facility,amateur_sports,weekday,09:00-13:00,3800,not_stated,per_hour,"アリーナ全面・市民料金・アマチュアスポーツ・その他の日・午前1時間",2026-04-01,2026-08-05,verified,https://morioka-sport.or.jp/wp/wp-content/uploads/2026/04/HP%E7%94%A8%E5%88%A9%E7%94%A8%E6%96%99%E9%87%91%EF%BC%88%E3%83%95%E3%83%AD%E3%82%A2%EF%BC%89R8.0401%EF%BD%9E.pdf,"附属設備・冷暖房・入場料等徴収1.5倍・準備撤去0.5倍","指定管理者公式2026年4月1日改定料金表を画像照合。税表記は明示なし"
PRICE-859,CAND-077,takaya-main,facility,amateur_sports,weekday,13:00-17:00,4100,not_stated,per_hour,"アリーナ全面・市民料金・アマチュアスポーツ・その他の日・午後1時間",2026-04-01,2026-08-05,verified,https://morioka-sport.or.jp/wp/wp-content/uploads/2026/04/HP%E7%94%A8%E5%88%A9%E7%94%A8%E6%96%99%E9%87%91%EF%BC%88%E3%83%95%E3%83%AD%E3%82%A2%EF%BC%89R8.0401%EF%BD%9E.pdf,"附属設備・冷暖房・入場料等徴収1.5倍・準備撤去0.5倍","指定管理者公式2026年4月1日改定料金表を画像照合。税表記は明示なし"
PRICE-860,CAND-077,takaya-main,facility,amateur_sports,weekday,17:00-21:00,4450,not_stated,per_hour,"アリーナ全面・市民料金・アマチュアスポーツ・その他の日・夜間1時間",2026-04-01,2026-08-05,verified,https://morioka-sport.or.jp/wp/wp-content/uploads/2026/04/HP%E7%94%A8%E5%88%A9%E7%94%A8%E6%96%99%E9%87%91%EF%BC%88%E3%83%95%E3%83%AD%E3%82%A2%EF%BC%89R8.0401%EF%BD%9E.pdf,"附属設備・冷暖房・入場料等徴収1.5倍・準備撤去0.5倍","指定管理者公式2026年4月1日改定料金表を画像照合。税表記は明示なし"
PRICE-861,CAND-077,takaya-main,facility,amateur_sports,holiday,09:00-13:00,5050,not_stated,per_hour,"アリーナ全面・市民料金・アマチュアスポーツ・土曜休日・午前1時間",2026-04-01,2026-08-05,verified,https://morioka-sport.or.jp/wp/wp-content/uploads/2026/04/HP%E7%94%A8%E5%88%A9%E7%94%A8%E6%96%99%E9%87%91%EF%BC%88%E3%83%95%E3%83%AD%E3%82%A2%EF%BC%89R8.0401%EF%BD%9E.pdf,"附属設備・冷暖房・入場料等徴収1.5倍・準備撤去0.5倍","指定管理者公式2026年4月1日改定料金表を画像照合。税表記は明示なし"
PRICE-862,CAND-077,takaya-main,facility,amateur_sports,holiday,13:00-17:00,5350,not_stated,per_hour,"アリーナ全面・市民料金・アマチュアスポーツ・土曜休日・午後1時間",2026-04-01,2026-08-05,verified,https://morioka-sport.or.jp/wp/wp-content/uploads/2026/04/HP%E7%94%A8%E5%88%A9%E7%94%A8%E6%96%99%E9%87%91%EF%BC%88%E3%83%95%E3%83%AD%E3%82%A2%EF%BC%89R8.0401%EF%BD%9E.pdf,"附属設備・冷暖房・入場料等徴収1.5倍・準備撤去0.5倍","指定管理者公式2026年4月1日改定料金表を画像照合。税表記は明示なし"
PRICE-863,CAND-077,takaya-main,facility,amateur_sports,holiday,17:00-21:00,5700,not_stated,per_hour,"アリーナ全面・市民料金・アマチュアスポーツ・土曜休日・夜間1時間",2026-04-01,2026-08-05,verified,https://morioka-sport.or.jp/wp/wp-content/uploads/2026/04/HP%E7%94%A8%E5%88%A9%E7%94%A8%E6%96%99%E9%87%91%EF%BC%88%E3%83%95%E3%83%AD%E3%82%A2%EF%BC%89R8.0401%EF%BD%9E.pdf,"附属設備・冷暖房・入場料等徴収1.5倍・準備撤去0.5倍","指定管理者公式2026年4月1日改定料金表を画像照合。税表記は明示なし"
PRICE-864,CAND-077,takaya-main,facility,amateur_sports,weekday,09:00-13:00,7600,not_stated,per_hour,"アリーナ全面・市民以外料金・アマチュアスポーツ・その他の日・午前1時間",2026-04-01,2026-08-05,verified,https://morioka-sport.or.jp/wp/wp-content/uploads/2026/04/HP%E7%94%A8%E5%88%A9%E7%94%A8%E6%96%99%E9%87%91%EF%BC%88%E3%83%95%E3%83%AD%E3%82%A2%EF%BC%89R8.0401%EF%BD%9E.pdf,"附属設備・冷暖房・入場料等徴収1.5倍・準備撤去0.5倍","指定管理者公式2026年4月1日改定料金表を画像照合。税表記は明示なし"
PRICE-865,CAND-077,takaya-main,facility,amateur_sports,weekday,13:00-17:00,8200,not_stated,per_hour,"アリーナ全面・市民以外料金・アマチュアスポーツ・その他の日・午後1時間",2026-04-01,2026-08-05,verified,https://morioka-sport.or.jp/wp/wp-content/uploads/2026/04/HP%E7%94%A8%E5%88%A9%E7%94%A8%E6%96%99%E9%87%91%EF%BC%88%E3%83%95%E3%83%AD%E3%82%A2%EF%BC%89R8.0401%EF%BD%9E.pdf,"附属設備・冷暖房・入場料等徴収1.5倍・準備撤去0.5倍","指定管理者公式2026年4月1日改定料金表を画像照合。税表記は明示なし"
PRICE-866,CAND-077,takaya-main,facility,amateur_sports,weekday,17:00-21:00,8900,not_stated,per_hour,"アリーナ全面・市民以外料金・アマチュアスポーツ・その他の日・夜間1時間",2026-04-01,2026-08-05,verified,https://morioka-sport.or.jp/wp/wp-content/uploads/2026/04/HP%E7%94%A8%E5%88%A9%E7%94%A8%E6%96%99%E9%87%91%EF%BC%88%E3%83%95%E3%83%AD%E3%82%A2%EF%BC%89R8.0401%EF%BD%9E.pdf,"附属設備・冷暖房・入場料等徴収1.5倍・準備撤去0.5倍","指定管理者公式2026年4月1日改定料金表を画像照合。税表記は明示なし"
PRICE-867,CAND-077,takaya-main,facility,assembly,weekday,09:00-13:00,38000,not_stated,per_hour,"アリーナ全面・集会/展示会/式典等・その他の日・午前1時間",2026-04-01,2026-08-05,verified,https://morioka-sport.or.jp/wp/wp-content/uploads/2026/04/HP%E7%94%A8%E5%88%A9%E7%94%A8%E6%96%99%E9%87%91%EF%BC%88%E3%83%95%E3%83%AD%E3%82%A2%EF%BC%89R8.0401%EF%BD%9E.pdf,"附属設備・冷暖房・入場料等徴収1.5倍・準備撤去0.5倍","指定管理者公式2026年4月1日改定料金表を画像照合。税表記は明示なし"
PRICE-868,CAND-077,takaya-main,facility,assembly,weekday,13:00-17:00,41000,not_stated,per_hour,"アリーナ全面・集会/展示会/式典等・その他の日・午後1時間",2026-04-01,2026-08-05,verified,https://morioka-sport.or.jp/wp/wp-content/uploads/2026/04/HP%E7%94%A8%E5%88%A9%E7%94%A8%E6%96%99%E9%87%91%EF%BC%88%E3%83%95%E3%83%AD%E3%82%A2%EF%BC%89R8.0401%EF%BD%9E.pdf,"附属設備・冷暖房・入場料等徴収1.5倍・準備撤去0.5倍","指定管理者公式2026年4月1日改定料金表を画像照合。税表記は明示なし"
PRICE-869,CAND-077,takaya-main,facility,assembly,weekday,17:00-21:00,44500,not_stated,per_hour,"アリーナ全面・集会/展示会/式典等・その他の日・夜間1時間",2026-04-01,2026-08-05,verified,https://morioka-sport.or.jp/wp/wp-content/uploads/2026/04/HP%E7%94%A8%E5%88%A9%E7%94%A8%E6%96%99%E9%87%91%EF%BC%88%E3%83%95%E3%83%AD%E3%82%A2%EF%BC%89R8.0401%EF%BD%9E.pdf,"附属設備・冷暖房・入場料等徴収1.5倍・準備撤去0.5倍","指定管理者公式2026年4月1日改定料金表を画像照合。税表記は明示なし"
PRICE-870,CAND-077,takaya-main,facility,event,weekday,09:00-13:00,45600,not_stated,per_hour,"アリーナ全面・音楽/芸能/スポーツ等の興行・その他の日・午前1時間",2026-04-01,2026-08-05,verified,https://morioka-sport.or.jp/wp/wp-content/uploads/2026/04/HP%E7%94%A8%E5%88%A9%E7%94%A8%E6%96%99%E9%87%91%EF%BC%88%E3%83%95%E3%83%AD%E3%82%A2%EF%BC%89R8.0401%EF%BD%9E.pdf,"附属設備・冷暖房・入場料等徴収1.5倍・準備撤去0.5倍","指定管理者公式2026年4月1日改定料金表を画像照合。税表記は明示なし"
PRICE-871,CAND-077,takaya-main,facility,event,weekday,13:00-17:00,49200,not_stated,per_hour,"アリーナ全面・音楽/芸能/スポーツ等の興行・その他の日・午後1時間",2026-04-01,2026-08-05,verified,https://morioka-sport.or.jp/wp/wp-content/uploads/2026/04/HP%E7%94%A8%E5%88%A9%E7%94%A8%E6%96%99%E9%87%91%EF%BC%88%E3%83%95%E3%83%AD%E3%82%A2%EF%BC%89R8.0401%EF%BD%9E.pdf,"附属設備・冷暖房・入場料等徴収1.5倍・準備撤去0.5倍","指定管理者公式2026年4月1日改定料金表を画像照合。税表記は明示なし"
PRICE-872,CAND-077,takaya-main,facility,event,weekday,17:00-21:00,53400,not_stated,per_hour,"アリーナ全面・音楽/芸能/スポーツ等の興行・その他の日・夜間1時間",2026-04-01,2026-08-05,verified,https://morioka-sport.or.jp/wp/wp-content/uploads/2026/04/HP%E7%94%A8%E5%88%A9%E7%94%A8%E6%96%99%E9%87%91%EF%BC%88%E3%83%95%E3%83%AD%E3%82%A2%EF%BC%89R8.0401%EF%BD%9E.pdf,"附属設備・冷暖房・入場料等徴収1.5倍・準備撤去0.5倍","指定管理者公式2026年4月1日改定料金表を画像照合。税表記は明示なし"
PRICE-873,CAND-077,takaya-main,hvac,all,all,per_hour,6400,not_stated,per_hour,"冷房料または暖房料・各1時間までごと",2026-04-01,2026-08-05,verified,https://morioka-sport.or.jp/wp/wp-content/uploads/2026/04/HP%E7%94%A8%E5%88%A9%E7%94%A8%E6%96%99%E9%87%91%EF%BC%88%E3%83%95%E3%83%AD%E3%82%A2%EF%BC%89R8.0401%EF%BD%9E.pdf,"施設基本料・附属設備・操作人件費","指定管理者公式2026年4月1日改定料金表を画像照合。税表記は明示なし"
PRICE-874,CAND-086,yokohama-main,facility,event,weekday,12_hours,4000000,excluded,per_12_hours,"メインアリーナ・本番・平日・任意の連続12時間",2026-04-01,2026-08-05,verified,https://www.yokohama-arena.co.jp/common/img/organizer/use/price_20260401.pdf,"設備・備品・延長・清掃・警備・通信・消費税","運営者公式2026年4月1日現在料金表を画像照合。税別。メインアリーナ、スタンド席、ロビー、駐車場を含む"
PRICE-875,CAND-086,yokohama-main,facility,event,holiday,12_hours,7000000,excluded,per_12_hours,"メインアリーナ・本番・土日祝・任意の連続12時間",2026-04-01,2026-08-05,verified,https://www.yokohama-arena.co.jp/common/img/organizer/use/price_20260401.pdf,"設備・備品・延長・清掃・警備・通信・消費税","運営者公式2026年4月1日現在料金表を画像照合。税別。メインアリーナ、スタンド席、ロビー、駐車場を含む"
PRICE-876,CAND-086,yokohama-main,facility,setup_teardown,weekday,12_hours,2500000,excluded,per_12_hours,"メインアリーナ・設営/撤去/休演・平日・任意の連続12時間",2026-04-01,2026-08-05,verified,https://www.yokohama-arena.co.jp/common/img/organizer/use/price_20260401.pdf,"設備・備品・延長・清掃・警備・通信・消費税","運営者公式2026年4月1日現在料金表を画像照合。税別"
PRICE-877,CAND-086,yokohama-main,facility,setup_teardown,holiday,12_hours,4000000,excluded,per_12_hours,"メインアリーナ・設営/撤去/休演・土日祝・任意の連続12時間",2026-04-01,2026-08-05,verified,https://www.yokohama-arena.co.jp/common/img/organizer/use/price_20260401.pdf,"設備・備品・延長・清掃・警備・通信・消費税","運営者公式2026年4月1日現在料金表を画像照合。税別"
PRICE-878,CAND-086,yokohama-main,facility,event,all,overtime,500000,excluded,per_hour,"メインアリーナ・本番延長・1時間",2026-04-01,2026-08-05,verified,https://www.yokohama-arena.co.jp/common/img/organizer/use/price_20260401.pdf,"基本使用料・設備・備品・清掃・警備・通信・消費税","運営者公式2026年4月1日現在料金表を画像照合。税別。平日・土日祝共通"
PRICE-879,CAND-086,yokohama-main,facility,setup_teardown,weekday,overtime,200000,excluded,per_hour,"メインアリーナ・設営/撤去延長・平日1時間",2026-04-01,2026-08-05,verified,https://www.yokohama-arena.co.jp/common/img/organizer/use/price_20260401.pdf,"基本使用料・設備・備品・清掃・警備・通信・消費税","運営者公式2026年4月1日現在料金表を画像照合。税別"
PRICE-880,CAND-086,yokohama-main,facility,setup_teardown,holiday,overtime,250000,excluded,per_hour,"メインアリーナ・設営/撤去延長・土日祝1時間",2026-04-01,2026-08-05,verified,https://www.yokohama-arena.co.jp/common/img/organizer/use/price_20260401.pdf,"基本使用料・設備・備品・清掃・警備・通信・消費税","運営者公式2026年4月1日現在料金表を画像照合。税別"
PRICE-881,CAND-089,hiroshima-main,facility,amateur_sports_no_admission,weekday,09:00-17:00,6500,included,per_hour,"大アリーナ全面・一般・アマチュアスポーツ・入場料無料・9〜17時1時間",2024-04-01,2026-08-05,verified,https://h-jigyoudan.or.jp/center/r06_04-center-price/,"附属設備・特定日4/5料金・準備撤去","運営者公式の現行掲載2024年4月1日施行料金表を画像照合。消費税込"
PRICE-882,CAND-089,hiroshima-main,facility,amateur_sports_no_admission,weekday,17:00-21:00,7260,included,per_hour,"大アリーナ全面・一般・アマチュアスポーツ・入場料無料・17〜21時1時間",2024-04-01,2026-08-05,verified,https://h-jigyoudan.or.jp/center/r06_04-center-price/,"附属設備・特定日4/5料金・準備撤去","運営者公式の現行掲載2024年4月1日施行料金表を画像照合。消費税込"
PRICE-883,CAND-089,hiroshima-main,facility,amateur_sports_no_admission,weekday,09:00-21:00,81040,included,per_12_hours,"大アリーナ全面・一般・アマチュアスポーツ・入場料無料・9〜21時参考額",2024-04-01,2026-08-05,verified,https://h-jigyoudan.or.jp/center/r06_04-center-price/,"附属設備・特定日4/5料金・準備撤去","運営者公式の現行掲載2024年4月1日施行料金表を画像照合。消費税込"
PRICE-884,CAND-089,hiroshima-main,facility,amateur_sports_admission,weekday,09:00-17:00,42420,included,per_hour,"大アリーナ全面・一般・アマチュアスポーツ・入場料有料・9〜17時1時間",2024-04-01,2026-08-05,verified,https://h-jigyoudan.or.jp/center/r06_04-center-price/,"附属設備・土日休日1.2倍・準備撤去0.5倍","運営者公式の現行掲載2024年4月1日施行料金表を画像照合。消費税込"
PRICE-885,CAND-089,hiroshima-main,facility,amateur_sports_admission,weekday,17:00-21:00,84840,included,per_hour,"大アリーナ全面・一般・アマチュアスポーツ・入場料有料・17〜21時1時間",2024-04-01,2026-08-05,verified,https://h-jigyoudan.or.jp/center/r06_04-center-price/,"附属設備・土日休日1.2倍・準備撤去0.5倍","運営者公式の現行掲載2024年4月1日施行料金表を画像照合。消費税込"
PRICE-886,CAND-089,hiroshima-main,facility,amateur_sports_admission,weekday,09:00-21:00,678720,included,per_12_hours,"大アリーナ全面・一般・アマチュアスポーツ・入場料有料・9〜21時参考額",2024-04-01,2026-08-05,verified,https://h-jigyoudan.or.jp/center/r06_04-center-price/,"附属設備・土日休日1.2倍・準備撤去0.5倍","運営者公式の現行掲載2024年4月1日施行料金表を画像照合。消費税込"
PRICE-887,CAND-089,hiroshima-main,facility,event_admission,weekday,09:00-17:00,133100,included,per_hour,"大アリーナ全面・一般・アマチュアスポーツ以外・入場料有料・9〜17時1時間",2024-04-01,2026-08-05,verified,https://h-jigyoudan.or.jp/center/r06_04-center-price/,"附属設備・土日休日1.2倍・準備撤去0.5倍","音楽、芸能、プロスポーツ等の大会/興行、展示会、見本市、式典、集会等。公式現行掲載表を画像照合。税込"
PRICE-888,CAND-089,hiroshima-main,facility,event_admission,weekday,17:00-21:00,265900,included,per_hour,"大アリーナ全面・一般・アマチュアスポーツ以外・入場料有料・17〜21時1時間",2024-04-01,2026-08-05,verified,https://h-jigyoudan.or.jp/center/r06_04-center-price/,"附属設備・土日休日1.2倍・準備撤去0.5倍","音楽、芸能、プロスポーツ等の大会/興行、展示会、見本市、式典、集会等。公式現行掲載表を画像照合。税込"
PRICE-889,CAND-089,hiroshima-main,facility,event_admission,weekday,09:00-21:00,2128400,included,per_12_hours,"大アリーナ全面・一般・アマチュアスポーツ以外・入場料有料・9〜21時参考額",2024-04-01,2026-08-05,verified,https://h-jigyoudan.or.jp/center/r06_04-center-price/,"附属設備・土日休日1.2倍・準備撤去0.5倍","音楽、芸能、プロスポーツ等の大会/興行、展示会、見本市、式典、集会等。公式現行掲載表を画像照合。税込"
PRICE-890,CAND-089,hiroshima-main,facility,other_no_admission,weekday,09:00-17:00,43900,included,per_hour,"大アリーナ全面・一般・アマチュアスポーツ以外・入場料無料・その他利用・9〜17時1時間",2024-04-01,2026-08-05,verified,https://h-jigyoudan.or.jp/center/r06_04-center-price/,"附属設備・土日休日1.2倍・準備撤去0.5倍","運営者公式の現行掲載2024年4月1日施行料金表を画像照合。消費税込"
PRICE-891,CAND-089,hiroshima-main,facility,other_no_admission,weekday,17:00-21:00,87700,included,per_hour,"大アリーナ全面・一般・アマチュアスポーツ以外・入場料無料・その他利用・17〜21時1時間",2024-04-01,2026-08-05,verified,https://h-jigyoudan.or.jp/center/r06_04-center-price/,"附属設備・土日休日1.2倍・準備撤去0.5倍","運営者公式の現行掲載2024年4月1日施行料金表を画像照合。消費税込"
PRICE-892,CAND-089,hiroshima-main,facility,other_no_admission,weekday,09:00-21:00,702000,included,per_12_hours,"大アリーナ全面・一般・アマチュアスポーツ以外・入場料無料・その他利用・9〜21時参考額",2024-04-01,2026-08-05,verified,https://h-jigyoudan.or.jp/center/r06_04-center-price/,"附属設備・土日休日1.2倍・準備撤去0.5倍","運営者公式の現行掲載2024年4月1日施行料金表を画像照合。消費税込"
PRICE-893,CAND-089,hiroshima-sub,facility,amateur_sports_no_admission,weekday,09:00-17:00,4390,included,per_hour,"小アリーナ全面・一般・アマチュアスポーツ・入場料無料・9〜17時1時間",2024-04-01,2026-08-05,verified,https://h-jigyoudan.or.jp/center/r06_04-center-price/,"附属設備・特定日4/5料金・準備撤去","運営者公式の現行掲載2024年4月1日施行料金表を画像照合。消費税込"
PRICE-894,CAND-089,hiroshima-sub,facility,amateur_sports_no_admission,weekday,17:00-21:00,4720,included,per_hour,"小アリーナ全面・一般・アマチュアスポーツ・入場料無料・17〜21時1時間",2024-04-01,2026-08-05,verified,https://h-jigyoudan.or.jp/center/r06_04-center-price/,"附属設備・特定日4/5料金・準備撤去","運営者公式の現行掲載2024年4月1日施行料金表を画像照合。消費税込"
PRICE-895,CAND-089,hiroshima-sub,facility,amateur_sports_no_admission,weekday,09:00-21:00,54000,included,per_12_hours,"小アリーナ全面・一般・アマチュアスポーツ・入場料無料・9〜21時参考額",2024-04-01,2026-08-05,verified,https://h-jigyoudan.or.jp/center/r06_04-center-price/,"附属設備・特定日4/5料金・準備撤去","運営者公式の現行掲載2024年4月1日施行料金表を画像照合。消費税込"
PRICE-896,CAND-089,hiroshima-sub,facility,other_no_admission,weekday,09:00-17:00,14200,included,per_hour,"小アリーナ全面・一般・アマチュアスポーツ以外・入場料無料・その他利用・9〜17時1時間",2024-04-01,2026-08-05,verified,https://h-jigyoudan.or.jp/center/r06_04-center-price/,"附属設備・土日休日1.2倍・準備撤去0.5倍","運営者公式の現行掲載2024年4月1日施行料金表を画像照合。消費税込"
PRICE-897,CAND-089,hiroshima-sub,facility,other_no_admission,weekday,17:00-21:00,28400,included,per_hour,"小アリーナ全面・一般・アマチュアスポーツ以外・入場料無料・その他利用・17〜21時1時間",2024-04-01,2026-08-05,verified,https://h-jigyoudan.or.jp/center/r06_04-center-price/,"附属設備・土日休日1.2倍・準備撤去0.5倍","運営者公式の現行掲載2024年4月1日施行料金表を画像照合。消費税込"
PRICE-898,CAND-089,hiroshima-sub,facility,other_no_admission,weekday,09:00-21:00,227200,included,per_12_hours,"小アリーナ全面・一般・アマチュアスポーツ以外・入場料無料・その他利用・9〜21時参考額",2024-04-01,2026-08-05,verified,https://h-jigyoudan.or.jp/center/r06_04-center-price/,"附属設備・土日休日1.2倍・準備撤去0.5倍","運営者公式の現行掲載2024年4月1日施行料金表を画像照合。消費税込"
PRICE-899,CAND-097,buntai-main,facility,amateur_sports_no_admission,weekday,09:00-22:00,228800,included,per_day,"アリーナ全館・A区分・本番日・平日13時間",,2026-08-05,verified,https://yokohama-buntai.jp/wp-includes/file/pdf/%E6%A8%AA%E6%B5%9CBUNTAI%E5%88%A9%E7%94%A8%E3%81%AB%E9%96%A2%E3%81%99%E3%82%8B%E3%81%94%E6%A1%88%E5%86%85_2026%E5%B9%B41%E6%9C%88_20260107.pdf,"附属設備・諸室・早出延長・人件費・電気実費","A区分は非営利団体の入場料無料イベント。運営者公式2026年1月版ガイドを確認。税込"
PRICE-900,CAND-097,buntai-main,facility,amateur_sports_no_admission,holiday,09:00-22:00,286000,included,per_day,"アリーナ全館・A区分・本番日・土日祝13時間",,2026-08-05,verified,https://yokohama-buntai.jp/wp-includes/file/pdf/%E6%A8%AA%E6%B5%9CBUNTAI%E5%88%A9%E7%94%A8%E3%81%AB%E9%96%A2%E3%81%99%E3%82%8B%E3%81%94%E6%A1%88%E5%86%85_2026%E5%B9%B41%E6%9C%88_20260107.pdf,"附属設備・諸室・早出延長・人件費・電気実費","A区分は非営利団体の入場料無料イベント。運営者公式2026年1月版ガイドを確認。税込"
PRICE-901,CAND-097,buntai-main,facility,other_admission,weekday,09:00-22:00,956000,included,per_day,"アリーナ全館・B区分・本番日・平日13時間",,2026-08-05,verified,https://yokohama-buntai.jp/wp-includes/file/pdf/%E6%A8%AA%E6%B5%9CBUNTAI%E5%88%A9%E7%94%A8%E3%81%AB%E9%96%A2%E3%81%99%E3%82%8B%E3%81%94%E6%A1%88%E5%86%85_2026%E5%B9%B41%E6%9C%88_20260107.pdf,"附属設備・諸室・早出延長・人件費・電気実費","B区分はA/Cに該当しない非興行イベント。運営者公式2026年1月版ガイドを確認。税込"
PRICE-902,CAND-097,buntai-main,facility,other_admission,holiday,09:00-22:00,1185000,included,per_day,"アリーナ全館・B区分・本番日・土日祝13時間",,2026-08-05,verified,https://yokohama-buntai.jp/wp-includes/file/pdf/%E6%A8%AA%E6%B5%9CBUNTAI%E5%88%A9%E7%94%A8%E3%81%AB%E9%96%A2%E3%81%99%E3%82%8B%E3%81%94%E6%A1%88%E5%86%85_2026%E5%B9%B41%E6%9C%88_20260107.pdf,"附属設備・諸室・早出延長・人件費・電気実費","B区分はA/Cに該当しない非興行イベント。運営者公式2026年1月版ガイドを確認。税込"
PRICE-903,CAND-097,buntai-main,facility,event,weekday,09:00-22:00,2145000,included,per_day,"アリーナ全館・C区分・本番日・平日13時間",,2026-08-05,verified,https://yokohama-buntai.jp/wp-includes/file/pdf/%E6%A8%AA%E6%B5%9CBUNTAI%E5%88%A9%E7%94%A8%E3%81%AB%E9%96%A2%E3%81%99%E3%82%8B%E3%81%94%E6%A1%88%E5%86%85_2026%E5%B9%B41%E6%9C%88_20260107.pdf,"附属設備・早出延長・人件費・電気実費","C区分は営業・宣伝・企業活動を伴う営利興行。控室料を含む。運営者公式2026年1月版ガイドを確認。税込"
PRICE-904,CAND-097,buntai-main,facility,event,holiday,09:00-22:00,3080000,included,per_day,"アリーナ全館・C区分・本番日・土日祝13時間",,2026-08-05,verified,https://yokohama-buntai.jp/wp-includes/file/pdf/%E6%A8%AA%E6%B5%9CBUNTAI%E5%88%A9%E7%94%A8%E3%81%AB%E9%96%A2%E3%81%99%E3%82%8B%E3%81%94%E6%A1%88%E5%86%85_2026%E5%B9%B41%E6%9C%88_20260107.pdf,"附属設備・早出延長・人件費・電気実費","C区分は営業・宣伝・企業活動を伴う営利興行。控室料を含む。運営者公式2026年1月版ガイドを確認。税込"
PRICE-905,CAND-097,buntai-main,facility,setup_teardown,weekday,09:00-22:00,114400,included,per_day,"アリーナ全館・A区分・準備日・平日13時間",,2026-08-05,verified,https://yokohama-buntai.jp/wp-includes/file/pdf/%E6%A8%AA%E6%B5%9CBUNTAI%E5%88%A9%E7%94%A8%E3%81%AB%E9%96%A2%E3%81%99%E3%82%8B%E3%81%94%E6%A1%88%E5%86%85_2026%E5%B9%B41%E6%9C%88_20260107.pdf,"附属設備・諸室・早出延長・人件費・電気実費","運営者公式2026年1月版ガイドを確認。税込"
PRICE-906,CAND-097,buntai-main,facility,setup_teardown,holiday,09:00-22:00,143000,included,per_day,"アリーナ全館・A区分・準備日・土日祝13時間",,2026-08-05,verified,https://yokohama-buntai.jp/wp-includes/file/pdf/%E6%A8%AA%E6%B5%9CBUNTAI%E5%88%A9%E7%94%A8%E3%81%AB%E9%96%A2%E3%81%99%E3%82%8B%E3%81%94%E6%A1%88%E5%86%85_2026%E5%B9%B41%E6%9C%88_20260107.pdf,"附属設備・諸室・早出延長・人件費・電気実費","運営者公式2026年1月版ガイドを確認。税込"
PRICE-907,CAND-097,buntai-main,facility,setup_teardown,weekday,09:00-22:00,478000,included,per_day,"アリーナ全館・B区分・準備日・平日13時間",,2026-08-05,verified,https://yokohama-buntai.jp/wp-includes/file/pdf/%E6%A8%AA%E6%B5%9CBUNTAI%E5%88%A9%E7%94%A8%E3%81%AB%E9%96%A2%E3%81%99%E3%82%8B%E3%81%94%E6%A1%88%E5%86%85_2026%E5%B9%B41%E6%9C%88_20260107.pdf,"附属設備・諸室・早出延長・人件費・電気実費","運営者公式2026年1月版ガイドを確認。税込"
PRICE-908,CAND-097,buntai-main,facility,setup_teardown,holiday,09:00-22:00,592500,included,per_day,"アリーナ全館・B区分・準備日・土日祝13時間",,2026-08-05,verified,https://yokohama-buntai.jp/wp-includes/file/pdf/%E6%A8%AA%E6%B5%9CBUNTAI%E5%88%A9%E7%94%A8%E3%81%AB%E9%96%A2%E3%81%99%E3%82%8B%E3%81%94%E6%A1%88%E5%86%85_2026%E5%B9%B41%E6%9C%88_20260107.pdf,"附属設備・諸室・早出延長・人件費・電気実費","運営者公式2026年1月版ガイドを確認。税込"
PRICE-909,CAND-097,buntai-main,facility,setup_teardown,weekday,09:00-22:00,1072500,included,per_day,"アリーナ全館・C区分・準備日・平日13時間",,2026-08-05,verified,https://yokohama-buntai.jp/wp-includes/file/pdf/%E6%A8%AA%E6%B5%9CBUNTAI%E5%88%A9%E7%94%A8%E3%81%AB%E9%96%A2%E3%81%99%E3%82%8B%E3%81%94%E6%A1%88%E5%86%85_2026%E5%B9%B41%E6%9C%88_20260107.pdf,"附属設備・早出延長・人件費・電気実費","運営者公式2026年1月版ガイドを確認。税込"
PRICE-910,CAND-097,buntai-main,facility,setup_teardown,holiday,09:00-22:00,1540000,included,per_day,"アリーナ全館・C区分・準備日・土日祝13時間",,2026-08-05,verified,https://yokohama-buntai.jp/wp-includes/file/pdf/%E6%A8%AA%E6%B5%9CBUNTAI%E5%88%A9%E7%94%A8%E3%81%AB%E9%96%A2%E3%81%99%E3%82%8B%E3%81%94%E6%A1%88%E5%86%85_2026%E5%B9%B41%E6%9C%88_20260107.pdf,"附属設備・早出延長・人件費・電気実費","運営者公式2026年1月版ガイドを確認。税込"
PRICE-911,CAND-097,buntai-main,hvac,all,all,per_hour,23000,included,per_hour,"アリーナ空調・冷房または暖房・1時間",,2026-08-05,verified,https://yokohama-buntai.jp/wp-includes/file/pdf/%E6%A8%AA%E6%B5%9CBUNTAI%E5%88%A9%E7%94%A8%E3%81%AB%E9%96%A2%E3%81%99%E3%82%8B%E3%81%94%E6%A1%88%E5%86%85_2026%E5%B9%B41%E6%9C%88_20260107.pdf,"会場料・技術者立会人件費","運営者公式2026年1月版ガイドを確認。税込。A/B/C共通"
PRICE-912,CAND-097,buntai-main,audio,amateur_sports_no_admission,all,per_day,11000,included,per_day,"常設音響機材基本使用料・A区分・1式1日",,2026-08-05,verified,https://yokohama-buntai.jp/wp-includes/file/pdf/%E6%A8%AA%E6%B5%9CBUNTAI%E5%88%A9%E7%94%A8%E3%81%AB%E9%96%A2%E3%81%99%E3%82%8B%E3%81%94%E6%A1%88%E5%86%85_2026%E5%B9%B41%E6%9C%88_20260107.pdf,"会場料・追加機材・技術者立会人件費","運営者公式2026年1月版ガイドを確認。税込"
PRICE-913,CAND-097,buntai-main,audio,event,all,per_day,22000,included,per_day,"常設音響機材基本使用料・B/C区分・1式1日",,2026-08-05,verified,https://yokohama-buntai.jp/wp-includes/file/pdf/%E6%A8%AA%E6%B5%9CBUNTAI%E5%88%A9%E7%94%A8%E3%81%AB%E9%96%A2%E3%81%99%E3%82%8B%E3%81%94%E6%A1%88%E5%86%85_2026%E5%B9%B41%E6%9C%88_20260107.pdf,"会場料・追加機材・技術者立会人件費","運営者公式2026年1月版ガイドを確認。税込"
PRICE-914,CAND-097,buntai-main,lighting,amateur_sports_no_admission,all,per_day,5500,included,per_day,"常設照明・客電演出/暗転操作・A区分・1日",,2026-08-05,verified,https://yokohama-buntai.jp/wp-includes/file/pdf/%E6%A8%AA%E6%B5%9CBUNTAI%E5%88%A9%E7%94%A8%E3%81%AB%E9%96%A2%E3%81%99%E3%82%8B%E3%81%94%E6%A1%88%E5%86%85_2026%E5%B9%B41%E6%9C%88_20260107.pdf,"会場料・追加機材・技術者立会人件費","運営者公式2026年1月版ガイドを確認。税込"
PRICE-915,CAND-097,buntai-main,lighting,event,all,per_day,11000,included,per_day,"常設照明・客電演出/暗転操作・B/C区分・1日",,2026-08-05,verified,https://yokohama-buntai.jp/wp-includes/file/pdf/%E6%A8%AA%E6%B5%9CBUNTAI%E5%88%A9%E7%94%A8%E3%81%AB%E9%96%A2%E3%81%99%E3%82%8B%E3%81%94%E6%A1%88%E5%86%85_2026%E5%B9%B41%E6%9C%88_20260107.pdf,"会場料・追加機材・技術者立会人件費","運営者公式2026年1月版ガイドを確認。税込"
PRICE-916,CAND-097,buntai-main,video,amateur_sports_no_admission,all,per_day,82500,included,per_day,"大型映像装置約400インチ×3面・A区分・1式1日",,2026-08-05,verified,https://yokohama-buntai.jp/wp-includes/file/pdf/%E6%A8%AA%E6%B5%9CBUNTAI%E5%88%A9%E7%94%A8%E3%81%AB%E9%96%A2%E3%81%99%E3%82%8B%E3%81%94%E6%A1%88%E5%86%85_2026%E5%B9%B41%E6%9C%88_20260107.pdf,"会場料・信号回線・技術者立会人件費","運営者公式2026年1月版ガイドを確認。税込"
PRICE-917,CAND-097,buntai-main,video,event,all,per_day,165000,included,per_day,"大型映像装置約400インチ×3面・B/C区分・1式1日",,2026-08-05,verified,https://yokohama-buntai.jp/wp-includes/file/pdf/%E6%A8%AA%E6%B5%9CBUNTAI%E5%88%A9%E7%94%A8%E3%81%AB%E9%96%A2%E3%81%99%E3%82%8B%E3%81%94%E6%A1%88%E5%86%85_2026%E5%B9%B41%E6%9C%88_20260107.pdf,"会場料・信号回線・技術者立会人件費","運営者公式2026年1月版ガイドを確認。税込"
PRICE-918,CAND-098,keio-main,facility,amateur_sports_no_admission,weekday,09:00-21:00,123100,included,per_day,"メインアリーナ・スポーツ区分A・入場料なし・平日・スタンド未使用・全日12時間",,2026-08-05,verified,https://keio-arena.tokyo/information/pdf/pricelist.pdf,"附属設備・延長・設営撤去・警備・清掃","指定管理者公式の現行料金表を画像照合。税込。スポーツ区分Aは主催者関係者限定の参加型・体験型利用"
PRICE-919,CAND-098,keio-main,facility,amateur_sports_no_admission,weekday,09:00-21:00,154000,included,per_day,"メインアリーナ・スポーツ区分A・入場料なし・平日・スタンド使用・全日12時間",,2026-08-05,verified,https://keio-arena.tokyo/information/pdf/pricelist.pdf,"附属設備・延長・設営撤去・警備・清掃","指定管理者公式の現行料金表を画像照合。税込。スポーツ区分Aは主催者関係者限定の参加型・体験型利用"
PRICE-920,CAND-098,keio-main,facility,amateur_sports_no_admission,holiday,09:00-21:00,171000,included,per_day,"メインアリーナ・スポーツ区分A・入場料なし・土日祝・スタンド未使用・全日12時間",,2026-08-05,verified,https://keio-arena.tokyo/information/pdf/pricelist.pdf,"附属設備・延長・設営撤去・警備・清掃","指定管理者公式の現行料金表を画像照合。税込。スポーツ区分Aは主催者関係者限定の参加型・体験型利用"
PRICE-921,CAND-098,keio-main,facility,amateur_sports_no_admission,holiday,09:00-21:00,213700,included,per_day,"メインアリーナ・スポーツ区分A・入場料なし・土日祝・スタンド使用・全日12時間",,2026-08-05,verified,https://keio-arena.tokyo/information/pdf/pricelist.pdf,"附属設備・延長・設営撤去・警備・清掃","指定管理者公式の現行料金表を画像照合。税込。スポーツ区分Aは主催者関係者限定の参加型・体験型利用"
PRICE-922,CAND-098,keio-main,facility,amateur_sports_no_admission,weekday,09:00-21:00,246200,included,per_day,"メインアリーナ・スポーツ区分B・入場料なし・平日・スタンド未使用・全日12時間",,2026-08-05,verified,https://keio-arena.tokyo/information/pdf/pricelist.pdf,"附属設備・延長・設営撤去・警備・清掃","指定管理者公式の現行料金表を画像照合。税込。スポーツ区分Bは複数チーム参加大会等"
PRICE-923,CAND-098,keio-main,facility,amateur_sports_no_admission,weekday,09:00-21:00,307800,included,per_day,"メインアリーナ・スポーツ区分B・入場料なし・平日・スタンド使用・全日12時間",,2026-08-05,verified,https://keio-arena.tokyo/information/pdf/pricelist.pdf,"附属設備・延長・設営撤去・警備・清掃","指定管理者公式の現行料金表を画像照合。税込。スポーツ区分Bは複数チーム参加大会等"
PRICE-924,CAND-098,keio-main,facility,amateur_sports_no_admission,holiday,09:00-21:00,342000,included,per_day,"メインアリーナ・スポーツ区分B・入場料なし・土日祝・スタンド未使用・全日12時間",,2026-08-05,verified,https://keio-arena.tokyo/information/pdf/pricelist.pdf,"附属設備・延長・設営撤去・警備・清掃","指定管理者公式の現行料金表を画像照合。税込。スポーツ区分Bは複数チーム参加大会等"
PRICE-925,CAND-098,keio-main,facility,amateur_sports_no_admission,holiday,09:00-21:00,427500,included,per_day,"メインアリーナ・スポーツ区分B・入場料なし・土日祝・スタンド使用・全日12時間",,2026-08-05,verified,https://keio-arena.tokyo/information/pdf/pricelist.pdf,"附属設備・延長・設営撤去・警備・清掃","指定管理者公式の現行料金表を画像照合。税込。スポーツ区分Bは複数チーム参加大会等"
PRICE-926,CAND-098,keio-main,facility,event,weekday,09:00-21:00,706000,included,per_day,"メインアリーナ・その他・入場料なし・平日・スタンド未使用・全日12時間",,2026-08-05,verified,https://keio-arena.tokyo/information/pdf/pricelist.pdf,"附属設備・延長・設営撤去・警備・清掃","指定管理者公式の現行料金表を画像照合。税込。その他はコンサート、ショー、プロスポーツ等の商業系イベント"
PRICE-927,CAND-098,keio-main,facility,event,weekday,09:00-21:00,882500,included,per_day,"メインアリーナ・その他・入場料なし・平日・スタンド使用・全日12時間",,2026-08-05,verified,https://keio-arena.tokyo/information/pdf/pricelist.pdf,"附属設備・延長・設営撤去・警備・清掃","指定管理者公式の現行料金表を画像照合。税込。その他はコンサート、ショー、プロスポーツ等の商業系イベント"
PRICE-928,CAND-098,keio-main,facility,event,holiday,09:00-21:00,1103200,included,per_day,"メインアリーナ・その他・入場料なし・土日祝・スタンド未使用・全日12時間",,2026-08-05,verified,https://keio-arena.tokyo/information/pdf/pricelist.pdf,"附属設備・延長・設営撤去・警備・清掃","指定管理者公式の現行料金表を画像照合。税込。その他はコンサート、ショー、プロスポーツ等の商業系イベント"
PRICE-929,CAND-098,keio-main,facility,event,holiday,09:00-21:00,1379000,included,per_day,"メインアリーナ・その他・入場料なし・土日祝・スタンド使用・全日12時間",,2026-08-05,verified,https://keio-arena.tokyo/information/pdf/pricelist.pdf,"附属設備・延長・設営撤去・警備・清掃","指定管理者公式の現行料金表を画像照合。税込。その他はコンサート、ショー、プロスポーツ等の商業系イベント"
PRICE-930,CAND-098,keio-main,facility,event_admission,weekday,09:00-21:00,2823100,included,per_day,"メインアリーナ・その他・入場料あり・平日・最高額7000円未満・全日12時間",,2026-08-05,verified,https://keio-arena.tokyo/information/pdf/pricelist.pdf,"附属設備・延長・設営撤去・警備・清掃","指定管理者公式の現行料金表を画像照合。税込。その他はコンサート、ショー、プロスポーツ等の商業系イベント"
PRICE-931,CAND-098,keio-main,facility,event_admission,weekday,09:00-21:00,3528900,included,per_day,"メインアリーナ・その他・入場料あり・平日・最高額7000円以上・全日12時間",,2026-08-05,verified,https://keio-arena.tokyo/information/pdf/pricelist.pdf,"附属設備・延長・設営撤去・警備・清掃","指定管理者公式の現行料金表を画像照合。税込。その他はコンサート、ショー、プロスポーツ等の商業系イベント"
PRICE-932,CAND-098,keio-main,facility,event_admission,holiday,09:00-21:00,4411200,included,per_day,"メインアリーナ・その他・入場料あり・土日祝・最高額7000円未満・全日12時間",,2026-08-05,verified,https://keio-arena.tokyo/information/pdf/pricelist.pdf,"附属設備・延長・設営撤去・警備・清掃","指定管理者公式の現行料金表を画像照合。税込。その他はコンサート、ショー、プロスポーツ等の商業系イベント"
PRICE-933,CAND-098,keio-main,facility,event_admission,holiday,09:00-21:00,5514000,included,per_day,"メインアリーナ・その他・入場料あり・土日祝・最高額7000円以上・全日12時間",,2026-08-05,verified,https://keio-arena.tokyo/information/pdf/pricelist.pdf,"附属設備・延長・設営撤去・警備・清掃","指定管理者公式の現行料金表を画像照合。税込。その他はコンサート、ショー、プロスポーツ等の商業系イベント"
PRICE-934,CAND-098,keio-sub,facility,event,weekday,09:00-21:00,314800,included,per_day,"サブアリーナ・その他・入場料なし・平日・半面使用・全日12時間",,2026-08-05,verified,https://keio-arena.tokyo/information/pdf/pricelist.pdf,"附属設備・延長・設営撤去・警備・清掃","指定管理者公式の現行料金表を画像照合。税込。その他は商業系イベント。半面使用は利用月の2か月前から申込"
PRICE-935,CAND-098,keio-sub,facility,event,weekday,09:00-21:00,629600,included,per_day,"サブアリーナ・その他・入場料なし・平日・全面使用・全日12時間",,2026-08-05,verified,https://keio-arena.tokyo/information/pdf/pricelist.pdf,"附属設備・延長・設営撤去・警備・清掃","指定管理者公式の現行料金表を画像照合。税込。その他は商業系イベント"
PRICE-936,CAND-098,keio-sub,facility,event,holiday,09:00-21:00,393500,included,per_day,"サブアリーナ・その他・入場料なし・土日祝・半面使用・全日12時間",,2026-08-05,verified,https://keio-arena.tokyo/information/pdf/pricelist.pdf,"附属設備・延長・設営撤去・警備・清掃","指定管理者公式の現行料金表を画像照合。税込。その他は商業系イベント。半面使用は利用月の2か月前から申込"
PRICE-937,CAND-098,keio-sub,facility,event,holiday,09:00-21:00,787000,included,per_day,"サブアリーナ・その他・入場料なし・土日祝・全面使用・全日12時間",,2026-08-05,verified,https://keio-arena.tokyo/information/pdf/pricelist.pdf,"附属設備・延長・設営撤去・警備・清掃","指定管理者公式の現行料金表を画像照合。税込。その他は商業系イベント"
PRICE-938,CAND-098,keio-sub,facility,event_admission,weekday,09:00-21:00,1006700,included,per_day,"サブアリーナ・その他・入場料あり・平日・最高額7000円未満・全日12時間",,2026-08-05,verified,https://keio-arena.tokyo/information/pdf/pricelist.pdf,"附属設備・延長・設営撤去・警備・清掃","指定管理者公式の現行料金表を画像照合。税込。その他は商業系イベント"
PRICE-939,CAND-098,keio-sub,facility,event_admission,weekday,09:00-21:00,1258400,included,per_day,"サブアリーナ・その他・入場料あり・平日・最高額7000円以上・全日12時間",,2026-08-05,verified,https://keio-arena.tokyo/information/pdf/pricelist.pdf,"附属設備・延長・設営撤去・警備・清掃","指定管理者公式の現行料金表を画像照合。税込。その他は商業系イベント"
PRICE-940,CAND-098,keio-sub,facility,event_admission,holiday,09:00-21:00,1258400,included,per_day,"サブアリーナ・その他・入場料あり・土日祝・最高額7000円未満・全日12時間",,2026-08-05,verified,https://keio-arena.tokyo/information/pdf/pricelist.pdf,"附属設備・延長・設営撤去・警備・清掃","指定管理者公式の現行料金表を画像照合。税込。その他は商業系イベント"
PRICE-941,CAND-098,keio-sub,facility,event_admission,holiday,09:00-21:00,1573000,included,per_day,"サブアリーナ・その他・入場料あり・土日祝・最高額7000円以上・全日12時間",,2026-08-05,verified,https://keio-arena.tokyo/information/pdf/pricelist.pdf,"附属設備・延長・設営撤去・警備・清掃","指定管理者公式の現行料金表を画像照合。税込。その他は商業系イベント"
PRICE-942,CAND-098,keio-main,video,all,all,4_hours,43600,included,per_4_hours,"大型映像装置・4時間",,2026-08-05,verified,https://keio-arena.tokyo/information/pdf/pricelist.pdf,"施設基本料・操作人件費・追加機材","指定管理者公式の現行料金表を画像照合。税込。文字・静止画のみは19,500円"
PRICE-943,CAND-098,keio-main,audio,all,all,4_hours,11400,included,per_4_hours,"メインアリーナ放送設備・4時間",,2026-08-05,verified,https://keio-arena.tokyo/information/pdf/pricelist.pdf,"施設基本料・操作人件費・追加機材","指定管理者公式の現行料金表を画像照合。税込"
PRICE-944,CAND-098,keio-main,audio,all,all,per_day,129000,included,per_day,"音響装置・1日1式",,2026-08-05,verified,https://keio-arena.tokyo/information/pdf/pricelist.pdf,"施設基本料・操作人件費・追加機材","指定管理者公式の現行料金表を画像照合。税込。4時間は43,000円"
PRICE-945,CAND-098,keio-main,lighting,all,all,4_hours,15750,included,per_4_hours,"メインアリーナ特別照明設備・751ルクス以上・4時間",,2026-08-05,verified,https://keio-arena.tokyo/information/pdf/pricelist.pdf,"施設基本料・操作人件費","指定管理者公式の現行料金表を画像照合。税込"
PRICE-946,CAND-098,keio-main,lighting,all,all,4_hours,31500,included,per_4_hours,"メインアリーナ特別照明設備・1501ルクス以上・4時間",,2026-08-05,verified,https://keio-arena.tokyo/information/pdf/pricelist.pdf,"施設基本料・操作人件費","指定管理者公式の現行料金表を画像照合。税込"
PRICE-947,CAND-098,keio-main,equipment,all,all,per_day,354600,included,per_day,"仮設席・全18ブロック1440席・1日",,2026-08-05,verified,https://keio-arena.tokyo/information/pdf/pricelist.pdf,"施設基本料・設置撤去・養生","指定管理者公式の現行料金表を画像照合。税込"
PRICE-948,CAND-098,keio-main,equipment,all,all,per_day,24000,included,per_day,"バスケットゴール・1日1面",,2026-08-05,verified,https://keio-arena.tokyo/information/pdf/pricelist.pdf,"施設基本料・設置撤去","指定管理者公式の現行料金表を画像照合。税込"
PRICE-949,CAND-098,keio-main,equipment,all,all,per_day,9600,included,per_day,"電光得点表示装置・1日1台",,2026-08-05,verified,https://keio-arena.tokyo/information/pdf/pricelist.pdf,"施設基本料・操作人件費","指定管理者公式の現行料金表を画像照合。税込。1式4時間は3,200円"
PRICE-950,CAND-103,shimazu-main,facility,amateur_sports_no_admission,weekday,09:00-21:00,63480,not_stated,per_day,"第1競技場全面・非営利・入場料なし・アマチュアスポーツ・平日・全日12時間",2025-04-01,2026-08-05,verified,https://www.kyoto-furitutaiikukan.jp/pdf/R70401kyougijyoukaigisitu.pdf,"附属設備・冷暖房実費・延長・準備撤去","体育館公式2025年4月1日改定表を画像照合。税表記は明示なし。準備撤去は該当催物料金の2分の1"
PRICE-951,CAND-103,shimazu-main,facility,amateur_sports_no_admission,holiday,09:00-21:00,75690,not_stated,per_day,"第1競技場全面・非営利・入場料なし・アマチュアスポーツ・土日休日・全日12時間",2025-04-01,2026-08-05,verified,https://www.kyoto-furitutaiikukan.jp/pdf/R70401kyougijyoukaigisitu.pdf,"附属設備・冷暖房実費・延長・準備撤去","体育館公式2025年4月1日改定表を画像照合。税表記は明示なし。準備撤去は該当催物料金の2分の1"
PRICE-952,CAND-103,shimazu-main,facility,other_no_admission,weekday,09:00-21:00,252900,not_stated,per_day,"第1競技場全面・非営利・入場料なし・その他催物・平日・全日12時間",2025-04-01,2026-08-05,verified,https://www.kyoto-furitutaiikukan.jp/pdf/R70401kyougijyoukaigisitu.pdf,"附属設備・冷暖房実費・延長・準備撤去","体育館公式2025年4月1日改定表を画像照合。税表記は明示なし。準備撤去は該当催物料金の2分の1"
PRICE-953,CAND-103,shimazu-main,facility,other_no_admission,holiday,09:00-21:00,303020,not_stated,per_day,"第1競技場全面・非営利・入場料なし・その他催物・土日休日・全日12時間",2025-04-01,2026-08-05,verified,https://www.kyoto-furitutaiikukan.jp/pdf/R70401kyougijyoukaigisitu.pdf,"附属設備・冷暖房実費・延長・準備撤去","体育館公式2025年4月1日改定表を画像照合。税表記は明示なし。準備撤去は該当催物料金の2分の1"
PRICE-954,CAND-103,shimazu-main,facility,amateur_sports_admission,weekday,09:00-21:00,193020,not_stated,per_day,"第1競技場全面・非営利・入場料あり又は類似取扱い・アマチュアスポーツ・平日・全日12時間",2025-04-01,2026-08-05,verified,https://www.kyoto-furitutaiikukan.jp/pdf/R70401kyougijyoukaigisitu.pdf,"附属設備・冷暖房実費・延長・準備撤去","体育館公式2025年4月1日改定表を画像照合。税表記は明示なし。準備撤去は該当催物料金の2分の1"
PRICE-955,CAND-103,shimazu-main,facility,amateur_sports_admission,holiday,09:00-21:00,231850,not_stated,per_day,"第1競技場全面・非営利・入場料あり又は類似取扱い・アマチュアスポーツ・土日休日・全日12時間",2025-04-01,2026-08-05,verified,https://www.kyoto-furitutaiikukan.jp/pdf/R70401kyougijyoukaigisitu.pdf,"附属設備・冷暖房実費・延長・準備撤去","体育館公式2025年4月1日改定表を画像照合。税表記は明示なし。準備撤去は該当催物料金の2分の1"
PRICE-956,CAND-103,shimazu-main,facility,other_admission,weekday,09:00-21:00,631740,not_stated,per_day,"第1競技場全面・非営利・入場料あり又は類似取扱い・その他催物・平日・全日12時間",2025-04-01,2026-08-05,verified,https://www.kyoto-furitutaiikukan.jp/pdf/R70401kyougijyoukaigisitu.pdf,"附属設備・冷暖房実費・延長・準備撤去","体育館公式2025年4月1日改定表を画像照合。税表記は明示なし。準備撤去は該当催物料金の2分の1"
PRICE-957,CAND-103,shimazu-main,facility,other_admission,holiday,09:00-21:00,724420,not_stated,per_day,"第1競技場全面・非営利・入場料あり又は類似取扱い・その他催物・土日休日・全日12時間",2025-04-01,2026-08-05,verified,https://www.kyoto-furitutaiikukan.jp/pdf/R70401kyougijyoukaigisitu.pdf,"附属設備・冷暖房実費・延長・準備撤去","体育館公式2025年4月1日改定表を画像照合。税表記は明示なし。準備撤去は該当催物料金の2分の1"
PRICE-958,CAND-103,shimazu-main,facility,commercial,weekday,09:00-21:00,1003020,not_stated,per_day,"第1競技場全面・営利目的・平日・全日12時間",2025-04-01,2026-08-05,verified,https://www.kyoto-furitutaiikukan.jp/pdf/R70401kyougijyoukaigisitu.pdf,"附属設備・冷暖房実費・延長・準備撤去","体育館公式2025年4月1日改定表を画像照合。税表記は明示なし。準備撤去は該当催物料金の2分の1"
PRICE-959,CAND-103,shimazu-main,facility,commercial,holiday,09:00-21:00,1207100,not_stated,per_day,"第1競技場全面・営利目的・土日休日・全日12時間",2025-04-01,2026-08-05,verified,https://www.kyoto-furitutaiikukan.jp/pdf/R70401kyougijyoukaigisitu.pdf,"附属設備・冷暖房実費・延長・準備撤去","体育館公式2025年4月1日改定表を画像照合。税表記は明示なし。準備撤去は該当催物料金の2分の1"
PRICE-960,CAND-103,shimazu-second,facility,amateur_sports_no_admission,weekday,09:00-21:00,25110,not_stated,per_day,"第2競技場全面・非営利・入場料なし・アマチュアスポーツ・平日・全日12時間",2025-04-01,2026-08-05,verified,https://www.kyoto-furitutaiikukan.jp/pdf/R70401kyougijyoukaigisitu.pdf,"附属設備・冷暖房実費・延長・準備撤去","体育館公式2025年4月1日改定表を画像照合。税表記は明示なし。準備撤去は該当催物料金の2分の1"
PRICE-961,CAND-103,shimazu-second,facility,amateur_sports_no_admission,holiday,09:00-21:00,30340,not_stated,per_day,"第2競技場全面・非営利・入場料なし・アマチュアスポーツ・土日休日・全日12時間",2025-04-01,2026-08-05,verified,https://www.kyoto-furitutaiikukan.jp/pdf/R70401kyougijyoukaigisitu.pdf,"附属設備・冷暖房実費・延長・準備撤去","体育館公式2025年4月1日改定表を画像照合。税表記は明示なし。準備撤去は該当催物料金の2分の1"
PRICE-962,CAND-103,shimazu-second,facility,other_no_admission,weekday,09:00-21:00,37900,not_stated,per_day,"第2競技場全面・非営利・入場料なし・その他催物・平日・全日12時間",2025-04-01,2026-08-05,verified,https://www.kyoto-furitutaiikukan.jp/pdf/R70401kyougijyoukaigisitu.pdf,"附属設備・冷暖房実費・延長・準備撤去","体育館公式2025年4月1日改定表を画像照合。税表記は明示なし。準備撤去は該当催物料金の2分の1"
PRICE-963,CAND-103,shimazu-second,facility,other_no_admission,holiday,09:00-21:00,45460,not_stated,per_day,"第2競技場全面・非営利・入場料なし・その他催物・土日休日・全日12時間",2025-04-01,2026-08-05,verified,https://www.kyoto-furitutaiikukan.jp/pdf/R70401kyougijyoukaigisitu.pdf,"附属設備・冷暖房実費・延長・準備撤去","体育館公式2025年4月1日改定表を画像照合。税表記は明示なし。準備撤去は該当催物料金の2分の1"
PRICE-964,CAND-103,shimazu-second,facility,amateur_sports_admission,weekday,09:00-21:00,25110,not_stated,per_day,"第2競技場全面・非営利・入場料あり又は類似取扱い・アマチュアスポーツ・平日・全日12時間",2025-04-01,2026-08-05,verified,https://www.kyoto-furitutaiikukan.jp/pdf/R70401kyougijyoukaigisitu.pdf,"附属設備・冷暖房実費・延長・準備撤去","体育館公式2025年4月1日改定表を画像照合。税表記は明示なし。準備撤去は該当催物料金の2分の1"
PRICE-965,CAND-103,shimazu-second,facility,amateur_sports_admission,holiday,09:00-21:00,30340,not_stated,per_day,"第2競技場全面・非営利・入場料あり又は類似取扱い・アマチュアスポーツ・土日休日・全日12時間",2025-04-01,2026-08-05,verified,https://www.kyoto-furitutaiikukan.jp/pdf/R70401kyougijyoukaigisitu.pdf,"附属設備・冷暖房実費・延長・準備撤去","体育館公式2025年4月1日改定表を画像照合。税表記は明示なし。準備撤去は該当催物料金の2分の1"
PRICE-966,CAND-103,shimazu-second,facility,other_admission,weekday,09:00-21:00,45460,not_stated,per_day,"第2競技場全面・非営利・入場料あり又は類似取扱い・その他催物・平日・全日12時間",2025-04-01,2026-08-05,verified,https://www.kyoto-furitutaiikukan.jp/pdf/R70401kyougijyoukaigisitu.pdf,"附属設備・冷暖房実費・延長・準備撤去","体育館公式2025年4月1日改定表を画像照合。税表記は明示なし。準備撤去は該当催物料金の2分の1"
PRICE-967,CAND-103,shimazu-second,facility,other_admission,holiday,09:00-21:00,54870,not_stated,per_day,"第2競技場全面・非営利・入場料あり又は類似取扱い・その他催物・土日休日・全日12時間",2025-04-01,2026-08-05,verified,https://www.kyoto-furitutaiikukan.jp/pdf/R70401kyougijyoukaigisitu.pdf,"附属設備・冷暖房実費・延長・準備撤去","体育館公式2025年4月1日改定表を画像照合。税表記は明示なし。準備撤去は該当催物料金の2分の1"
PRICE-968,CAND-103,shimazu-second,facility,commercial,weekday,09:00-21:00,75690,not_stated,per_day,"第2競技場全面・営利目的・平日・全日12時間",2025-04-01,2026-08-05,verified,https://www.kyoto-furitutaiikukan.jp/pdf/R70401kyougijyoukaigisitu.pdf,"附属設備・冷暖房実費・延長・準備撤去","体育館公式2025年4月1日改定表を画像照合。税表記は明示なし。準備撤去は該当催物料金の2分の1"
PRICE-969,CAND-103,shimazu-second,facility,commercial,holiday,09:00-21:00,92670,not_stated,per_day,"第2競技場全面・営利目的・土日休日・全日12時間",2025-04-01,2026-08-05,verified,https://www.kyoto-furitutaiikukan.jp/pdf/R70401kyougijyoukaigisitu.pdf,"附属設備・冷暖房実費・延長・準備撤去","体育館公式2025年4月1日改定表を画像照合。税表記は明示なし。準備撤去は該当催物料金の2分の1"
PRICE-970,CAND-103,shimazu-main,equipment,all,all,per_day,4520,not_stated,per_day,"バスケット競技用具1組・全日",2025-04-01,2026-08-05,verified,https://www.kyoto-furitutaiikukan.jp/pdf/R70401Fuzokusetubi.pdf,"施設基本料・設置撤去・持込費用","体育館公式2025年4月1日改定表を画像照合。税表記は明示なし。ファウル指示板、信号器、24秒タイマー、ストップウォッチを含む"
PRICE-971,CAND-103,shimazu-main,equipment,all,all,per_day,2780,not_stated,per_day,"移動式バスケット台1対・全日",2025-04-01,2026-08-05,verified,https://www.kyoto-furitutaiikukan.jp/pdf/R70401Fuzokusetubi.pdf,"施設基本料・設置撤去・持込費用","体育館公式2025年4月1日改定表を画像照合。税表記は明示なし"
PRICE-972,CAND-103,shimazu-main,equipment,all,all,per_day,910,not_stated,per_day,"バレーボール用支柱1組・全日",2025-04-01,2026-08-05,verified,https://www.kyoto-furitutaiikukan.jp/pdf/R70401Fuzokusetubi.pdf,"施設基本料・設置撤去・持込費用","体育館公式2025年4月1日改定表を画像照合。税表記は明示なし。ネットを含む"
PRICE-973,CAND-103,shimazu-main,equipment,all,all,per_day,910,not_stated,per_day,"ハンドボール用ゴール1組・全日",2025-04-01,2026-08-05,verified,https://www.kyoto-furitutaiikukan.jp/pdf/R70401Fuzokusetubi.pdf,"施設基本料・設置撤去・持込費用","体育館公式2025年4月1日改定表を画像照合。税表記は明示なし。ネットを含む"
PRICE-974,CAND-103,shimazu-main,equipment,all,all,per_day,2320,not_stated,per_day,"電光式得点表示器1対・全日",2025-04-01,2026-08-05,verified,https://www.kyoto-furitutaiikukan.jp/pdf/R70401Fuzokusetubi.pdf,"施設基本料・操作人件費・持込費用","体育館公式2025年4月1日改定表を画像照合。税表記は明示なし"
PRICE-975,CAND-103,shimazu-main,equipment,all,all,per_day,1390,not_stated,per_day,"舞台用ステージ1台・全日",2025-04-01,2026-08-05,verified,https://www.kyoto-furitutaiikukan.jp/pdf/R70401Fuzokusetubi.pdf,"施設基本料・設置撤去・持込費用","体育館公式2025年4月1日改定表を画像照合。税表記は明示なし"
PRICE-976,CAND-103,shimazu-main,audio,all,all,per_day,4520,not_stated,per_day,"拡声装置1組・全日",2025-04-01,2026-08-05,verified,https://www.kyoto-furitutaiikukan.jp/pdf/R70401Fuzokusetubi.pdf,"施設基本料・操作人件費・追加機材","体育館公式2025年4月1日改定表を画像照合。税表記は明示なし。マイクロホン1個付き"
PRICE-977,CAND-103,shimazu-main,audio,all,all,per_day,1390,not_stated,per_day,"マイクロホン1個・全日",2025-04-01,2026-08-05,verified,https://www.kyoto-furitutaiikukan.jp/pdf/R70401Fuzokusetubi.pdf,"施設基本料・操作人件費・追加機材","体育館公式2025年4月1日改定表を画像照合。税表記は明示なし"
PRICE-978,CAND-103,shimazu-main,video,all,all,per_day,174420,not_stated,per_day,"大型映像装置1式・全日",2025-04-01,2026-08-05,verified,https://www.kyoto-furitutaiikukan.jp/pdf/R70401Fuzokusetubi.pdf,"施設基本料・操作人件費・信号回線","体育館公式2025年4月1日改定表を画像照合。税表記は明示なし"
PRICE-979,CAND-103,shimazu-main,video,all,all,per_hour,23250,not_stated,per_hour,"大型映像装置1式・時間区分外1時間",2025-04-01,2026-08-05,verified,https://www.kyoto-furitutaiikukan.jp/pdf/R70401Fuzokusetubi.pdf,"施設基本料・操作人件費・信号回線","体育館公式2025年4月1日改定表を画像照合。税表記は明示なし。1時間未満は1時間扱い"
PRICE-980,CAND-103,shimazu-main,equipment,all,all,per_use,50,not_stated,per_seat,"移動観覧席1席・1日1回",2025-04-01,2026-08-05,verified,https://www.kyoto-furitutaiikukan.jp/pdf/R70401Fuzokusetubi.pdf,"施設基本料・設置撤去・養生","体育館公式2025年4月1日改定表を画像照合。税表記は明示なし"
PRICE-981,CAND-103,shimazu-main,hvac,all,all,per_hour,17440,not_stated,per_hour,"第1競技場冷暖房施設・1時間",2025-04-01,2026-08-05,verified,https://www.kyoto-furitutaiikukan.jp/pdf/R70401Fuzokusetubi.pdf,"施設基本料・延長・操作人件費","体育館公式2025年4月1日改定表を画像照合。税表記は明示なし"
PRICE-982,CAND-103,shimazu-second,hvac,all,all,per_hour,2320,not_stated,per_hour,"第2競技場冷暖房施設・1時間",2025-04-01,2026-08-05,verified,https://www.kyoto-furitutaiikukan.jp/pdf/R70401Fuzokusetubi.pdf,"施設基本料・延長・操作人件費","体育館公式2025年4月1日改定表を画像照合。税表記は明示なし"
PRICE-983,CAND-098,keio-main,facility,amateur_sports_admission,weekday,09:00-21:00,492800,included,per_day,"メインアリーナ・スポーツ区分A・入場料あり・平日・最高額7000円未満・全日12時間",,2026-08-05,verified,https://keio-arena.tokyo/information/pdf/pricelist.pdf,"附属設備・延長・設営撤去・警備・清掃","指定管理者公式の現行料金表を画像照合。税込。スポーツ区分Aは主催者関係者限定の参加型・体験型利用"
PRICE-984,CAND-098,keio-main,facility,amateur_sports_admission,weekday,09:00-21:00,714600,included,per_day,"メインアリーナ・スポーツ区分A・入場料あり・平日・最高額7000円以上・全日12時間",,2026-08-05,verified,https://keio-arena.tokyo/information/pdf/pricelist.pdf,"附属設備・延長・設営撤去・警備・清掃","指定管理者公式の現行料金表を画像照合。税込。スポーツ区分Aは主催者関係者限定の参加型・体験型利用"
PRICE-985,CAND-098,keio-main,facility,amateur_sports_admission,holiday,09:00-21:00,682900,included,per_day,"メインアリーナ・スポーツ区分A・入場料あり・土日祝・最高額7000円未満・全日12時間",,2026-08-05,verified,https://keio-arena.tokyo/information/pdf/pricelist.pdf,"附属設備・延長・設営撤去・警備・清掃","指定管理者公式の現行料金表を画像照合。税込。スポーツ区分Aは主催者関係者限定の参加型・体験型利用"
PRICE-986,CAND-098,keio-main,facility,amateur_sports_admission,holiday,09:00-21:00,992500,included,per_day,"メインアリーナ・スポーツ区分A・入場料あり・土日祝・最高額7000円以上・全日12時間",,2026-08-05,verified,https://keio-arena.tokyo/information/pdf/pricelist.pdf,"附属設備・延長・設営撤去・警備・清掃","指定管理者公式の現行料金表を画像照合。税込。スポーツ区分Aは主催者関係者限定の参加型・体験型利用"
PRICE-987,CAND-098,keio-main,facility,amateur_sports_admission,weekday,09:00-21:00,985700,included,per_day,"メインアリーナ・スポーツ区分B・入場料あり・平日・最高額7000円未満・全日12時間",,2026-08-05,verified,https://keio-arena.tokyo/information/pdf/pricelist.pdf,"附属設備・延長・設営撤去・警備・清掃","指定管理者公式の現行料金表を画像照合。税込。スポーツ区分Bは複数チーム参加大会等"
PRICE-988,CAND-098,keio-main,facility,amateur_sports_admission,weekday,09:00-21:00,1429200,included,per_day,"メインアリーナ・スポーツ区分B・入場料あり・平日・最高額7000円以上・全日12時間",,2026-08-05,verified,https://keio-arena.tokyo/information/pdf/pricelist.pdf,"附属設備・延長・設営撤去・警備・清掃","指定管理者公式の現行料金表を画像照合。税込。スポーツ区分Bは複数チーム参加大会等"
PRICE-989,CAND-098,keio-main,facility,amateur_sports_admission,holiday,09:00-21:00,1365900,included,per_day,"メインアリーナ・スポーツ区分B・入場料あり・土日祝・最高額7000円未満・全日12時間",,2026-08-05,verified,https://keio-arena.tokyo/information/pdf/pricelist.pdf,"附属設備・延長・設営撤去・警備・清掃","指定管理者公式の現行料金表を画像照合。税込。スポーツ区分Bは複数チーム参加大会等"
PRICE-990,CAND-098,keio-main,facility,amateur_sports_admission,holiday,09:00-21:00,1985000,included,per_day,"メインアリーナ・スポーツ区分B・入場料あり・土日祝・最高額7000円以上・全日12時間",,2026-08-05,verified,https://keio-arena.tokyo/information/pdf/pricelist.pdf,"附属設備・延長・設営撤去・警備・清掃","指定管理者公式の現行料金表を画像照合。税込。スポーツ区分Bは複数チーム参加大会等"
PRICE-991,CAND-098,keio-sub,facility,amateur_sports_no_admission,weekday,09:00-21:00,17200,included,per_day,"サブアリーナ・スポーツ区分A・入場料なし・平日・半面使用・全日12時間",,2026-08-05,verified,https://keio-arena.tokyo/information/pdf/pricelist.pdf,"附属設備・延長・設営撤去・警備・清掃","指定管理者公式の現行料金表を画像照合。税込。半面使用は利用月の2か月前から申込"
PRICE-992,CAND-098,keio-sub,facility,amateur_sports_no_admission,weekday,09:00-21:00,34400,included,per_day,"サブアリーナ・スポーツ区分A・入場料なし・平日・全面使用・全日12時間",,2026-08-05,verified,https://keio-arena.tokyo/information/pdf/pricelist.pdf,"附属設備・延長・設営撤去・警備・清掃","指定管理者公式の現行料金表を画像照合。税込"
PRICE-993,CAND-098,keio-sub,facility,amateur_sports_no_admission,holiday,09:00-21:00,21500,included,per_day,"サブアリーナ・スポーツ区分A・入場料なし・土日祝・半面使用・全日12時間",,2026-08-05,verified,https://keio-arena.tokyo/information/pdf/pricelist.pdf,"附属設備・延長・設営撤去・警備・清掃","指定管理者公式の現行料金表を画像照合。税込。半面使用は利用月の2か月前から申込"
PRICE-994,CAND-098,keio-sub,facility,amateur_sports_no_admission,holiday,09:00-21:00,43000,included,per_day,"サブアリーナ・スポーツ区分A・入場料なし・土日祝・全面使用・全日12時間",,2026-08-05,verified,https://keio-arena.tokyo/information/pdf/pricelist.pdf,"附属設備・延長・設営撤去・警備・清掃","指定管理者公式の現行料金表を画像照合。税込"
PRICE-995,CAND-098,keio-sub,facility,amateur_sports_no_admission,weekday,09:00-21:00,34400,included,per_day,"サブアリーナ・スポーツ区分B・入場料なし・平日・半面使用・全日12時間",,2026-08-05,verified,https://keio-arena.tokyo/information/pdf/pricelist.pdf,"附属設備・延長・設営撤去・警備・清掃","指定管理者公式の現行料金表を画像照合。税込。スポーツ区分Bは複数チーム参加大会等。半面使用は利用月の2か月前から申込"
PRICE-996,CAND-098,keio-sub,facility,amateur_sports_no_admission,weekday,09:00-21:00,68800,included,per_day,"サブアリーナ・スポーツ区分B・入場料なし・平日・全面使用・全日12時間",,2026-08-05,verified,https://keio-arena.tokyo/information/pdf/pricelist.pdf,"附属設備・延長・設営撤去・警備・清掃","指定管理者公式の現行料金表を画像照合。税込。スポーツ区分Bは複数チーム参加大会等"
PRICE-997,CAND-098,keio-sub,facility,amateur_sports_no_admission,holiday,09:00-21:00,43000,included,per_day,"サブアリーナ・スポーツ区分B・入場料なし・土日祝・半面使用・全日12時間",,2026-08-05,verified,https://keio-arena.tokyo/information/pdf/pricelist.pdf,"附属設備・延長・設営撤去・警備・清掃","指定管理者公式の現行料金表を画像照合。税込。スポーツ区分Bは複数チーム参加大会等。半面使用は利用月の2か月前から申込"
PRICE-998,CAND-098,keio-sub,facility,amateur_sports_no_admission,holiday,09:00-21:00,86000,included,per_day,"サブアリーナ・スポーツ区分B・入場料なし・土日祝・全面使用・全日12時間",,2026-08-05,verified,https://keio-arena.tokyo/information/pdf/pricelist.pdf,"附属設備・延長・設営撤去・警備・清掃","指定管理者公式の現行料金表を画像照合。税込。スポーツ区分Bは複数チーム参加大会等"
PRICE-999,CAND-098,keio-sub,facility,amateur_sports_admission,weekday,09:00-21:00,126000,included,per_day,"サブアリーナ・スポーツ区分A・入場料あり・平日・最高額7000円未満・全日12時間",,2026-08-05,verified,https://keio-arena.tokyo/information/pdf/pricelist.pdf,"附属設備・延長・設営撤去・警備・清掃","指定管理者公式の現行料金表を画像照合。税込"
PRICE-1000,CAND-098,keio-sub,facility,amateur_sports_admission,weekday,09:00-21:00,157600,included,per_day,"サブアリーナ・スポーツ区分A・入場料あり・平日・最高額7000円以上・全日12時間",,2026-08-05,verified,https://keio-arena.tokyo/information/pdf/pricelist.pdf,"附属設備・延長・設営撤去・警備・清掃","指定管理者公式の現行料金表を画像照合。税込"
PRICE-1001,CAND-098,keio-sub,facility,amateur_sports_admission,holiday,09:00-21:00,157600,included,per_day,"サブアリーナ・スポーツ区分A・入場料あり・土日祝・最高額7000円未満・全日12時間",,2026-08-05,verified,https://keio-arena.tokyo/information/pdf/pricelist.pdf,"附属設備・延長・設営撤去・警備・清掃","指定管理者公式の現行料金表を画像照合。税込"
PRICE-1002,CAND-098,keio-sub,facility,amateur_sports_admission,holiday,09:00-21:00,197000,included,per_day,"サブアリーナ・スポーツ区分A・入場料あり・土日祝・最高額7000円以上・全日12時間",,2026-08-05,verified,https://keio-arena.tokyo/information/pdf/pricelist.pdf,"附属設備・延長・設営撤去・警備・清掃","指定管理者公式の現行料金表を画像照合。税込"
PRICE-1003,CAND-098,keio-sub,facility,amateur_sports_admission,weekday,09:00-21:00,251700,included,per_day,"サブアリーナ・スポーツ区分B・入場料あり・平日・最高額7000円未満・全日12時間",,2026-08-05,verified,https://keio-arena.tokyo/information/pdf/pricelist.pdf,"附属設備・延長・設営撤去・警備・清掃","指定管理者公式の現行料金表を画像照合。税込。スポーツ区分Bは複数チーム参加大会等"
PRICE-1004,CAND-098,keio-sub,facility,amateur_sports_admission,weekday,09:00-21:00,314600,included,per_day,"サブアリーナ・スポーツ区分B・入場料あり・平日・最高額7000円以上・全日12時間",,2026-08-05,verified,https://keio-arena.tokyo/information/pdf/pricelist.pdf,"附属設備・延長・設営撤去・警備・清掃","指定管理者公式の現行料金表を画像照合。税込。スポーツ区分Bは複数チーム参加大会等"
PRICE-1005,CAND-098,keio-sub,facility,amateur_sports_admission,holiday,09:00-21:00,314600,included,per_day,"サブアリーナ・スポーツ区分B・入場料あり・土日祝・最高額7000円未満・全日12時間",,2026-08-05,verified,https://keio-arena.tokyo/information/pdf/pricelist.pdf,"附属設備・延長・設営撤去・警備・清掃","指定管理者公式の現行料金表を画像照合。税込。スポーツ区分Bは複数チーム参加大会等"
PRICE-1006,CAND-098,keio-sub,facility,amateur_sports_admission,holiday,09:00-21:00,394000,included,per_day,"サブアリーナ・スポーツ区分B・入場料あり・土日祝・最高額7000円以上・全日12時間",,2026-08-05,verified,https://keio-arena.tokyo/information/pdf/pricelist.pdf,"附属設備・延長・設営撤去・警備・清掃","指定管理者公式の現行料金表を画像照合。税込。スポーツ区分Bは複数チーム参加大会等"
PRICE-1007,CAND-084,ariake-main,facility,amateur_sports_no_admission,weekday,12_hours,550000,included,per_12_hours,"メインアリーナ・本番・スポーツ・入場料なし・平日・8〜23時内の連続12時間",,2026-08-05,verified,https://ariake-arena.tokyo/wp-content/themes/ariake-arena/assets/images/page/riyoryoukin.pdf,"附属設備・延長・警備・清掃・人件費","運営会社公式2026年2月現在Ver.8.0料金表を画像照合。税込"
PRICE-1008,CAND-084,ariake-main,facility,amateur_sports_no_admission,holiday,12_hours,660000,included,per_12_hours,"メインアリーナ・本番・スポーツ・入場料なし・土日祝・8〜23時内の連続12時間",,2026-08-05,verified,https://ariake-arena.tokyo/wp-content/themes/ariake-arena/assets/images/page/riyoryoukin.pdf,"附属設備・延長・警備・清掃・人件費","運営会社公式2026年2月現在Ver.8.0料金表を画像照合。税込"
PRICE-1009,CAND-084,ariake-main,facility,setup_teardown,weekday,12_hours,275000,included,per_12_hours,"メインアリーナ・準備・スポーツ・入場料なし・平日・8〜23時内の連続12時間",,2026-08-05,verified,https://ariake-arena.tokyo/wp-content/themes/ariake-arena/assets/images/page/riyoryoukin.pdf,"附属設備・延長・警備・清掃・人件費","運営会社公式2026年2月現在Ver.8.0料金表を画像照合。税込。準備は設営・撤去・リハーサル・休演等"
PRICE-1010,CAND-084,ariake-main,facility,setup_teardown,holiday,12_hours,550000,included,per_12_hours,"メインアリーナ・準備・スポーツ・入場料なし・土日祝・8〜23時内の連続12時間",,2026-08-05,verified,https://ariake-arena.tokyo/wp-content/themes/ariake-arena/assets/images/page/riyoryoukin.pdf,"附属設備・延長・警備・清掃・人件費","運営会社公式2026年2月現在Ver.8.0料金表を画像照合。税込。準備は設営・撤去・リハーサル・休演等"
PRICE-1011,CAND-084,ariake-main,facility,amateur_sports_admission,weekday,12_hours,880000,included,per_12_hours,"メインアリーナ・本番・スポーツ・入場料最高額7000円未満・平日・8〜23時内の連続12時間",,2026-08-05,verified,https://ariake-arena.tokyo/wp-content/themes/ariake-arena/assets/images/page/riyoryoukin.pdf,"附属設備・延長・警備・清掃・人件費","運営会社公式2026年2月現在Ver.8.0料金表を画像照合。税込"
PRICE-1012,CAND-084,ariake-main,facility,amateur_sports_admission,holiday,12_hours,1100000,included,per_12_hours,"メインアリーナ・本番・スポーツ・入場料最高額7000円未満・土日祝・8〜23時内の連続12時間",,2026-08-05,verified,https://ariake-arena.tokyo/wp-content/themes/ariake-arena/assets/images/page/riyoryoukin.pdf,"附属設備・延長・警備・清掃・人件費","運営会社公式2026年2月現在Ver.8.0料金表を画像照合。税込"
PRICE-1013,CAND-084,ariake-main,facility,setup_teardown,weekday,12_hours,275000,included,per_12_hours,"メインアリーナ・準備・スポーツ・入場料最高額7000円未満・平日・8〜23時内の連続12時間",,2026-08-05,verified,https://ariake-arena.tokyo/wp-content/themes/ariake-arena/assets/images/page/riyoryoukin.pdf,"附属設備・延長・警備・清掃・人件費","運営会社公式2026年2月現在Ver.8.0料金表を画像照合。税込。準備は設営・撤去・リハーサル・休演等"
PRICE-1014,CAND-084,ariake-main,facility,setup_teardown,holiday,12_hours,550000,included,per_12_hours,"メインアリーナ・準備・スポーツ・入場料最高額7000円未満・土日祝・8〜23時内の連続12時間",,2026-08-05,verified,https://ariake-arena.tokyo/wp-content/themes/ariake-arena/assets/images/page/riyoryoukin.pdf,"附属設備・延長・警備・清掃・人件費","運営会社公式2026年2月現在Ver.8.0料金表を画像照合。税込。準備は設営・撤去・リハーサル・休演等"
PRICE-1015,CAND-084,ariake-main,facility,amateur_sports_admission,weekday,12_hours,1320000,included,per_12_hours,"メインアリーナ・本番・スポーツ・入場料最高額7000円以上・平日・8〜23時内の連続12時間",,2026-08-05,verified,https://ariake-arena.tokyo/wp-content/themes/ariake-arena/assets/images/page/riyoryoukin.pdf,"附属設備・延長・警備・清掃・人件費","運営会社公式2026年2月現在Ver.8.0料金表を画像照合。税込"
PRICE-1016,CAND-084,ariake-main,facility,amateur_sports_admission,holiday,12_hours,1650000,included,per_12_hours,"メインアリーナ・本番・スポーツ・入場料最高額7000円以上・土日祝・8〜23時内の連続12時間",,2026-08-05,verified,https://ariake-arena.tokyo/wp-content/themes/ariake-arena/assets/images/page/riyoryoukin.pdf,"附属設備・延長・警備・清掃・人件費","運営会社公式2026年2月現在Ver.8.0料金表を画像照合。税込"
PRICE-1017,CAND-084,ariake-main,facility,setup_teardown,weekday,12_hours,275000,included,per_12_hours,"メインアリーナ・準備・スポーツ・入場料最高額7000円以上・平日・8〜23時内の連続12時間",,2026-08-05,verified,https://ariake-arena.tokyo/wp-content/themes/ariake-arena/assets/images/page/riyoryoukin.pdf,"附属設備・延長・警備・清掃・人件費","運営会社公式2026年2月現在Ver.8.0料金表を画像照合。税込。準備は設営・撤去・リハーサル・休演等"
PRICE-1018,CAND-084,ariake-main,facility,setup_teardown,holiday,12_hours,550000,included,per_12_hours,"メインアリーナ・準備・スポーツ・入場料最高額7000円以上・土日祝・8〜23時内の連続12時間",,2026-08-05,verified,https://ariake-arena.tokyo/wp-content/themes/ariake-arena/assets/images/page/riyoryoukin.pdf,"附属設備・延長・警備・清掃・人件費","運営会社公式2026年2月現在Ver.8.0料金表を画像照合。税込。準備は設営・撤去・リハーサル・休演等"
PRICE-1019,CAND-084,ariake-main,facility,professional_sports,weekday,12_hours,3520000,included,per_12_hours,"メインアリーナ・本番・興行スポーツ・平日・8〜23時内の連続12時間",,2026-08-05,verified,https://ariake-arena.tokyo/wp-content/themes/ariake-arena/assets/images/page/riyoryoukin.pdf,"附属設備・延長・警備・清掃・人件費","運営会社公式2026年2月現在Ver.8.0料金表を画像照合。税込"
PRICE-1020,CAND-084,ariake-main,facility,professional_sports,holiday,12_hours,4400000,included,per_12_hours,"メインアリーナ・本番・興行スポーツ・土日祝・8〜23時内の連続12時間",,2026-08-05,verified,https://ariake-arena.tokyo/wp-content/themes/ariake-arena/assets/images/page/riyoryoukin.pdf,"附属設備・延長・警備・清掃・人件費","運営会社公式2026年2月現在Ver.8.0料金表を画像照合。税込"
PRICE-1021,CAND-084,ariake-main,facility,setup_teardown,weekday,12_hours,1650000,included,per_12_hours,"メインアリーナ・準備・興行スポーツ・平日・8〜23時内の連続12時間",,2026-08-05,verified,https://ariake-arena.tokyo/wp-content/themes/ariake-arena/assets/images/page/riyoryoukin.pdf,"附属設備・延長・警備・清掃・人件費","運営会社公式2026年2月現在Ver.8.0料金表を画像照合。税込。準備は設営・撤去・リハーサル・休演等"
PRICE-1022,CAND-084,ariake-main,facility,setup_teardown,holiday,12_hours,3300000,included,per_12_hours,"メインアリーナ・準備・興行スポーツ・土日祝・8〜23時内の連続12時間",,2026-08-05,verified,https://ariake-arena.tokyo/wp-content/themes/ariake-arena/assets/images/page/riyoryoukin.pdf,"附属設備・延長・警備・清掃・人件費","運営会社公式2026年2月現在Ver.8.0料金表を画像照合。税込。準備は設営・撤去・リハーサル・休演等"
PRICE-1023,CAND-084,ariake-main,facility,assembly,weekday,12_hours,4400000,included,per_12_hours,"メインアリーナ・本番・式典/集会/展示会等・平日・8〜23時内の連続12時間",,2026-08-05,verified,https://ariake-arena.tokyo/wp-content/themes/ariake-arena/assets/images/page/riyoryoukin.pdf,"附属設備・延長・警備・清掃・人件費","運営会社公式2026年2月現在Ver.8.0料金表を画像照合。税込"
PRICE-1024,CAND-084,ariake-main,facility,assembly,holiday,12_hours,5500000,included,per_12_hours,"メインアリーナ・本番・式典/集会/展示会等・土日祝・8〜23時内の連続12時間",,2026-08-05,verified,https://ariake-arena.tokyo/wp-content/themes/ariake-arena/assets/images/page/riyoryoukin.pdf,"附属設備・延長・警備・清掃・人件費","運営会社公式2026年2月現在Ver.8.0料金表を画像照合。税込"
PRICE-1025,CAND-084,ariake-main,facility,setup_teardown,weekday,12_hours,2750000,included,per_12_hours,"メインアリーナ・準備・式典/集会/展示会等・平日・8〜23時内の連続12時間",,2026-08-05,verified,https://ariake-arena.tokyo/wp-content/themes/ariake-arena/assets/images/page/riyoryoukin.pdf,"附属設備・延長・警備・清掃・人件費","運営会社公式2026年2月現在Ver.8.0料金表を画像照合。税込。準備は設営・撤去・リハーサル・休演等"
PRICE-1026,CAND-084,ariake-main,facility,setup_teardown,holiday,12_hours,3300000,included,per_12_hours,"メインアリーナ・準備・式典/集会/展示会等・土日祝・8〜23時内の連続12時間",,2026-08-05,verified,https://ariake-arena.tokyo/wp-content/themes/ariake-arena/assets/images/page/riyoryoukin.pdf,"附属設備・延長・警備・清掃・人件費","運営会社公式2026年2月現在Ver.8.0料金表を画像照合。税込。準備は設営・撤去・リハーサル・休演等"
PRICE-1027,CAND-084,ariake-main,facility,event,weekday,12_hours,5500000,included,per_12_hours,"メインアリーナ・本番・コンサート/ショー・平日・8〜23時内の連続12時間",,2026-08-05,verified,https://ariake-arena.tokyo/wp-content/themes/ariake-arena/assets/images/page/riyoryoukin.pdf,"附属設備・延長・警備・清掃・人件費","運営会社公式2026年2月現在Ver.8.0料金表を画像照合。税込"
PRICE-1028,CAND-084,ariake-main,facility,event,holiday,12_hours,7150000,included,per_12_hours,"メインアリーナ・本番・コンサート/ショー・土日祝・8〜23時内の連続12時間",,2026-08-05,verified,https://ariake-arena.tokyo/wp-content/themes/ariake-arena/assets/images/page/riyoryoukin.pdf,"附属設備・延長・警備・清掃・人件費","運営会社公式2026年2月現在Ver.8.0料金表を画像照合。税込"
PRICE-1029,CAND-084,ariake-main,facility,setup_teardown,weekday,12_hours,2750000,included,per_12_hours,"メインアリーナ・準備・コンサート/ショー・平日・8〜23時内の連続12時間",,2026-08-05,verified,https://ariake-arena.tokyo/wp-content/themes/ariake-arena/assets/images/page/riyoryoukin.pdf,"附属設備・延長・警備・清掃・人件費","運営会社公式2026年2月現在Ver.8.0料金表を画像照合。税込。準備は設営・撤去・リハーサル・休演等"
PRICE-1030,CAND-084,ariake-main,facility,setup_teardown,holiday,12_hours,3300000,included,per_12_hours,"メインアリーナ・準備・コンサート/ショー・土日祝・8〜23時内の連続12時間",,2026-08-05,verified,https://ariake-arena.tokyo/wp-content/themes/ariake-arena/assets/images/page/riyoryoukin.pdf,"附属設備・延長・警備・清掃・人件費","運営会社公式2026年2月現在Ver.8.0料金表を画像照合。税込。準備は設営・撤去・リハーサル・休演等"
PRICE-1031,CAND-084,ariake-sub,facility,amateur_sports_no_admission,weekday,09:00-21:00,77000,included,per_day,"サブアリーナ全面・本番・スポーツ・入場料なし・平日・全日12時間",,2026-08-05,verified,https://ariake-arena.tokyo/wp-content/themes/ariake-arena/assets/images/page/riyoryoukin.pdf,"附属設備・延長・警備・清掃・人件費","運営会社公式2026年2月現在Ver.8.0料金表を画像照合。税込"
PRICE-1032,CAND-084,ariake-sub,facility,amateur_sports_no_admission,holiday,09:00-21:00,99000,included,per_day,"サブアリーナ全面・本番・スポーツ・入場料なし・土日祝・全日12時間",,2026-08-05,verified,https://ariake-arena.tokyo/wp-content/themes/ariake-arena/assets/images/page/riyoryoukin.pdf,"附属設備・延長・警備・清掃・人件費","運営会社公式2026年2月現在Ver.8.0料金表を画像照合。税込"
PRICE-1033,CAND-084,ariake-sub,facility,setup_teardown,weekday,per_day,61600,included,per_day,"サブアリーナ全面・準備日・スポーツ・入場料なし・平日・1日",,2026-08-05,verified,https://ariake-arena.tokyo/wp-content/themes/ariake-arena/assets/images/page/riyoryoukin.pdf,"附属設備・延長・警備・清掃・人件費","運営会社公式2026年2月現在Ver.8.0料金表を画像照合。税込"
PRICE-1034,CAND-084,ariake-sub,facility,setup_teardown,holiday,per_day,79200,included,per_day,"サブアリーナ全面・準備日・スポーツ・入場料なし・土日祝・1日",,2026-08-05,verified,https://ariake-arena.tokyo/wp-content/themes/ariake-arena/assets/images/page/riyoryoukin.pdf,"附属設備・延長・警備・清掃・人件費","運営会社公式2026年2月現在Ver.8.0料金表を画像照合。税込"
PRICE-1035,CAND-084,ariake-sub,facility,amateur_sports_admission,weekday,09:00-21:00,154000,included,per_day,"サブアリーナ全面・本番・スポーツ・入場料あり・平日・全日12時間",,2026-08-05,verified,https://ariake-arena.tokyo/wp-content/themes/ariake-arena/assets/images/page/riyoryoukin.pdf,"附属設備・延長・警備・清掃・人件費","運営会社公式2026年2月現在Ver.8.0料金表を画像照合。税込"
PRICE-1036,CAND-084,ariake-sub,facility,amateur_sports_admission,holiday,09:00-21:00,220000,included,per_day,"サブアリーナ全面・本番・スポーツ・入場料あり・土日祝・全日12時間",,2026-08-05,verified,https://ariake-arena.tokyo/wp-content/themes/ariake-arena/assets/images/page/riyoryoukin.pdf,"附属設備・延長・警備・清掃・人件費","運営会社公式2026年2月現在Ver.8.0料金表を画像照合。税込"
PRICE-1037,CAND-084,ariake-sub,facility,setup_teardown,weekday,per_day,123200,included,per_day,"サブアリーナ全面・準備日・スポーツ・入場料あり・平日・1日",,2026-08-05,verified,https://ariake-arena.tokyo/wp-content/themes/ariake-arena/assets/images/page/riyoryoukin.pdf,"附属設備・延長・警備・清掃・人件費","運営会社公式2026年2月現在Ver.8.0料金表を画像照合。税込"
PRICE-1038,CAND-084,ariake-sub,facility,setup_teardown,holiday,per_day,176000,included,per_day,"サブアリーナ全面・準備日・スポーツ・入場料あり・土日祝・1日",,2026-08-05,verified,https://ariake-arena.tokyo/wp-content/themes/ariake-arena/assets/images/page/riyoryoukin.pdf,"附属設備・延長・警備・清掃・人件費","運営会社公式2026年2月現在Ver.8.0料金表を画像照合。税込"
PRICE-1039,CAND-084,ariake-sub,facility,assembly,weekday,09:00-21:00,192500,included,per_day,"サブアリーナ全面・本番・式典/集会/展示会等・平日・全日12時間",,2026-08-05,verified,https://ariake-arena.tokyo/wp-content/themes/ariake-arena/assets/images/page/riyoryoukin.pdf,"附属設備・延長・警備・清掃・人件費","運営会社公式2026年2月現在Ver.8.0料金表を画像照合。税込。スポーツ以外の催事本番は原則10〜22時"
PRICE-1040,CAND-084,ariake-sub,facility,assembly,holiday,09:00-21:00,275000,included,per_day,"サブアリーナ全面・本番・式典/集会/展示会等・土日祝・全日12時間",,2026-08-05,verified,https://ariake-arena.tokyo/wp-content/themes/ariake-arena/assets/images/page/riyoryoukin.pdf,"附属設備・延長・警備・清掃・人件費","運営会社公式2026年2月現在Ver.8.0料金表を画像照合。税込。スポーツ以外の催事本番は原則10〜22時"
PRICE-1041,CAND-084,ariake-sub,facility,setup_teardown,weekday,per_day,154000,included,per_day,"サブアリーナ全面・準備日・式典/集会/展示会等・平日・1日",,2026-08-05,verified,https://ariake-arena.tokyo/wp-content/themes/ariake-arena/assets/images/page/riyoryoukin.pdf,"附属設備・延長・警備・清掃・人件費","運営会社公式2026年2月現在Ver.8.0料金表を画像照合。税込"
PRICE-1042,CAND-084,ariake-sub,facility,setup_teardown,holiday,per_day,220000,included,per_day,"サブアリーナ全面・準備日・式典/集会/展示会等・土日祝・1日",,2026-08-05,verified,https://ariake-arena.tokyo/wp-content/themes/ariake-arena/assets/images/page/riyoryoukin.pdf,"附属設備・延長・警備・清掃・人件費","運営会社公式2026年2月現在Ver.8.0料金表を画像照合。税込"
PRICE-1043,CAND-084,ariake-sub,facility,merchandise,weekday,09:00-21:00,1650000,included,per_day,"サブアリーナ全面・本番・物販・平日・全日12時間",,2026-08-05,verified,https://ariake-arena.tokyo/wp-content/themes/ariake-arena/assets/images/page/riyoryoukin.pdf,"附属設備・延長・警備・清掃・人件費","運営会社公式2026年2月現在Ver.8.0料金表を画像照合。税込。物販本番は原則10〜22時"
PRICE-1044,CAND-084,ariake-sub,facility,merchandise,holiday,09:00-21:00,2200000,included,per_day,"サブアリーナ全面・本番・物販・土日祝・全日12時間",,2026-08-05,verified,https://ariake-arena.tokyo/wp-content/themes/ariake-arena/assets/images/page/riyoryoukin.pdf,"附属設備・延長・警備・清掃・人件費","運営会社公式2026年2月現在Ver.8.0料金表を画像照合。税込。物販本番は原則10〜22時"
PRICE-1045,CAND-084,ariake-sub,facility,setup_teardown,weekday,per_day,1320000,included,per_day,"サブアリーナ全面・準備日・物販・平日・1日",,2026-08-05,verified,https://ariake-arena.tokyo/wp-content/themes/ariake-arena/assets/images/page/riyoryoukin.pdf,"附属設備・延長・警備・清掃・人件費","運営会社公式2026年2月現在Ver.8.0料金表を画像照合。税込"
PRICE-1046,CAND-084,ariake-sub,facility,setup_teardown,holiday,per_day,1760000,included,per_day,"サブアリーナ全面・準備日・物販・土日祝・1日",,2026-08-05,verified,https://ariake-arena.tokyo/wp-content/themes/ariake-arena/assets/images/page/riyoryoukin.pdf,"附属設備・延長・警備・清掃・人件費","運営会社公式2026年2月現在Ver.8.0料金表を画像照合。税込"
PRICE-1047,CAND-084,ariake-main,audio,all,all,per_day,110000,included,per_day,"常設固定音響設備・アリーナ1式・1日",,2026-08-05,verified,https://ariake-arena.tokyo/wp-content/themes/ariake-arena/assets/images/page/riyoryoukin.pdf,"施設基本料・追加機材・操作人件費","運営会社公式2026年2月現在Ver.8.0料金表を画像照合。税込"
PRICE-1048,CAND-084,ariake-main,audio,amateur_sports,all,per_day,22000,included,per_day,"放送設備・調整卓/CD/電源制御器等・スポーツ料金・1日",,2026-08-05,verified,https://ariake-arena.tokyo/wp-content/themes/ariake-arena/assets/images/page/riyoryoukin.pdf,"施設基本料・追加機材・操作人件費","運営会社公式2026年2月現在Ver.8.0料金表を画像照合。税込"
PRICE-1049,CAND-084,ariake-main,audio,event,all,per_day,44000,included,per_day,"放送設備・調整卓/CD/電源制御器等・興行料金・1日",,2026-08-05,verified,https://ariake-arena.tokyo/wp-content/themes/ariake-arena/assets/images/page/riyoryoukin.pdf,"施設基本料・追加機材・操作人件費","運営会社公式2026年2月現在Ver.8.0料金表を画像照合。税込"
PRICE-1050,CAND-084,ariake-main,video,amateur_sports_no_admission,all,per_day,33000,included,per_day,"センターハング4面・スポーツ入場料なし・1日",,2026-08-05,verified,https://ariake-arena.tokyo/wp-content/themes/ariake-arena/assets/images/page/riyoryoukin.pdf,"施設基本料・信号回線・保守管理・操作人件費","運営会社公式2026年2月現在Ver.8.0料金表を画像照合。税込。W7,500×H4,500mm・4面"
PRICE-1051,CAND-084,ariake-main,video,amateur_sports_admission,all,per_day,66000,included,per_day,"センターハング4面・スポーツ入場料あり・1日",,2026-08-05,verified,https://ariake-arena.tokyo/wp-content/themes/ariake-arena/assets/images/page/riyoryoukin.pdf,"施設基本料・信号回線・保守管理・操作人件費","運営会社公式2026年2月現在Ver.8.0料金表を画像照合。税込。W7,500×H4,500mm・4面"
PRICE-1052,CAND-084,ariake-main,video,professional_sports,all,per_day,220000,included,per_day,"センターハング4面・興行スポーツ・1日",,2026-08-05,verified,https://ariake-arena.tokyo/wp-content/themes/ariake-arena/assets/images/page/riyoryoukin.pdf,"施設基本料・信号回線・保守管理・操作人件費","運営会社公式2026年2月現在Ver.8.0料金表を画像照合。税込。W7,500×H4,500mm・4面"
PRICE-1053,CAND-084,ariake-main,video,event,all,per_day,385000,included,per_day,"センターハング4面・興行イベント・1日",,2026-08-05,verified,https://ariake-arena.tokyo/wp-content/themes/ariake-arena/assets/images/page/riyoryoukin.pdf,"施設基本料・信号回線・保守管理・操作人件費","運営会社公式2026年2月現在Ver.8.0料金表を画像照合。税込。W7,500×H4,500mm・4面"
PRICE-1054,CAND-084,ariake-main,video,amateur_sports_no_admission,all,per_day,11000,included,per_day,"据置型大型ビジョン1面・スポーツ入場料なし・1日",,2026-08-05,verified,https://ariake-arena.tokyo/wp-content/themes/ariake-arena/assets/images/page/riyoryoukin.pdf,"施設基本料・信号回線・保守管理・操作人件費","運営会社公式2026年2月現在Ver.8.0料金表を画像照合。税込。W10,500×H6,000mm"
PRICE-1055,CAND-084,ariake-main,video,amateur_sports_admission,all,per_day,22000,included,per_day,"据置型大型ビジョン1面・スポーツ入場料あり・1日",,2026-08-05,verified,https://ariake-arena.tokyo/wp-content/themes/ariake-arena/assets/images/page/riyoryoukin.pdf,"施設基本料・信号回線・保守管理・操作人件費","運営会社公式2026年2月現在Ver.8.0料金表を画像照合。税込。W10,500×H6,000mm"
PRICE-1056,CAND-084,ariake-main,video,professional_sports,all,per_day,88000,included,per_day,"据置型大型ビジョン1面・興行スポーツ・1日",,2026-08-05,verified,https://ariake-arena.tokyo/wp-content/themes/ariake-arena/assets/images/page/riyoryoukin.pdf,"施設基本料・信号回線・保守管理・操作人件費","運営会社公式2026年2月現在Ver.8.0料金表を画像照合。税込。W10,500×H6,000mm"
PRICE-1057,CAND-084,ariake-main,video,event,all,per_day,176000,included,per_day,"据置型大型ビジョン1面・興行イベント・1日",,2026-08-05,verified,https://ariake-arena.tokyo/wp-content/themes/ariake-arena/assets/images/page/riyoryoukin.pdf,"施設基本料・信号回線・保守管理・操作人件費","運営会社公式2026年2月現在Ver.8.0料金表を画像照合。税込。W10,500×H6,000mm"
PRICE-1058,CAND-084,ariake-main,equipment,amateur_sports,all,per_use,264000,included,per_use,"仮設フローリング一式1000㎡・スポーツ料金・1期間",,2026-08-05,verified,https://ariake-arena.tokyo/wp-content/themes/ariake-arena/assets/images/page/riyoryoukin.pdf,"施設基本料・撤去・追加養生","運営会社公式2026年2月現在Ver.8.0料金表を画像照合。税込。設置費用込み"
PRICE-1059,CAND-084,ariake-main,equipment,event,all,per_use,539000,included,per_use,"仮設フローリング一式1000㎡・興行料金・1期間",,2026-08-05,verified,https://ariake-arena.tokyo/wp-content/themes/ariake-arena/assets/images/page/riyoryoukin.pdf,"施設基本料・撤去・追加養生","運営会社公式2026年2月現在Ver.8.0料金表を画像照合。税込。設置費用込み"
PRICE-1060,CAND-084,ariake-main,hvac,amateur_sports,all,per_hour,27500,included,per_hour,"メインアリーナ空調・スポーツ利用・1時間",,2026-08-05,verified,https://ariake-arena.tokyo/wp-content/themes/ariake-arena/assets/images/page/riyoryoukin.pdf,"施設基本料・操作人件費","運営会社公式2026年2月現在Ver.8.0料金表を画像照合。税込"
PRICE-1061,CAND-084,ariake-main,hvac,event,all,per_hour,55000,included,per_hour,"メインアリーナ空調・興行/式典/集会/展示会/イベント・1時間",,2026-08-05,verified,https://ariake-arena.tokyo/wp-content/themes/ariake-arena/assets/images/page/riyoryoukin.pdf,"施設基本料・操作人件費","運営会社公式2026年2月現在Ver.8.0料金表を画像照合。税込"
PRICE-1062,CAND-084,ariake-sub,hvac,amateur_sports,all,per_hour,22000,included,per_hour,"サブアリーナ空調・スポーツ利用・1時間",,2026-08-05,verified,https://ariake-arena.tokyo/wp-content/themes/ariake-arena/assets/images/page/riyoryoukin.pdf,"施設基本料・操作人件費","運営会社公式2026年2月現在Ver.8.0料金表を画像照合。税込。物販利用時は施設料金に含む"
PRICE-1063,CAND-084,ariake-sub,hvac,event,all,per_hour,33000,included,per_hour,"サブアリーナ空調・興行/式典/集会/展示会/イベント・1時間",,2026-08-05,verified,https://ariake-arena.tokyo/wp-content/themes/ariake-arena/assets/images/page/riyoryoukin.pdf,"施設基本料・操作人件費","運営会社公式2026年2月現在Ver.8.0料金表を画像照合。税込。物販利用時は施設料金に含む"
PRICE-1064,CAND-084,ariake-main,lighting,amateur_sports_no_admission,all,per_hour,5500,included,per_hour,"メインアリーナ基本照明・本番/リハーサル・スポーツ入場料なし・1時間",,2026-08-05,verified,https://ariake-arena.tokyo/wp-content/themes/ariake-arena/assets/images/page/riyoryoukin.pdf,"施設基本料・演出照明・操作人件費","運営会社公式2026年2月現在Ver.8.0料金表を画像照合。税込"
PRICE-1065,CAND-084,ariake-main,lighting,amateur_sports_admission,all,per_hour,11000,included,per_hour,"メインアリーナ基本照明・本番/リハーサル・スポーツ入場料あり・1時間",,2026-08-05,verified,https://ariake-arena.tokyo/wp-content/themes/ariake-arena/assets/images/page/riyoryoukin.pdf,"施設基本料・演出照明・操作人件費","運営会社公式2026年2月現在Ver.8.0料金表を画像照合。税込"
PRICE-1066,CAND-084,ariake-main,lighting,event,all,per_hour,11000,included,per_hour,"メインアリーナ基本照明・本番/リハーサル・式典/展示/コンサート等・1時間",,2026-08-05,verified,https://ariake-arena.tokyo/wp-content/themes/ariake-arena/assets/images/page/riyoryoukin.pdf,"施設基本料・演出照明・操作人件費","運営会社公式2026年2月現在Ver.8.0料金表を画像照合。税込"
PRICE-1067,CAND-107,makomanai-main,facility,amateur_sports_no_admission,weekday,09:00-21:00,204610,included,per_day,"全館・夏期・アマチュア競技会/練習会・入場料なし・平日・全日12時間",2023-04-01,2026-08-05,verified,https://makomanai-park.jp/icearena/procedure/,"附属設備・会議室・深夜・設営撤去・警備・清掃","指定管理者の現行公式HTML料金表を確認。税込。2023年4月1日現在の表を現行サイトが再掲載しているため実予約時に改定有無を再確認"
PRICE-1068,CAND-107,makomanai-main,facility,amateur_sports_no_admission,holiday,09:00-21:00,306910,included,per_day,"全館・夏期・アマチュア競技会/練習会・入場料なし・土日休日・全日12時間",2023-04-01,2026-08-05,verified,https://makomanai-park.jp/icearena/procedure/,"附属設備・会議室・深夜・設営撤去・警備・清掃","指定管理者の現行公式HTML料金表を確認。税込。2023年4月1日現在の表を現行サイトが再掲載しているため実予約時に改定有無を再確認"
PRICE-1069,CAND-107,makomanai-main,facility,amateur_sports_admission,weekday,09:00-21:00,306910,included,per_day,"全館・夏期・アマチュア競技会/練習会・入場料徴収・平日・全日12時間",2023-04-01,2026-08-05,verified,https://makomanai-park.jp/icearena/procedure/,"附属設備・会議室・深夜・設営撤去・警備・清掃","指定管理者の現行公式HTML料金表を確認。税込。2023年4月1日現在の表を現行サイトが再掲載しているため実予約時に改定有無を再確認"
PRICE-1070,CAND-107,makomanai-main,facility,amateur_sports_admission,holiday,09:00-21:00,460360,included,per_day,"全館・夏期・アマチュア競技会/練習会・入場料徴収・土日休日・全日12時間",2023-04-01,2026-08-05,verified,https://makomanai-park.jp/icearena/procedure/,"附属設備・会議室・深夜・設営撤去・警備・清掃","指定管理者の現行公式HTML料金表を確認。税込。2023年4月1日現在の表を現行サイトが再掲載しているため実予約時に改定有無を再確認"
PRICE-1071,CAND-107,makomanai-main,facility,assembly,weekday,09:00-21:00,409240,included,per_day,"全館・夏期・研修/講習会/その他集会・入場料なし・平日・全日12時間",2023-04-01,2026-08-05,verified,https://makomanai-park.jp/icearena/procedure/,"附属設備・会議室・深夜・設営撤去・警備・清掃","指定管理者の現行公式HTML料金表を確認。税込。2023年4月1日現在の表を現行サイトが再掲載しているため実予約時に改定有無を再確認"
PRICE-1072,CAND-107,makomanai-main,facility,assembly,holiday,09:00-21:00,613860,included,per_day,"全館・夏期・研修/講習会/その他集会・入場料なし・土日休日・全日12時間",2023-04-01,2026-08-05,verified,https://makomanai-park.jp/icearena/procedure/,"附属設備・会議室・深夜・設営撤去・警備・清掃","指定管理者の現行公式HTML料金表を確認。税込。2023年4月1日現在の表を現行サイトが再掲載しているため実予約時に改定有無を再確認"
PRICE-1073,CAND-107,makomanai-main,facility,assembly_admission,weekday,09:00-21:00,613860,included,per_day,"全館・夏期・研修/講習会/その他集会・入場料徴収・平日・全日12時間",2023-04-01,2026-08-05,verified,https://makomanai-park.jp/icearena/procedure/,"附属設備・会議室・深夜・設営撤去・警備・清掃","指定管理者の現行公式HTML料金表を確認。税込。2023年4月1日現在の表を現行サイトが再掲載しているため実予約時に改定有無を再確認"
PRICE-1074,CAND-107,makomanai-main,facility,assembly_admission,holiday,09:00-21:00,920790,included,per_day,"全館・夏期・研修/講習会/その他集会・入場料徴収・土日休日・全日12時間",2023-04-01,2026-08-05,verified,https://makomanai-park.jp/icearena/procedure/,"附属設備・会議室・深夜・設営撤去・警備・清掃","指定管理者の現行公式HTML料金表を確認。税込。2023年4月1日現在の表を現行サイトが再掲載しているため実予約時に改定有無を再確認"
PRICE-1075,CAND-107,makomanai-main,facility,exhibition,weekday,09:00-21:00,512200,included,per_day,"全館・夏期・生活文化向上に係る展示会・入場料なし・平日・全日12時間",2023-04-01,2026-08-05,verified,https://makomanai-park.jp/icearena/procedure/,"附属設備・会議室・深夜・設営撤去・警備・清掃","指定管理者の現行公式HTML料金表を確認。税込。2023年4月1日現在の表を現行サイトが再掲載しているため実予約時に改定有無を再確認"
PRICE-1076,CAND-107,makomanai-main,facility,exhibition,holiday,09:00-21:00,768300,included,per_day,"全館・夏期・生活文化向上に係る展示会・入場料なし・土日休日・全日12時間",2023-04-01,2026-08-05,verified,https://makomanai-park.jp/icearena/procedure/,"附属設備・会議室・深夜・設営撤去・警備・清掃","指定管理者の現行公式HTML料金表を確認。税込。2023年4月1日現在の表を現行サイトが再掲載しているため実予約時に改定有無を再確認"
PRICE-1077,CAND-107,makomanai-main,facility,exhibition_admission,weekday,09:00-21:00,768300,included,per_day,"全館・夏期・生活文化向上に係る展示会・入場料徴収・平日・全日12時間",2023-04-01,2026-08-05,verified,https://makomanai-park.jp/icearena/procedure/,"附属設備・会議室・深夜・設営撤去・警備・清掃","指定管理者の現行公式HTML料金表を確認。税込。2023年4月1日現在の表を現行サイトが再掲載しているため実予約時に改定有無を再確認"
PRICE-1078,CAND-107,makomanai-main,facility,exhibition_admission,holiday,09:00-21:00,1152450,included,per_day,"全館・夏期・生活文化向上に係る展示会・入場料徴収・土日休日・全日12時間",2023-04-01,2026-08-05,verified,https://makomanai-park.jp/icearena/procedure/,"附属設備・会議室・深夜・設営撤去・警備・清掃","指定管理者の現行公式HTML料金表を確認。税込。2023年4月1日現在の表を現行サイトが再掲載しているため実予約時に改定有無を再確認"
PRICE-1079,CAND-107,makomanai-main,facility,event,weekday,09:00-21:00,1228240,included,per_day,"全館・夏期・その他催物・入場料なし・平日・全日12時間",2023-04-01,2026-08-05,verified,https://makomanai-park.jp/icearena/procedure/,"附属設備・会議室・深夜・設営撤去・警備・清掃","指定管理者の現行公式HTML料金表を確認。税込。2023年4月1日現在の表を現行サイトが再掲載しているため実予約時に改定有無を再確認"
PRICE-1080,CAND-107,makomanai-main,facility,event,holiday,09:00-21:00,1842360,included,per_day,"全館・夏期・その他催物・入場料なし・土日休日・全日12時間",2023-04-01,2026-08-05,verified,https://makomanai-park.jp/icearena/procedure/,"附属設備・会議室・深夜・設営撤去・警備・清掃","指定管理者の現行公式HTML料金表を確認。税込。2023年4月1日現在の表を現行サイトが再掲載しているため実予約時に改定有無を再確認"
PRICE-1081,CAND-107,makomanai-main,facility,event_admission,weekday,09:00-21:00,1842360,included,per_day,"全館・夏期・その他催物・入場料徴収・平日・全日12時間",2023-04-01,2026-08-05,verified,https://makomanai-park.jp/icearena/procedure/,"附属設備・会議室・深夜・設営撤去・警備・清掃","指定管理者の現行公式HTML料金表を確認。税込。2023年4月1日現在の表を現行サイトが再掲載しているため実予約時に改定有無を再確認"
PRICE-1082,CAND-107,makomanai-main,facility,event_admission,holiday,09:00-21:00,2763540,included,per_day,"全館・夏期・その他催物・入場料徴収・土日休日・全日12時間",2023-04-01,2026-08-05,verified,https://makomanai-park.jp/icearena/procedure/,"附属設備・会議室・深夜・設営撤去・警備・清掃","指定管理者の現行公式HTML料金表を確認。税込。2023年4月1日現在の表を現行サイトが再掲載しているため実予約時に改定有無を再確認"
PRICE-1083,CAND-107,makomanai-main,facility,amateur_sports_no_admission,weekday,09:00-21:00,298210,included,per_day,"全館・冬期・アマチュア競技会/練習会・入場料なし・平日・全日12時間",2023-04-01,2026-08-05,verified,https://makomanai-park.jp/icearena/procedure/,"附属設備・会議室・深夜・設営撤去・警備・清掃","指定管理者の現行公式HTML料金表を確認。税込。2023年4月1日現在の表を現行サイトが再掲載しているため実予約時に改定有無を再確認"
PRICE-1084,CAND-107,makomanai-main,facility,amateur_sports_no_admission,holiday,09:00-21:00,447310,included,per_day,"全館・冬期・アマチュア競技会/練習会・入場料なし・土日休日・全日12時間",2023-04-01,2026-08-05,verified,https://makomanai-park.jp/icearena/procedure/,"附属設備・会議室・深夜・設営撤去・警備・清掃","指定管理者の現行公式HTML料金表を確認。税込。2023年4月1日現在の表を現行サイトが再掲載しているため実予約時に改定有無を再確認"
PRICE-1085,CAND-107,makomanai-main,facility,amateur_sports_admission,weekday,09:00-21:00,447310,included,per_day,"全館・冬期・アマチュア競技会/練習会・入場料徴収・平日・全日12時間",2023-04-01,2026-08-05,verified,https://makomanai-park.jp/icearena/procedure/,"附属設備・会議室・深夜・設営撤去・警備・清掃","指定管理者の現行公式HTML料金表を確認。税込。2023年4月1日現在の表を現行サイトが再掲載しているため実予約時に改定有無を再確認"
PRICE-1086,CAND-107,makomanai-main,facility,amateur_sports_admission,holiday,09:00-21:00,670960,included,per_day,"全館・冬期・アマチュア競技会/練習会・入場料徴収・土日休日・全日12時間",2023-04-01,2026-08-05,verified,https://makomanai-park.jp/icearena/procedure/,"附属設備・会議室・深夜・設営撤去・警備・清掃","指定管理者の現行公式HTML料金表を確認。税込。2023年4月1日現在の表を現行サイトが再掲載しているため実予約時に改定有無を再確認"
PRICE-1087,CAND-107,makomanai-main,facility,assembly,weekday,09:00-21:00,592800,included,per_day,"全館・冬期・研修/講習会/その他集会・入場料なし・平日・全日12時間",2023-04-01,2026-08-05,verified,https://makomanai-park.jp/icearena/procedure/,"附属設備・会議室・深夜・設営撤去・警備・清掃","指定管理者の現行公式HTML料金表を確認。税込。2023年4月1日現在の表を現行サイトが再掲載しているため実予約時に改定有無を再確認"
PRICE-1088,CAND-107,makomanai-main,facility,assembly,holiday,09:00-21:00,889200,included,per_day,"全館・冬期・研修/講習会/その他集会・入場料なし・土日休日・全日12時間",2023-04-01,2026-08-05,verified,https://makomanai-park.jp/icearena/procedure/,"附属設備・会議室・深夜・設営撤去・警備・清掃","指定管理者の現行公式HTML料金表を確認。税込。2023年4月1日現在の表を現行サイトが再掲載しているため実予約時に改定有無を再確認"
PRICE-1089,CAND-107,makomanai-main,facility,assembly_admission,weekday,09:00-21:00,889200,included,per_day,"全館・冬期・研修/講習会/その他集会・入場料徴収・平日・全日12時間",2023-04-01,2026-08-05,verified,https://makomanai-park.jp/icearena/procedure/,"附属設備・会議室・深夜・設営撤去・警備・清掃","指定管理者の現行公式HTML料金表を確認。税込。2023年4月1日現在の表を現行サイトが再掲載しているため実予約時に改定有無を再確認"
PRICE-1090,CAND-107,makomanai-main,facility,assembly_admission,holiday,09:00-21:00,1333800,included,per_day,"全館・冬期・研修/講習会/その他集会・入場料徴収・土日休日・全日12時間",2023-04-01,2026-08-05,verified,https://makomanai-park.jp/icearena/procedure/,"附属設備・会議室・深夜・設営撤去・警備・清掃","指定管理者の現行公式HTML料金表を確認。税込。2023年4月1日現在の表を現行サイトが再掲載しているため実予約時に改定有無を再確認"
PRICE-1091,CAND-107,makomanai-main,facility,exhibition,weekday,09:00-21:00,743330,included,per_day,"全館・冬期・生活文化向上に係る展示会・入場料なし・平日・全日12時間",2023-04-01,2026-08-05,verified,https://makomanai-park.jp/icearena/procedure/,"附属設備・会議室・深夜・設営撤去・警備・清掃","指定管理者の現行公式HTML料金表を確認。税込。2023年4月1日現在の表を現行サイトが再掲載しているため実予約時に改定有無を再確認"
PRICE-1092,CAND-107,makomanai-main,facility,exhibition,holiday,09:00-21:00,1114990,included,per_day,"全館・冬期・生活文化向上に係る展示会・入場料なし・土日休日・全日12時間",2023-04-01,2026-08-05,verified,https://makomanai-park.jp/icearena/procedure/,"附属設備・会議室・深夜・設営撤去・警備・清掃","指定管理者の現行公式HTML料金表を確認。税込。2023年4月1日現在の表を現行サイトが再掲載しているため実予約時に改定有無を再確認"
PRICE-1093,CAND-107,makomanai-main,facility,exhibition_admission,weekday,09:00-21:00,1114990,included,per_day,"全館・冬期・生活文化向上に係る展示会・入場料徴収・平日・全日12時間",2023-04-01,2026-08-05,verified,https://makomanai-park.jp/icearena/procedure/,"附属設備・会議室・深夜・設営撤去・警備・清掃","指定管理者の現行公式HTML料金表を確認。税込。2023年4月1日現在の表を現行サイトが再掲載しているため実予約時に改定有無を再確認"
PRICE-1094,CAND-107,makomanai-main,facility,exhibition_admission,holiday,09:00-21:00,1672480,included,per_day,"全館・冬期・生活文化向上に係る展示会・入場料徴収・土日休日・全日12時間",2023-04-01,2026-08-05,verified,https://makomanai-park.jp/icearena/procedure/,"附属設備・会議室・深夜・設営撤去・警備・清掃","指定管理者の現行公式HTML料金表を確認。税込。2023年4月1日現在の表を現行サイトが再掲載しているため実予約時に改定有無を再確認"
PRICE-1095,CAND-107,makomanai-main,facility,event,weekday,09:00-21:00,1782810,included,per_day,"全館・冬期・その他催物・入場料なし・平日・全日12時間",2023-04-01,2026-08-05,verified,https://makomanai-park.jp/icearena/procedure/,"附属設備・会議室・深夜・設営撤去・警備・清掃","指定管理者の現行公式HTML料金表を確認。税込。2023年4月1日現在の表を現行サイトが再掲載しているため実予約時に改定有無を再確認"
PRICE-1096,CAND-107,makomanai-main,facility,event,holiday,09:00-21:00,2674210,included,per_day,"全館・冬期・その他催物・入場料なし・土日休日・全日12時間",2023-04-01,2026-08-05,verified,https://makomanai-park.jp/icearena/procedure/,"附属設備・会議室・深夜・設営撤去・警備・清掃","指定管理者の現行公式HTML料金表を確認。税込。2023年4月1日現在の表を現行サイトが再掲載しているため実予約時に改定有無を再確認"
PRICE-1097,CAND-107,makomanai-main,facility,event_admission,weekday,09:00-21:00,2674210,included,per_day,"全館・冬期・その他催物・入場料徴収・平日・全日12時間",2023-04-01,2026-08-05,verified,https://makomanai-park.jp/icearena/procedure/,"附属設備・会議室・深夜・設営撤去・警備・清掃","指定管理者の現行公式HTML料金表を確認。税込。2023年4月1日現在の表を現行サイトが再掲載しているため実予約時に改定有無を再確認"
PRICE-1098,CAND-107,makomanai-main,facility,event_admission,holiday,09:00-21:00,4011310,included,per_day,"全館・冬期・その他催物・入場料徴収・土日休日・全日12時間",2023-04-01,2026-08-05,verified,https://makomanai-park.jp/icearena/procedure/,"附属設備・会議室・深夜・設営撤去・警備・清掃","指定管理者の現行公式HTML料金表を確認。税込。2023年4月1日現在の表を現行サイトが再掲載しているため実予約時に改定有無を再確認"
PRICE-1099,CAND-107,makomanai-main,audio,all,all,per_day,7840,included,per_day,"放送室・拡声装置・1日1回",2023-04-01,2026-08-05,verified,https://makomanai-park.jp/icearena/procedure/,"施設基本料・追加機材・操作人件費","指定管理者の現行公式HTML料金表を確認。税込。2023年4月1日現在の表を現行サイトが再掲載しているため実予約時に改定有無を再確認"
PRICE-1100,CAND-107,makomanai-main,equipment,all,all,per_day,13100,included,per_day,"電光掲示盤・1日1回",2023-04-01,2026-08-05,verified,https://makomanai-park.jp/icearena/procedure/,"施設基本料・操作人件費","指定管理者の現行公式HTML料金表を確認。税込。2023年4月1日現在の表を現行サイトが再掲載しているため実予約時に改定有無を再確認"
PRICE-1101,CAND-107,makomanai-main,equipment,all,all,per_day,7840,included,per_day,"電光計測器1基・1日1回",2023-04-01,2026-08-05,verified,https://makomanai-park.jp/icearena/procedure/,"施設基本料・操作人件費","指定管理者の現行公式HTML料金表を確認。税込。2023年4月1日現在の表を現行サイトが再掲載しているため実予約時に改定有無を再確認"
PRICE-1102,CAND-107,makomanai-main,equipment,all,all,per_day,830,included,per_day,"フロア用じゅうたん1枚・1日",2023-04-01,2026-08-05,verified,https://makomanai-park.jp/icearena/procedure/,"施設基本料・設置撤去・追加養生","指定管理者の現行公式HTML料金表を確認。税込。2023年4月1日現在の表を現行サイトが再掲載しているため実予約時に改定有無を再確認"
PRICE-1103,CAND-107,makomanai-main,equipment,all,all,per_day,830,included,per_day,"バスケットボールゴール1組・1日1回",2023-04-01,2026-08-05,verified,https://makomanai-park.jp/icearena/procedure/,"施設基本料・設置撤去","指定管理者の現行公式HTML料金表を確認。税込。2023年4月1日現在の表を現行サイトが再掲載しているため実予約時に改定有無を再確認"
PRICE-1104,CAND-107,makomanai-main,equipment,all,all,per_day,590,included,per_day,"バレーボール支柱・ネット付1組・1日1回",2023-04-01,2026-08-05,verified,https://makomanai-park.jp/icearena/procedure/,"施設基本料・設置撤去","指定管理者の現行公式HTML料金表を確認。税込。2023年4月1日現在の表を現行サイトが再掲載しているため実予約時に改定有無を再確認"
PRICE-1105,CAND-107,makomanai-main,equipment,all,all,per_day,590,included,per_day,"ハンドボールゴール1組・1日1回",2023-04-01,2026-08-05,verified,https://makomanai-park.jp/icearena/procedure/,"施設基本料・設置撤去","指定管理者の現行公式HTML料金表を確認。税込。2023年4月1日現在の表を現行サイトが再掲載しているため実予約時に改定有無を再確認"
PRICE-1106,CAND-107,makomanai-main,equipment,all,all,per_day,590,included,per_day,"アイスホッケーゴール1組・1日1回",2023-04-01,2026-08-05,verified,https://makomanai-park.jp/icearena/procedure/,"施設基本料・設置撤去","指定管理者の現行公式HTML料金表を確認。税込。2023年4月1日現在の表を現行サイトが再掲載しているため実予約時に改定有無を再確認"
PRICE-1107,CAND-078,seiren-main,facility,amateur_sports_no_admission,all,08:30-18:00,1220,not_stated,per_hour,"メインアリーナ全面・アマチュアスポーツ・入場料なし・学生等・通常時間帯",2024-04-01,2026-08-05,verified,https://www.pref.fukui.lg.jp/doc/undoukouen/taiikukan_d/fil/FukuiPrefGym_ryoukinhyo.pdf,"照明・冷暖房・休日加算・県外加算","福井県公式ページが現行案内する2024年4月1日改正表を画像照合。税表記なし。一般を含む団体は一般区分"
PRICE-1108,CAND-078,seiren-main,facility,amateur_sports_no_admission,all,18:00-20:30,1940,not_stated,per_hour,"メインアリーナ全面・アマチュアスポーツ・入場料なし・学生等・大会等が終了しない場合の夜間",2024-04-01,2026-08-05,verified,https://www.pref.fukui.lg.jp/doc/undoukouen/taiikukan_d/fil/FukuiPrefGym_ryoukinhyo.pdf,"照明・冷暖房・休日加算・県外加算","福井県公式ページが現行案内する2024年4月1日改正表を画像照合。青字は大会等が終了しない場合に限る。税表記なし"
PRICE-1109,CAND-078,seiren-main,facility,amateur_sports_no_admission,all,08:30-18:00,3670,not_stated,per_hour,"メインアリーナ全面・アマチュアスポーツ・入場料なし・一般・通常時間帯",2024-04-01,2026-08-05,verified,https://www.pref.fukui.lg.jp/doc/undoukouen/taiikukan_d/fil/FukuiPrefGym_ryoukinhyo.pdf,"照明・冷暖房・休日加算・県外加算","福井県公式ページが現行案内する2024年4月1日改正表を画像照合。税表記なし"
PRICE-1110,CAND-078,seiren-main,facility,amateur_sports_no_admission,all,18:00-20:30,5700,not_stated,per_hour,"メインアリーナ全面・アマチュアスポーツ・入場料なし・一般・大会等が終了しない場合の夜間",2024-04-01,2026-08-05,verified,https://www.pref.fukui.lg.jp/doc/undoukouen/taiikukan_d/fil/FukuiPrefGym_ryoukinhyo.pdf,"照明・冷暖房・休日加算・県外加算","福井県公式ページが現行案内する2024年4月1日改正表を画像照合。青字は大会等が終了しない場合に限る。税表記なし"
PRICE-1111,CAND-078,seiren-main,facility,amateur_sports_admission,all,08:30-18:00,2440,not_stated,per_hour,"メインアリーナ全面・アマチュアスポーツ・入場料最高額4,710円未満・学生等・通常時間帯",2024-04-01,2026-08-05,verified,https://www.pref.fukui.lg.jp/doc/undoukouen/taiikukan_d/fil/FukuiPrefGym_ryoukinhyo.pdf,"照明・冷暖房・休日加算・県外加算","福井県公式ページが現行案内する2024年4月1日改正表を画像照合。整理券等で入場を制限する場合を含む。税表記なし"
PRICE-1112,CAND-078,seiren-main,facility,amateur_sports_admission,all,18:00-20:30,3880,not_stated,per_hour,"メインアリーナ全面・アマチュアスポーツ・入場料最高額4,710円未満・学生等・大会等が終了しない場合の夜間",2024-04-01,2026-08-05,verified,https://www.pref.fukui.lg.jp/doc/undoukouen/taiikukan_d/fil/FukuiPrefGym_ryoukinhyo.pdf,"照明・冷暖房・休日加算・県外加算","福井県公式ページが現行案内する2024年4月1日改正表を画像照合。青字は大会等が終了しない場合に限る。税表記なし"
PRICE-1113,CAND-078,seiren-main,facility,amateur_sports_admission,all,08:30-18:00,7340,not_stated,per_hour,"メインアリーナ全面・アマチュアスポーツ・入場料最高額4,710円未満・一般・通常時間帯",2024-04-01,2026-08-05,verified,https://www.pref.fukui.lg.jp/doc/undoukouen/taiikukan_d/fil/FukuiPrefGym_ryoukinhyo.pdf,"照明・冷暖房・休日加算・県外加算","福井県公式ページが現行案内する2024年4月1日改正表を画像照合。整理券等で入場を制限する場合を含む。税表記なし"
PRICE-1114,CAND-078,seiren-main,facility,amateur_sports_admission,all,18:00-20:30,11400,not_stated,per_hour,"メインアリーナ全面・アマチュアスポーツ・入場料最高額4,710円未満・一般・大会等が終了しない場合の夜間",2024-04-01,2026-08-05,verified,https://www.pref.fukui.lg.jp/doc/undoukouen/taiikukan_d/fil/FukuiPrefGym_ryoukinhyo.pdf,"照明・冷暖房・休日加算・県外加算","福井県公式ページが現行案内する2024年4月1日改正表を画像照合。青字は大会等が終了しない場合に限る。税表記なし"
PRICE-1115,CAND-078,seiren-main,facility,amateur_sports_admission,all,08:30-18:00,3660,not_stated,per_hour,"メインアリーナ全面・アマチュアスポーツ・入場料最高額4,710円以上・学生等・通常時間帯",2024-04-01,2026-08-05,verified,https://www.pref.fukui.lg.jp/doc/undoukouen/taiikukan_d/fil/FukuiPrefGym_ryoukinhyo.pdf,"照明・冷暖房・休日加算・県外加算","福井県公式ページが現行案内する2024年4月1日改正表を画像照合。税表記なし"
PRICE-1116,CAND-078,seiren-main,facility,amateur_sports_admission,all,18:00-20:30,5820,not_stated,per_hour,"メインアリーナ全面・アマチュアスポーツ・入場料最高額4,710円以上・学生等・大会等が終了しない場合の夜間",2024-04-01,2026-08-05,verified,https://www.pref.fukui.lg.jp/doc/undoukouen/taiikukan_d/fil/FukuiPrefGym_ryoukinhyo.pdf,"照明・冷暖房・休日加算・県外加算","福井県公式ページが現行案内する2024年4月1日改正表を画像照合。青字は大会等が終了しない場合に限る。税表記なし"
PRICE-1117,CAND-078,seiren-main,facility,amateur_sports_admission,all,08:30-18:00,11010,not_stated,per_hour,"メインアリーナ全面・アマチュアスポーツ・入場料最高額4,710円以上・一般・通常時間帯",2024-04-01,2026-08-05,verified,https://www.pref.fukui.lg.jp/doc/undoukouen/taiikukan_d/fil/FukuiPrefGym_ryoukinhyo.pdf,"照明・冷暖房・休日加算・県外加算","福井県公式ページが現行案内する2024年4月1日改正表を画像照合。税表記なし"
PRICE-1118,CAND-078,seiren-main,facility,amateur_sports_admission,all,18:00-20:30,17100,not_stated,per_hour,"メインアリーナ全面・アマチュアスポーツ・入場料最高額4,710円以上・一般・大会等が終了しない場合の夜間",2024-04-01,2026-08-05,verified,https://www.pref.fukui.lg.jp/doc/undoukouen/taiikukan_d/fil/FukuiPrefGym_ryoukinhyo.pdf,"照明・冷暖房・休日加算・県外加算","福井県公式ページが現行案内する2024年4月1日改正表を画像照合。青字は大会等が終了しない場合に限る。税表記なし"
PRICE-1119,CAND-078,seiren-main,facility,non_sports,all,08:30-18:00,2440,not_stated,per_hour,"メインアリーナ全面・スポーツ以外の行事・学生等・通常時間帯",2024-04-01,2026-08-05,verified,https://www.pref.fukui.lg.jp/doc/undoukouen/taiikukan_d/fil/FukuiPrefGym_ryoukinhyo.pdf,"照明・冷暖房・休日加算・県外加算","福井県公式ページが現行案内する2024年4月1日改正表を画像照合。アマチュアスポーツの2倍。税表記なし"
PRICE-1120,CAND-078,seiren-main,facility,non_sports,all,18:00-20:30,3880,not_stated,per_hour,"メインアリーナ全面・スポーツ以外の行事・学生等・大会等が終了しない場合の夜間",2024-04-01,2026-08-05,verified,https://www.pref.fukui.lg.jp/doc/undoukouen/taiikukan_d/fil/FukuiPrefGym_ryoukinhyo.pdf,"照明・冷暖房・休日加算・県外加算","福井県公式ページが現行案内する2024年4月1日改正表を画像照合。アマチュアスポーツの2倍。青字は大会等が終了しない場合に限る。税表記なし"
PRICE-1121,CAND-078,seiren-main,facility,non_sports,all,08:30-18:00,7340,not_stated,per_hour,"メインアリーナ全面・スポーツ以外の行事・一般・通常時間帯",2024-04-01,2026-08-05,verified,https://www.pref.fukui.lg.jp/doc/undoukouen/taiikukan_d/fil/FukuiPrefGym_ryoukinhyo.pdf,"照明・冷暖房・休日加算・県外加算","福井県公式ページが現行案内する2024年4月1日改正表を画像照合。アマチュアスポーツの2倍。税表記なし"
PRICE-1122,CAND-078,seiren-main,facility,non_sports,all,18:00-20:30,11400,not_stated,per_hour,"メインアリーナ全面・スポーツ以外の行事・一般・大会等が終了しない場合の夜間",2024-04-01,2026-08-05,verified,https://www.pref.fukui.lg.jp/doc/undoukouen/taiikukan_d/fil/FukuiPrefGym_ryoukinhyo.pdf,"照明・冷暖房・休日加算・県外加算","福井県公式ページが現行案内する2024年4月1日改正表を画像照合。アマチュアスポーツの2倍。青字は大会等が終了しない場合に限る。税表記なし"
PRICE-1123,CAND-078,seiren-main,lighting,all,all,per_hour,310,not_stated,per_hour,"メインアリーナ照明設備加算・全面・学生等",2024-04-01,2026-08-05,verified,https://www.pref.fukui.lg.jp/doc/undoukouen/taiikukan_d/fil/FukuiPrefGym_ryoukinhyo.pdf,"施設基本料・冷暖房・休日加算・県外加算","福井県公式ページが現行案内する2024年4月1日改正表を画像照合。税表記なし"
PRICE-1124,CAND-078,seiren-main,lighting,all,all,per_hour,970,not_stated,per_hour,"メインアリーナ照明設備加算・全面・一般",2024-04-01,2026-08-05,verified,https://www.pref.fukui.lg.jp/doc/undoukouen/taiikukan_d/fil/FukuiPrefGym_ryoukinhyo.pdf,"施設基本料・冷暖房・休日加算・県外加算","福井県公式ページが現行案内する2024年4月1日改正表を画像照合。税表記なし"
PRICE-1125,CAND-078,seiren-main,lighting,all,all,per_hour,160,not_stated,per_hour,"メインアリーナ照明設備加算・2分の1面・学生等",2024-04-01,2026-08-05,verified,https://www.pref.fukui.lg.jp/doc/undoukouen/taiikukan_d/fil/FukuiPrefGym_ryoukinhyo.pdf,"施設基本料・冷暖房・休日加算・県外加算","福井県公式ページが現行案内する2024年4月1日改正表を画像照合。税表記なし"
PRICE-1126,CAND-078,seiren-main,lighting,all,all,per_hour,500,not_stated,per_hour,"メインアリーナ照明設備加算・2分の1面・一般",2024-04-01,2026-08-05,verified,https://www.pref.fukui.lg.jp/doc/undoukouen/taiikukan_d/fil/FukuiPrefGym_ryoukinhyo.pdf,"施設基本料・冷暖房・休日加算・県外加算","福井県公式ページが現行案内する2024年4月1日改正表を画像照合。税表記なし"
PRICE-1127,CAND-078,seiren-main,lighting,all,all,per_hour,100,not_stated,per_hour,"メインアリーナ照明設備加算・3分の1面・学生等",2024-04-01,2026-08-05,verified,https://www.pref.fukui.lg.jp/doc/undoukouen/taiikukan_d/fil/FukuiPrefGym_ryoukinhyo.pdf,"施設基本料・冷暖房・休日加算・県外加算","福井県公式ページが現行案内する2024年4月1日改正表を画像照合。税表記なし"
PRICE-1128,CAND-078,seiren-main,lighting,all,all,per_hour,310,not_stated,per_hour,"メインアリーナ照明設備加算・3分の1面・一般",2024-04-01,2026-08-05,verified,https://www.pref.fukui.lg.jp/doc/undoukouen/taiikukan_d/fil/FukuiPrefGym_ryoukinhyo.pdf,"施設基本料・冷暖房・休日加算・県外加算","福井県公式ページが現行案内する2024年4月1日改正表を画像照合。税表記なし"
PRICE-1129,CAND-078,seiren-main,lighting,all,all,per_hour,80,not_stated,per_hour,"メインアリーナ照明設備加算・4分の1面・学生等",2024-04-01,2026-08-05,verified,https://www.pref.fukui.lg.jp/doc/undoukouen/taiikukan_d/fil/FukuiPrefGym_ryoukinhyo.pdf,"施設基本料・冷暖房・休日加算・県外加算","福井県公式ページが現行案内する2024年4月1日改正表を画像照合。税表記なし"
PRICE-1130,CAND-078,seiren-main,lighting,all,all,per_hour,250,not_stated,per_hour,"メインアリーナ照明設備加算・4分の1面・一般",2024-04-01,2026-08-05,verified,https://www.pref.fukui.lg.jp/doc/undoukouen/taiikukan_d/fil/FukuiPrefGym_ryoukinhyo.pdf,"施設基本料・冷暖房・休日加算・県外加算","福井県公式ページが現行案内する2024年4月1日改正表を画像照合。税表記なし"
PRICE-1131,CAND-078,seiren-main,hvac,all,all,per_hour,3260,not_stated,per_hour,"メインアリーナ冷暖房加算・学生等",2024-04-01,2026-08-05,verified,https://www.pref.fukui.lg.jp/doc/undoukouen/taiikukan_d/fil/FukuiPrefGym_ryoukinhyo.pdf,"施設基本料・照明・休日加算・県外加算","福井県公式ページが現行案内する2024年4月1日改正表を画像照合。税表記なし"
PRICE-1132,CAND-078,seiren-main,hvac,all,all,per_hour,9780,not_stated,per_hour,"メインアリーナ冷暖房加算・一般",2024-04-01,2026-08-05,verified,https://www.pref.fukui.lg.jp/doc/undoukouen/taiikukan_d/fil/FukuiPrefGym_ryoukinhyo.pdf,"施設基本料・照明・休日加算・県外加算","福井県公式ページが現行案内する2024年4月1日改正表を画像照合。税表記なし"
PRICE-1133,CAND-078,seiren-sub,facility,amateur_sports,all,08:30-18:00,410,not_stated,per_hour,"サブアリーナ全面・学生等・通常時間帯",2024-04-01,2026-08-05,verified,https://www.pref.fukui.lg.jp/doc/undoukouen/taiikukan_d/fil/FukuiPrefGym_ryoukinhyo.pdf,"照明・冷暖房・休日加算・県外加算","福井県公式ページが現行案内する2024年4月1日改正表を画像照合。更衣室・観覧席・拡声装置・競技用具を含む。税表記なし"
PRICE-1134,CAND-078,seiren-sub,facility,amateur_sports,all,18:00-20:30,660,not_stated,per_hour,"サブアリーナ全面・学生等・大会等が終了しない場合の夜間",2024-04-01,2026-08-05,verified,https://www.pref.fukui.lg.jp/doc/undoukouen/taiikukan_d/fil/FukuiPrefGym_ryoukinhyo.pdf,"照明・冷暖房・休日加算・県外加算","福井県公式ページが現行案内する2024年4月1日改正表を画像照合。更衣室・観覧席・拡声装置・競技用具を含む。青字は大会等が終了しない場合に限る。税表記なし"
PRICE-1135,CAND-078,seiren-sub,facility,amateur_sports,all,08:30-18:00,1220,not_stated,per_hour,"サブアリーナ全面・一般・通常時間帯",2024-04-01,2026-08-05,verified,https://www.pref.fukui.lg.jp/doc/undoukouen/taiikukan_d/fil/FukuiPrefGym_ryoukinhyo.pdf,"照明・冷暖房・休日加算・県外加算","福井県公式ページが現行案内する2024年4月1日改正表を画像照合。更衣室・観覧席・拡声装置・競技用具を含む。税表記なし"
PRICE-1136,CAND-078,seiren-sub,facility,amateur_sports,all,18:00-20:30,1940,not_stated,per_hour,"サブアリーナ全面・一般・大会等が終了しない場合の夜間",2024-04-01,2026-08-05,verified,https://www.pref.fukui.lg.jp/doc/undoukouen/taiikukan_d/fil/FukuiPrefGym_ryoukinhyo.pdf,"照明・冷暖房・休日加算・県外加算","福井県公式ページが現行案内する2024年4月1日改正表を画像照合。更衣室・観覧席・拡声装置・競技用具を含む。青字は大会等が終了しない場合に限る。税表記なし"
PRICE-1137,CAND-078,seiren-sub,lighting,all,all,per_hour,100,not_stated,per_hour,"サブアリーナ照明設備加算・全面・学生等",2024-04-01,2026-08-05,verified,https://www.pref.fukui.lg.jp/doc/undoukouen/taiikukan_d/fil/FukuiPrefGym_ryoukinhyo.pdf,"施設基本料・冷暖房・休日加算・県外加算","福井県公式ページが現行案内する2024年4月1日改正表を画像照合。税表記なし"
PRICE-1138,CAND-078,seiren-sub,lighting,all,all,per_hour,310,not_stated,per_hour,"サブアリーナ照明設備加算・全面・一般",2024-04-01,2026-08-05,verified,https://www.pref.fukui.lg.jp/doc/undoukouen/taiikukan_d/fil/FukuiPrefGym_ryoukinhyo.pdf,"施設基本料・冷暖房・休日加算・県外加算","福井県公式ページが現行案内する2024年4月1日改正表を画像照合。税表記なし"
PRICE-1139,CAND-078,seiren-sub,lighting,all,all,per_hour,50,not_stated,per_hour,"サブアリーナ照明設備加算・2分の1面・学生等",2024-04-01,2026-08-05,verified,https://www.pref.fukui.lg.jp/doc/undoukouen/taiikukan_d/fil/FukuiPrefGym_ryoukinhyo.pdf,"施設基本料・冷暖房・休日加算・県外加算","福井県公式ページが現行案内する2024年4月1日改正表を画像照合。税表記なし"
PRICE-1140,CAND-078,seiren-sub,lighting,all,all,per_hour,150,not_stated,per_hour,"サブアリーナ照明設備加算・2分の1面・一般",2024-04-01,2026-08-05,verified,https://www.pref.fukui.lg.jp/doc/undoukouen/taiikukan_d/fil/FukuiPrefGym_ryoukinhyo.pdf,"施設基本料・冷暖房・休日加算・県外加算","福井県公式ページが現行案内する2024年4月1日改正表を画像照合。税表記なし"
PRICE-1141,CAND-078,seiren-sub,hvac,all,all,per_hour,410,not_stated,per_hour,"サブアリーナ冷暖房加算・全面・学生等",2024-04-01,2026-08-05,verified,https://www.pref.fukui.lg.jp/doc/undoukouen/taiikukan_d/fil/FukuiPrefGym_ryoukinhyo.pdf,"施設基本料・照明・休日加算・県外加算","福井県公式ページが現行案内する2024年4月1日改正表を画像照合。税表記なし"
PRICE-1142,CAND-078,seiren-sub,hvac,all,all,per_hour,1220,not_stated,per_hour,"サブアリーナ冷暖房加算・全面・一般",2024-04-01,2026-08-05,verified,https://www.pref.fukui.lg.jp/doc/undoukouen/taiikukan_d/fil/FukuiPrefGym_ryoukinhyo.pdf,"施設基本料・照明・休日加算・県外加算","福井県公式ページが現行案内する2024年4月1日改正表を画像照合。税表記なし"
PRICE-1143,CAND-078,seiren-sub,hvac,all,all,per_hour,200,not_stated,per_hour,"サブアリーナ冷暖房加算・2分の1面・学生等",2024-04-01,2026-08-05,verified,https://www.pref.fukui.lg.jp/doc/undoukouen/taiikukan_d/fil/FukuiPrefGym_ryoukinhyo.pdf,"施設基本料・照明・休日加算・県外加算","福井県公式ページが現行案内する2024年4月1日改正表を画像照合。税表記なし"
PRICE-1144,CAND-078,seiren-sub,hvac,all,all,per_hour,610,not_stated,per_hour,"サブアリーナ冷暖房加算・2分の1面・一般",2024-04-01,2026-08-05,verified,https://www.pref.fukui.lg.jp/doc/undoukouen/taiikukan_d/fil/FukuiPrefGym_ryoukinhyo.pdf,"施設基本料・照明・休日加算・県外加算","福井県公式ページが現行案内する2024年4月1日改正表を画像照合。税表記なし"
PRICE-1145,CAND-078,seiren-multipurpose,facility,all,all,per_hour,150,not_stated,per_hour,"多目的室・学生等・照明冷暖房なし",2024-04-01,2026-08-05,verified,https://www.pref.fukui.lg.jp/doc/undoukouen/taiikukan_d/fil/FukuiPrefGym_ryoukinhyo.pdf,"照明・冷暖房・休日加算・県外加算","福井県公式ページが現行案内する2024年4月1日改正表を画像照合。更衣室・拡声装置を含む。税表記なし"
PRICE-1146,CAND-078,seiren-multipurpose,facility,all,all,per_hour,460,not_stated,per_hour,"多目的室・一般・照明冷暖房なし",2024-04-01,2026-08-05,verified,https://www.pref.fukui.lg.jp/doc/undoukouen/taiikukan_d/fil/FukuiPrefGym_ryoukinhyo.pdf,"照明・冷暖房・休日加算・県外加算","福井県公式ページが現行案内する2024年4月1日改正表を画像照合。更衣室・拡声装置を含む。税表記なし"
PRICE-1147,CAND-078,seiren-multipurpose,lighting,all,all,per_hour,10,not_stated,per_hour,"多目的室・照明設備加算・学生等",2024-04-01,2026-08-05,verified,https://www.pref.fukui.lg.jp/doc/undoukouen/taiikukan_d/fil/FukuiPrefGym_ryoukinhyo.pdf,"施設基本料・冷暖房・休日加算・県外加算","福井県公式ページが現行案内する2024年4月1日改正表を画像照合。税表記なし"
PRICE-1148,CAND-078,seiren-multipurpose,lighting,all,all,per_hour,50,not_stated,per_hour,"多目的室・照明設備加算・一般",2024-04-01,2026-08-05,verified,https://www.pref.fukui.lg.jp/doc/undoukouen/taiikukan_d/fil/FukuiPrefGym_ryoukinhyo.pdf,"施設基本料・冷暖房・休日加算・県外加算","福井県公式ページが現行案内する2024年4月1日改正表を画像照合。税表記なし"
PRICE-1149,CAND-078,seiren-multipurpose,hvac,all,all,per_hour,150,not_stated,per_hour,"多目的室・冷暖房加算・学生等",2024-04-01,2026-08-05,verified,https://www.pref.fukui.lg.jp/doc/undoukouen/taiikukan_d/fil/FukuiPrefGym_ryoukinhyo.pdf,"施設基本料・照明・休日加算・県外加算","福井県公式ページが現行案内する2024年4月1日改正表を画像照合。税表記なし"
PRICE-1150,CAND-078,seiren-multipurpose,hvac,all,all,per_hour,460,not_stated,per_hour,"多目的室・冷暖房加算・一般",2024-04-01,2026-08-05,verified,https://www.pref.fukui.lg.jp/doc/undoukouen/taiikukan_d/fil/FukuiPrefGym_ryoukinhyo.pdf,"施設基本料・照明・休日加算・県外加算","福井県公式ページが現行案内する2024年4月1日改正表を画像照合。税表記なし"
PRICE-1151,CAND-078,seiren-meeting-1,facility,assembly,all,per_hour,200,not_stated,per_hour,"会議室1・定員52人・学生等・音響等設備込み",2024-04-01,2026-08-05,verified,https://www.pref.fukui.lg.jp/doc/undoukouen/taiikukan_d/fil/FukuiPrefGym_ryoukinhyo.pdf,"冷暖房2割加算・休日加算・県外加算","福井県公式ページが現行案内する2024年4月1日改正表を画像照合。税表記なし"
PRICE-1152,CAND-078,seiren-meeting-1,facility,assembly,all,per_hour,610,not_stated,per_hour,"会議室1・定員52人・一般・音響等設備込み",2024-04-01,2026-08-05,verified,https://www.pref.fukui.lg.jp/doc/undoukouen/taiikukan_d/fil/FukuiPrefGym_ryoukinhyo.pdf,"冷暖房2割加算・休日加算・県外加算","福井県公式ページが現行案内する2024年4月1日改正表を画像照合。税表記なし"
PRICE-1153,CAND-078,seiren-meeting-2,facility,assembly,all,per_hour,410,not_stated,per_hour,"会議室2全面・定員108人・学生等・音響等設備込み",2024-04-01,2026-08-05,verified,https://www.pref.fukui.lg.jp/doc/undoukouen/taiikukan_d/fil/FukuiPrefGym_ryoukinhyo.pdf,"冷暖房2割加算・休日加算・県外加算","福井県公式ページが現行案内する2024年4月1日改正表を画像照合。2分の1は全面額の2分の1。税表記なし"
PRICE-1154,CAND-078,seiren-meeting-2,facility,assembly,all,per_hour,1220,not_stated,per_hour,"会議室2全面・定員108人・一般・音響等設備込み",2024-04-01,2026-08-05,verified,https://www.pref.fukui.lg.jp/doc/undoukouen/taiikukan_d/fil/FukuiPrefGym_ryoukinhyo.pdf,"冷暖房2割加算・休日加算・県外加算","福井県公式ページが現行案内する2024年4月1日改正表を画像照合。2分の1は全面額の2分の1。税表記なし"
PRICE-1155,CAND-078,seiren-meeting-3,facility,assembly,all,per_hour,360,not_stated,per_hour,"会議室3全面・定員84人・学生等・音響等設備込み",2024-04-01,2026-08-05,verified,https://www.pref.fukui.lg.jp/doc/undoukouen/taiikukan_d/fil/FukuiPrefGym_ryoukinhyo.pdf,"冷暖房2割加算・休日加算・県外加算","福井県公式ページが現行案内する2024年4月1日改正表を画像照合。2分の1は全面額の2分の1。税表記なし"
PRICE-1156,CAND-078,seiren-meeting-3,facility,assembly,all,per_hour,1020,not_stated,per_hour,"会議室3全面・定員84人・一般・音響等設備込み",2024-04-01,2026-08-05,verified,https://www.pref.fukui.lg.jp/doc/undoukouen/taiikukan_d/fil/FukuiPrefGym_ryoukinhyo.pdf,"冷暖房2割加算・休日加算・県外加算","福井県公式ページが現行案内する2024年4月1日改正表を画像照合。2分の1は全面額の2分の1。税表記なし"
PRICE-1157,CAND-147,sanga-meeting-a,facility,assembly,all,09:00-12:00,14470,included,per_3_hours,"会議室A・午前",,2026-08-05,verified,https://sangastadium-by-kyocera.jp/meeting-room/meeting-facilities,"附属設備・通常時間外・清掃等の追加費用","運営者公式の現行HTML料金表を確認。税込"
PRICE-1158,CAND-147,sanga-meeting-a,facility,assembly,all,13:00-17:00,16640,included,per_4_hours,"会議室A・午後",,2026-08-05,verified,https://sangastadium-by-kyocera.jp/meeting-room/meeting-facilities,"附属設備・通常時間外・清掃等の追加費用","運営者公式の現行HTML料金表を確認。税込"
PRICE-1159,CAND-147,sanga-meeting-a,facility,assembly,all,18:00-21:00,16640,included,per_3_hours,"会議室A・夜",,2026-08-05,verified,https://sangastadium-by-kyocera.jp/meeting-room/meeting-facilities,"附属設備・通常時間外・清掃等の追加費用","運営者公式の現行HTML料金表を確認。税込"
PRICE-1160,CAND-147,sanga-meeting-a,facility,assembly,all,09:00-21:00,42970,included,per_day,"会議室A・全日",,2026-08-05,verified,https://sangastadium-by-kyocera.jp/meeting-room/meeting-facilities,"附属設備・通常時間外・清掃等の追加費用","運営者公式の現行HTML料金表を確認。税込"
PRICE-1161,CAND-147,sanga-meeting-a,facility,assembly,all,12:00-13:00_or_17:00-18:00,5600,included,per_hour,"会議室A・使用時間区分外",,2026-08-05,verified,https://sangastadium-by-kyocera.jp/meeting-room/meeting-facilities,"基本区分・附属設備・清掃等の追加費用","運営者公式の現行HTML料金表を確認。税込。午前午後等を連続利用する場合は区分間料金不要"
PRICE-1162,CAND-147,sanga-meeting-a,facility,assembly,all,08:00-09:00_or_21:00-22:00,8400,included,per_hour,"会議室A・通常使用時間外",,2026-08-05,verified,https://sangastadium-by-kyocera.jp/meeting-room/meeting-facilities,"基本区分・附属設備・清掃等の追加費用","運営者公式の現行HTML料金表を確認。税込"
PRICE-1163,CAND-147,sanga-studio-ab,facility,noncommercial,all,per_hour,2750,included,per_hour,"スタジオA/Bセット・基本利用料金・非営利かつ参加料なし",,2026-08-05,verified,https://sangastadium-by-kyocera.jp/sky-field/vr-fitness/studio-rental,"備品・シャワー・時間外・清掃等の追加費用","運営者公式の現行HTML料金表を確認。税込。利用可能曜日・時間帯は限定"
PRICE-1164,CAND-147,sanga-studio-ab,facility,commercial,all,per_hour,3850,included,per_hour,"スタジオA/Bセット・営業利用料金・営利/参加料徴収/営業宣伝目的",,2026-08-05,verified,https://sangastadium-by-kyocera.jp/sky-field/vr-fitness/studio-rental,"備品・シャワー・時間外・清掃等の追加費用","運営者公式の現行HTML料金表を確認。税込。利用可能曜日・時間帯は限定"
PRICE-1165,CAND-147,sanga-meeting-a,equipment,all,all,per_use,7620,included,per_use,"会議室A・会議室用拡声装置一式",,2026-08-05,verified,https://sangastadium-by-kyocera.jp/meeting-room/meeting-facilities,"会議室基本料・操作人件費・清掃等の追加費用","運営者公式の現行HTML附属設備表を確認。各種マイク・プロジェクター利用時は必須"
PRICE-1166,CAND-147,sanga-meeting-a,equipment,all,all,per_use,820,included,per_use,"会議室A・ワイヤレスマイク1本",,2026-08-05,verified,https://sangastadium-by-kyocera.jp/meeting-room/meeting-facilities,"会議室基本料・拡声装置・操作人件費","運営者公式の現行HTML附属設備表を確認。貸出3本"
PRICE-1167,CAND-147,sanga-meeting-a,equipment,all,all,per_use,820,included,per_use,"会議室A・有線マイク1本",,2026-08-05,verified,https://sangastadium-by-kyocera.jp/meeting-room/meeting-facilities,"会議室基本料・拡声装置・操作人件費","運営者公式の現行HTML附属設備表を確認。貸出5本"
PRICE-1168,CAND-147,sanga-meeting-a,equipment,all,all,per_use,820,included,per_use,"会議室A・ピンマイク1本",,2026-08-05,verified,https://sangastadium-by-kyocera.jp/meeting-room/meeting-facilities,"会議室基本料・拡声装置・操作人件費","運営者公式の現行HTML附属設備表を確認。貸出2本"
PRICE-1169,CAND-147,sanga-meeting-a,equipment,all,all,per_use,5440,included,per_use,"会議室A・プロジェクター/スクリーン1式",,2026-08-05,verified,https://sangastadium-by-kyocera.jp/meeting-room/meeting-facilities,"会議室基本料・拡声装置・操作人件費","運営者公式の現行HTML附属設備表を確認。貸出1式"
PRICE-1170,CAND-147,sanga-meeting-a,equipment,all,all,per_use,1780,included,per_use,"会議室A・演台1台",,2026-08-05,verified,https://sangastadium-by-kyocera.jp/meeting-room/meeting-facilities,"会議室基本料・操作人件費","運営者公式の現行HTML附属設備表を確認。貸出2台"
PRICE-1171,CAND-147,sanga-meeting-a,equipment,all,all,per_use,1090,included,per_use,"会議室A・ステージ1台",,2026-08-05,verified,https://sangastadium-by-kyocera.jp/meeting-room/meeting-facilities,"会議室基本料・操作人件費","運営者公式の現行HTML附属設備表を確認。貸出6台。表の備考※1詳細は公開抽出から未観測"
PRICE-1172,CAND-147,sanga-studio-ab,equipment,all,all,per_use,300,included,per_use,"スタジオA/B・インカムマイク1個",,2026-08-05,verified,https://sangastadium-by-kyocera.jp/sky-field/vr-fitness/studio-rental,"施設基本料・操作人件費","運営者公式の現行HTML料金表を確認。貸出1個"
PRICE-1173,CAND-147,sanga-studio-ab,equipment,all,all,per_use,300,included,per_use,"スタジオA/B・音響デッキ1個",,2026-08-05,verified,https://sangastadium-by-kyocera.jp/sky-field/vr-fitness/studio-rental,"施設基本料・操作人件費","運営者公式の現行HTML料金表を確認。貸出1個"
PRICE-1174,CAND-147,sanga-studio-ab,equipment,all,all,per_use,50,included,per_use,"スタジオA/B・ストレッチマット1枚",,2026-08-05,verified,https://sangastadium-by-kyocera.jp/sky-field/vr-fitness/studio-rental,"施設基本料","運営者公式の現行HTML料金表を確認。貸出20枚"
PRICE-1175,CAND-147,sanga-studio-ab,equipment,all,all,per_use,50,included,per_use,"スタジオA/B・ギムニクボール1個",,2026-08-05,verified,https://sangastadium-by-kyocera.jp/sky-field/vr-fitness/studio-rental,"施設基本料","運営者公式の現行HTML料金表を確認。貸出20個"
PRICE-1176,CAND-147,sanga-studio-ab,equipment,all,all,per_use,100,included,per_use,"スタジオA/B・ストレッチポール1本",,2026-08-05,verified,https://sangastadium-by-kyocera.jp/sky-field/vr-fitness/studio-rental,"施設基本料","運営者公式の現行HTML料金表を確認。貸出20本"
PRICE-1177,CAND-147,sanga-studio-ab,equipment,all,all,per_use,100,included,per_use,"スタジオA/B・ステップ台1台",,2026-08-05,verified,https://sangastadium-by-kyocera.jp/sky-field/vr-fitness/studio-rental,"施設基本料","運営者公式の現行HTML料金表を確認。貸出18台、ブロック込み"
PRICE-1178,CAND-147,sanga-studio-ab,equipment,all,all,per_use,10,included,per_use,"スタジオA/B・ヨガブロック1個",,2026-08-05,verified,https://sangastadium-by-kyocera.jp/sky-field/vr-fitness/studio-rental,"施設基本料","運営者公式の現行HTML料金表を確認。貸出20個"
PRICE-1179,CAND-147,sanga-studio-ab,equipment,noncommercial,all,per_hour,1100,included,per_hour,"スタジオB・プロジェクター一式・基本料金",,2026-08-05,verified,https://sangastadium-by-kyocera.jp/sky-field/vr-fitness/studio-rental,"施設基本料・操作人件費","運営者公式の現行HTML料金表を確認。スタジオBのみ利用可能"
PRICE-1180,CAND-147,sanga-studio-ab,equipment,commercial,all,per_hour,1650,included,per_hour,"スタジオB・プロジェクター一式・営業料金",,2026-08-05,verified,https://sangastadium-by-kyocera.jp/sky-field/vr-fitness/studio-rental,"施設基本料・操作人件費","運営者公式の現行HTML料金表を確認。スタジオBのみ利用可能"
PRICE-1181,CAND-147,sanga-studio-ab,equipment,all,all,per_use,500,included,per_use,"スタジオA/B・共用シャワー",,2026-08-05,verified,https://sangastadium-by-kyocera.jp/sky-field/vr-fitness/studio-rental,"施設基本料","運営者公式の現行HTML料金表を確認。男女各10名、利用終了後30分まで"
PRICE-1182,CAND-157,nissan-field,facility,professional_sports,all,base,1440000,not_stated,per_use,"フィールド・全スタンド使用時のプロ基本料金",,2026-08-05,verified,https://www.nissan-stadium.jp/qa/detail.php?m=4,"入場料徴収・物品販売・照明・音響等の附帯設備・設営撤去・芝保護等","運営者公式の現行Q&Aで144万円を確認。税表記と時間単位は明示なし。一般利用枠は大規模大会・イベント優先で限定的。アマチュアは約5分の1との概算のみのため派生額を作らない"
PRICE-1183,CAND-192,ashikaga-main,facility,amateur_sports,all,09:00-12:00,6850,included,per_3_hours,"主競技場貸切・アマチュアスポーツ・午前",2024-10-01,2026-08-05,verified,https://www.city.ashikaga.tochigi.jp/manage/contents/upload/667cce0f5b796.pdf,"附属設備・時間外・設営撤去・清掃等","足利市公式2024年10月1日以後許可分の改定料金PDFを画像照合。税込"
PRICE-1184,CAND-192,ashikaga-main,facility,amateur_sports,all,12:00-17:00,8550,included,per_5_hours,"主競技場貸切・アマチュアスポーツ・午後",2024-10-01,2026-08-05,verified,https://www.city.ashikaga.tochigi.jp/manage/contents/upload/667cce0f5b796.pdf,"附属設備・時間外・設営撤去・清掃等","足利市公式2024年10月1日以後許可分の改定料金PDFを画像照合。税込"
PRICE-1185,CAND-192,ashikaga-main,facility,amateur_sports,all,17:00-22:00,12850,included,per_5_hours,"主競技場貸切・アマチュアスポーツ・夜間",2024-10-01,2026-08-05,verified,https://www.city.ashikaga.tochigi.jp/manage/contents/upload/667cce0f5b796.pdf,"附属設備・時間外・設営撤去・清掃等","足利市公式2024年10月1日以後許可分の改定料金PDFを画像照合。税込"
PRICE-1186,CAND-192,ashikaga-main,facility,amateur_sports,all,09:00-22:00,28300,included,per_day,"主競技場貸切・アマチュアスポーツ・全日",2024-10-01,2026-08-05,verified,https://www.city.ashikaga.tochigi.jp/manage/contents/upload/667cce0f5b796.pdf,"附属設備・時間外・設営撤去・清掃等","足利市公式2024年10月1日以後許可分の改定料金PDFを画像照合。税込"
PRICE-1187,CAND-192,ashikaga-main,facility,assembly,all,09:00-12:00,12850,included,per_3_hours,"主競技場貸切・集会場利用・午前",2024-10-01,2026-08-05,verified,https://www.city.ashikaga.tochigi.jp/manage/contents/upload/667cce0f5b796.pdf,"附属設備・時間外・設営撤去・清掃等","足利市公式2024年10月1日以後許可分の改定料金PDFを画像照合。税込"
PRICE-1188,CAND-192,ashikaga-main,facility,assembly,all,12:00-17:00,18450,included,per_5_hours,"主競技場貸切・集会場利用・午後",2024-10-01,2026-08-05,verified,https://www.city.ashikaga.tochigi.jp/manage/contents/upload/667cce0f5b796.pdf,"附属設備・時間外・設営撤去・清掃等","足利市公式2024年10月1日以後許可分の改定料金PDFを画像照合。税込"
PRICE-1189,CAND-192,ashikaga-main,facility,assembly,all,17:00-22:00,27700,included,per_5_hours,"主競技場貸切・集会場利用・夜間",2024-10-01,2026-08-05,verified,https://www.city.ashikaga.tochigi.jp/manage/contents/upload/667cce0f5b796.pdf,"附属設備・時間外・設営撤去・清掃等","足利市公式2024年10月1日以後許可分の改定料金PDFを画像照合。税込"
PRICE-1190,CAND-192,ashikaga-main,facility,assembly,all,09:00-22:00,59050,included,per_day,"主競技場貸切・集会場利用・全日",2024-10-01,2026-08-05,verified,https://www.city.ashikaga.tochigi.jp/manage/contents/upload/667cce0f5b796.pdf,"附属設備・時間外・設営撤去・清掃等","足利市公式2024年10月1日以後許可分の改定料金PDFを画像照合。税込"
PRICE-1191,CAND-192,ashikaga-main,facility,commercial,all,09:00-12:00,68600,included,per_3_hours,"主競技場貸切・営利等利用・午前",2024-10-01,2026-08-05,verified,https://www.city.ashikaga.tochigi.jp/manage/contents/upload/667cce0f5b796.pdf,"附属設備・時間外・設営撤去・清掃等","足利市公式2024年10月1日以後許可分の改定料金PDFを画像照合。税込"
PRICE-1192,CAND-192,ashikaga-main,facility,commercial,all,12:00-17:00,85800,included,per_5_hours,"主競技場貸切・営利等利用・午後",2024-10-01,2026-08-05,verified,https://www.city.ashikaga.tochigi.jp/manage/contents/upload/667cce0f5b796.pdf,"附属設備・時間外・設営撤去・清掃等","足利市公式2024年10月1日以後許可分の改定料金PDFを画像照合。税込"
PRICE-1193,CAND-192,ashikaga-main,facility,commercial,all,17:00-22:00,128700,included,per_5_hours,"主競技場貸切・営利等利用・夜間",2024-10-01,2026-08-05,verified,https://www.city.ashikaga.tochigi.jp/manage/contents/upload/667cce0f5b796.pdf,"附属設備・時間外・設営撤去・清掃等","足利市公式2024年10月1日以後許可分の改定料金PDFを画像照合。税込"
PRICE-1194,CAND-192,ashikaga-main,facility,commercial,all,09:00-22:00,283100,included,per_day,"主競技場貸切・営利等利用・全日",2024-10-01,2026-08-05,verified,https://www.city.ashikaga.tochigi.jp/manage/contents/upload/667cce0f5b796.pdf,"附属設備・時間外・設営撤去・清掃等","足利市公式2024年10月1日以後許可分の改定料金PDFを画像照合。税込"
PRICE-1195,CAND-192,ashikaga-main,equipment,all,all,per_hour,650,included,per_hour,"市民体育館電光掲示板1式",2024-10-01,2026-08-05,verified,https://www.city.ashikaga.tochigi.jp/manage/contents/upload/667cce0f5b796.pdf,"施設基本料・操作人件費・他附属設備","足利市公式2024年10月1日以後許可分の改定料金PDFを画像照合。税込"
PRICE-1196,CAND-147,sanga-meeting-b1,facility,assembly,all,09:00-12:00,7410,included,per_3_hours,"会議室B-1・午前",,2026-08-05,verified,https://sangastadium-by-kyocera.jp/meeting-room/meeting-facilities,"附属設備・通常時間外・清掃等の追加費用","運営者公式の現行HTML料金表を確認。税込"
PRICE-1197,CAND-147,sanga-meeting-b1,facility,assembly,all,13:00-17:00,8430,included,per_4_hours,"会議室B-1・午後",,2026-08-05,verified,https://sangastadium-by-kyocera.jp/meeting-room/meeting-facilities,"附属設備・通常時間外・清掃等の追加費用","運営者公式の現行HTML料金表を確認。税込"
PRICE-1198,CAND-147,sanga-meeting-b1,facility,assembly,all,18:00-21:00,8430,included,per_3_hours,"会議室B-1・夜",,2026-08-05,verified,https://sangastadium-by-kyocera.jp/meeting-room/meeting-facilities,"附属設備・通常時間外・清掃等の追加費用","運営者公式の現行HTML料金表を確認。税込"
PRICE-1199,CAND-147,sanga-meeting-b1,facility,assembly,all,09:00-21:00,21770,included,per_day,"会議室B-1・全日",,2026-08-05,verified,https://sangastadium-by-kyocera.jp/meeting-room/meeting-facilities,"附属設備・通常時間外・清掃等の追加費用","運営者公式の現行HTML料金表を確認。税込"
PRICE-1200,CAND-147,sanga-meeting-b1,facility,assembly,all,12:00-13:00_or_17:00-18:00,2900,included,per_hour,"会議室B-1・使用時間区分外",,2026-08-05,verified,https://sangastadium-by-kyocera.jp/meeting-room/meeting-facilities,"基本区分・附属設備・清掃等の追加費用","運営者公式の現行HTML料金表を確認。税込。午前午後等を連続利用する場合は区分間料金不要"
PRICE-1201,CAND-147,sanga-meeting-b1,facility,assembly,all,08:00-09:00_or_21:00-22:00,4300,included,per_hour,"会議室B-1・通常使用時間外",,2026-08-05,verified,https://sangastadium-by-kyocera.jp/meeting-room/meeting-facilities,"基本区分・附属設備・清掃等の追加費用","運営者公式の現行HTML料金表を確認。税込"
PRICE-1202,CAND-147,sanga-meeting-d1,facility,assembly,all,09:00-12:00,5810,included,per_3_hours,"会議室D-1・午前",,2026-08-05,verified,https://sangastadium-by-kyocera.jp/meeting-room/meeting-facilities,"附属設備・通常時間外・清掃等の追加費用","運営者公式の現行HTML料金表を確認。税込"
PRICE-1203,CAND-147,sanga-meeting-d1,facility,assembly,all,13:00-17:00,6610,included,per_4_hours,"会議室D-1・午後",,2026-08-05,verified,https://sangastadium-by-kyocera.jp/meeting-room/meeting-facilities,"附属設備・通常時間外・清掃等の追加費用","運営者公式の現行HTML料金表を確認。税込"
PRICE-1204,CAND-147,sanga-meeting-d1,facility,assembly,all,18:00-21:00,6610,included,per_3_hours,"会議室D-1・夜",,2026-08-05,verified,https://sangastadium-by-kyocera.jp/meeting-room/meeting-facilities,"附属設備・通常時間外・清掃等の追加費用","運営者公式の現行HTML料金表を確認。税込"
PRICE-1205,CAND-147,sanga-meeting-d1,facility,assembly,all,09:00-21:00,17100,included,per_day,"会議室D-1・全日",,2026-08-05,verified,https://sangastadium-by-kyocera.jp/meeting-room/meeting-facilities,"附属設備・通常時間外・清掃等の追加費用","運営者公式の現行HTML料金表を確認。税込"
PRICE-1206,CAND-147,sanga-meeting-d1,facility,assembly,all,12:00-13:00_or_17:00-18:00,2300,included,per_hour,"会議室D-1・使用時間区分外",,2026-08-05,verified,https://sangastadium-by-kyocera.jp/meeting-room/meeting-facilities,"基本区分・附属設備・清掃等の追加費用","運営者公式の現行HTML料金表を確認。税込。午前午後等を連続利用する場合は区分間料金不要"
PRICE-1207,CAND-147,sanga-meeting-d1,facility,assembly,all,08:00-09:00_or_21:00-22:00,3400,included,per_hour,"会議室D-1・通常使用時間外",,2026-08-05,verified,https://sangastadium-by-kyocera.jp/meeting-room/meeting-facilities,"基本区分・附属設備・清掃等の追加費用","運営者公式の現行HTML料金表を確認。税込"
PRICE-1208,CAND-147,sanga-meeting-f1,facility,assembly,all,09:00-12:00,3070,included,per_3_hours,"会議室F-1・午前",,2026-08-05,verified,https://sangastadium-by-kyocera.jp/meeting-room/meeting-facilities,"附属設備・清掃等の追加費用","運営者公式の現行HTML料金表を確認。税込"
PRICE-1209,CAND-147,sanga-meeting-f1,facility,assembly,all,13:00-17:00,3530,included,per_4_hours,"会議室F-1・午後",,2026-08-05,verified,https://sangastadium-by-kyocera.jp/meeting-room/meeting-facilities,"附属設備・清掃等の追加費用","運営者公式の現行HTML料金表を確認。税込"
PRICE-1210,CAND-147,sanga-meeting-f1,facility,assembly,all,18:00-21:00,3530,included,per_3_hours,"会議室F-1・夜",,2026-08-05,verified,https://sangastadium-by-kyocera.jp/meeting-room/meeting-facilities,"附属設備・清掃等の追加費用","運営者公式の現行HTML料金表を確認。税込"
PRICE-1211,CAND-147,sanga-meeting-f1,facility,assembly,all,09:00-21:00,9120,included,per_day,"会議室F-1・全日",,2026-08-05,verified,https://sangastadium-by-kyocera.jp/meeting-room/meeting-facilities,"附属設備・清掃等の追加費用","運営者公式の現行HTML料金表を確認。税込"
PRICE-1212,CAND-147,sanga-meeting-f1,facility,assembly,all,12:00-13:00_or_17:00-18:00,1200,included,per_hour,"会議室F-1・使用時間区分外",,2026-08-05,verified,https://sangastadium-by-kyocera.jp/meeting-room/meeting-facilities,"基本区分・附属設備・清掃等の追加費用","運営者公式の現行HTML料金表を確認。税込。午前午後等を連続利用する場合は区分間料金不要"
PRICE-1213,CAND-147,sanga-meeting-g,facility,assembly,all,09:00-12:00,2730,included,per_3_hours,"会議室G・午前",,2026-08-05,verified,https://sangastadium-by-kyocera.jp/meeting-room/meeting-facilities,"附属設備・清掃等の追加費用","運営者公式の現行HTML料金表を確認。税込"
PRICE-1214,CAND-147,sanga-meeting-g,facility,assembly,all,13:00-17:00,3070,included,per_4_hours,"会議室G・午後",,2026-08-05,verified,https://sangastadium-by-kyocera.jp/meeting-room/meeting-facilities,"附属設備・清掃等の追加費用","運営者公式の現行HTML料金表を確認。税込"
PRICE-1215,CAND-147,sanga-meeting-g,facility,assembly,all,18:00-21:00,3070,included,per_3_hours,"会議室G・夜",,2026-08-05,verified,https://sangastadium-by-kyocera.jp/meeting-room/meeting-facilities,"附属設備・清掃等の追加費用","運営者公式の現行HTML料金表を確認。税込"
PRICE-1216,CAND-147,sanga-meeting-g,facility,assembly,all,09:00-21:00,7980,included,per_day,"会議室G・全日",,2026-08-05,verified,https://sangastadium-by-kyocera.jp/meeting-room/meeting-facilities,"附属設備・清掃等の追加費用","運営者公式の現行HTML料金表を確認。税込"
PRICE-1217,CAND-147,sanga-meeting-g,facility,assembly,all,12:00-13:00_or_17:00-18:00,1100,included,per_hour,"会議室G・使用時間区分外",,2026-08-05,verified,https://sangastadium-by-kyocera.jp/meeting-room/meeting-facilities,"基本区分・附属設備・清掃等の追加費用","運営者公式の現行HTML料金表を確認。税込。午前午後等を連続利用する場合は区分間料金不要"
PRICE-1218,CAND-147,sanga-meeting-h1,facility,assembly,all,09:00-12:00,1930,included,per_3_hours,"会議室H-1・午前",,2026-08-05,verified,https://sangastadium-by-kyocera.jp/meeting-room/meeting-facilities,"附属設備・清掃等の追加費用","運営者公式の現行HTML料金表を確認。税込"
PRICE-1219,CAND-147,sanga-meeting-h1,facility,assembly,all,13:00-17:00,2160,included,per_4_hours,"会議室H-1・午後",,2026-08-05,verified,https://sangastadium-by-kyocera.jp/meeting-room/meeting-facilities,"附属設備・清掃等の追加費用","運営者公式の現行HTML料金表を確認。税込"
PRICE-1220,CAND-147,sanga-meeting-h1,facility,assembly,all,18:00-21:00,2160,included,per_3_hours,"会議室H-1・夜",,2026-08-05,verified,https://sangastadium-by-kyocera.jp/meeting-room/meeting-facilities,"附属設備・清掃等の追加費用","運営者公式の現行HTML料金表を確認。税込"
PRICE-1221,CAND-147,sanga-meeting-h1,facility,assembly,all,09:00-21:00,5580,included,per_day,"会議室H-1・全日",,2026-08-05,verified,https://sangastadium-by-kyocera.jp/meeting-room/meeting-facilities,"附属設備・清掃等の追加費用","運営者公式の現行HTML料金表を確認。税込"
PRICE-1222,CAND-147,sanga-meeting-h1,facility,assembly,all,12:00-13:00_or_17:00-18:00,800,included,per_hour,"会議室H-1・使用時間区分外",,2026-08-05,verified,https://sangastadium-by-kyocera.jp/meeting-room/meeting-facilities,"基本区分・附属設備・清掃等の追加費用","運営者公式の現行HTML料金表を確認。税込。午前午後等を連続利用する場合は区分間料金不要"
PRICE-1223,CAND-147,sanga-meeting-i1,facility,assembly,all,09:00-12:00,1480,included,per_3_hours,"会議室I-1・午前",,2026-08-05,verified,https://sangastadium-by-kyocera.jp/meeting-room/meeting-facilities,"附属設備・清掃等の追加費用","運営者公式の現行HTML料金表を確認。税込"
PRICE-1224,CAND-147,sanga-meeting-i1,facility,assembly,all,13:00-17:00,1590,included,per_4_hours,"会議室I-1・午後",,2026-08-05,verified,https://sangastadium-by-kyocera.jp/meeting-room/meeting-facilities,"附属設備・清掃等の追加費用","運営者公式の現行HTML料金表を確認。税込"
PRICE-1225,CAND-147,sanga-meeting-i1,facility,assembly,all,18:00-21:00,1590,included,per_3_hours,"会議室I-1・夜",,2026-08-05,verified,https://sangastadium-by-kyocera.jp/meeting-room/meeting-facilities,"附属設備・清掃等の追加費用","運営者公式の現行HTML料金表を確認。税込"
PRICE-1226,CAND-147,sanga-meeting-i1,facility,assembly,all,09:00-21:00,4100,included,per_day,"会議室I-1・全日",,2026-08-05,verified,https://sangastadium-by-kyocera.jp/meeting-room/meeting-facilities,"附属設備・清掃等の追加費用","運営者公式の現行HTML料金表を確認。税込"
PRICE-1227,CAND-147,sanga-meeting-i1,facility,assembly,all,12:00-13:00_or_17:00-18:00,600,included,per_hour,"会議室I-1・使用時間区分外",,2026-08-05,verified,https://sangastadium-by-kyocera.jp/meeting-room/meeting-facilities,"基本区分・附属設備・清掃等の追加費用","運営者公式の現行HTML料金表を確認。税込。午前午後等を連続利用する場合は区分間料金不要"
PRICE-1228,CAND-147,sanga-meeting-j1,facility,assembly,all,09:00-12:00,1140,included,per_3_hours,"会議室J-1・午前",,2026-08-05,verified,https://sangastadium-by-kyocera.jp/meeting-room/meeting-facilities,"附属設備・清掃等の追加費用","運営者公式の現行HTML料金表を確認。税込"
PRICE-1229,CAND-147,sanga-meeting-j1,facility,assembly,all,13:00-17:00,1250,included,per_4_hours,"会議室J-1・午後",,2026-08-05,verified,https://sangastadium-by-kyocera.jp/meeting-room/meeting-facilities,"附属設備・清掃等の追加費用","運営者公式の現行HTML料金表を確認。税込"
PRICE-1230,CAND-147,sanga-meeting-j1,facility,assembly,all,18:00-21:00,1250,included,per_3_hours,"会議室J-1・夜",,2026-08-05,verified,https://sangastadium-by-kyocera.jp/meeting-room/meeting-facilities,"附属設備・清掃等の追加費用","運営者公式の現行HTML料金表を確認。税込"
PRICE-1231,CAND-147,sanga-meeting-j1,facility,assembly,all,09:00-21:00,3190,included,per_day,"会議室J-1・全日",,2026-08-05,verified,https://sangastadium-by-kyocera.jp/meeting-room/meeting-facilities,"附属設備・清掃等の追加費用","運営者公式の現行HTML料金表を確認。税込"
PRICE-1232,CAND-147,sanga-meeting-j1,facility,assembly,all,12:00-13:00_or_17:00-18:00,500,included,per_hour,"会議室J-1・使用時間区分外",,2026-08-05,verified,https://sangastadium-by-kyocera.jp/meeting-room/meeting-facilities,"基本区分・附属設備・清掃等の追加費用","運営者公式の現行HTML料金表を確認。税込。午前午後等を連続利用する場合は区分間料金不要"
PRICE-1233,CAND-160,mito-main,facility,amateur_sports_admission,all,per_hour,20400,not_stated,per_hour,"メインアリーナ全面・入場料徴収・スイートルームなし",,2026-08-05,verified,https://www.city.mito.lg.jp/uploaded/attachment/61055.pdf,"附属設備・設営撤去・清掃等","水戸市公式議案の条例料金表を画像照合し、市議会公式議決結果で原案可決を確認。正確な施行日は未観測だが公布後4か月以内の規則指定。税表記なし"
PRICE-1234,CAND-160,mito-main,facility,amateur_sports_admission,all,per_hour,27400,not_stated,per_hour,"メインアリーナ全面・入場料徴収・スイートルーム利用",,2026-08-05,verified,https://www.city.mito.lg.jp/uploaded/attachment/61055.pdf,"附属設備・設営撤去・清掃等","水戸市公式議案の条例料金表を画像照合し、市議会公式議決結果で原案可決を確認。正確な施行日は未観測だが公布後4か月以内の規則指定。税表記なし"
PRICE-1235,CAND-160,mito-main,facility,other_no_admission,all,per_hour,10200,not_stated,per_hour,"メインアリーナ全面・アマチュアスポーツ以外・入場料なし・スイートルームなし",,2026-08-05,verified,https://www.city.mito.lg.jp/uploaded/attachment/61055.pdf,"附属設備・設営撤去・清掃等","水戸市公式議案の条例料金表を画像照合し、市議会公式議決結果で原案可決を確認。正確な施行日は未観測だが公布後4か月以内の規則指定。税表記なし"
PRICE-1236,CAND-160,mito-main,facility,other_admission,all,per_hour,53040,not_stated,per_hour,"メインアリーナ全面・アマチュアスポーツ以外・入場料あり・スイートルームなし",,2026-08-05,verified,https://www.city.mito.lg.jp/uploaded/attachment/61055.pdf,"附属設備・設営撤去・清掃等","水戸市公式議案の条例料金表を画像照合し、市議会公式議決結果で原案可決を確認。正確な施行日は未観測だが公布後4か月以内の規則指定。税表記なし"
PRICE-1237,CAND-160,mito-main,facility,other_no_admission,all,per_hour,13700,not_stated,per_hour,"メインアリーナ全面・アマチュアスポーツ以外・入場料なし・スイートルーム利用",,2026-08-05,verified,https://www.city.mito.lg.jp/uploaded/attachment/61055.pdf,"附属設備・設営撤去・清掃等","水戸市公式議案の条例料金表を画像照合し、市議会公式議決結果で原案可決を確認。正確な施行日は未観測だが公布後4か月以内の規則指定。税表記なし"
PRICE-1238,CAND-160,mito-main,facility,other_admission,all,per_hour,71240,not_stated,per_hour,"メインアリーナ全面・アマチュアスポーツ以外・入場料あり・スイートルーム利用",,2026-08-05,verified,https://www.city.mito.lg.jp/uploaded/attachment/61055.pdf,"附属設備・設営撤去・清掃等","水戸市公式議案の条例料金表を画像照合し、市議会公式議決結果で原案可決を確認。正確な施行日は未観測だが公布後4か月以内の規則指定。税表記なし"
PRICE-1239,CAND-160,mito-suite-6,facility,all,all,per_hour,200,not_stated,per_hour,"スイートルーム6人部屋・単独利用",,2026-08-05,verified,https://www.city.mito.lg.jp/uploaded/attachment/61055.pdf,"アリーナ基本料・附属設備・清掃等","水戸市公式議案の条例料金表を画像照合し、市議会公式議決結果で原案可決を確認。指定管理者がアリーナ利用に支障なしと認める場合のみ単独利用可能。税表記なし"
PRICE-1240,CAND-160,mito-suite-8,facility,all,all,per_hour,270,not_stated,per_hour,"スイートルーム8人部屋・単独利用",,2026-08-05,verified,https://www.city.mito.lg.jp/uploaded/attachment/61055.pdf,"アリーナ基本料・附属設備・清掃等","水戸市公式議案の条例料金表を画像照合し、市議会公式議決結果で原案可決を確認。指定管理者がアリーナ利用に支障なしと認める場合のみ単独利用可能。税表記なし"
PRICE-1241,CAND-160,mito-suite-9,facility,all,all,per_hour,300,not_stated,per_hour,"スイートルーム9人部屋・単独利用",,2026-08-05,verified,https://www.city.mito.lg.jp/uploaded/attachment/61055.pdf,"アリーナ基本料・附属設備・清掃等","水戸市公式議案の条例料金表を画像照合し、市議会公式議決結果で原案可決を確認。指定管理者がアリーナ利用に支障なしと認める場合のみ単独利用可能。税表記なし"
PRICE-1242,CAND-147,sanga-vip,facility,assembly,all,09:00-12:00,77730,included,per_3_hours,"VIPエリア・午前",,2026-08-05,verified,https://sangastadium-by-kyocera.jp/meeting-room/meeting-facilities,"附属設備・清掃等の追加費用","運営者公式の現行HTML料金表を確認。税込。VIPラウンジとVIPルーム1・2のセット貸出"
PRICE-1243,CAND-147,sanga-vip,facility,assembly,all,13:00-17:00,89250,included,per_4_hours,"VIPエリア・午後",,2026-08-05,verified,https://sangastadium-by-kyocera.jp/meeting-room/meeting-facilities,"附属設備・清掃等の追加費用","運営者公式の現行HTML料金表を確認。税込。VIPラウンジとVIPルーム1・2のセット貸出"
PRICE-1244,CAND-147,sanga-vip,facility,assembly,all,18:00-21:00,89250,included,per_3_hours,"VIPエリア・夜",,2026-08-05,verified,https://sangastadium-by-kyocera.jp/meeting-room/meeting-facilities,"附属設備・清掃等の追加費用","運営者公式の現行HTML料金表を確認。税込。VIPラウンジとVIPルーム1・2のセット貸出"
PRICE-1245,CAND-147,sanga-vip,facility,assembly,all,09:00-21:00,230500,included,per_day,"VIPエリア・全日",,2026-08-05,verified,https://sangastadium-by-kyocera.jp/meeting-room/meeting-facilities,"附属設備・清掃等の追加費用","運営者公式の現行HTML料金表を確認。税込。VIPラウンジとVIPルーム1・2のセット貸出"
PRICE-1246,CAND-147,sanga-vip,facility,assembly,all,12:00-13:00_or_17:00-18:00,29800,included,per_hour,"VIPエリア・使用時間区分外",,2026-08-05,verified,https://sangastadium-by-kyocera.jp/meeting-room/meeting-facilities,"基本区分・附属設備・清掃等の追加費用","運営者公式の現行HTML料金表を確認。税込。午前午後等を連続利用する場合は区分間料金不要"
PRICE-1247,CAND-147,sanga-vip,facility,assembly,all,08:00-09:00_or_21:00-22:00,44800,included,per_hour,"VIPエリア・通常使用時間外",,2026-08-05,verified,https://sangastadium-by-kyocera.jp/meeting-room/meeting-facilities,"基本区分・附属設備・清掃等の追加費用","運営者公式の現行HTML料金表を確認。税込"
PRICE-1248,CAND-147,sanga-skybox-a,facility,assembly,all,09:00-12:00,8200,included,per_3_hours,"スカイボックスA・午前",,2026-08-05,verified,https://sangastadium-by-kyocera.jp/meeting-room/meeting-facilities,"附属設備・清掃等の追加費用","運営者公式の現行HTML料金表を確認。税込"
PRICE-1249,CAND-147,sanga-skybox-a,facility,assembly,all,13:00-17:00,9340,included,per_4_hours,"スカイボックスA・午後",,2026-08-05,verified,https://sangastadium-by-kyocera.jp/meeting-room/meeting-facilities,"附属設備・清掃等の追加費用","運営者公式の現行HTML料金表を確認。税込"
PRICE-1250,CAND-147,sanga-skybox-a,facility,assembly,all,18:00-21:00,9340,included,per_3_hours,"スカイボックスA・夜",,2026-08-05,verified,https://sangastadium-by-kyocera.jp/meeting-room/meeting-facilities,"附属設備・清掃等の追加費用","運営者公式の現行HTML料金表を確認。税込"
PRICE-1251,CAND-147,sanga-skybox-a,facility,assembly,all,09:00-21:00,24160,included,per_day,"スカイボックスA・全日",,2026-08-05,verified,https://sangastadium-by-kyocera.jp/meeting-room/meeting-facilities,"附属設備・清掃等の追加費用","運営者公式の現行HTML料金表を確認。税込"
PRICE-1252,CAND-147,sanga-skybox-a,facility,assembly,all,12:00-13:00_or_17:00-18:00,3200,included,per_hour,"スカイボックスA・使用時間区分外",,2026-08-05,verified,https://sangastadium-by-kyocera.jp/meeting-room/meeting-facilities,"基本区分・附属設備・清掃等の追加費用","運営者公式の現行HTML料金表を確認。税込。午前午後等を連続利用する場合は区分間料金不要"
PRICE-1253,CAND-147,sanga-skybox-a,facility,assembly,all,08:00-09:00_or_21:00-22:00,4700,included,per_hour,"スカイボックスA・通常使用時間外",,2026-08-05,verified,https://sangastadium-by-kyocera.jp/meeting-room/meeting-facilities,"基本区分・附属設備・清掃等の追加費用","運営者公式の現行HTML料金表を確認。税込"
PRICE-1254,CAND-147,sanga-skybox-b,facility,assembly,all,09:00-12:00,5810,included,per_3_hours,"スカイボックスB・午前",,2026-08-05,verified,https://sangastadium-by-kyocera.jp/meeting-room/meeting-facilities,"附属設備・清掃等の追加費用","運営者公式の現行HTML料金表を確認。税込"
PRICE-1255,CAND-147,sanga-skybox-b,facility,assembly,all,13:00-17:00,6610,included,per_4_hours,"スカイボックスB・午後",,2026-08-05,verified,https://sangastadium-by-kyocera.jp/meeting-room/meeting-facilities,"附属設備・清掃等の追加費用","運営者公式の現行HTML料金表を確認。税込"
PRICE-1256,CAND-147,sanga-skybox-b,facility,assembly,all,18:00-21:00,6610,included,per_3_hours,"スカイボックスB・夜",,2026-08-05,verified,https://sangastadium-by-kyocera.jp/meeting-room/meeting-facilities,"附属設備・清掃等の追加費用","運営者公式の現行HTML料金表を確認。税込"
PRICE-1257,CAND-147,sanga-skybox-b,facility,assembly,all,09:00-21:00,17100,included,per_day,"スカイボックスB・全日",,2026-08-05,verified,https://sangastadium-by-kyocera.jp/meeting-room/meeting-facilities,"附属設備・清掃等の追加費用","運営者公式の現行HTML料金表を確認。税込"
PRICE-1258,CAND-147,sanga-skybox-b,facility,assembly,all,12:00-13:00_or_17:00-18:00,2300,included,per_hour,"スカイボックスB・使用時間区分外",,2026-08-05,verified,https://sangastadium-by-kyocera.jp/meeting-room/meeting-facilities,"基本区分・附属設備・清掃等の追加費用","運営者公式の現行HTML料金表を確認。税込。午前午後等を連続利用する場合は区分間料金不要"
PRICE-1259,CAND-147,sanga-skybox-b,facility,assembly,all,08:00-09:00_or_21:00-22:00,3400,included,per_hour,"スカイボックスB・通常使用時間外",,2026-08-05,verified,https://sangastadium-by-kyocera.jp/meeting-room/meeting-facilities,"基本区分・附属設備・清掃等の追加費用","運営者公式の現行HTML料金表を確認。税込"
PRICE-1260,CAND-160,mito-main,facility,amateur_sports_students,all,per_hour,200,not_stated,per_hour,"メインアリーナ・バドミントンコート1面・高校生以下のみ",,2026-08-05,verified,https://maas.or.jp/pages/38/,"附属設備・設営撤去・清掃等","指定管理者公式の現行HTML料金表を確認。税表記なし"
PRICE-1261,CAND-160,mito-main,facility,amateur_sports,all,per_hour,340,not_stated,per_hour,"メインアリーナ・バドミントンコート1面・一般",,2026-08-05,verified,https://maas.or.jp/pages/38/,"附属設備・設営撤去・清掃等","指定管理者公式の現行HTML料金表を確認。高校生以下のみ以外。税表記なし"
PRICE-1262,CAND-160,mito-main,facility,amateur_sports_students,all,per_hour,800,not_stated,per_hour,"メインアリーナ3分の1面・高校生以下のみ",,2026-08-05,verified,https://maas.or.jp/pages/38/,"附属設備・設営撤去・清掃等","指定管理者公式の現行HTML料金表を確認。税表記なし"
PRICE-1263,CAND-160,mito-main,facility,amateur_sports,all,per_hour,1360,not_stated,per_hour,"メインアリーナ3分の1面・一般",,2026-08-05,verified,https://maas.or.jp/pages/38/,"附属設備・設営撤去・清掃等","指定管理者公式の現行HTML料金表を確認。高校生以下のみ以外。税表記なし"
PRICE-1264,CAND-160,mito-main,facility,amateur_sports_students,all,per_hour,1200,not_stated,per_hour,"メインアリーナ半面・高校生以下のみ",,2026-08-05,verified,https://maas.or.jp/pages/38/,"附属設備・設営撤去・清掃等","指定管理者公式の現行HTML料金表を確認。税表記なし"
PRICE-1265,CAND-160,mito-main,facility,amateur_sports,all,per_hour,2040,not_stated,per_hour,"メインアリーナ半面・一般",,2026-08-05,verified,https://maas.or.jp/pages/38/,"附属設備・設営撤去・清掃等","指定管理者公式の現行HTML料金表を確認。高校生以下のみ以外。税表記なし"
PRICE-1266,CAND-160,mito-main,facility,amateur_sports_students,all,per_hour,2400,not_stated,per_hour,"メインアリーナ全面・入場料なし・高校生以下のみ",,2026-08-05,verified,https://maas.or.jp/pages/38/,"附属設備・設営撤去・清掃等","指定管理者公式の現行HTML料金表を確認。税表記なし"
PRICE-1267,CAND-160,mito-main,facility,amateur_sports_no_admission,all,per_hour,4080,not_stated,per_hour,"メインアリーナ全面・入場料なし・一般",,2026-08-05,verified,https://maas.or.jp/pages/38/,"附属設備・設営撤去・清掃等","指定管理者公式の現行HTML料金表を確認。高校生以下のみ以外。税表記なし"
PRICE-1268,CAND-160,mito-main,equipment,amateur_sports_no_admission,all,per_hour,770,not_stated,per_hour,"大型映像装置・壁面型・入場料なし",,2026-08-05,verified,https://maas.or.jp/pages/38/,"施設基本料・操作人件費・信号回線等","指定管理者公式の現行HTML料金表を確認。アマチュアスポーツ。税表記なし"
PRICE-1269,CAND-160,mito-main,equipment,amateur_sports_admission,all,per_hour,3850,not_stated,per_hour,"大型映像装置・壁面型・入場料あり",,2026-08-05,verified,https://maas.or.jp/pages/38/,"施設基本料・操作人件費・信号回線等","指定管理者公式の現行HTML料金表を確認。アマチュアスポーツ。税表記なし"
PRICE-1270,CAND-160,mito-main,equipment,amateur_sports_no_admission,all,per_hour,1770,not_stated,per_hour,"大型映像装置・4面型・入場料なし",,2026-08-05,verified,https://maas.or.jp/pages/38/,"施設基本料・操作人件費・信号回線等","指定管理者公式の現行HTML料金表を確認。アマチュアスポーツ。税表記なし"
PRICE-1271,CAND-160,mito-main,equipment,amateur_sports_admission,all,per_hour,8850,not_stated,per_hour,"大型映像装置・4面型・入場料あり",,2026-08-05,verified,https://maas.or.jp/pages/38/,"施設基本料・操作人件費・信号回線等","指定管理者公式の現行HTML料金表を確認。アマチュアスポーツ。税表記なし"
PRICE-1272,CAND-160,mito-main,equipment,amateur_sports_no_admission,all,per_hour,500,not_stated,per_hour,"大型映像装置・帯型・入場料なし",,2026-08-05,verified,https://maas.or.jp/pages/38/,"施設基本料・操作人件費・信号回線等","指定管理者公式の現行HTML料金表を確認。アマチュアスポーツ。税表記なし"
PRICE-1273,CAND-160,mito-main,equipment,amateur_sports_admission,all,per_hour,2500,not_stated,per_hour,"大型映像装置・帯型・入場料あり",,2026-08-05,verified,https://maas.or.jp/pages/38/,"施設基本料・操作人件費・信号回線等","指定管理者公式の現行HTML料金表を確認。アマチュアスポーツ。税表記なし"
PRICE-1274,CAND-160,mito-main,equipment,other_no_admission,all,per_hour,1920,not_stated,per_hour,"大型映像装置・壁面型・入場料なし",,2026-08-05,verified,https://maas.or.jp/pages/38/,"施設基本料・操作人件費・信号回線等","指定管理者公式の現行HTML料金表を確認。アマチュアスポーツ以外。税表記なし"
PRICE-1275,CAND-160,mito-main,equipment,other_admission,all,per_hour,10000,not_stated,per_hour,"大型映像装置・壁面型・入場料あり",,2026-08-05,verified,https://maas.or.jp/pages/38/,"施設基本料・操作人件費・信号回線等","指定管理者公式の現行HTML料金表を確認。アマチュアスポーツ以外。税表記なし"
PRICE-1276,CAND-160,mito-main,equipment,other_no_admission,all,per_hour,4420,not_stated,per_hour,"大型映像装置・4面型・入場料なし",,2026-08-05,verified,https://maas.or.jp/pages/38/,"施設基本料・操作人件費・信号回線等","指定管理者公式の現行HTML料金表を確認。アマチュアスポーツ以外。税表記なし"
PRICE-1277,CAND-160,mito-main,equipment,other_admission,all,per_hour,23000,not_stated,per_hour,"大型映像装置・4面型・入場料あり",,2026-08-05,verified,https://maas.or.jp/pages/38/,"施設基本料・操作人件費・信号回線等","指定管理者公式の現行HTML料金表を確認。アマチュアスポーツ以外。税表記なし"
PRICE-1278,CAND-160,mito-main,equipment,other_no_admission,all,per_hour,1250,not_stated,per_hour,"大型映像装置・帯型・入場料なし",,2026-08-05,verified,https://maas.or.jp/pages/38/,"施設基本料・操作人件費・信号回線等","指定管理者公式の現行HTML料金表を確認。アマチュアスポーツ以外。税表記なし"
PRICE-1279,CAND-160,mito-main,equipment,other_admission,all,per_hour,6500,not_stated,per_hour,"大型映像装置・帯型・入場料あり",,2026-08-05,verified,https://maas.or.jp/pages/38/,"施設基本料・操作人件費・信号回線等","指定管理者公式の現行HTML料金表を確認。アマチュアスポーツ以外。税表記なし"
PRICE-1280,CAND-160,mito-multipurpose,facility,amateur_sports_students,all,per_hour,800,not_stated,per_hour,"多目的室・1室・高校生以下のみ",,2026-08-05,verified,https://maas.or.jp/pages/38/,"附属設備・設営撤去・清掃等","指定管理者公式ページの東町運動公園区画（block1514-347）を確認。税表記なし"
PRICE-1281,CAND-160,mito-multipurpose,facility,amateur_sports,all,per_hour,1360,not_stated,per_hour,"多目的室・1室・一般",,2026-08-05,verified,https://maas.or.jp/pages/38/,"附属設備・設営撤去・清掃等","指定管理者公式ページの東町運動公園区画（block1514-347）を確認。高校生以下のみ以外。税表記なし"
PRICE-1282,CAND-160,mito-multipurpose,facility,amateur_sports_students,all,per_hour,400,not_stated,per_hour,"多目的室・2分の1室・高校生以下のみ",,2026-08-05,verified,https://maas.or.jp/pages/38/,"附属設備・設営撤去・清掃等","指定管理者公式ページの東町運動公園区画（block1514-347）を確認。税表記なし"
PRICE-1283,CAND-160,mito-multipurpose,facility,amateur_sports,all,per_hour,680,not_stated,per_hour,"多目的室・2分の1室・一般",,2026-08-05,verified,https://maas.or.jp/pages/38/,"附属設備・設営撤去・清掃等","指定管理者公式ページの東町運動公園区画（block1514-347）を確認。高校生以下のみ以外。税表記なし"
PRICE-1284,CAND-160,mito-multipurpose,facility,amateur_sports_students,all,per_hour,200,not_stated,per_hour,"多目的室・4分の1室・高校生以下のみ",,2026-08-05,verified,https://maas.or.jp/pages/38/,"附属設備・設営撤去・清掃等","指定管理者公式ページの東町運動公園区画（block1514-347）を確認。税表記なし"
PRICE-1285,CAND-160,mito-multipurpose,facility,amateur_sports,all,per_hour,340,not_stated,per_hour,"多目的室・4分の1室・一般",,2026-08-05,verified,https://maas.or.jp/pages/38/,"附属設備・設営撤去・清掃等","指定管理者公式ページの東町運動公園区画（block1514-347）を確認。高校生以下のみ以外。税表記なし"
PRICE-1286,CAND-160,mito-multipurpose,facility,non_sports,all,per_hour,3400,not_stated,per_hour,"多目的室・1室・アマチュアスポーツ以外",,2026-08-05,verified,https://maas.or.jp/pages/38/,"附属設備・設営撤去・清掃等","指定管理者公式ページの東町運動公園区画（block1514-347）を確認。税表記なし"
PRICE-1287,CAND-160,mito-multipurpose,facility,non_sports,all,per_hour,1700,not_stated,per_hour,"多目的室・2分の1室・アマチュアスポーツ以外",,2026-08-05,verified,https://maas.or.jp/pages/38/,"附属設備・設営撤去・清掃等","指定管理者公式ページの東町運動公園区画（block1514-347）を確認。税表記なし"
PRICE-1288,CAND-160,mito-multipurpose,facility,non_sports,all,per_hour,850,not_stated,per_hour,"多目的室・4分の1室・アマチュアスポーツ以外",,2026-08-05,verified,https://maas.or.jp/pages/38/,"附属設備・設営撤去・清掃等","指定管理者公式ページの東町運動公園区画（block1514-347）を確認。税表記なし"
PRICE-1289,CAND-160,mito-meeting,facility,amateur_sports_students,all,per_hour,800,not_stated,per_hour,"会議室・1室・高校生以下のみ",,2026-08-05,verified,https://maas.or.jp/pages/38/,"附属設備・設営撤去・清掃等","指定管理者公式ページの東町運動公園区画（block1514-347）を確認。税表記なし"
PRICE-1290,CAND-160,mito-meeting,facility,amateur_sports,all,per_hour,1360,not_stated,per_hour,"会議室・1室・一般",,2026-08-05,verified,https://maas.or.jp/pages/38/,"附属設備・設営撤去・清掃等","指定管理者公式ページの東町運動公園区画（block1514-347）を確認。高校生以下のみ以外。税表記なし"
PRICE-1291,CAND-160,mito-meeting,facility,amateur_sports_students,all,per_hour,400,not_stated,per_hour,"会議室・2分の1室・高校生以下のみ",,2026-08-05,verified,https://maas.or.jp/pages/38/,"附属設備・設営撤去・清掃等","指定管理者公式ページの東町運動公園区画（block1514-347）を確認。税表記なし"
PRICE-1292,CAND-160,mito-meeting,facility,amateur_sports,all,per_hour,680,not_stated,per_hour,"会議室・2分の1室・一般",,2026-08-05,verified,https://maas.or.jp/pages/38/,"附属設備・設営撤去・清掃等","指定管理者公式ページの東町運動公園区画（block1514-347）を確認。高校生以下のみ以外。税表記なし"
PRICE-1293,CAND-160,mito-meeting,facility,amateur_sports_students,all,per_hour,200,not_stated,per_hour,"会議室・4分の1室・高校生以下のみ",,2026-08-05,verified,https://maas.or.jp/pages/38/,"附属設備・設営撤去・清掃等","指定管理者公式ページの東町運動公園区画（block1514-347）を確認。税表記なし"
PRICE-1294,CAND-160,mito-meeting,facility,amateur_sports,all,per_hour,340,not_stated,per_hour,"会議室・4分の1室・一般",,2026-08-05,verified,https://maas.or.jp/pages/38/,"附属設備・設営撤去・清掃等","指定管理者公式ページの東町運動公園区画（block1514-347）を確認。高校生以下のみ以外。税表記なし"
PRICE-1295,CAND-160,mito-meeting,facility,non_sports,all,per_hour,3400,not_stated,per_hour,"会議室・1室・アマチュアスポーツ以外",,2026-08-05,verified,https://maas.or.jp/pages/38/,"附属設備・設営撤去・清掃等","指定管理者公式ページの東町運動公園区画（block1514-347）を確認。税表記なし"
PRICE-1296,CAND-160,mito-meeting,facility,non_sports,all,per_hour,1700,not_stated,per_hour,"会議室・2分の1室・アマチュアスポーツ以外",,2026-08-05,verified,https://maas.or.jp/pages/38/,"附属設備・設営撤去・清掃等","指定管理者公式ページの東町運動公園区画（block1514-347）を確認。税表記なし"
PRICE-1297,CAND-160,mito-meeting,facility,non_sports,all,per_hour,850,not_stated,per_hour,"会議室・4分の1室・アマチュアスポーツ以外",,2026-08-05,verified,https://maas.or.jp/pages/38/,"附属設備・設営撤去・清掃等","指定管理者公式ページの東町運動公園区画（block1514-347）を確認。税表記なし"
PRICE-1298,CAND-160,mito-wrestling,facility,amateur_sports_students,all,per_hour,400,not_stated,per_hour,"レスリング場・1室・高校生以下のみ",,2026-08-05,verified,https://maas.or.jp/pages/38/,"附属設備・設営撤去・清掃等","指定管理者公式ページの東町運動公園区画（block1514-356）を確認。税表記なし"
PRICE-1299,CAND-160,mito-wrestling,facility,amateur_sports,all,per_hour,680,not_stated,per_hour,"レスリング場・1室・一般",,2026-08-05,verified,https://maas.or.jp/pages/38/,"附属設備・設営撤去・清掃等","指定管理者公式ページの東町運動公園区画（block1514-356）を確認。高校生以下のみ以外。税表記なし"
PRICE-1300,CAND-160,mito-boxing,facility,amateur_sports_students,all,per_hour,400,not_stated,per_hour,"ボクシング場・1室・高校生以下のみ",,2026-08-05,verified,https://maas.or.jp/pages/38/,"附属設備・設営撤去・清掃等","指定管理者公式ページの東町運動公園区画（block1514-356）を確認。税表記なし"
PRICE-1301,CAND-160,mito-boxing,facility,amateur_sports,all,per_hour,680,not_stated,per_hour,"ボクシング場・1室・一般",,2026-08-05,verified,https://maas.or.jp/pages/38/,"附属設備・設営撤去・清掃等","指定管理者公式ページの東町運動公園区画（block1514-356）を確認。高校生以下のみ以外。税表記なし"
PRICE-1302,CAND-160,mito-fencing,facility,amateur_sports_students,all,per_hour,400,not_stated,per_hour,"フェンシング場・1室・高校生以下のみ",,2026-08-05,verified,https://maas.or.jp/pages/38/,"附属設備・設営撤去・清掃等","指定管理者公式ページの東町運動公園区画（block1514-356）を確認。税表記なし"
PRICE-1303,CAND-160,mito-fencing,facility,amateur_sports,all,per_hour,680,not_stated,per_hour,"フェンシング場・1室・一般",,2026-08-05,verified,https://maas.or.jp/pages/38/,"附属設備・設営撤去・清掃等","指定管理者公式ページの東町運動公園区画（block1514-356）を確認。高校生以下のみ以外。税表記なし"
PRICE-1304,CAND-160,mito-main,equipment,all_uses,all,per_hour,100,not_stated,per_hour,"放送設備・1式",,2026-08-05,verified,https://maas.or.jp/pages/38/,"施設基本料・操作人件費・追加機材等","指定管理者公式ページの東町運動公園区画（block1514-357）を確認。適用室の限定と税表記はページに明示なし"
PRICE-1305,CAND-160,mito-main,equipment,all_uses,all,per_hour,1800,not_stated,per_hour,"メインアリーナ照明・全面全灯",,2026-08-05,verified,https://maas.or.jp/pages/38/,"施設基本料・電源・操作人件費等","指定管理者公式ページの東町運動公園備考欄を確認。税表記なし"
PRICE-1306,CAND-160,mito-main,equipment,all_uses,all,per_hour,900,not_stated,per_hour,"メインアリーナ照明・全面半灯",,2026-08-05,verified,https://maas.or.jp/pages/38/,"施設基本料・電源・操作人件費等","指定管理者公式ページの東町運動公園備考欄を確認。税表記なし"
PRICE-1307,CAND-160,mito-main,equipment,all_uses,all,per_hour,900,not_stated,per_hour,"メインアリーナ照明・半面全灯",,2026-08-05,verified,https://maas.or.jp/pages/38/,"施設基本料・電源・操作人件費等","指定管理者公式ページの東町運動公園備考欄を確認。税表記なし"
PRICE-1308,CAND-160,mito-main,equipment,all_uses,all,per_hour,450,not_stated,per_hour,"メインアリーナ照明・半面半灯",,2026-08-05,verified,https://maas.or.jp/pages/38/,"施設基本料・電源・操作人件費等","指定管理者公式ページの東町運動公園備考欄を確認。税表記なし"
PRICE-1309,CAND-160,mito-main,equipment,all_uses,all,per_hour,600,not_stated,per_hour,"メインアリーナ照明・3分の1面全灯",,2026-08-05,verified,https://maas.or.jp/pages/38/,"施設基本料・電源・操作人件費等","指定管理者公式ページの東町運動公園備考欄を確認。税表記なし"
PRICE-1310,CAND-160,mito-main,equipment,all_uses,all,per_hour,300,not_stated,per_hour,"メインアリーナ照明・3分の1面半灯",,2026-08-05,verified,https://maas.or.jp/pages/38/,"施設基本料・電源・操作人件費等","指定管理者公式ページの東町運動公園備考欄を確認。税表記なし"
PRICE-1311,CAND-160,mito-main,equipment,all_uses,all,per_hour,150,not_stated,per_hour,"メインアリーナ照明・バドミントン1面",,2026-08-05,verified,https://maas.or.jp/pages/38/,"施設基本料・電源・操作人件費等","指定管理者公式ページの東町運動公園備考欄を確認。税表記なし"
PRICE-1312,CAND-160,mito-main,equipment,all_uses,all,per_hour,1200,not_stated,per_hour,"メインアリーナ照明・中央照明",,2026-08-05,verified,https://maas.or.jp/pages/38/,"施設基本料・電源・操作人件費等","指定管理者公式ページの東町運動公園備考欄を確認。税表記なし"
PRICE-1313,CAND-160,mito-main,equipment,all_uses,all,per_hour,3300,not_stated,per_hour,"メインアリーナ照明・投光器",,2026-08-05,verified,https://maas.or.jp/pages/38/,"施設基本料・電源・操作人件費等","指定管理者公式ページの東町運動公園備考欄を確認。税表記なし"
PRICE-1314,CAND-160,mito-main,equipment,all_uses,all,per_hour,500,not_stated,per_hour,"メインアリーナ観客席照明・全灯",,2026-08-05,verified,https://maas.or.jp/pages/38/,"施設基本料・電源・操作人件費等","指定管理者公式ページの東町運動公園備考欄を確認。税表記なし"
PRICE-1315,CAND-160,mito-main,equipment,all_uses,all,per_hour,250,not_stated,per_hour,"メインアリーナ観客席照明・全面半灯（原文表記）",,2026-08-05,verified,https://maas.or.jp/pages/38/,"施設基本料・電源・操作人件費等","指定管理者公式ページの東町運動公園備考欄を原文どおり記録。観客席欄の表記意図は要確認。税表記なし"
PRICE-1316,CAND-160,mito-sub,equipment,all_uses,all,per_hour,600,not_stated,per_hour,"サブアリーナ照明・全面全灯",,2026-08-05,verified,https://maas.or.jp/pages/38/,"施設基本料・電源・操作人件費等","指定管理者公式ページの東町運動公園備考欄を確認。税表記なし"
PRICE-1317,CAND-160,mito-sub,equipment,all_uses,all,per_hour,300,not_stated,per_hour,"サブアリーナ照明・全面半灯",,2026-08-05,verified,https://maas.or.jp/pages/38/,"施設基本料・電源・操作人件費等","指定管理者公式ページの東町運動公園備考欄を確認。税表記なし"
PRICE-1318,CAND-160,mito-sub,equipment,all_uses,all,per_hour,150,not_stated,per_hour,"サブアリーナ照明・バドミントン1面",,2026-08-05,verified,https://maas.or.jp/pages/38/,"施設基本料・電源・操作人件費等","指定管理者公式ページの東町運動公園備考欄を確認。税表記なし"
PRICE-1319,CAND-160,mito-sub,equipment,all_uses,all,per_hour,100,not_stated,per_hour,"サブアリーナ観客席照明",,2026-08-05,verified,https://maas.or.jp/pages/38/,"施設基本料・電源・操作人件費等","指定管理者公式ページの東町運動公園備考欄を確認。税表記なし"
PRICE-1320,CAND-160,mito-sub,facility,amateur_sports_students,all,per_hour,200,not_stated,per_hour,"サブアリーナ・バドミントンコート1面・高校生以下のみ",,2026-08-05,verified,https://maas.or.jp/pages/38/,"附属設備・設営撤去・清掃等","指定管理者公式ページの東町運動公園区画（block1514-344）を確認。税表記なし"
PRICE-1321,CAND-160,mito-sub,facility,amateur_sports,all,per_hour,340,not_stated,per_hour,"サブアリーナ・バドミントンコート1面・一般",,2026-08-05,verified,https://maas.or.jp/pages/38/,"附属設備・設営撤去・清掃等","指定管理者公式ページの東町運動公園区画（block1514-344）を確認。高校生以下のみ以外。税表記なし"
PRICE-1322,CAND-160,mito-sub,facility,amateur_sports_students,all,per_hour,800,not_stated,per_hour,"サブアリーナ全面・入場料なし・高校生以下のみ",,2026-08-05,verified,https://maas.or.jp/pages/38/,"附属設備・設営撤去・清掃等","指定管理者公式ページの東町運動公園区画（block1514-344）を確認。税表記なし"
PRICE-1323,CAND-160,mito-sub,facility,amateur_sports_no_admission,all,per_hour,1360,not_stated,per_hour,"サブアリーナ全面・入場料なし・一般",,2026-08-05,verified,https://maas.or.jp/pages/38/,"附属設備・設営撤去・清掃等","指定管理者公式ページの東町運動公園区画（block1514-344）を確認。高校生以下のみ以外。税表記なし"
PRICE-1324,CAND-160,mito-sub,facility,amateur_sports_admission,all,per_hour,6800,not_stated,per_hour,"サブアリーナ全面・入場料あり",,2026-08-05,verified,https://maas.or.jp/pages/38/,"附属設備・設営撤去・清掃等","指定管理者公式ページの東町運動公園区画（block1514-344）を確認。税表記なし"
PRICE-1325,CAND-160,mito-sub,facility,other_no_admission,all,per_hour,3400,not_stated,per_hour,"サブアリーナ全面・アマチュアスポーツ以外・入場料なし",,2026-08-05,verified,https://maas.or.jp/pages/38/,"附属設備・設営撤去・清掃等","指定管理者公式ページの東町運動公園区画（block1514-344）を確認。税表記なし"
PRICE-1326,CAND-160,mito-sub,facility,other_admission,all,per_hour,17680,not_stated,per_hour,"サブアリーナ全面・アマチュアスポーツ以外・入場料あり",,2026-08-05,verified,https://maas.or.jp/pages/38/,"附属設備・設営撤去・清掃等","指定管理者公式ページの東町運動公園区画（block1514-344）を確認。税表記なし"
PRICE-1327,CAND-160,mito-training,facility,individual_students,all,per_hour,120,not_stated,per_person_per_hour,"トレーニング室・高校生以下・1人",,2026-08-05,verified,https://maas.or.jp/pages/38/,"ロッカー等の任意設備・個別指導等","指定管理者公式ページの東町運動公園区画（block1514-345）を確認。税表記なし"
PRICE-1328,CAND-160,mito-training,facility,individual_general,all,per_hour,200,not_stated,per_person_per_hour,"トレーニング室・一般・1人",,2026-08-05,verified,https://maas.or.jp/pages/38/,"ロッカー等の任意設備・個別指導等","指定管理者公式ページの東町運動公園区画（block1514-345）を確認。税表記なし"
PRICE-1329,CAND-124,kumamoto-large,facility,tennis_adult,all,per_hour,1160,included,per_court_hour,"大体育室・テニス1面・大人",,2026-08-05,verified,https://www.kspa.or.jp/sougou_taiku_charge/,"照明・冷暖房・任意設備等","指定管理者公式の現行HTML料金表を確認。税込。1時間未満は1時間として算定"
PRICE-1330,CAND-124,kumamoto-large,facility,tennis_students,all,per_hour,530,included,per_court_hour,"大体育室・テニス1面・高校生以下",,2026-08-05,verified,https://www.kspa.or.jp/sougou_taiku_charge/,"照明・冷暖房・任意設備等","指定管理者公式の現行HTML料金表を確認。税込。1時間未満は1時間として算定"
PRICE-1331,CAND-124,kumamoto-large,facility,basketball_adult,all,per_hour,1590,included,per_court_hour,"大体育室・バスケットボール1面・大人",,2026-08-05,verified,https://www.kspa.or.jp/sougou_taiku_charge/,"照明・冷暖房・任意設備等","指定管理者公式の現行HTML料金表を確認。税込。1時間未満は1時間として算定"
PRICE-1332,CAND-124,kumamoto-large,facility,basketball_students,all,per_hour,720,included,per_court_hour,"大体育室・バスケットボール1面・高校生以下",,2026-08-05,verified,https://www.kspa.or.jp/sougou_taiku_charge/,"照明・冷暖房・任意設備等","指定管理者公式の現行HTML料金表を確認。税込。1時間未満は1時間として算定"
PRICE-1333,CAND-124,kumamoto-large,facility,volleyball_adult,all,per_hour,1160,included,per_court_hour,"大体育室・バレーボール1面・大人",,2026-08-05,verified,https://www.kspa.or.jp/sougou_taiku_charge/,"照明・冷暖房・任意設備等","指定管理者公式の現行HTML料金表を確認。税込。1時間未満は1時間として算定"
PRICE-1334,CAND-124,kumamoto-large,facility,volleyball_students,all,per_hour,530,included,per_court_hour,"大体育室・バレーボール1面・高校生以下",,2026-08-05,verified,https://www.kspa.or.jp/sougou_taiku_charge/,"照明・冷暖房・任意設備等","指定管理者公式の現行HTML料金表を確認。税込。1時間未満は1時間として算定"
PRICE-1335,CAND-124,kumamoto-large,facility,badminton_adult,all,per_hour,580,included,per_court_hour,"大体育室・バドミントン1面・大人",,2026-08-05,verified,https://www.kspa.or.jp/sougou_taiku_charge/,"照明・冷暖房・任意設備等","指定管理者公式の現行HTML料金表を確認。税込。1時間未満は1時間として算定"
PRICE-1336,CAND-124,kumamoto-large,facility,badminton_students,all,per_hour,270,included,per_court_hour,"大体育室・バドミントン1面・高校生以下",,2026-08-05,verified,https://www.kspa.or.jp/sougou_taiku_charge/,"照明・冷暖房・任意設備等","指定管理者公式の現行HTML料金表を確認。税込。1時間未満は1時間として算定"
PRICE-1337,CAND-124,kumamoto-large,facility,amateur_sports,all,per_hour,2720,included,per_hour,"大体育室・専用・アマチュアスポーツ",,2026-08-05,verified,https://www.kspa.or.jp/sougou_taiku_charge/,"入場料徴収時の別料金・照明・冷暖房・大型映像等","指定管理者公式の現行HTML料金表を確認。税込"
PRICE-1338,CAND-124,kumamoto-large,equipment,all_uses,all,per_hour,4200,included,per_hour,"大体育室・照明全部点灯",,2026-08-05,verified,https://www.kspa.or.jp/sougou_taiku_charge/,"施設基本料・操作人件費等","指定管理者公式の現行HTML料金表を確認。専用利用時。税込"
PRICE-1339,CAND-124,kumamoto-large,equipment,all_uses,all,per_hour,2230,included,per_hour,"大体育室・照明2分の1点灯",,2026-08-05,verified,https://www.kspa.or.jp/sougou_taiku_charge/,"施設基本料・操作人件費等","指定管理者公式の現行HTML料金表を確認。専用利用時。税込"
PRICE-1340,CAND-124,kumamoto-large,equipment,all_uses,all,per_hour,12350,included,per_hour,"大体育室・冷暖房設備",,2026-08-05,verified,https://www.kspa.or.jp/sougou_taiku_charge/,"施設基本料・操作人件費等","指定管理者公式の現行HTML料金表を確認。専用利用時。税込"
PRICE-1341,CAND-124,kumamoto-large,equipment,all_uses,all,per_hour,1230,included,per_hour,"大体育室・大型映像装置1面",,2026-08-05,verified,https://www.kspa.or.jp/sougou_taiku_charge/,"施設基本料・映像信号・操作人件費等","指定管理者公式の現行HTML料金表を確認。1時間1面。税込"
PRICE-1342,CAND-124,kumamoto-medium,facility,basketball_adult,all,per_hour,1590,included,per_court_hour,"中体育室・バスケットボール1面・大人",,2026-08-05,verified,https://www.kspa.or.jp/sougou_taiku_charge/,"照明・任意設備等","指定管理者公式の現行HTML料金表を確認。税込。1時間未満は1時間として算定"
PRICE-1343,CAND-124,kumamoto-medium,facility,basketball_students,all,per_hour,720,included,per_court_hour,"中体育室・バスケットボール1面・高校生以下",,2026-08-05,verified,https://www.kspa.or.jp/sougou_taiku_charge/,"照明・任意設備等","指定管理者公式の現行HTML料金表を確認。税込。1時間未満は1時間として算定"
PRICE-1344,CAND-124,kumamoto-medium,facility,volleyball_adult,all,per_hour,1160,included,per_court_hour,"中体育室・バレーボール1面・大人",,2026-08-05,verified,https://www.kspa.or.jp/sougou_taiku_charge/,"照明・任意設備等","指定管理者公式の現行HTML料金表を確認。税込。1時間未満は1時間として算定"
PRICE-1345,CAND-124,kumamoto-medium,facility,volleyball_students,all,per_hour,530,included,per_court_hour,"中体育室・バレーボール1面・高校生以下",,2026-08-05,verified,https://www.kspa.or.jp/sougou_taiku_charge/,"照明・任意設備等","指定管理者公式の現行HTML料金表を確認。税込。1時間未満は1時間として算定"
PRICE-1346,CAND-124,kumamoto-medium,facility,badminton_adult,all,per_hour,580,included,per_court_hour,"中体育室・バドミントン1面・大人",,2026-08-05,verified,https://www.kspa.or.jp/sougou_taiku_charge/,"照明・任意設備等","指定管理者公式の現行HTML料金表を確認。税込。1時間未満は1時間として算定"
PRICE-1347,CAND-124,kumamoto-medium,facility,badminton_students,all,per_hour,270,included,per_court_hour,"中体育室・バドミントン1面・高校生以下",,2026-08-05,verified,https://www.kspa.or.jp/sougou_taiku_charge/,"照明・任意設備等","指定管理者公式の現行HTML料金表を確認。税込。1時間未満は1時間として算定"
PRICE-1348,CAND-124,kumamoto-medium,facility,amateur_sports,all,per_hour,2150,included,per_hour,"中体育室・専用・アマチュアスポーツ",,2026-08-05,verified,https://www.kspa.or.jp/sougou_taiku_charge/,"入場料徴収時の別料金・照明・任意設備等","指定管理者公式の現行HTML料金表を確認。税込"
PRICE-1349,CAND-124,kumamoto-medium,facility,non_sports,all,per_hour,9060,included,per_hour,"中体育室・専用・アマチュアスポーツ以外",,2026-08-05,verified,https://www.kspa.or.jp/sougou_taiku_charge/,"入場料徴収時の別料金・照明・任意設備等","指定管理者公式の現行HTML料金表を確認。税込"
PRICE-1350,CAND-124,kumamoto-medium,equipment,all_uses,all,per_hour,1490,included,per_hour,"中体育室・照明全部点灯",,2026-08-05,verified,https://www.kspa.or.jp/sougou_taiku_charge/,"施設基本料・操作人件費等","指定管理者公式の現行HTML料金表を確認。専用利用時。税込"
PRICE-1351,CAND-124,kumamoto-small,facility,boxing_adult,all,per_hour,1000,included,per_court_hour,"小体育室・ボクシング1面・大人",,2026-08-05,verified,https://www.kspa.or.jp/sougou_taiku_charge/,"任意設備等","指定管理者公式の現行HTML料金表を確認。税込。1時間未満は1時間として算定"
PRICE-1352,CAND-124,kumamoto-small,facility,boxing_students,all,per_hour,460,included,per_court_hour,"小体育室・ボクシング1面・高校生以下",,2026-08-05,verified,https://www.kspa.or.jp/sougou_taiku_charge/,"任意設備等","指定管理者公式の現行HTML料金表を確認。税込。1時間未満は1時間として算定"
PRICE-1353,CAND-124,kumamoto-small,facility,wrestling_adult,all,per_hour,1000,included,per_court_hour,"小体育室・レスリング1面・大人",,2026-08-05,verified,https://www.kspa.or.jp/sougou_taiku_charge/,"任意設備等","指定管理者公式の現行HTML料金表を確認。税込。1時間未満は1時間として算定"
PRICE-1354,CAND-124,kumamoto-small,facility,wrestling_students,all,per_hour,460,included,per_court_hour,"小体育室・レスリング1面・高校生以下",,2026-08-05,verified,https://www.kspa.or.jp/sougou_taiku_charge/,"任意設備等","指定管理者公式の現行HTML料金表を確認。税込。1時間未満は1時間として算定"
PRICE-1355,CAND-124,kumamoto-small,facility,fencing_adult,all,per_hour,1000,included,per_court_hour,"小体育室・フェンシング1面・大人",,2026-08-05,verified,https://www.kspa.or.jp/sougou_taiku_charge/,"任意設備等","指定管理者公式の現行HTML料金表を確認。税込。1時間未満は1時間として算定"
PRICE-1356,CAND-124,kumamoto-small,facility,fencing_students,all,per_hour,460,included,per_court_hour,"小体育室・フェンシング1面・高校生以下",,2026-08-05,verified,https://www.kspa.or.jp/sougou_taiku_charge/,"任意設備等","指定管理者公式の現行HTML料金表を確認。税込。1時間未満は1時間として算定"
PRICE-1357,CAND-124,kumamoto-small,facility,table_tennis_adult,all,per_hour,340,included,per_court_hour,"小体育室・卓球1台・大人",,2026-08-05,verified,https://www.kspa.or.jp/sougou_taiku_charge/,"任意設備等","指定管理者公式の現行HTML料金表を確認。1台1時間。税込"
PRICE-1358,CAND-124,kumamoto-small,facility,table_tennis_students,all,per_hour,160,included,per_court_hour,"小体育室・卓球1台・高校生以下",,2026-08-05,verified,https://www.kspa.or.jp/sougou_taiku_charge/,"任意設備等","指定管理者公式の現行HTML料金表を確認。1台1時間。税込"
PRICE-1359,CAND-124,kumamoto-small,facility,other_sports_adult,all,per_hour,210,included,per_court_hour,"小体育室・その他10分の1面・大人",,2026-08-05,verified,https://www.kspa.or.jp/sougou_taiku_charge/,"任意設備等","指定管理者公式の現行HTML料金表を確認。10分の1面1時間。税込"
PRICE-1360,CAND-124,kumamoto-small,facility,other_sports_students,all,per_hour,100,included,per_court_hour,"小体育室・その他10分の1面・高校生以下",,2026-08-05,verified,https://www.kspa.or.jp/sougou_taiku_charge/,"任意設備等","指定管理者公式の現行HTML料金表を確認。10分の1面1時間。税込"
PRICE-1361,CAND-124,kumamoto-small,facility,amateur_sports,all,per_hour,2100,included,per_hour,"小体育室・専用・アマチュアスポーツ",,2026-08-05,verified,https://www.kspa.or.jp/sougou_taiku_charge/,"入場料徴収時の別料金・任意設備等","指定管理者公式の現行HTML料金表を確認。税込"
PRICE-1362,CAND-124,kumamoto-small,facility,non_sports,all,per_hour,8820,included,per_hour,"小体育室・専用・アマチュアスポーツ以外",,2026-08-05,verified,https://www.kspa.or.jp/sougou_taiku_charge/,"入場料徴収時の別料金・任意設備等","指定管理者公式の現行HTML料金表を確認。税込"
PRICE-1363,CAND-124,kumamoto-training,facility,individual_general,all,per_2_hours,440,included,per_2_hours,"トレーニング室・大人・1人2時間",,2026-08-05,verified,https://www.kspa.or.jp/sougou_taiku_charge/,"任意設備・個別指導等","指定管理者公式の現行HTML料金表を確認。税込。原則として中学生以下は利用不可"
PRICE-1364,CAND-124,kumamoto-training,facility,individual_students,all,per_2_hours,200,included,per_2_hours,"トレーニング室・高校生以下・1人2時間",,2026-08-05,verified,https://www.kspa.or.jp/sougou_taiku_charge/,"任意設備・個別指導等","指定管理者公式の現行HTML料金表を確認。税込。原則として中学生以下は利用不可"
PRICE-1365,CAND-124,kumamoto-meeting,facility,meeting,all,per_hour,3380,included,per_hour,"会議室・全部",,2026-08-05,verified,https://www.kspa.or.jp/sougou_taiku_charge/,"附属設備・設営撤去等","指定管理者公式の現行HTML料金表を確認。税込"
PRICE-1366,CAND-124,kumamoto-meeting,facility,meeting,all,per_hour,2260,included,per_hour,"会議室・3分の2",,2026-08-05,verified,https://www.kspa.or.jp/sougou_taiku_charge/,"附属設備・設営撤去等","指定管理者公式の現行HTML料金表を確認。税込"
PRICE-1367,CAND-124,kumamoto-meeting,facility,meeting,all,per_hour,1140,included,per_hour,"会議室・3分の1",,2026-08-05,verified,https://www.kspa.or.jp/sougou_taiku_charge/,"附属設備・設営撤去等","指定管理者公式の現行HTML料金表を確認。税込"
PRICE-1368,CAND-144,sasebo-main,facility,amateur_sports_no_admission,all,09:00-13:00,8640,not_stated,per_4_hours,"大体育室・非営利・体育スポーツ・入場料なし",2024-04-01,2026-08-05,verified,https://www.city.sasebo.lg.jp/documents/2764/06taikubunkakan.pdf,"附属設備・空調・照明・設営撤去等","佐世保市の現行施設ページが案内する料金PDFを画像照合。税表記なし"
PRICE-1369,CAND-144,sasebo-main,facility,amateur_sports_no_admission,all,13:00-17:00,8640,not_stated,per_4_hours,"大体育室・非営利・体育スポーツ・入場料なし",2024-04-01,2026-08-05,verified,https://www.city.sasebo.lg.jp/documents/2764/06taikubunkakan.pdf,"附属設備・空調・照明・設営撤去等","佐世保市の現行施設ページが案内する料金PDFを画像照合。税表記なし"
PRICE-1370,CAND-144,sasebo-main,facility,amateur_sports_no_admission,all,17:00-21:00,8640,not_stated,per_4_hours,"大体育室・非営利・体育スポーツ・入場料なし",2024-04-01,2026-08-05,verified,https://www.city.sasebo.lg.jp/documents/2764/06taikubunkakan.pdf,"附属設備・空調・照明・設営撤去等","佐世保市の現行施設ページが案内する料金PDFを画像照合。税表記なし"
PRICE-1371,CAND-144,sasebo-main,facility,amateur_sports_admission,all,09:00-13:00,25920,not_stated,per_4_hours,"大体育室・非営利・体育スポーツ・入場料あり",2024-04-01,2026-08-05,verified,https://www.city.sasebo.lg.jp/documents/2764/06taikubunkakan.pdf,"附属設備・空調・照明・入場料最高額連動加算等","佐世保市の現行施設ページが案内する料金PDFを画像照合。税表記なし"
PRICE-1372,CAND-144,sasebo-main,facility,amateur_sports_admission,all,13:00-17:00,25920,not_stated,per_4_hours,"大体育室・非営利・体育スポーツ・入場料あり",2024-04-01,2026-08-05,verified,https://www.city.sasebo.lg.jp/documents/2764/06taikubunkakan.pdf,"附属設備・空調・照明・入場料最高額連動加算等","佐世保市の現行施設ページが案内する料金PDFを画像照合。税表記なし"
PRICE-1373,CAND-144,sasebo-main,facility,amateur_sports_admission,all,17:00-21:00,25920,not_stated,per_4_hours,"大体育室・非営利・体育スポーツ・入場料あり",2024-04-01,2026-08-05,verified,https://www.city.sasebo.lg.jp/documents/2764/06taikubunkakan.pdf,"附属設備・空調・照明・入場料最高額連動加算等","佐世保市の現行施設ページが案内する料金PDFを画像照合。税表記なし"
PRICE-1374,CAND-144,sasebo-main,facility,other_no_admission,all,09:00-13:00,25920,not_stated,per_4_hours,"大体育室・非営利・体育スポーツ以外・入場料なし",2024-04-01,2026-08-05,verified,https://www.city.sasebo.lg.jp/documents/2764/06taikubunkakan.pdf,"附属設備・空調・照明・設営撤去等","佐世保市の現行施設ページが案内する料金PDFを画像照合。税表記なし"
PRICE-1375,CAND-144,sasebo-main,facility,other_no_admission,all,13:00-17:00,25920,not_stated,per_4_hours,"大体育室・非営利・体育スポーツ以外・入場料なし",2024-04-01,2026-08-05,verified,https://www.city.sasebo.lg.jp/documents/2764/06taikubunkakan.pdf,"附属設備・空調・照明・設営撤去等","佐世保市の現行施設ページが案内する料金PDFを画像照合。税表記なし"
PRICE-1376,CAND-144,sasebo-main,facility,other_no_admission,all,17:00-21:00,25920,not_stated,per_4_hours,"大体育室・非営利・体育スポーツ以外・入場料なし",2024-04-01,2026-08-05,verified,https://www.city.sasebo.lg.jp/documents/2764/06taikubunkakan.pdf,"附属設備・空調・照明・設営撤去等","佐世保市の現行施設ページが案内する料金PDFを画像照合。税表記なし"
PRICE-1377,CAND-144,sasebo-main,facility,other_admission,all,09:00-13:00,77760,not_stated,per_4_hours,"大体育室・非営利・体育スポーツ以外・入場料あり",2024-04-01,2026-08-05,verified,https://www.city.sasebo.lg.jp/documents/2764/06taikubunkakan.pdf,"附属設備・空調・照明・入場料最高額連動加算等","佐世保市の現行施設ページが案内する料金PDFを画像照合。税表記なし"
PRICE-1378,CAND-144,sasebo-main,facility,other_admission,all,13:00-17:00,77760,not_stated,per_4_hours,"大体育室・非営利・体育スポーツ以外・入場料あり",2024-04-01,2026-08-05,verified,https://www.city.sasebo.lg.jp/documents/2764/06taikubunkakan.pdf,"附属設備・空調・照明・入場料最高額連動加算等","佐世保市の現行施設ページが案内する料金PDFを画像照合。税表記なし"
PRICE-1379,CAND-144,sasebo-main,facility,other_admission,all,17:00-21:00,77760,not_stated,per_4_hours,"大体育室・非営利・体育スポーツ以外・入場料あり",2024-04-01,2026-08-05,verified,https://www.city.sasebo.lg.jp/documents/2764/06taikubunkakan.pdf,"附属設備・空調・照明・入場料最高額連動加算等","佐世保市の現行施設ページが案内する料金PDFを画像照合。税表記なし"
PRICE-1380,CAND-144,sasebo-main,facility,profit,all,13:00-17:00,233280,not_stated,per_4_hours,"大体育室・営利目的",2024-04-01,2026-08-05,verified,https://www.city.sasebo.lg.jp/documents/2764/06taikubunkakan.pdf,"入場料等加算・附属設備・空調・照明等","佐世保市の現行施設ページが案内する料金PDFを画像照合。税表記なし"
PRICE-1381,CAND-144,sasebo-main,facility,profit,all,17:00-21:00,233280,not_stated,per_4_hours,"大体育室・営利目的",2024-04-01,2026-08-05,verified,https://www.city.sasebo.lg.jp/documents/2764/06taikubunkakan.pdf,"入場料等加算・附属設備・空調・照明等","佐世保市の現行施設ページが案内する料金PDFを画像照合。税表記なし"
PRICE-1382,CAND-144,sasebo-main,facility,basketball_local,all,per_hour,1080,not_stated,per_court_hour,"大体育室・練習・バスケットボール1面・市内団体",2024-04-01,2026-08-05,verified,https://www.city.sasebo.lg.jp/documents/2764/06taikubunkakan.pdf,"照明・附属設備等","佐世保市の現行施設ページが案内する料金PDFを画像照合。高校生以下は規定額の半額。税表記なし"
PRICE-1383,CAND-144,sasebo-main,facility,basketball_nonlocal,all,per_hour,1350,not_stated,per_court_hour,"大体育室・練習・バスケットボール1面・市外団体",2024-04-01,2026-08-05,verified,https://www.city.sasebo.lg.jp/documents/2764/06taikubunkakan.pdf,"照明・附属設備等","佐世保市の現行施設ページが案内する料金PDFを画像照合。高校生以下は規定額の半額。税表記なし"
PRICE-1384,CAND-144,sasebo-main,facility,volleyball_local,all,per_hour,880,not_stated,per_court_hour,"大体育室・練習・バレーボール1面・市内団体",2024-04-01,2026-08-05,verified,https://www.city.sasebo.lg.jp/documents/2764/06taikubunkakan.pdf,"照明・附属設備等","佐世保市の現行施設ページが案内する料金PDFを画像照合。高校生以下は規定額の半額。税表記なし"
PRICE-1385,CAND-144,sasebo-main,facility,volleyball_nonlocal,all,per_hour,1100,not_stated,per_court_hour,"大体育室・練習・バレーボール1面・市外団体",2024-04-01,2026-08-05,verified,https://www.city.sasebo.lg.jp/documents/2764/06taikubunkakan.pdf,"照明・附属設備等","佐世保市の現行施設ページが案内する料金PDFを画像照合。高校生以下は規定額の半額。税表記なし"
PRICE-1386,CAND-144,sasebo-main,facility,badminton_local,all,per_hour,430,not_stated,per_court_hour,"大体育室・練習・バドミントン1面・市内団体",2024-04-01,2026-08-05,verified,https://www.city.sasebo.lg.jp/documents/2764/06taikubunkakan.pdf,"照明・附属設備等","佐世保市の現行施設ページが案内する料金PDFを画像照合。高校生以下は規定額の半額。税表記なし"
PRICE-1387,CAND-144,sasebo-main,facility,badminton_nonlocal,all,per_hour,530,not_stated,per_court_hour,"大体育室・練習・バドミントン1面・市外団体",2024-04-01,2026-08-05,verified,https://www.city.sasebo.lg.jp/documents/2764/06taikubunkakan.pdf,"照明・附属設備等","佐世保市の現行施設ページが案内する料金PDFを画像照合。高校生以下は規定額の半額。税表記なし"
PRICE-1388,CAND-144,sasebo-main,facility,table_tennis_local,all,per_hour,280,not_stated,per_court_hour,"大体育室・練習・卓球1台・市内団体",2024-04-01,2026-08-05,verified,https://www.city.sasebo.lg.jp/documents/2764/06taikubunkakan.pdf,"照明・附属設備等","佐世保市の現行施設ページが案内する料金PDFを画像照合。高校生以下は規定額の半額。税表記なし"
PRICE-1389,CAND-144,sasebo-main,facility,table_tennis_nonlocal,all,per_hour,350,not_stated,per_court_hour,"大体育室・練習・卓球1台・市外団体",2024-04-01,2026-08-05,verified,https://www.city.sasebo.lg.jp/documents/2764/06taikubunkakan.pdf,"照明・附属設備等","佐世保市の現行施設ページが案内する料金PDFを画像照合。高校生以下は規定額の半額。税表記なし"
PRICE-1390,CAND-144,sasebo-small,facility,amateur_sports,all,09:00-13:00,4320,not_stated,per_4_hours,"小体育室・専用・体育スポーツ",2024-04-01,2026-08-05,verified,https://www.city.sasebo.lg.jp/documents/2764/06taikubunkakan.pdf,"附属設備・空調・照明・設営撤去等","佐世保市の現行施設ページが案内する料金PDFを画像照合。税表記なし"
PRICE-1391,CAND-144,sasebo-small,facility,amateur_sports,all,13:00-17:00,4320,not_stated,per_4_hours,"小体育室・専用・体育スポーツ",2024-04-01,2026-08-05,verified,https://www.city.sasebo.lg.jp/documents/2764/06taikubunkakan.pdf,"附属設備・空調・照明・設営撤去等","佐世保市の現行施設ページが案内する料金PDFを画像照合。税表記なし"
PRICE-1392,CAND-144,sasebo-small,facility,amateur_sports,all,17:00-21:00,4320,not_stated,per_4_hours,"小体育室・専用・体育スポーツ",2024-04-01,2026-08-05,verified,https://www.city.sasebo.lg.jp/documents/2764/06taikubunkakan.pdf,"附属設備・空調・照明・設営撤去等","佐世保市の現行施設ページが案内する料金PDFを画像照合。税表記なし"
PRICE-1393,CAND-144,sasebo-small,facility,non_sports,all,09:00-13:00,8640,not_stated,per_4_hours,"小体育室・専用・体育スポーツ以外",2024-04-01,2026-08-05,verified,https://www.city.sasebo.lg.jp/documents/2764/06taikubunkakan.pdf,"附属設備・空調・照明・設営撤去等","佐世保市の現行施設ページが案内する料金PDFを画像照合。税表記なし"
PRICE-1394,CAND-144,sasebo-small,facility,non_sports,all,13:00-17:00,8640,not_stated,per_4_hours,"小体育室・専用・体育スポーツ以外",2024-04-01,2026-08-05,verified,https://www.city.sasebo.lg.jp/documents/2764/06taikubunkakan.pdf,"附属設備・空調・照明・設営撤去等","佐世保市の現行施設ページが案内する料金PDFを画像照合。税表記なし"
PRICE-1395,CAND-144,sasebo-small,facility,non_sports,all,17:00-21:00,8640,not_stated,per_4_hours,"小体育室・専用・体育スポーツ以外",2024-04-01,2026-08-05,verified,https://www.city.sasebo.lg.jp/documents/2764/06taikubunkakan.pdf,"附属設備・空調・照明・設営撤去等","佐世保市の現行施設ページが案内する料金PDFを画像照合。税表記なし"
PRICE-1396,CAND-144,sasebo-small,facility,profit,all,09:00-13:00,77760,not_stated,per_4_hours,"小体育室・専用・営利目的",2024-04-01,2026-08-05,verified,https://www.city.sasebo.lg.jp/documents/2764/06taikubunkakan.pdf,"附属設備・空調・照明・設営撤去等","佐世保市の現行施設ページが案内する料金PDFを画像照合。税表記なし"
PRICE-1397,CAND-144,sasebo-small,facility,profit,all,13:00-17:00,77760,not_stated,per_4_hours,"小体育室・専用・営利目的",2024-04-01,2026-08-05,verified,https://www.city.sasebo.lg.jp/documents/2764/06taikubunkakan.pdf,"附属設備・空調・照明・設営撤去等","佐世保市の現行施設ページが案内する料金PDFを画像照合。税表記なし"
PRICE-1398,CAND-144,sasebo-small,facility,profit,all,17:00-21:00,77760,not_stated,per_4_hours,"小体育室・専用・営利目的",2024-04-01,2026-08-05,verified,https://www.city.sasebo.lg.jp/documents/2764/06taikubunkakan.pdf,"附属設備・空調・照明・設営撤去等","佐世保市の現行施設ページが案内する料金PDFを画像照合。税表記なし"
PRICE-1399,CAND-144,sasebo-small,facility,basketball_local,all,per_hour,1080,not_stated,per_court_hour,"小体育室・練習・バスケットボール1面・市内団体",2024-04-01,2026-08-05,verified,https://www.city.sasebo.lg.jp/documents/2764/06taikubunkakan.pdf,"照明・附属設備等","佐世保市の現行施設ページが案内する料金PDFを画像照合。高校生以下は規定額の半額。税表記なし"
PRICE-1400,CAND-144,sasebo-small,facility,basketball_nonlocal,all,per_hour,1350,not_stated,per_court_hour,"小体育室・練習・バスケットボール1面・市外団体",2024-04-01,2026-08-05,verified,https://www.city.sasebo.lg.jp/documents/2764/06taikubunkakan.pdf,"照明・附属設備等","佐世保市の現行施設ページが案内する料金PDFを画像照合。高校生以下は規定額の半額。税表記なし"
PRICE-1401,CAND-144,sasebo-small,facility,volleyball_local,all,per_hour,880,not_stated,per_court_hour,"小体育室・練習・バレーボール1面・市内団体",2024-04-01,2026-08-05,verified,https://www.city.sasebo.lg.jp/documents/2764/06taikubunkakan.pdf,"照明・附属設備等","佐世保市の現行施設ページが案内する料金PDFを画像照合。高校生以下は規定額の半額。税表記なし"
PRICE-1402,CAND-144,sasebo-small,facility,volleyball_nonlocal,all,per_hour,1100,not_stated,per_court_hour,"小体育室・練習・バレーボール1面・市外団体",2024-04-01,2026-08-05,verified,https://www.city.sasebo.lg.jp/documents/2764/06taikubunkakan.pdf,"照明・附属設備等","佐世保市の現行施設ページが案内する料金PDFを画像照合。高校生以下は規定額の半額。税表記なし"
PRICE-1403,CAND-144,sasebo-small,facility,badminton_local,all,per_hour,430,not_stated,per_court_hour,"小体育室・練習・バドミントン1面・市内団体",2024-04-01,2026-08-05,verified,https://www.city.sasebo.lg.jp/documents/2764/06taikubunkakan.pdf,"照明・附属設備等","佐世保市の現行施設ページが案内する料金PDFを画像照合。高校生以下は規定額の半額。税表記なし"
PRICE-1404,CAND-144,sasebo-small,facility,badminton_nonlocal,all,per_hour,530,not_stated,per_court_hour,"小体育室・練習・バドミントン1面・市外団体",2024-04-01,2026-08-05,verified,https://www.city.sasebo.lg.jp/documents/2764/06taikubunkakan.pdf,"照明・附属設備等","佐世保市の現行施設ページが案内する料金PDFを画像照合。高校生以下は規定額の半額。税表記なし"
PRICE-1405,CAND-144,sasebo-small,facility,table_tennis_local,all,per_hour,280,not_stated,per_court_hour,"小体育室・練習・卓球1台・市内団体",2024-04-01,2026-08-05,verified,https://www.city.sasebo.lg.jp/documents/2764/06taikubunkakan.pdf,"照明・附属設備等","佐世保市の現行施設ページが案内する料金PDFを画像照合。高校生以下は規定額の半額。税表記なし"
PRICE-1406,CAND-144,sasebo-small,facility,table_tennis_nonlocal,all,per_hour,350,not_stated,per_court_hour,"小体育室・練習・卓球1台・市外団体",2024-04-01,2026-08-05,verified,https://www.city.sasebo.lg.jp/documents/2764/06taikubunkakan.pdf,"照明・附属設備等","佐世保市の現行施設ページが案内する料金PDFを画像照合。高校生以下は規定額の半額。税表記なし"
PRICE-1407,CAND-144,sasebo-community-hall,facility,performance,weekday,09:00-12:00,9630,not_stated,per_3_hours,"コミュニティセンターホール・平日・午前",2024-04-01,2026-08-05,verified,https://www.city.sasebo.lg.jp/documents/2764/06taikubunkakan.pdf,"入場料徴収又は営利5割加算・附属設備・空調等","佐世保市の現行施設ページが案内する料金PDFを画像照合。税表記なし"
PRICE-1408,CAND-144,sasebo-community-hall,facility,performance,weekday,13:00-17:00,20470,not_stated,per_4_hours,"コミュニティセンターホール・平日・午後",2024-04-01,2026-08-05,verified,https://www.city.sasebo.lg.jp/documents/2764/06taikubunkakan.pdf,"入場料徴収又は営利5割加算・附属設備・空調等","佐世保市の現行施設ページが案内する料金PDFを画像照合。税表記なし"
PRICE-1409,CAND-144,sasebo-community-hall,facility,performance,weekday,18:00-22:00,24090,not_stated,per_4_hours,"コミュニティセンターホール・平日・夜間",2024-04-01,2026-08-05,verified,https://www.city.sasebo.lg.jp/documents/2764/06taikubunkakan.pdf,"入場料徴収又は営利5割加算・附属設備・空調等","佐世保市の現行施設ページが案内する料金PDFを画像照合。税表記なし"
PRICE-1410,CAND-144,sasebo-community-hall,facility,performance,weekend_holiday,09:00-12:00,11550,not_stated,per_3_hours,"コミュニティセンターホール・土日休日・午前",2024-04-01,2026-08-05,verified,https://www.city.sasebo.lg.jp/documents/2764/06taikubunkakan.pdf,"入場料徴収又は営利5割加算・附属設備・空調等","佐世保市の現行施設ページが案内する料金PDFを画像照合。税表記なし"
PRICE-1411,CAND-144,sasebo-community-hall,facility,performance,weekend_holiday,13:00-17:00,24570,not_stated,per_4_hours,"コミュニティセンターホール・土日休日・午後",2024-04-01,2026-08-05,verified,https://www.city.sasebo.lg.jp/documents/2764/06taikubunkakan.pdf,"入場料徴収又は営利5割加算・附属設備・空調等","佐世保市の現行施設ページが案内する料金PDFを画像照合。税表記なし"
PRICE-1412,CAND-144,sasebo-community-hall,facility,performance,weekend_holiday,18:00-22:00,28900,not_stated,per_4_hours,"コミュニティセンターホール・土日休日・夜間",2024-04-01,2026-08-05,verified,https://www.city.sasebo.lg.jp/documents/2764/06taikubunkakan.pdf,"入場料徴収又は営利5割加算・附属設備・空調等","佐世保市の現行施設ページが案内する料金PDFを画像照合。税表記なし"
PRICE-1413,CAND-144,sasebo-community-hall,facility,support_room,all,per_4_hours,600,not_stated,per_4_hours,"コミュニティセンターホール・第1控室",2024-04-01,2026-08-05,verified,https://www.city.sasebo.lg.jp/documents/2764/06taikubunkakan.pdf,"ホール基本料・附属設備・空調等","佐世保市の現行施設ページが案内する料金PDFを画像照合。4時間につき。税表記なし"
PRICE-1414,CAND-144,sasebo-community-hall,facility,support_room,all,per_4_hours,1190,not_stated,per_4_hours,"コミュニティセンターホール・第2控室",2024-04-01,2026-08-05,verified,https://www.city.sasebo.lg.jp/documents/2764/06taikubunkakan.pdf,"ホール基本料・附属設備・空調等","佐世保市の現行施設ページが案内する料金PDFを画像照合。4時間につき。税表記なし"
PRICE-1415,CAND-144,sasebo-main,facility,support_room_local,all,per_hour,180,not_stated,per_hour,"ステージ・個別利用・市内団体",2024-04-01,2026-08-05,verified,https://www.city.sasebo.lg.jp/documents/2764/06taikubunkakan.pdf,"大体育室基本料・照明・器具等","佐世保市の現行施設ページが案内する附属施設料金表を画像照合。税表記なし"
PRICE-1416,CAND-144,sasebo-main,facility,support_room_nonlocal,all,per_hour,230,not_stated,per_hour,"ステージ・個別利用・市外団体",2024-04-01,2026-08-05,verified,https://www.city.sasebo.lg.jp/documents/2764/06taikubunkakan.pdf,"大体育室基本料・照明・器具等","佐世保市の現行施設ページが案内する附属施設料金表を画像照合。税表記なし"
PRICE-1417,CAND-144,sasebo-athlete-room,facility,support_room_attached,all,per_use,470,not_stated,per_use,"選手控室A・B・専用付帯",2024-04-01,2026-08-05,verified,https://www.city.sasebo.lg.jp/documents/2764/06taikubunkakan.pdf,"大体育室基本料・空調等","佐世保市の現行施設ページが案内する附属施設料金表を画像照合。1利用につき。税表記なし"
PRICE-1418,CAND-144,sasebo-athlete-room,facility,support_room_local,all,per_hour,290,not_stated,per_hour,"選手控室A・B・個別利用・市内団体",2024-04-01,2026-08-05,verified,https://www.city.sasebo.lg.jp/documents/2764/06taikubunkakan.pdf,"大体育室基本料・空調等","佐世保市の現行施設ページが案内する附属施設料金表を画像照合。税表記なし"
PRICE-1419,CAND-144,sasebo-athlete-room,facility,support_room_nonlocal,all,per_hour,390,not_stated,per_hour,"選手控室A・B・個別利用・市外団体",2024-04-01,2026-08-05,verified,https://www.city.sasebo.lg.jp/documents/2764/06taikubunkakan.pdf,"大体育室基本料・空調等","佐世保市の現行施設ページが案内する附属施設料金表を画像照合。税表記なし"
PRICE-1420,CAND-144,sasebo-meeting-room,facility,support_room_attached,all,per_use,950,not_stated,per_use,"ミーティングルーム・専用付帯",2024-04-01,2026-08-05,verified,https://www.city.sasebo.lg.jp/documents/2764/06taikubunkakan.pdf,"大体育室基本料・空調等","佐世保市の現行施設ページが案内する附属施設料金表を画像照合。1利用につき。税表記なし"
PRICE-1421,CAND-144,sasebo-meeting-room,facility,support_room_local,all,per_hour,600,not_stated,per_hour,"ミーティングルーム・個別利用・市内団体",2024-04-01,2026-08-05,verified,https://www.city.sasebo.lg.jp/documents/2764/06taikubunkakan.pdf,"大体育室基本料・空調等","佐世保市の現行施設ページが案内する附属施設料金表を画像照合。税表記なし"
PRICE-1422,CAND-144,sasebo-meeting-room,facility,support_room_nonlocal,all,per_hour,790,not_stated,per_hour,"ミーティングルーム・個別利用・市外団体",2024-04-01,2026-08-05,verified,https://www.city.sasebo.lg.jp/documents/2764/06taikubunkakan.pdf,"大体育室基本料・空調等","佐世保市の現行施設ページが案内する附属施設料金表を画像照合。税表記なし"
PRICE-1423,CAND-144,sasebo-officer-room,facility,support_room_attached,all,per_use,1190,not_stated,per_use,"役員室・専用付帯",2024-04-01,2026-08-05,verified,https://www.city.sasebo.lg.jp/documents/2764/06taikubunkakan.pdf,"大体育室基本料・空調等","佐世保市の現行施設ページが案内する附属施設料金表を画像照合。1利用につき。税表記なし"
PRICE-1424,CAND-144,sasebo-conference-room,facility,support_room_attached,all,per_use,840,not_stated,per_use,"会議室・専用付帯",2024-04-01,2026-08-05,verified,https://www.city.sasebo.lg.jp/documents/2764/06taikubunkakan.pdf,"大体育室基本料・空調等","佐世保市の現行施設ページが案内する附属施設料金表を画像照合。1利用につき。税表記なし"
PRICE-1425,CAND-144,sasebo-conference-room,facility,support_room_local,all,per_hour,900,not_stated,per_hour,"会議室・個別利用・市内団体",2024-04-01,2026-08-05,verified,https://www.city.sasebo.lg.jp/documents/2764/06taikubunkakan.pdf,"大体育室基本料・空調等","佐世保市の現行施設ページが案内する附属施設料金表を画像照合。税表記なし"
PRICE-1426,CAND-144,sasebo-conference-room,facility,support_room_nonlocal,all,per_hour,1200,not_stated,per_hour,"会議室・個別利用・市外団体",2024-04-01,2026-08-05,verified,https://www.city.sasebo.lg.jp/documents/2764/06taikubunkakan.pdf,"大体育室基本料・空調等","佐世保市の現行施設ページが案内する附属施設料金表を画像照合。税表記なし"
PRICE-1427,CAND-144,sasebo-main,equipment,all_uses,all,per_use,1590,not_stated,per_use,"大体育室放送設備・有線マイク方式・1式",2024-04-01,2026-08-05,verified,https://www.city.sasebo.lg.jp/documents/2764/06taikubunkakan.pdf,"施設基本料・操作人件費等","佐世保市の現行施設ページが案内する器具料金表を画像照合。ダイナミックマイク2本付。税表記なし"
PRICE-1428,CAND-144,sasebo-main,equipment,all_uses,all,per_use,2130,not_stated,per_use,"放送設備・ワイヤレスマイク方式・1式",2024-04-01,2026-08-05,verified,https://www.city.sasebo.lg.jp/documents/2764/06taikubunkakan.pdf,"施設基本料・操作人件費等","佐世保市の現行施設ページが案内する器具料金表を画像照合。税表記なし"
PRICE-1429,CAND-144,sasebo-main,equipment,all_uses,all,per_use,530,not_stated,per_use,"CDプレーヤー・1台",2024-04-01,2026-08-05,verified,https://www.city.sasebo.lg.jp/documents/2764/06taikubunkakan.pdf,"施設基本料・操作人件費等","佐世保市の現行施設ページが案内する器具料金表を画像照合。税表記なし"
PRICE-1430,CAND-144,sasebo-main,equipment,all_uses,all,per_use,530,not_stated,per_use,"MDプレーヤー・1台",2024-04-01,2026-08-05,verified,https://www.city.sasebo.lg.jp/documents/2764/06taikubunkakan.pdf,"施設基本料・操作人件費等","佐世保市の現行施設ページが案内する器具料金表を画像照合。税表記なし"
PRICE-1431,CAND-144,sasebo-small,equipment,all_uses,all,per_use,1060,not_stated,per_use,"集会場放送設備・有線マイク方式・1式",2024-04-01,2026-08-05,verified,https://www.city.sasebo.lg.jp/documents/2764/06taikubunkakan.pdf,"施設基本料・操作人件費等","佐世保市の現行施設ページが案内する器具料金表を画像照合。ダイナミックマイク2本付。税表記なし"
PRICE-1432,CAND-144,sasebo-main,equipment,all_uses,all,per_use,310,not_stated,per_use,"ダイナミックマイク・1本",2024-04-01,2026-08-05,verified,https://www.city.sasebo.lg.jp/documents/2764/06taikubunkakan.pdf,"施設基本料・操作人件費等","佐世保市の現行施設ページが案内する器具料金表を画像照合。税表記なし"
PRICE-1433,CAND-144,sasebo-main,equipment,all_uses,all,per_use,310,not_stated,per_use,"ワイヤレスマイク・1本",2024-04-01,2026-08-05,verified,https://www.city.sasebo.lg.jp/documents/2764/06taikubunkakan.pdf,"施設基本料・操作人件費等","佐世保市の現行施設ページが案内する器具料金表を画像照合。税表記なし"
PRICE-1434,CAND-144,sasebo-main,equipment,all_uses,all,per_use,210,not_stated,per_use,"コンセント・1個",2024-04-01,2026-08-05,verified,https://www.city.sasebo.lg.jp/documents/2764/06taikubunkakan.pdf,"施設基本料・電気使用量等","佐世保市の現行施設ページが案内する器具料金表を画像照合。税表記なし"
PRICE-1435,CAND-144,sasebo-main,equipment,all_uses,all,per_use,530,not_stated,per_use,"電光得点表示板・1組",2024-04-01,2026-08-05,verified,https://www.city.sasebo.lg.jp/documents/2764/06taikubunkakan.pdf,"施設基本料・操作人件費等","佐世保市の現行施設ページが案内する器具料金表を画像照合。退場タイマーを含む。税表記なし"
PRICE-1436,CAND-144,sasebo-main,equipment,all_uses,all,per_use,310,not_stated,per_use,"演台・1式",2024-04-01,2026-08-05,verified,https://www.city.sasebo.lg.jp/documents/2764/06taikubunkakan.pdf,"施設基本料・設営撤去等","佐世保市の現行施設ページが案内する器具料金表を画像照合。税表記なし"
PRICE-1437,CAND-144,sasebo-main,equipment,all_uses,all,per_use,110,not_stated,per_use,"平台・1枚",2024-04-01,2026-08-05,verified,https://www.city.sasebo.lg.jp/documents/2764/06taikubunkakan.pdf,"施設基本料・設営撤去等","佐世保市の現行施設ページが案内する器具料金表を画像照合。税表記なし"
PRICE-1438,CAND-144,sasebo-main,equipment,all_uses,all,per_use,50,not_stated,per_use,"長机・1脚",2024-04-01,2026-08-05,verified,https://www.city.sasebo.lg.jp/documents/2764/06taikubunkakan.pdf,"施設基本料・設営撤去等","佐世保市の現行施設ページが案内する器具料金表を画像照合。税表記なし"
PRICE-1439,CAND-144,sasebo-main,equipment,all_uses,all,per_use,10,not_stated,per_use,"椅子・1脚",2024-04-01,2026-08-05,verified,https://www.city.sasebo.lg.jp/documents/2764/06taikubunkakan.pdf,"施設基本料・設営撤去等","佐世保市の現行施設ページが案内する器具料金表を画像照合。税表記なし"
PRICE-1440,CAND-144,sasebo-main,equipment,all_uses,all,per_30_minutes,9660,not_stated,per_30_minutes,"大体育室空調・冷房",2024-04-01,2026-08-05,verified,https://www.city.sasebo.lg.jp/documents/2764/06taikubunkakan.pdf,"施設基本料・操作人件費等","佐世保市の現行施設ページが案内する空調料金表を画像照合。R-1ガス系統、30分。税表記なし"
PRICE-1441,CAND-144,sasebo-main,equipment,all_uses,all,per_30_minutes,6620,not_stated,per_30_minutes,"大体育室空調・暖房",2024-04-01,2026-08-05,verified,https://www.city.sasebo.lg.jp/documents/2764/06taikubunkakan.pdf,"施設基本料・操作人件費等","佐世保市の現行施設ページが案内する空調料金表を画像照合。R-1ガス系統、30分。税表記なし"
PRICE-1442,CAND-144,sasebo-main,equipment,all_uses,all,per_30_minutes,1290,not_stated,per_30_minutes,"大体育室空調・送風のみ",2024-04-01,2026-08-05,verified,https://www.city.sasebo.lg.jp/documents/2764/06taikubunkakan.pdf,"施設基本料・操作人件費等","佐世保市の現行施設ページが案内する空調料金表を画像照合。R-1ガス系統、30分。税表記なし"
PRICE-1443,CAND-144,sasebo-main,equipment,all_uses,all,per_30_minutes,11830,not_stated,per_30_minutes,"大体育室観客席空調・冷房",2024-04-01,2026-08-05,verified,https://www.city.sasebo.lg.jp/documents/2764/06taikubunkakan.pdf,"施設基本料・操作人件費等","佐世保市の現行施設ページが案内する空調料金表を画像照合。R-2ガス系統、30分。税表記なし"
PRICE-1444,CAND-144,sasebo-main,equipment,all_uses,all,per_30_minutes,11460,not_stated,per_30_minutes,"大体育室観客席空調・暖房",2024-04-01,2026-08-05,verified,https://www.city.sasebo.lg.jp/documents/2764/06taikubunkakan.pdf,"施設基本料・操作人件費等","佐世保市の現行施設ページが案内する空調料金表を画像照合。R-2ガス系統、30分。税表記なし"
PRICE-1445,CAND-144,sasebo-main,equipment,all_uses,all,per_30_minutes,2350,not_stated,per_30_minutes,"大体育室観客席空調・送風のみ",2024-04-01,2026-08-05,verified,https://www.city.sasebo.lg.jp/documents/2764/06taikubunkakan.pdf,"施設基本料・操作人件費等","佐世保市の現行施設ページが案内する空調料金表を画像照合。R-2ガス系統、30分。税表記なし"
PRICE-1446,CAND-144,sasebo-small,equipment,all_uses,all,per_30_minutes,4400,not_stated,per_30_minutes,"小体育室空調・冷房",2024-04-01,2026-08-05,verified,https://www.city.sasebo.lg.jp/documents/2764/06taikubunkakan.pdf,"施設基本料・操作人件費等","佐世保市の現行施設ページが案内する空調料金表を画像照合。コミセン2階R-1ガス系統、30分。税表記なし"
PRICE-1447,CAND-144,sasebo-small,equipment,all_uses,all,per_30_minutes,2340,not_stated,per_30_minutes,"小体育室空調・暖房",2024-04-01,2026-08-05,verified,https://www.city.sasebo.lg.jp/documents/2764/06taikubunkakan.pdf,"施設基本料・操作人件費等","佐世保市の現行施設ページが案内する空調料金表を画像照合。コミセン2階R-1ガス系統、30分。税表記なし"
PRICE-1448,CAND-144,sasebo-small,equipment,all_uses,all,per_30_minutes,410,not_stated,per_30_minutes,"小体育室空調・送風のみ",2024-04-01,2026-08-05,verified,https://www.city.sasebo.lg.jp/documents/2764/06taikubunkakan.pdf,"施設基本料・操作人件費等","佐世保市の現行施設ページが案内する空調料金表を画像照合。コミセン2階R-1ガス系統、30分。税表記なし"
PRICE-1449,CAND-144,sasebo-community-hall,equipment,all_uses,all,per_30_minutes,4270,not_stated,per_30_minutes,"コミュニティセンターホール空調・冷房",2024-04-01,2026-08-05,verified,https://www.city.sasebo.lg.jp/documents/2764/06taikubunkakan.pdf,"施設基本料・操作人件費等","佐世保市の現行施設ページが案内する空調料金表を画像照合。コミセン5階R-5ガス系統、30分。税表記なし"
PRICE-1450,CAND-144,sasebo-community-hall,equipment,all_uses,all,per_30_minutes,4040,not_stated,per_30_minutes,"コミュニティセンターホール空調・暖房",2024-04-01,2026-08-05,verified,https://www.city.sasebo.lg.jp/documents/2764/06taikubunkakan.pdf,"施設基本料・操作人件費等","佐世保市の現行施設ページが案内する空調料金表を画像照合。コミセン5階R-5ガス系統、30分。税表記なし"
PRICE-1451,CAND-144,sasebo-community-hall,equipment,all_uses,all,per_30_minutes,500,not_stated,per_30_minutes,"コミュニティセンターホール空調・送風のみ",2024-04-01,2026-08-05,verified,https://www.city.sasebo.lg.jp/documents/2764/06taikubunkakan.pdf,"施設基本料・操作人件費等","佐世保市の現行施設ページが案内する空調料金表を画像照合。コミセン5階R-5ガス系統、30分。税表記なし"
PRICE-1452,CAND-144,sasebo-meeting-room,equipment,all_uses,all,per_use,100,not_stated,per_use,"ミーティングルーム空調・冷房・100円硬貨1枚",2024-04-01,2026-08-05,verified,https://www.city.sasebo.lg.jp/documents/2764/06taikubunkakan.pdf,"施設基本料等","佐世保市の現行施設ページが案内する空調料金表を画像照合。1枚で20分。税表記なし"
PRICE-1453,CAND-144,sasebo-meeting-room,equipment,all_uses,all,per_use,100,not_stated,per_use,"ミーティングルーム空調・暖房・100円硬貨1枚",2024-04-01,2026-08-05,verified,https://www.city.sasebo.lg.jp/documents/2764/06taikubunkakan.pdf,"施設基本料等","佐世保市の現行施設ページが案内する空調料金表を画像照合。1枚で20分。税表記なし"
PRICE-1454,CAND-144,sasebo-athlete-room,equipment,all_uses,all,per_use,100,not_stated,per_use,"選手控室A空調・冷房・100円硬貨1枚",2024-04-01,2026-08-05,verified,https://www.city.sasebo.lg.jp/documents/2764/06taikubunkakan.pdf,"施設基本料等","佐世保市の現行施設ページが案内する空調料金表を画像照合。1枚で50分。税表記なし"
PRICE-1455,CAND-144,sasebo-athlete-room,equipment,all_uses,all,per_use,100,not_stated,per_use,"選手控室A空調・暖房・100円硬貨1枚",2024-04-01,2026-08-05,verified,https://www.city.sasebo.lg.jp/documents/2764/06taikubunkakan.pdf,"施設基本料等","佐世保市の現行施設ページが案内する空調料金表を画像照合。1枚で50分。税表記なし"
PRICE-1456,CAND-144,sasebo-athlete-room,equipment,all_uses,all,per_use,100,not_stated,per_use,"選手控室B空調・冷房・100円硬貨1枚",2024-04-01,2026-08-05,verified,https://www.city.sasebo.lg.jp/documents/2764/06taikubunkakan.pdf,"施設基本料等","佐世保市の現行施設ページが案内する空調料金表を画像照合。1枚で50分。税表記なし"
PRICE-1457,CAND-144,sasebo-athlete-room,equipment,all_uses,all,per_use,100,not_stated,per_use,"選手控室B空調・暖房・100円硬貨1枚",2024-04-01,2026-08-05,verified,https://www.city.sasebo.lg.jp/documents/2764/06taikubunkakan.pdf,"施設基本料等","佐世保市の現行施設ページが案内する空調料金表を画像照合。1枚で50分。税表記なし"
PRICE-1458,CAND-144,sasebo-main,equipment,practice,all,per_30_minutes,670,not_stated,per_30_minutes,"大体育室練習照明・600LUX・全面",2024-04-01,2026-08-05,verified,https://www.city.sasebo.lg.jp/documents/2764/06taikubunkakan.pdf,"施設基本料・操作人件費等","佐世保市の現行施設ページが案内する照明料金表を画像照合。30分。税表記なし"
PRICE-1459,CAND-144,sasebo-main,equipment,practice,all,per_30_minutes,340,not_stated,per_30_minutes,"大体育室練習照明・600LUX・バスケット1面",2024-04-01,2026-08-05,verified,https://www.city.sasebo.lg.jp/documents/2764/06taikubunkakan.pdf,"施設基本料・操作人件費等","佐世保市の現行施設ページが案内する照明料金表を画像照合。30分。税表記なし"
PRICE-1460,CAND-144,sasebo-main,equipment,practice,all,per_30_minutes,230,not_stated,per_30_minutes,"大体育室練習照明・600LUX・バレー1面",2024-04-01,2026-08-05,verified,https://www.city.sasebo.lg.jp/documents/2764/06taikubunkakan.pdf,"施設基本料・操作人件費等","佐世保市の現行施設ページが案内する照明料金表を画像照合。30分。税表記なし"
PRICE-1461,CAND-144,sasebo-main,equipment,practice,all,per_30_minutes,70,not_stated,per_30_minutes,"大体育室練習照明・600LUX・バドミントン1面",2024-04-01,2026-08-05,verified,https://www.city.sasebo.lg.jp/documents/2764/06taikubunkakan.pdf,"施設基本料・操作人件費等","佐世保市の現行施設ページが案内する照明料金表を画像照合。30分。税表記なし"
PRICE-1462,CAND-144,sasebo-main,equipment,practice,all,per_30_minutes,110,not_stated,per_30_minutes,"大体育室練習照明・600LUX・Dバンクのみ",2024-04-01,2026-08-05,verified,https://www.city.sasebo.lg.jp/documents/2764/06taikubunkakan.pdf,"施設基本料・操作人件費等","佐世保市の現行施設ページが案内する照明料金表を画像照合。30分。税表記なし"
PRICE-1463,CAND-144,sasebo-main,equipment,practice,all,per_30_minutes,1340,not_stated,per_30_minutes,"大体育室練習照明・1200LUX・全面",2024-04-01,2026-08-05,verified,https://www.city.sasebo.lg.jp/documents/2764/06taikubunkakan.pdf,"施設基本料・操作人件費等","佐世保市の現行施設ページが案内する照明料金表を画像照合。30分。税表記なし"
PRICE-1464,CAND-144,sasebo-main,equipment,practice,all,per_30_minutes,680,not_stated,per_30_minutes,"大体育室練習照明・1200LUX・バスケット1面",2024-04-01,2026-08-05,verified,https://www.city.sasebo.lg.jp/documents/2764/06taikubunkakan.pdf,"施設基本料・操作人件費等","佐世保市の現行施設ページが案内する照明料金表を画像照合。30分。税表記なし"
PRICE-1465,CAND-144,sasebo-main,equipment,practice,all,per_30_minutes,460,not_stated,per_30_minutes,"大体育室練習照明・1200LUX・バレー1面",2024-04-01,2026-08-05,verified,https://www.city.sasebo.lg.jp/documents/2764/06taikubunkakan.pdf,"施設基本料・操作人件費等","佐世保市の現行施設ページが案内する照明料金表を画像照合。30分。税表記なし"
PRICE-1466,CAND-144,sasebo-main,equipment,practice,all,per_30_minutes,140,not_stated,per_30_minutes,"大体育室練習照明・1200LUX・バドミントン1面",2024-04-01,2026-08-05,verified,https://www.city.sasebo.lg.jp/documents/2764/06taikubunkakan.pdf,"施設基本料・操作人件費等","佐世保市の現行施設ページが案内する照明料金表を画像照合。30分。税表記なし"
PRICE-1467,CAND-144,sasebo-main,equipment,practice,all,per_30_minutes,220,not_stated,per_30_minutes,"大体育室練習照明・1200LUX・Dバンクのみ",2024-04-01,2026-08-05,verified,https://www.city.sasebo.lg.jp/documents/2764/06taikubunkakan.pdf,"施設基本料・操作人件費等","佐世保市の現行施設ページが案内する照明料金表を画像照合。30分。税表記なし"
PRICE-1468,CAND-144,sasebo-main,equipment,practice,all,per_30_minutes,2600,not_stated,per_30_minutes,"大体育室練習照明・1500LUX・全面",2024-04-01,2026-08-05,verified,https://www.city.sasebo.lg.jp/documents/2764/06taikubunkakan.pdf,"施設基本料・操作人件費等","佐世保市の現行施設ページが案内する照明料金表を画像照合。ハロゲン併用、30分。税表記なし"
PRICE-1469,CAND-144,sasebo-main,equipment,practice,all,per_30_minutes,1310,not_stated,per_30_minutes,"大体育室練習照明・1500LUX・バスケット1面",2024-04-01,2026-08-05,verified,https://www.city.sasebo.lg.jp/documents/2764/06taikubunkakan.pdf,"施設基本料・操作人件費等","佐世保市の現行施設ページが案内する照明料金表を画像照合。ハロゲン併用、30分。税表記なし"
PRICE-1470,CAND-144,sasebo-main,equipment,practice,all,per_30_minutes,880,not_stated,per_30_minutes,"大体育室練習照明・1500LUX・バレー1面",2024-04-01,2026-08-05,verified,https://www.city.sasebo.lg.jp/documents/2764/06taikubunkakan.pdf,"施設基本料・操作人件費等","佐世保市の現行施設ページが案内する照明料金表を画像照合。ハロゲン併用、30分。税表記なし"
PRICE-1471,CAND-144,sasebo-main,equipment,practice,all,per_30_minutes,270,not_stated,per_30_minutes,"大体育室練習照明・1500LUX・バドミントン1面",2024-04-01,2026-08-05,verified,https://www.city.sasebo.lg.jp/documents/2764/06taikubunkakan.pdf,"施設基本料・操作人件費等","佐世保市の現行施設ページが案内する照明料金表を画像照合。ハロゲン併用、30分。税表記なし"
PRICE-1472,CAND-144,sasebo-main,equipment,practice,all,per_30_minutes,360,not_stated,per_30_minutes,"大体育室練習照明・1500LUX・Dバンクのみ",2024-04-01,2026-08-05,verified,https://www.city.sasebo.lg.jp/documents/2764/06taikubunkakan.pdf,"施設基本料・操作人件費等","佐世保市の現行施設ページが案内する照明料金表を画像照合。ハロゲン併用、30分。税表記なし"
PRICE-1473,CAND-144,sasebo-main,equipment,practice,all,per_30_minutes,1260,not_stated,per_30_minutes,"大体育室練習照明・300LUX・全面",2024-04-01,2026-08-05,verified,https://www.city.sasebo.lg.jp/documents/2764/06taikubunkakan.pdf,"施設基本料・操作人件費等","佐世保市の現行施設ページが案内する照明料金表を画像照合。ハロゲン、30分。税表記なし"
PRICE-1474,CAND-144,sasebo-main,equipment,practice,all,per_30_minutes,630,not_stated,per_30_minutes,"大体育室練習照明・300LUX・バスケット1面",2024-04-01,2026-08-05,verified,https://www.city.sasebo.lg.jp/documents/2764/06taikubunkakan.pdf,"施設基本料・操作人件費等","佐世保市の現行施設ページが案内する照明料金表を画像照合。ハロゲン、30分。税表記なし"
PRICE-1475,CAND-144,sasebo-main,equipment,practice,all,per_30_minutes,420,not_stated,per_30_minutes,"大体育室練習照明・300LUX・バレー1面",2024-04-01,2026-08-05,verified,https://www.city.sasebo.lg.jp/documents/2764/06taikubunkakan.pdf,"施設基本料・操作人件費等","佐世保市の現行施設ページが案内する照明料金表を画像照合。ハロゲン、30分。税表記なし"
PRICE-1476,CAND-144,sasebo-main,equipment,practice,all,per_30_minutes,130,not_stated,per_30_minutes,"大体育室練習照明・300LUX・バドミントン1面",2024-04-01,2026-08-05,verified,https://www.city.sasebo.lg.jp/documents/2764/06taikubunkakan.pdf,"施設基本料・操作人件費等","佐世保市の現行施設ページが案内する照明料金表を画像照合。ハロゲン、30分。税表記なし"
PRICE-1477,CAND-144,sasebo-main,equipment,practice,all,per_30_minutes,140,not_stated,per_30_minutes,"大体育室練習照明・300LUX・Dバンクのみ",2024-04-01,2026-08-05,verified,https://www.city.sasebo.lg.jp/documents/2764/06taikubunkakan.pdf,"施設基本料・操作人件費等","佐世保市の現行施設ページが案内する照明料金表を画像照合。ハロゲン、30分。税表記なし"
PRICE-1478,CAND-144,sasebo-main,equipment,practice,all,per_30_minutes,340,not_stated,per_30_minutes,"大体育室練習照明・水平灯・全面",2024-04-01,2026-08-05,verified,https://www.city.sasebo.lg.jp/documents/2764/06taikubunkakan.pdf,"施設基本料・操作人件費等","佐世保市の現行施設ページが案内する照明料金表を画像照合。30分。税表記なし"
PRICE-1479,CAND-144,sasebo-main,equipment,practice,all,per_30_minutes,170,not_stated,per_30_minutes,"大体育室練習照明・水平灯・バスケット1面",2024-04-01,2026-08-05,verified,https://www.city.sasebo.lg.jp/documents/2764/06taikubunkakan.pdf,"施設基本料・操作人件費等","佐世保市の現行施設ページが案内する照明料金表を画像照合。30分。税表記なし"
PRICE-1480,CAND-144,sasebo-main,equipment,practice,all,per_30_minutes,120,not_stated,per_30_minutes,"大体育室練習照明・水平灯・バレー1面",2024-04-01,2026-08-05,verified,https://www.city.sasebo.lg.jp/documents/2764/06taikubunkakan.pdf,"施設基本料・操作人件費等","佐世保市の現行施設ページが案内する照明料金表を画像照合。30分。税表記なし"
PRICE-1481,CAND-144,sasebo-main,equipment,practice,all,per_30_minutes,40,not_stated,per_30_minutes,"大体育室練習照明・水平灯・バドミントン1面",2024-04-01,2026-08-05,verified,https://www.city.sasebo.lg.jp/documents/2764/06taikubunkakan.pdf,"施設基本料・操作人件費等","佐世保市の現行施設ページが案内する照明料金表を画像照合。30分。税表記なし"
PRICE-1482,CAND-144,sasebo-main,equipment,practice,all,per_30_minutes,60,not_stated,per_30_minutes,"大体育室練習照明・水平灯・Dバンクのみ",2024-04-01,2026-08-05,verified,https://www.city.sasebo.lg.jp/documents/2764/06taikubunkakan.pdf,"施設基本料・操作人件費等","佐世保市の現行施設ページが案内する照明料金表を画像照合。30分。税表記なし"
PRICE-1483,CAND-144,sasebo-small,equipment,practice,all,per_30_minutes,290,not_stated,per_30_minutes,"小体育室練習照明・半灯・全面",2024-04-01,2026-08-05,verified,https://www.city.sasebo.lg.jp/documents/2764/06taikubunkakan.pdf,"施設基本料・操作人件費等","佐世保市の現行施設ページが案内する照明料金表を画像照合。30分。税表記なし"
PRICE-1484,CAND-144,sasebo-small,equipment,practice,all,per_30_minutes,290,not_stated,per_30_minutes,"小体育室練習照明・半灯・バスケット1面",2024-04-01,2026-08-05,verified,https://www.city.sasebo.lg.jp/documents/2764/06taikubunkakan.pdf,"施設基本料・操作人件費等","佐世保市の現行施設ページが案内する照明料金表を画像照合。30分。税表記なし"
PRICE-1485,CAND-144,sasebo-small,equipment,practice,all,per_30_minutes,150,not_stated,per_30_minutes,"小体育室練習照明・半灯・バレー1面",2024-04-01,2026-08-05,verified,https://www.city.sasebo.lg.jp/documents/2764/06taikubunkakan.pdf,"施設基本料・操作人件費等","佐世保市の現行施設ページが案内する照明料金表を画像照合。30分。税表記なし"
PRICE-1486,CAND-144,sasebo-small,equipment,practice,all,per_30_minutes,80,not_stated,per_30_minutes,"小体育室練習照明・半灯・バドミントン1面",2024-04-01,2026-08-05,verified,https://www.city.sasebo.lg.jp/documents/2764/06taikubunkakan.pdf,"施設基本料・操作人件費等","佐世保市の現行施設ページが案内する照明料金表を画像照合。30分。税表記なし"
PRICE-1487,CAND-144,sasebo-small,equipment,practice,all,per_30_minutes,580,not_stated,per_30_minutes,"小体育室練習照明・全灯・全面",2024-04-01,2026-08-05,verified,https://www.city.sasebo.lg.jp/documents/2764/06taikubunkakan.pdf,"施設基本料・操作人件費等","佐世保市の現行施設ページが案内する照明料金表を画像照合。30分。税表記なし"
PRICE-1488,CAND-144,sasebo-small,equipment,practice,all,per_30_minutes,580,not_stated,per_30_minutes,"小体育室練習照明・全灯・バスケット1面",2024-04-01,2026-08-05,verified,https://www.city.sasebo.lg.jp/documents/2764/06taikubunkakan.pdf,"施設基本料・操作人件費等","佐世保市の現行施設ページが案内する照明料金表を画像照合。30分。税表記なし"
PRICE-1489,CAND-144,sasebo-small,equipment,practice,all,per_30_minutes,300,not_stated,per_30_minutes,"小体育室練習照明・全灯・バレー1面",2024-04-01,2026-08-05,verified,https://www.city.sasebo.lg.jp/documents/2764/06taikubunkakan.pdf,"施設基本料・操作人件費等","佐世保市の現行施設ページが案内する照明料金表を画像照合。30分。税表記なし"
PRICE-1490,CAND-144,sasebo-small,equipment,practice,all,per_30_minutes,160,not_stated,per_30_minutes,"小体育室練習照明・全灯・バドミントン1面",2024-04-01,2026-08-05,verified,https://www.city.sasebo.lg.jp/documents/2764/06taikubunkakan.pdf,"施設基本料・操作人件費等","佐世保市の現行施設ページが案内する照明料金表を画像照合。30分。税表記なし"
PRICE-1491,CAND-144,sasebo-small,equipment,practice,all,per_30_minutes,190,not_stated,per_30_minutes,"小体育室練習照明・観客席",2024-04-01,2026-08-05,verified,https://www.city.sasebo.lg.jp/documents/2764/06taikubunkakan.pdf,"施設基本料・操作人件費等","佐世保市の現行施設ページが案内する照明料金表を画像照合。30分。税表記なし"
PRICE-1492,CAND-196,ota-main,facility,amateur_sports_local,weekday,09:00-12:00,16000,included,per_3_hours,"メインアリーナ全面・区内・平日・午前",,2026-08-05,verified,https://www.ota.esforta.jp/guide/,"付帯設備・全国大会・入場料徴収等","指定管理者公式の現行HTML料金表を確認。税込。準備・後片付けを利用時間に含む"
PRICE-1493,CAND-196,ota-main,facility,amateur_sports_local,weekday,12:00-15:00,16000,included,per_3_hours,"メインアリーナ全面・区内・平日・午後1",,2026-08-05,verified,https://www.ota.esforta.jp/guide/,"付帯設備・全国大会・入場料徴収等","指定管理者公式の現行HTML料金表を確認。税込。準備・後片付けを利用時間に含む"
PRICE-1494,CAND-196,ota-main,facility,amateur_sports_local,weekday,15:00-18:00,21000,included,per_3_hours,"メインアリーナ全面・区内・平日・午後2",,2026-08-05,verified,https://www.ota.esforta.jp/guide/,"付帯設備・全国大会・入場料徴収等","指定管理者公式の現行HTML料金表を確認。税込。準備・後片付けを利用時間に含む"
PRICE-1495,CAND-196,ota-main,facility,amateur_sports_local,weekday,18:00-21:00,28600,included,per_3_hours,"メインアリーナ全面・区内・平日・夜間",,2026-08-05,verified,https://www.ota.esforta.jp/guide/,"付帯設備・全国大会・入場料徴収等","指定管理者公式の現行HTML料金表を確認。税込。準備・後片付けを利用時間に含む"
PRICE-1496,CAND-196,ota-main,facility,amateur_sports_local,weekend_holiday,09:00-12:00,28600,included,per_3_hours,"メインアリーナ全面・区内・土日休日・午前",,2026-08-05,verified,https://www.ota.esforta.jp/guide/,"付帯設備・全国大会・入場料徴収等","指定管理者公式の現行HTML料金表を確認。税込。準備・後片付けを利用時間に含む"
PRICE-1497,CAND-196,ota-main,facility,amateur_sports_local,weekend_holiday,12:00-15:00,28600,included,per_3_hours,"メインアリーナ全面・区内・土日休日・午後1",,2026-08-05,verified,https://www.ota.esforta.jp/guide/,"付帯設備・全国大会・入場料徴収等","指定管理者公式の現行HTML料金表を確認。税込。準備・後片付けを利用時間に含む"
PRICE-1498,CAND-196,ota-main,facility,amateur_sports_local,weekend_holiday,15:00-18:00,28600,included,per_3_hours,"メインアリーナ全面・区内・土日休日・午後2",,2026-08-05,verified,https://www.ota.esforta.jp/guide/,"付帯設備・全国大会・入場料徴収等","指定管理者公式の現行HTML料金表を確認。税込。準備・後片付けを利用時間に含む"
PRICE-1499,CAND-196,ota-main,facility,amateur_sports_local,weekend_holiday,18:00-21:00,28600,included,per_3_hours,"メインアリーナ全面・区内・土日休日・夜間",,2026-08-05,verified,https://www.ota.esforta.jp/guide/,"付帯設備・全国大会・入場料徴収等","指定管理者公式の現行HTML料金表を確認。税込。準備・後片付けを利用時間に含む"
PRICE-1500,CAND-196,ota-main,facility,amateur_sports_local,weekend_holiday,09:00-21:00,114400,included,per_day,"メインアリーナ全面・区内・土日休日・全日",,2026-08-05,verified,https://www.ota.esforta.jp/guide/,"付帯設備・全国大会・入場料徴収等","指定管理者公式の現行HTML料金表を確認。税込。準備・後片付けを利用時間に含む"
PRICE-1501,CAND-196,ota-main,facility,amateur_sports_local,weekday,09:00-12:00,8000,included,per_3_hours,"メインアリーナ半面・区内・平日・午前",,2026-08-05,verified,https://www.ota.esforta.jp/guide/,"付帯設備・全国大会・入場料徴収等","指定管理者公式の現行HTML料金表を確認。税込。準備・後片付けを利用時間に含む"
PRICE-1502,CAND-196,ota-main,facility,amateur_sports_local,weekday,12:00-15:00,8000,included,per_3_hours,"メインアリーナ半面・区内・平日・午後1",,2026-08-05,verified,https://www.ota.esforta.jp/guide/,"付帯設備・全国大会・入場料徴収等","指定管理者公式の現行HTML料金表を確認。税込。準備・後片付けを利用時間に含む"
PRICE-1503,CAND-196,ota-main,facility,amateur_sports_local,weekday,15:00-18:00,10500,included,per_3_hours,"メインアリーナ半面・区内・平日・午後2",,2026-08-05,verified,https://www.ota.esforta.jp/guide/,"付帯設備・全国大会・入場料徴収等","指定管理者公式の現行HTML料金表を確認。税込。準備・後片付けを利用時間に含む"
PRICE-1504,CAND-196,ota-main,facility,amateur_sports_local,weekday,18:00-21:00,14300,included,per_3_hours,"メインアリーナ半面・区内・平日・夜間",,2026-08-05,verified,https://www.ota.esforta.jp/guide/,"付帯設備・全国大会・入場料徴収等","指定管理者公式の現行HTML料金表を確認。税込。準備・後片付けを利用時間に含む"
PRICE-1505,CAND-196,ota-main,facility,amateur_sports_local,weekday,09:00-21:00,40800,included,per_day,"メインアリーナ半面・区内・平日・全日",,2026-08-05,verified,https://www.ota.esforta.jp/guide/,"付帯設備・全国大会・入場料徴収等","指定管理者公式の現行HTML料金表を確認。税込。準備・後片付けを利用時間に含む"
PRICE-1506,CAND-196,ota-main,facility,amateur_sports_local,weekend_holiday,09:00-12:00,14300,included,per_3_hours,"メインアリーナ半面・区内・土日休日・午前",,2026-08-05,verified,https://www.ota.esforta.jp/guide/,"付帯設備・全国大会・入場料徴収等","指定管理者公式の現行HTML料金表を確認。税込。準備・後片付けを利用時間に含む"
PRICE-1507,CAND-196,ota-main,facility,amateur_sports_local,weekend_holiday,12:00-15:00,14300,included,per_3_hours,"メインアリーナ半面・区内・土日休日・午後1",,2026-08-05,verified,https://www.ota.esforta.jp/guide/,"付帯設備・全国大会・入場料徴収等","指定管理者公式の現行HTML料金表を確認。税込。準備・後片付けを利用時間に含む"
PRICE-1508,CAND-196,ota-main,facility,amateur_sports_local,weekend_holiday,15:00-18:00,14300,included,per_3_hours,"メインアリーナ半面・区内・土日休日・午後2",,2026-08-05,verified,https://www.ota.esforta.jp/guide/,"付帯設備・全国大会・入場料徴収等","指定管理者公式の現行HTML料金表を確認。税込。準備・後片付けを利用時間に含む"
PRICE-1509,CAND-196,ota-main,facility,amateur_sports_local,weekend_holiday,18:00-21:00,14300,included,per_3_hours,"メインアリーナ半面・区内・土日休日・夜間",,2026-08-05,verified,https://www.ota.esforta.jp/guide/,"付帯設備・全国大会・入場料徴収等","指定管理者公式の現行HTML料金表を確認。税込。準備・後片付けを利用時間に含む"
PRICE-1510,CAND-196,ota-main,facility,amateur_sports_local,weekend_holiday,09:00-21:00,57200,included,per_day,"メインアリーナ半面・区内・土日休日・全日",,2026-08-05,verified,https://www.ota.esforta.jp/guide/,"付帯設備・全国大会・入場料徴収等","指定管理者公式の現行HTML料金表を確認。税込。準備・後片付けを利用時間に含む"
PRICE-1511,CAND-196,ota-sub,facility,amateur_sports_local,weekday,09:00-12:00,6300,included,per_3_hours,"サブアリーナ・区内・平日・午前",,2026-08-05,verified,https://www.ota.esforta.jp/guide/,"付帯設備・全国大会・入場料徴収等","指定管理者公式の現行HTML料金表を確認。税込。準備・後片付けを利用時間に含む"
PRICE-1512,CAND-196,ota-sub,facility,amateur_sports_local,weekday,12:00-15:00,6300,included,per_3_hours,"サブアリーナ・区内・平日・午後1",,2026-08-05,verified,https://www.ota.esforta.jp/guide/,"付帯設備・全国大会・入場料徴収等","指定管理者公式の現行HTML料金表を確認。税込。準備・後片付けを利用時間に含む"
PRICE-1513,CAND-196,ota-sub,facility,amateur_sports_local,weekday,15:00-18:00,8200,included,per_3_hours,"サブアリーナ・区内・平日・午後2",,2026-08-05,verified,https://www.ota.esforta.jp/guide/,"付帯設備・全国大会・入場料徴収等","指定管理者公式の現行HTML料金表を確認。税込。準備・後片付けを利用時間に含む"
PRICE-1514,CAND-196,ota-sub,facility,amateur_sports_local,weekday,18:00-21:00,11200,included,per_3_hours,"サブアリーナ・区内・平日・夜間",,2026-08-05,verified,https://www.ota.esforta.jp/guide/,"付帯設備・全国大会・入場料徴収等","指定管理者公式の現行HTML料金表を確認。税込。準備・後片付けを利用時間に含む"
PRICE-1515,CAND-196,ota-sub,facility,amateur_sports_local,weekday,09:00-21:00,32000,included,per_day,"サブアリーナ・区内・平日・全日",,2026-08-05,verified,https://www.ota.esforta.jp/guide/,"付帯設備・全国大会・入場料徴収等","指定管理者公式の現行HTML料金表を確認。税込。準備・後片付けを利用時間に含む"
PRICE-1516,CAND-196,ota-sub,facility,amateur_sports_local,weekend_holiday,09:00-12:00,11200,included,per_3_hours,"サブアリーナ・区内・土日休日・午前",,2026-08-05,verified,https://www.ota.esforta.jp/guide/,"付帯設備・全国大会・入場料徴収等","指定管理者公式の現行HTML料金表を確認。税込。準備・後片付けを利用時間に含む"
PRICE-1517,CAND-196,ota-sub,facility,amateur_sports_local,weekend_holiday,12:00-15:00,11200,included,per_3_hours,"サブアリーナ・区内・土日休日・午後1",,2026-08-05,verified,https://www.ota.esforta.jp/guide/,"付帯設備・全国大会・入場料徴収等","指定管理者公式の現行HTML料金表を確認。税込。準備・後片付けを利用時間に含む"
PRICE-1518,CAND-196,ota-sub,facility,amateur_sports_local,weekend_holiday,15:00-18:00,11200,included,per_3_hours,"サブアリーナ・区内・土日休日・午後2",,2026-08-05,verified,https://www.ota.esforta.jp/guide/,"付帯設備・全国大会・入場料徴収等","指定管理者公式の現行HTML料金表を確認。税込。準備・後片付けを利用時間に含む"
PRICE-1519,CAND-196,ota-sub,facility,amateur_sports_local,weekend_holiday,18:00-21:00,11200,included,per_3_hours,"サブアリーナ・区内・土日休日・夜間",,2026-08-05,verified,https://www.ota.esforta.jp/guide/,"付帯設備・全国大会・入場料徴収等","指定管理者公式の現行HTML料金表を確認。税込。準備・後片付けを利用時間に含む"
PRICE-1520,CAND-196,ota-sub,facility,amateur_sports_local,weekend_holiday,09:00-21:00,44800,included,per_day,"サブアリーナ・区内・土日休日・全日",,2026-08-05,verified,https://www.ota.esforta.jp/guide/,"付帯設備・全国大会・入場料徴収等","指定管理者公式の現行HTML料金表を確認。税込。準備・後片付けを利用時間に含む"
PRICE-1521,CAND-196,ota-main,facility,amateur_sports_nonlocal,weekday,09:00-12:00,19200,included,per_3_hours,"メインアリーナ全面・区外・平日・午前",,2026-08-05,verified,https://www.ota.esforta.jp/guide/,"付帯設備・全国大会・入場料徴収等","指定管理者公式の現行HTML料金表を確認。税込。準備・後片付けを利用時間に含む"
PRICE-1522,CAND-196,ota-main,facility,amateur_sports_nonlocal,weekday,12:00-15:00,19200,included,per_3_hours,"メインアリーナ全面・区外・平日・午後1",,2026-08-05,verified,https://www.ota.esforta.jp/guide/,"付帯設備・全国大会・入場料徴収等","指定管理者公式の現行HTML料金表を確認。税込。準備・後片付けを利用時間に含む"
PRICE-1523,CAND-196,ota-main,facility,amateur_sports_nonlocal,weekday,15:00-18:00,25200,included,per_3_hours,"メインアリーナ全面・区外・平日・午後2",,2026-08-05,verified,https://www.ota.esforta.jp/guide/,"付帯設備・全国大会・入場料徴収等","指定管理者公式の現行HTML料金表を確認。税込。準備・後片付けを利用時間に含む"
PRICE-1524,CAND-196,ota-main,facility,amateur_sports_nonlocal,weekday,18:00-21:00,34300,included,per_3_hours,"メインアリーナ全面・区外・平日・夜間",,2026-08-05,verified,https://www.ota.esforta.jp/guide/,"付帯設備・全国大会・入場料徴収等","指定管理者公式の現行HTML料金表を確認。税込。準備・後片付けを利用時間に含む"
PRICE-1525,CAND-196,ota-main,facility,amateur_sports_nonlocal,weekday,09:00-21:00,97900,included,per_day,"メインアリーナ全面・区外・平日・全日",,2026-08-05,verified,https://www.ota.esforta.jp/guide/,"付帯設備・全国大会・入場料徴収等","指定管理者公式の現行HTML料金表を確認。税込。準備・後片付けを利用時間に含む"
PRICE-1526,CAND-196,ota-main,facility,amateur_sports_nonlocal,weekend_holiday,09:00-12:00,34300,included,per_3_hours,"メインアリーナ全面・区外・土日休日・午前",,2026-08-05,verified,https://www.ota.esforta.jp/guide/,"付帯設備・全国大会・入場料徴収等","指定管理者公式の現行HTML料金表を確認。税込。準備・後片付けを利用時間に含む"
PRICE-1527,CAND-196,ota-main,facility,amateur_sports_nonlocal,weekend_holiday,12:00-15:00,34300,included,per_3_hours,"メインアリーナ全面・区外・土日休日・午後1",,2026-08-05,verified,https://www.ota.esforta.jp/guide/,"付帯設備・全国大会・入場料徴収等","指定管理者公式の現行HTML料金表を確認。税込。準備・後片付けを利用時間に含む"
PRICE-1528,CAND-196,ota-main,facility,amateur_sports_nonlocal,weekend_holiday,15:00-18:00,34300,included,per_3_hours,"メインアリーナ全面・区外・土日休日・午後2",,2026-08-05,verified,https://www.ota.esforta.jp/guide/,"付帯設備・全国大会・入場料徴収等","指定管理者公式の現行HTML料金表を確認。税込。準備・後片付けを利用時間に含む"
PRICE-1529,CAND-196,ota-main,facility,amateur_sports_nonlocal,weekend_holiday,18:00-21:00,34300,included,per_3_hours,"メインアリーナ全面・区外・土日休日・夜間",,2026-08-05,verified,https://www.ota.esforta.jp/guide/,"付帯設備・全国大会・入場料徴収等","指定管理者公式の現行HTML料金表を確認。税込。準備・後片付けを利用時間に含む"
PRICE-1530,CAND-196,ota-main,facility,amateur_sports_nonlocal,weekend_holiday,09:00-21:00,137300,included,per_day,"メインアリーナ全面・区外・土日休日・全日",,2026-08-05,verified,https://www.ota.esforta.jp/guide/,"付帯設備・全国大会・入場料徴収等","指定管理者公式の現行HTML料金表を確認。税込。準備・後片付けを利用時間に含む"
PRICE-1531,CAND-196,ota-main,facility,amateur_sports_nonlocal,weekday,09:00-12:00,9600,included,per_3_hours,"メインアリーナ半面・区外・平日・午前",,2026-08-05,verified,https://www.ota.esforta.jp/guide/,"付帯設備・全国大会・入場料徴収等","指定管理者公式の現行HTML料金表を確認。税込。準備・後片付けを利用時間に含む"
PRICE-1532,CAND-196,ota-main,facility,amateur_sports_nonlocal,weekday,12:00-15:00,9600,included,per_3_hours,"メインアリーナ半面・区外・平日・午後1",,2026-08-05,verified,https://www.ota.esforta.jp/guide/,"付帯設備・全国大会・入場料徴収等","指定管理者公式の現行HTML料金表を確認。税込。準備・後片付けを利用時間に含む"
PRICE-1533,CAND-196,ota-main,facility,amateur_sports_nonlocal,weekday,15:00-18:00,12600,included,per_3_hours,"メインアリーナ半面・区外・平日・午後2",,2026-08-05,verified,https://www.ota.esforta.jp/guide/,"付帯設備・全国大会・入場料徴収等","指定管理者公式の現行HTML料金表を確認。税込。準備・後片付けを利用時間に含む"
PRICE-1534,CAND-196,ota-main,facility,amateur_sports_nonlocal,weekday,18:00-21:00,17200,included,per_3_hours,"メインアリーナ半面・区外・平日・夜間",,2026-08-05,verified,https://www.ota.esforta.jp/guide/,"付帯設備・全国大会・入場料徴収等","指定管理者公式の現行HTML料金表を確認。税込。準備・後片付けを利用時間に含む"
PRICE-1535,CAND-196,ota-main,facility,amateur_sports_nonlocal,weekday,09:00-21:00,68600,included,per_day,"メインアリーナ半面・区外・平日・全日（公式掲載額）",,2026-08-05,verified,https://www.ota.esforta.jp/guide/,"付帯設備・全国大会・入場料徴収等","指定管理者公式の現行HTML料金表を確認。税込。掲載全日額は4時間帯合計と一致しないため実予約時要確認"
PRICE-1536,CAND-196,ota-main,facility,amateur_sports_nonlocal,weekend_holiday,09:00-12:00,17200,included,per_3_hours,"メインアリーナ半面・区外・土日休日・午前",,2026-08-05,verified,https://www.ota.esforta.jp/guide/,"付帯設備・全国大会・入場料徴収等","指定管理者公式の現行HTML料金表を確認。税込。準備・後片付けを利用時間に含む"
PRICE-1537,CAND-196,ota-main,facility,amateur_sports_nonlocal,weekend_holiday,12:00-15:00,17200,included,per_3_hours,"メインアリーナ半面・区外・土日休日・午後1",,2026-08-05,verified,https://www.ota.esforta.jp/guide/,"付帯設備・全国大会・入場料徴収等","指定管理者公式の現行HTML料金表を確認。税込。準備・後片付けを利用時間に含む"
PRICE-1538,CAND-196,ota-main,facility,amateur_sports_nonlocal,weekend_holiday,15:00-18:00,17200,included,per_3_hours,"メインアリーナ半面・区外・土日休日・午後2",,2026-08-05,verified,https://www.ota.esforta.jp/guide/,"付帯設備・全国大会・入場料徴収等","指定管理者公式の現行HTML料金表を確認。税込。準備・後片付けを利用時間に含む"
PRICE-1539,CAND-196,ota-main,facility,amateur_sports_nonlocal,weekend_holiday,18:00-21:00,17200,included,per_3_hours,"メインアリーナ半面・区外・土日休日・夜間",,2026-08-05,verified,https://www.ota.esforta.jp/guide/,"付帯設備・全国大会・入場料徴収等","指定管理者公式の現行HTML料金表を確認。税込。準備・後片付けを利用時間に含む"
PRICE-1540,CAND-196,ota-main,facility,amateur_sports_nonlocal,weekend_holiday,09:00-21:00,68600,included,per_day,"メインアリーナ半面・区外・土日休日・全日",,2026-08-05,verified,https://www.ota.esforta.jp/guide/,"付帯設備・全国大会・入場料徴収等","指定管理者公式の現行HTML料金表を確認。税込。準備・後片付けを利用時間に含む"
PRICE-1541,CAND-196,ota-sub,facility,amateur_sports_nonlocal,weekday,09:00-12:00,7600,included,per_3_hours,"サブアリーナ・区外・平日・午前",,2026-08-05,verified,https://www.ota.esforta.jp/guide/,"付帯設備・全国大会・入場料徴収等","指定管理者公式の現行HTML料金表を確認。税込。準備・後片付けを利用時間に含む"
PRICE-1542,CAND-196,ota-sub,facility,amateur_sports_nonlocal,weekday,12:00-15:00,7600,included,per_3_hours,"サブアリーナ・区外・平日・午後1",,2026-08-05,verified,https://www.ota.esforta.jp/guide/,"付帯設備・全国大会・入場料徴収等","指定管理者公式の現行HTML料金表を確認。税込。準備・後片付けを利用時間に含む"
PRICE-1543,CAND-196,ota-sub,facility,amateur_sports_nonlocal,weekday,15:00-18:00,9800,included,per_3_hours,"サブアリーナ・区外・平日・午後2",,2026-08-05,verified,https://www.ota.esforta.jp/guide/,"付帯設備・全国大会・入場料徴収等","指定管理者公式の現行HTML料金表を確認。税込。準備・後片付けを利用時間に含む"
PRICE-1544,CAND-196,ota-sub,facility,amateur_sports_nonlocal,weekday,18:00-21:00,13400,included,per_3_hours,"サブアリーナ・区外・平日・夜間",,2026-08-05,verified,https://www.ota.esforta.jp/guide/,"付帯設備・全国大会・入場料徴収等","指定管理者公式の現行HTML料金表を確認。税込。準備・後片付けを利用時間に含む"
PRICE-1545,CAND-196,ota-sub,facility,amateur_sports_nonlocal,weekday,09:00-21:00,38400,included,per_day,"サブアリーナ・区外・平日・全日",,2026-08-05,verified,https://www.ota.esforta.jp/guide/,"付帯設備・全国大会・入場料徴収等","指定管理者公式の現行HTML料金表を確認。税込。準備・後片付けを利用時間に含む"
PRICE-1546,CAND-196,ota-sub,facility,amateur_sports_nonlocal,weekend_holiday,09:00-12:00,13400,included,per_3_hours,"サブアリーナ・区外・土日休日・午前",,2026-08-05,verified,https://www.ota.esforta.jp/guide/,"付帯設備・全国大会・入場料徴収等","指定管理者公式の現行HTML料金表を確認。税込。準備・後片付けを利用時間に含む"
PRICE-1547,CAND-196,ota-sub,facility,amateur_sports_nonlocal,weekend_holiday,12:00-15:00,13400,included,per_3_hours,"サブアリーナ・区外・土日休日・午後1",,2026-08-05,verified,https://www.ota.esforta.jp/guide/,"付帯設備・全国大会・入場料徴収等","指定管理者公式の現行HTML料金表を確認。税込。準備・後片付けを利用時間に含む"
PRICE-1548,CAND-196,ota-sub,facility,amateur_sports_nonlocal,weekend_holiday,15:00-18:00,13400,included,per_3_hours,"サブアリーナ・区外・土日休日・午後2",,2026-08-05,verified,https://www.ota.esforta.jp/guide/,"付帯設備・全国大会・入場料徴収等","指定管理者公式の現行HTML料金表を確認。税込。準備・後片付けを利用時間に含む"
PRICE-1549,CAND-196,ota-sub,facility,amateur_sports_nonlocal,weekend_holiday,18:00-21:00,13400,included,per_3_hours,"サブアリーナ・区外・土日休日・夜間",,2026-08-05,verified,https://www.ota.esforta.jp/guide/,"付帯設備・全国大会・入場料徴収等","指定管理者公式の現行HTML料金表を確認。税込。準備・後片付けを利用時間に含む"
PRICE-1550,CAND-196,ota-sub,facility,amateur_sports_nonlocal,weekend_holiday,09:00-21:00,53800,included,per_day,"サブアリーナ・区外・土日休日・全日",,2026-08-05,verified,https://www.ota.esforta.jp/guide/,"付帯設備・全国大会・入場料徴収等","指定管理者公式の現行HTML料金表を確認。税込。準備・後片付けを利用時間に含む"
PRICE-1551,CAND-196,ota-main,facility,amateur_sports_admission_le_1000,weekday,09:00-21:00,214000,included,per_day,"弓道場除く全施設貸切・入場料1,000円以下・アマチュアスポーツ・平日",,2026-08-05,verified,https://www.ota.esforta.jp/guide/,"付帯設備・特殊器具等","指定管理者公式の現行HTML料金表を確認。税込。準備・後片付けを利用時間に含む"
PRICE-1552,CAND-196,ota-main,facility,amateur_sports_admission_le_1000,weekend_holiday,09:00-21:00,299000,included,per_day,"弓道場除く全施設貸切・入場料1,000円以下・アマチュアスポーツ・土日休日",,2026-08-05,verified,https://www.ota.esforta.jp/guide/,"付帯設備・特殊器具等","指定管理者公式の現行HTML料金表を確認。税込。準備・後片付けを利用時間に含む"
PRICE-1553,CAND-196,ota-main,facility,amateur_sports_admission_gt_1000,weekday,09:00-21:00,271000,included,per_day,"弓道場除く全施設貸切・入場料1,001円以上・アマチュアスポーツ・平日",,2026-08-05,verified,https://www.ota.esforta.jp/guide/,"付帯設備・特殊器具等","指定管理者公式の現行HTML料金表を確認。税込。準備・後片付けを利用時間に含む"
PRICE-1554,CAND-196,ota-main,facility,amateur_sports_admission_gt_1000,weekend_holiday,09:00-21:00,380000,included,per_day,"弓道場除く全施設貸切・入場料1,001円以上・アマチュアスポーツ・土日休日",,2026-08-05,verified,https://www.ota.esforta.jp/guide/,"付帯設備・特殊器具等","指定管理者公式の現行HTML料金表を確認。税込。準備・後片付けを利用時間に含む"
PRICE-1555,CAND-196,ota-main,facility,other_admission_le_3000,weekday,09:00-21:00,427000,included,per_day,"弓道場除く全施設貸切・入場料3,000円以下・アマチュアスポーツ以外・平日",,2026-08-05,verified,https://www.ota.esforta.jp/guide/,"付帯設備・特殊器具等","指定管理者公式の現行HTML料金表を確認。税込。準備・後片付けを利用時間に含む"
PRICE-1556,CAND-196,ota-main,facility,other_admission_le_3000,weekend_holiday,09:00-21:00,598000,included,per_day,"弓道場除く全施設貸切・入場料3,000円以下・アマチュアスポーツ以外・土日休日",,2026-08-05,verified,https://www.ota.esforta.jp/guide/,"付帯設備・特殊器具等","指定管理者公式の現行HTML料金表を確認。税込。準備・後片付けを利用時間に含む"
PRICE-1557,CAND-196,ota-main,facility,other_admission_gt_3000,weekday,09:00-21:00,832000,included,per_day,"弓道場除く全施設貸切・入場料3,001円以上・アマチュアスポーツ以外・平日",,2026-08-05,verified,https://www.ota.esforta.jp/guide/,"付帯設備・特殊器具等","指定管理者公式の現行HTML料金表を確認。税込。準備・後片付けを利用時間に含む"
PRICE-1558,CAND-196,ota-main,facility,other_admission_gt_3000,weekend_holiday,09:00-21:00,1165000,included,per_day,"弓道場除く全施設貸切・入場料3,001円以上・アマチュアスポーツ以外・土日休日",,2026-08-05,verified,https://www.ota.esforta.jp/guide/,"付帯設備・特殊器具等","指定管理者公式の現行HTML料金表を確認。税込。準備・後片付けを利用時間に含む"
PRICE-1559,CAND-196,ota-main,facility,no_admission_sports_local,weekday,09:00-21:00,186800,included,per_day,"弓道場除く全施設貸切・入場料なし・スポーツ・区内・平日",,2026-08-05,verified,https://www.ota.esforta.jp/guide/,"付帯設備・特殊器具等","指定管理者公式の現行HTML料金表を確認。税込。準備・後片付けを利用時間に含む"
PRICE-1560,CAND-196,ota-main,facility,no_admission_sports_local,weekend_holiday,09:00-21:00,256000,included,per_day,"弓道場除く全施設貸切・入場料なし・スポーツ・区内・土日休日",,2026-08-05,verified,https://www.ota.esforta.jp/guide/,"付帯設備・特殊器具等","指定管理者公式の現行HTML料金表を確認。税込。準備・後片付けを利用時間に含む"
PRICE-1561,CAND-196,ota-main,facility,no_admission_sports_nonlocal,weekday,09:00-21:00,224100,included,per_day,"弓道場除く全施設貸切・入場料なし・スポーツ・区外・平日",,2026-08-05,verified,https://www.ota.esforta.jp/guide/,"付帯設備・特殊器具等","指定管理者公式の現行HTML料金表を確認。税込。準備・後片付けを利用時間に含む"
PRICE-1562,CAND-196,ota-main,facility,no_admission_sports_nonlocal,weekend_holiday,09:00-21:00,307200,included,per_day,"弓道場除く全施設貸切・入場料なし・スポーツ・区外・土日休日",,2026-08-05,verified,https://www.ota.esforta.jp/guide/,"付帯設備・特殊器具等","指定管理者公式の現行HTML料金表を確認。税込。準備・後片付けを利用時間に含む"
PRICE-1563,CAND-196,ota-main,facility,no_admission_non_sports_profit,weekday,09:00-21:00,934000,included,per_day,"弓道場除く全施設貸切・入場料なし・スポーツ以外営利・平日",,2026-08-05,verified,https://www.ota.esforta.jp/guide/,"付帯設備・特殊器具等","指定管理者公式の現行HTML料金表を確認。税込。準備・後片付けを利用時間に含む"
PRICE-1564,CAND-196,ota-main,facility,no_admission_non_sports_profit,weekend_holiday,09:00-21:00,1280000,included,per_day,"弓道場除く全施設貸切・入場料なし・スポーツ以外営利・土日休日",,2026-08-05,verified,https://www.ota.esforta.jp/guide/,"付帯設備・特殊器具等","指定管理者公式の現行HTML料金表を確認。税込。準備・後片付けを利用時間に含む"
PRICE-1565,CAND-196,ota-room-1,facility,support_room_local,weekday,09:00-12:00,3000,included,per_3_hours,"体育室1・区内・平日・午前",,2026-08-05,verified,https://www.ota.esforta.jp/guide/,"付帯設備・ボール等の危険を伴う利用","指定管理者公式の現行HTML料金表を確認。税込。準備・後片付けを利用時間に含む"
PRICE-1566,CAND-196,ota-room-1,facility,support_room_local,weekday,12:00-15:00,3000,included,per_3_hours,"体育室1・区内・平日・午後1",,2026-08-05,verified,https://www.ota.esforta.jp/guide/,"付帯設備・ボール等の危険を伴う利用","指定管理者公式の現行HTML料金表を確認。税込。準備・後片付けを利用時間に含む"
PRICE-1567,CAND-196,ota-room-1,facility,support_room_local,weekday,15:00-18:00,3900,included,per_3_hours,"体育室1・区内・平日・午後2",,2026-08-05,verified,https://www.ota.esforta.jp/guide/,"付帯設備・ボール等の危険を伴う利用","指定管理者公式の現行HTML料金表を確認。税込。準備・後片付けを利用時間に含む"
PRICE-1568,CAND-196,ota-room-1,facility,support_room_local,weekday,18:00-21:00,5400,included,per_3_hours,"体育室1・区内・平日・夜間",,2026-08-05,verified,https://www.ota.esforta.jp/guide/,"付帯設備・ボール等の危険を伴う利用","指定管理者公式の現行HTML料金表を確認。税込。準備・後片付けを利用時間に含む"
PRICE-1569,CAND-196,ota-room-1,facility,support_room_local,weekday,09:00-21:00,15300,included,per_day,"体育室1・区内・平日・全日",,2026-08-05,verified,https://www.ota.esforta.jp/guide/,"付帯設備・ボール等の危険を伴う利用","指定管理者公式の現行HTML料金表を確認。税込。準備・後片付けを利用時間に含む"
PRICE-1570,CAND-196,ota-room-1,facility,support_room_local,weekend_holiday,09:00-12:00,5400,included,per_3_hours,"体育室1・区内・土日休日・午前",,2026-08-05,verified,https://www.ota.esforta.jp/guide/,"付帯設備・ボール等の危険を伴う利用","指定管理者公式の現行HTML料金表を確認。税込。準備・後片付けを利用時間に含む"
PRICE-1571,CAND-196,ota-room-1,facility,support_room_local,weekend_holiday,12:00-15:00,5400,included,per_3_hours,"体育室1・区内・土日休日・午後1",,2026-08-05,verified,https://www.ota.esforta.jp/guide/,"付帯設備・ボール等の危険を伴う利用","指定管理者公式の現行HTML料金表を確認。税込。準備・後片付けを利用時間に含む"
PRICE-1572,CAND-196,ota-room-1,facility,support_room_local,weekend_holiday,15:00-18:00,5400,included,per_3_hours,"体育室1・区内・土日休日・午後2",,2026-08-05,verified,https://www.ota.esforta.jp/guide/,"付帯設備・ボール等の危険を伴う利用","指定管理者公式の現行HTML料金表を確認。税込。準備・後片付けを利用時間に含む"
PRICE-1573,CAND-196,ota-room-1,facility,support_room_local,weekend_holiday,18:00-21:00,5400,included,per_3_hours,"体育室1・区内・土日休日・夜間",,2026-08-05,verified,https://www.ota.esforta.jp/guide/,"付帯設備・ボール等の危険を伴う利用","指定管理者公式の現行HTML料金表を確認。税込。準備・後片付けを利用時間に含む"
PRICE-1574,CAND-196,ota-room-1,facility,support_room_local,weekend_holiday,09:00-21:00,21600,included,per_day,"体育室1・区内・土日休日・全日",,2026-08-05,verified,https://www.ota.esforta.jp/guide/,"付帯設備・ボール等の危険を伴う利用","指定管理者公式の現行HTML料金表を確認。税込。準備・後片付けを利用時間に含む"
PRICE-1575,CAND-196,ota-room-2,facility,support_room_local,weekday,09:00-12:00,3000,included,per_3_hours,"体育室2・区内・平日・午前",,2026-08-05,verified,https://www.ota.esforta.jp/guide/,"付帯設備・ボール等の危険を伴う利用","指定管理者公式の現行HTML料金表を確認。税込。準備・後片付けを利用時間に含む"
PRICE-1576,CAND-196,ota-room-2,facility,support_room_local,weekday,12:00-15:00,3000,included,per_3_hours,"体育室2・区内・平日・午後1",,2026-08-05,verified,https://www.ota.esforta.jp/guide/,"付帯設備・ボール等の危険を伴う利用","指定管理者公式の現行HTML料金表を確認。税込。準備・後片付けを利用時間に含む"
PRICE-1577,CAND-196,ota-room-2,facility,support_room_local,weekday,15:00-18:00,3900,included,per_3_hours,"体育室2・区内・平日・午後2",,2026-08-05,verified,https://www.ota.esforta.jp/guide/,"付帯設備・ボール等の危険を伴う利用","指定管理者公式の現行HTML料金表を確認。税込。準備・後片付けを利用時間に含む"
PRICE-1578,CAND-196,ota-room-2,facility,support_room_local,weekday,18:00-21:00,5400,included,per_3_hours,"体育室2・区内・平日・夜間",,2026-08-05,verified,https://www.ota.esforta.jp/guide/,"付帯設備・ボール等の危険を伴う利用","指定管理者公式の現行HTML料金表を確認。税込。準備・後片付けを利用時間に含む"
PRICE-1579,CAND-196,ota-room-2,facility,support_room_local,weekday,09:00-21:00,15300,included,per_day,"体育室2・区内・平日・全日",,2026-08-05,verified,https://www.ota.esforta.jp/guide/,"付帯設備・ボール等の危険を伴う利用","指定管理者公式の現行HTML料金表を確認。税込。準備・後片付けを利用時間に含む"
PRICE-1580,CAND-196,ota-room-2,facility,support_room_local,weekend_holiday,09:00-12:00,5400,included,per_3_hours,"体育室2・区内・土日休日・午前",,2026-08-05,verified,https://www.ota.esforta.jp/guide/,"付帯設備・ボール等の危険を伴う利用","指定管理者公式の現行HTML料金表を確認。税込。準備・後片付けを利用時間に含む"
PRICE-1581,CAND-196,ota-room-2,facility,support_room_local,weekend_holiday,12:00-15:00,5400,included,per_3_hours,"体育室2・区内・土日休日・午後1",,2026-08-05,verified,https://www.ota.esforta.jp/guide/,"付帯設備・ボール等の危険を伴う利用","指定管理者公式の現行HTML料金表を確認。税込。準備・後片付けを利用時間に含む"
PRICE-1582,CAND-196,ota-room-2,facility,support_room_local,weekend_holiday,15:00-18:00,5400,included,per_3_hours,"体育室2・区内・土日休日・午後2",,2026-08-05,verified,https://www.ota.esforta.jp/guide/,"付帯設備・ボール等の危険を伴う利用","指定管理者公式の現行HTML料金表を確認。税込。準備・後片付けを利用時間に含む"
PRICE-1583,CAND-196,ota-room-2,facility,support_room_local,weekend_holiday,18:00-21:00,5400,included,per_3_hours,"体育室2・区内・土日休日・夜間",,2026-08-05,verified,https://www.ota.esforta.jp/guide/,"付帯設備・ボール等の危険を伴う利用","指定管理者公式の現行HTML料金表を確認。税込。準備・後片付けを利用時間に含む"
PRICE-1584,CAND-196,ota-room-2,facility,support_room_local,weekend_holiday,09:00-21:00,21600,included,per_day,"体育室2・区内・土日休日・全日",,2026-08-05,verified,https://www.ota.esforta.jp/guide/,"付帯設備・ボール等の危険を伴う利用","指定管理者公式の現行HTML料金表を確認。税込。準備・後片付けを利用時間に含む"
PRICE-1585,CAND-196,ota-meeting,facility,support_room_local,weekday,09:00-12:00,2000,included,per_3_hours,"会議室・全室・区内・平日・午前",,2026-08-05,verified,https://www.ota.esforta.jp/guide/,"付帯設備・分割室利用","指定管理者公式の現行HTML料金表を確認。税込。準備・後片付けを利用時間に含む"
PRICE-1586,CAND-196,ota-meeting,facility,support_room_local,weekday,12:00-15:00,2000,included,per_3_hours,"会議室・全室・区内・平日・午後1",,2026-08-05,verified,https://www.ota.esforta.jp/guide/,"付帯設備・分割室利用","指定管理者公式の現行HTML料金表を確認。税込。準備・後片付けを利用時間に含む"
PRICE-1587,CAND-196,ota-meeting,facility,support_room_local,weekday,15:00-18:00,2600,included,per_3_hours,"会議室・全室・区内・平日・午後2",,2026-08-05,verified,https://www.ota.esforta.jp/guide/,"付帯設備・分割室利用","指定管理者公式の現行HTML料金表を確認。税込。準備・後片付けを利用時間に含む"
PRICE-1588,CAND-196,ota-meeting,facility,support_room_local,weekday,18:00-21:00,3600,included,per_3_hours,"会議室・全室・区内・平日・夜間",,2026-08-05,verified,https://www.ota.esforta.jp/guide/,"付帯設備・分割室利用","指定管理者公式の現行HTML料金表を確認。税込。準備・後片付けを利用時間に含む"
PRICE-1589,CAND-196,ota-meeting,facility,support_room_local,weekday,09:00-21:00,10200,included,per_day,"会議室・全室・区内・平日・全日",,2026-08-05,verified,https://www.ota.esforta.jp/guide/,"付帯設備・分割室利用","指定管理者公式の現行HTML料金表を確認。税込。準備・後片付けを利用時間に含む"
PRICE-1590,CAND-196,ota-meeting,facility,support_room_local,weekend_holiday,09:00-12:00,3600,included,per_3_hours,"会議室・全室・区内・土日休日・午前",,2026-08-05,verified,https://www.ota.esforta.jp/guide/,"付帯設備・分割室利用","指定管理者公式の現行HTML料金表を確認。税込。準備・後片付けを利用時間に含む"
PRICE-1591,CAND-196,ota-meeting,facility,support_room_local,weekend_holiday,12:00-15:00,3600,included,per_3_hours,"会議室・全室・区内・土日休日・午後1",,2026-08-05,verified,https://www.ota.esforta.jp/guide/,"付帯設備・分割室利用","指定管理者公式の現行HTML料金表を確認。税込。準備・後片付けを利用時間に含む"
PRICE-1592,CAND-196,ota-meeting,facility,support_room_local,weekend_holiday,15:00-18:00,3600,included,per_3_hours,"会議室・全室・区内・土日休日・午後2",,2026-08-05,verified,https://www.ota.esforta.jp/guide/,"付帯設備・分割室利用","指定管理者公式の現行HTML料金表を確認。税込。準備・後片付けを利用時間に含む"
PRICE-1593,CAND-196,ota-meeting,facility,support_room_local,weekend_holiday,18:00-21:00,3600,included,per_3_hours,"会議室・全室・区内・土日休日・夜間",,2026-08-05,verified,https://www.ota.esforta.jp/guide/,"付帯設備・分割室利用","指定管理者公式の現行HTML料金表を確認。税込。準備・後片付けを利用時間に含む"
PRICE-1594,CAND-196,ota-meeting,facility,support_room_local,weekend_holiday,09:00-21:00,14400,included,per_day,"会議室・全室・区内・土日休日・全日",,2026-08-05,verified,https://www.ota.esforta.jp/guide/,"付帯設備・分割室利用","指定管理者公式の現行HTML料金表を確認。税込。準備・後片付けを利用時間に含む"
PRICE-1595,CAND-196,ota-dressing,facility,support_room_local,weekday,09:00-12:00,3600,included,per_3_hours,"控室1・区内・平日・午前",,2026-08-05,verified,https://www.ota.esforta.jp/guide/,"付帯設備・控室単独利用","指定管理者公式の現行HTML料金表を確認。税込。控室のみの利用不可。準備・後片付けを利用時間に含む"
PRICE-1596,CAND-196,ota-dressing,facility,support_room_local,weekday,12:00-15:00,3600,included,per_3_hours,"控室1・区内・平日・午後1",,2026-08-05,verified,https://www.ota.esforta.jp/guide/,"付帯設備・控室単独利用","指定管理者公式の現行HTML料金表を確認。税込。控室のみの利用不可。準備・後片付けを利用時間に含む"
PRICE-1597,CAND-196,ota-dressing,facility,support_room_local,weekday,15:00-18:00,4100,included,per_3_hours,"控室1・区内・平日・午後2",,2026-08-05,verified,https://www.ota.esforta.jp/guide/,"付帯設備・控室単独利用","指定管理者公式の現行HTML料金表を確認。税込。控室のみの利用不可。準備・後片付けを利用時間に含む"
PRICE-1598,CAND-196,ota-dressing,facility,support_room_local,weekday,18:00-21:00,4900,included,per_3_hours,"控室1・区内・平日・夜間",,2026-08-05,verified,https://www.ota.esforta.jp/guide/,"付帯設備・控室単独利用","指定管理者公式の現行HTML料金表を確認。税込。控室のみの利用不可。準備・後片付けを利用時間に含む"
PRICE-1599,CAND-196,ota-dressing,facility,support_room_local,weekday,09:00-21:00,16200,included,per_day,"控室1・区内・平日・全日",,2026-08-05,verified,https://www.ota.esforta.jp/guide/,"付帯設備・控室単独利用","指定管理者公式の現行HTML料金表を確認。税込。控室のみの利用不可。準備・後片付けを利用時間に含む"
PRICE-1600,CAND-196,ota-dressing,facility,support_room_local,weekend_holiday,09:00-12:00,4900,included,per_3_hours,"控室1・区内・土日休日・午前",,2026-08-05,verified,https://www.ota.esforta.jp/guide/,"付帯設備・控室単独利用","指定管理者公式の現行HTML料金表を確認。税込。控室のみの利用不可。準備・後片付けを利用時間に含む"
PRICE-1601,CAND-196,ota-dressing,facility,support_room_local,weekend_holiday,12:00-15:00,4900,included,per_3_hours,"控室1・区内・土日休日・午後1",,2026-08-05,verified,https://www.ota.esforta.jp/guide/,"付帯設備・控室単独利用","指定管理者公式の現行HTML料金表を確認。税込。控室のみの利用不可。準備・後片付けを利用時間に含む"
PRICE-1602,CAND-196,ota-dressing,facility,support_room_local,weekend_holiday,15:00-18:00,4900,included,per_3_hours,"控室1・区内・土日休日・午後2",,2026-08-05,verified,https://www.ota.esforta.jp/guide/,"付帯設備・控室単独利用","指定管理者公式の現行HTML料金表を確認。税込。控室のみの利用不可。準備・後片付けを利用時間に含む"
PRICE-1603,CAND-196,ota-dressing,facility,support_room_local,weekend_holiday,18:00-21:00,4900,included,per_3_hours,"控室1・区内・土日休日・夜間",,2026-08-05,verified,https://www.ota.esforta.jp/guide/,"付帯設備・控室単独利用","指定管理者公式の現行HTML料金表を確認。税込。控室のみの利用不可。準備・後片付けを利用時間に含む"
PRICE-1604,CAND-196,ota-dressing,facility,support_room_local,weekend_holiday,09:00-21:00,19600,included,per_day,"控室1・区内・土日休日・全日",,2026-08-05,verified,https://www.ota.esforta.jp/guide/,"付帯設備・控室単独利用","指定管理者公式の現行HTML料金表を確認。税込。控室のみの利用不可。準備・後片付けを利用時間に含む"
PRICE-1605,CAND-196,ota-dressing,facility,support_room_local,weekday,09:00-12:00,3600,included,per_3_hours,"控室2・区内・平日・午前",,2026-08-05,verified,https://www.ota.esforta.jp/guide/,"付帯設備・控室単独利用","指定管理者公式の現行HTML料金表を確認。税込。控室のみの利用不可。準備・後片付けを利用時間に含む"
PRICE-1606,CAND-196,ota-dressing,facility,support_room_local,weekday,12:00-15:00,3600,included,per_3_hours,"控室2・区内・平日・午後1",,2026-08-05,verified,https://www.ota.esforta.jp/guide/,"付帯設備・控室単独利用","指定管理者公式の現行HTML料金表を確認。税込。控室のみの利用不可。準備・後片付けを利用時間に含む"
PRICE-1607,CAND-196,ota-dressing,facility,support_room_local,weekday,15:00-18:00,4100,included,per_3_hours,"控室2・区内・平日・午後2",,2026-08-05,verified,https://www.ota.esforta.jp/guide/,"付帯設備・控室単独利用","指定管理者公式の現行HTML料金表を確認。税込。控室のみの利用不可。準備・後片付けを利用時間に含む"
PRICE-1608,CAND-196,ota-dressing,facility,support_room_local,weekday,18:00-21:00,4900,included,per_3_hours,"控室2・区内・平日・夜間",,2026-08-05,verified,https://www.ota.esforta.jp/guide/,"付帯設備・控室単独利用","指定管理者公式の現行HTML料金表を確認。税込。控室のみの利用不可。準備・後片付けを利用時間に含む"
PRICE-1609,CAND-196,ota-dressing,facility,support_room_local,weekday,09:00-21:00,16200,included,per_day,"控室2・区内・平日・全日",,2026-08-05,verified,https://www.ota.esforta.jp/guide/,"付帯設備・控室単独利用","指定管理者公式の現行HTML料金表を確認。税込。控室のみの利用不可。準備・後片付けを利用時間に含む"
PRICE-1610,CAND-196,ota-dressing,facility,support_room_local,weekend_holiday,09:00-12:00,4900,included,per_3_hours,"控室2・区内・土日休日・午前",,2026-08-05,verified,https://www.ota.esforta.jp/guide/,"付帯設備・控室単独利用","指定管理者公式の現行HTML料金表を確認。税込。控室のみの利用不可。準備・後片付けを利用時間に含む"
PRICE-1611,CAND-196,ota-dressing,facility,support_room_local,weekend_holiday,12:00-15:00,4900,included,per_3_hours,"控室2・区内・土日休日・午後1",,2026-08-05,verified,https://www.ota.esforta.jp/guide/,"付帯設備・控室単独利用","指定管理者公式の現行HTML料金表を確認。税込。控室のみの利用不可。準備・後片付けを利用時間に含む"
PRICE-1612,CAND-196,ota-dressing,facility,support_room_local,weekend_holiday,15:00-18:00,4900,included,per_3_hours,"控室2・区内・土日休日・午後2",,2026-08-05,verified,https://www.ota.esforta.jp/guide/,"付帯設備・控室単独利用","指定管理者公式の現行HTML料金表を確認。税込。控室のみの利用不可。準備・後片付けを利用時間に含む"
PRICE-1613,CAND-196,ota-dressing,facility,support_room_local,weekend_holiday,18:00-21:00,4900,included,per_3_hours,"控室2・区内・土日休日・夜間",,2026-08-05,verified,https://www.ota.esforta.jp/guide/,"付帯設備・控室単独利用","指定管理者公式の現行HTML料金表を確認。税込。控室のみの利用不可。準備・後片付けを利用時間に含む"
PRICE-1614,CAND-196,ota-dressing,facility,support_room_local,weekend_holiday,09:00-21:00,19600,included,per_day,"控室2・区内・土日休日・全日",,2026-08-05,verified,https://www.ota.esforta.jp/guide/,"付帯設備・控室単独利用","指定管理者公式の現行HTML料金表を確認。税込。控室のみの利用不可。準備・後片付けを利用時間に含む"
PRICE-1615,CAND-196,ota-room-1,facility,support_room_nonlocal,weekday,09:00-12:00,3600,included,per_3_hours,"体育室1・区外・平日・午前",,2026-08-05,verified,https://www.ota.esforta.jp/guide/,"付帯設備・ボール等の危険を伴う利用","指定管理者公式の現行HTML料金表を確認。税込。準備・後片付けを利用時間に含む"
PRICE-1616,CAND-196,ota-room-1,facility,support_room_nonlocal,weekday,12:00-15:00,3600,included,per_3_hours,"体育室1・区外・平日・午後1",,2026-08-05,verified,https://www.ota.esforta.jp/guide/,"付帯設備・ボール等の危険を伴う利用","指定管理者公式の現行HTML料金表を確認。税込。準備・後片付けを利用時間に含む"
PRICE-1617,CAND-196,ota-room-1,facility,support_room_nonlocal,weekday,15:00-18:00,4700,included,per_3_hours,"体育室1・区外・平日・午後2",,2026-08-05,verified,https://www.ota.esforta.jp/guide/,"付帯設備・ボール等の危険を伴う利用","指定管理者公式の現行HTML料金表を確認。税込。準備・後片付けを利用時間に含む"
PRICE-1618,CAND-196,ota-room-1,facility,support_room_nonlocal,weekday,18:00-21:00,6500,included,per_3_hours,"体育室1・区外・平日・夜間",,2026-08-05,verified,https://www.ota.esforta.jp/guide/,"付帯設備・ボール等の危険を伴う利用","指定管理者公式の現行HTML料金表を確認。税込。準備・後片付けを利用時間に含む"
PRICE-1619,CAND-196,ota-room-1,facility,support_room_nonlocal,weekday,09:00-21:00,18400,included,per_day,"体育室1・区外・平日・全日",,2026-08-05,verified,https://www.ota.esforta.jp/guide/,"付帯設備・ボール等の危険を伴う利用","指定管理者公式の現行HTML料金表を確認。税込。準備・後片付けを利用時間に含む"
PRICE-1620,CAND-196,ota-room-1,facility,support_room_nonlocal,weekend_holiday,09:00-12:00,6500,included,per_3_hours,"体育室1・区外・土日休日・午前",,2026-08-05,verified,https://www.ota.esforta.jp/guide/,"付帯設備・ボール等の危険を伴う利用","指定管理者公式の現行HTML料金表を確認。税込。準備・後片付けを利用時間に含む"
PRICE-1621,CAND-196,ota-room-1,facility,support_room_nonlocal,weekend_holiday,12:00-15:00,6500,included,per_3_hours,"体育室1・区外・土日休日・午後1",,2026-08-05,verified,https://www.ota.esforta.jp/guide/,"付帯設備・ボール等の危険を伴う利用","指定管理者公式の現行HTML料金表を確認。税込。準備・後片付けを利用時間に含む"
PRICE-1622,CAND-196,ota-room-1,facility,support_room_nonlocal,weekend_holiday,15:00-18:00,6500,included,per_3_hours,"体育室1・区外・土日休日・午後2",,2026-08-05,verified,https://www.ota.esforta.jp/guide/,"付帯設備・ボール等の危険を伴う利用","指定管理者公式の現行HTML料金表を確認。税込。準備・後片付けを利用時間に含む"
PRICE-1623,CAND-196,ota-room-1,facility,support_room_nonlocal,weekend_holiday,18:00-21:00,6500,included,per_3_hours,"体育室1・区外・土日休日・夜間",,2026-08-05,verified,https://www.ota.esforta.jp/guide/,"付帯設備・ボール等の危険を伴う利用","指定管理者公式の現行HTML料金表を確認。税込。準備・後片付けを利用時間に含む"
PRICE-1624,CAND-196,ota-room-1,facility,support_room_nonlocal,weekend_holiday,09:00-21:00,25900,included,per_day,"体育室1・区外・土日休日・全日",,2026-08-05,verified,https://www.ota.esforta.jp/guide/,"付帯設備・ボール等の危険を伴う利用","指定管理者公式の現行HTML料金表を確認。税込。準備・後片付けを利用時間に含む"
PRICE-1625,CAND-196,ota-room-2,facility,support_room_nonlocal,weekday,09:00-12:00,3600,included,per_3_hours,"体育室2・区外・平日・午前",,2026-08-05,verified,https://www.ota.esforta.jp/guide/,"付帯設備・ボール等の危険を伴う利用","指定管理者公式の現行HTML料金表を確認。税込。準備・後片付けを利用時間に含む"
PRICE-1626,CAND-196,ota-room-2,facility,support_room_nonlocal,weekday,12:00-15:00,3600,included,per_3_hours,"体育室2・区外・平日・午後1",,2026-08-05,verified,https://www.ota.esforta.jp/guide/,"付帯設備・ボール等の危険を伴う利用","指定管理者公式の現行HTML料金表を確認。税込。準備・後片付けを利用時間に含む"
PRICE-1627,CAND-196,ota-room-2,facility,support_room_nonlocal,weekday,15:00-18:00,4700,included,per_3_hours,"体育室2・区外・平日・午後2",,2026-08-05,verified,https://www.ota.esforta.jp/guide/,"付帯設備・ボール等の危険を伴う利用","指定管理者公式の現行HTML料金表を確認。税込。準備・後片付けを利用時間に含む"
PRICE-1628,CAND-196,ota-room-2,facility,support_room_nonlocal,weekday,18:00-21:00,6500,included,per_3_hours,"体育室2・区外・平日・夜間",,2026-08-05,verified,https://www.ota.esforta.jp/guide/,"付帯設備・ボール等の危険を伴う利用","指定管理者公式の現行HTML料金表を確認。税込。準備・後片付けを利用時間に含む"
PRICE-1629,CAND-196,ota-room-2,facility,support_room_nonlocal,weekday,09:00-21:00,18400,included,per_day,"体育室2・区外・平日・全日",,2026-08-05,verified,https://www.ota.esforta.jp/guide/,"付帯設備・ボール等の危険を伴う利用","指定管理者公式の現行HTML料金表を確認。税込。準備・後片付けを利用時間に含む"
PRICE-1630,CAND-196,ota-room-2,facility,support_room_nonlocal,weekend_holiday,09:00-12:00,6500,included,per_3_hours,"体育室2・区外・土日休日・午前",,2026-08-05,verified,https://www.ota.esforta.jp/guide/,"付帯設備・ボール等の危険を伴う利用","指定管理者公式の現行HTML料金表を確認。税込。準備・後片付けを利用時間に含む"
PRICE-1631,CAND-196,ota-room-2,facility,support_room_nonlocal,weekend_holiday,12:00-15:00,6500,included,per_3_hours,"体育室2・区外・土日休日・午後1",,2026-08-05,verified,https://www.ota.esforta.jp/guide/,"付帯設備・ボール等の危険を伴う利用","指定管理者公式の現行HTML料金表を確認。税込。準備・後片付けを利用時間に含む"
PRICE-1632,CAND-196,ota-room-2,facility,support_room_nonlocal,weekend_holiday,15:00-18:00,6500,included,per_3_hours,"体育室2・区外・土日休日・午後2",,2026-08-05,verified,https://www.ota.esforta.jp/guide/,"付帯設備・ボール等の危険を伴う利用","指定管理者公式の現行HTML料金表を確認。税込。準備・後片付けを利用時間に含む"
PRICE-1633,CAND-196,ota-room-2,facility,support_room_nonlocal,weekend_holiday,18:00-21:00,6500,included,per_3_hours,"体育室2・区外・土日休日・夜間",,2026-08-05,verified,https://www.ota.esforta.jp/guide/,"付帯設備・ボール等の危険を伴う利用","指定管理者公式の現行HTML料金表を確認。税込。準備・後片付けを利用時間に含む"
PRICE-1634,CAND-196,ota-room-2,facility,support_room_nonlocal,weekend_holiday,09:00-21:00,25900,included,per_day,"体育室2・区外・土日休日・全日",,2026-08-05,verified,https://www.ota.esforta.jp/guide/,"付帯設備・ボール等の危険を伴う利用","指定管理者公式の現行HTML料金表を確認。税込。準備・後片付けを利用時間に含む"
PRICE-1635,CAND-196,ota-meeting,facility,support_room_nonlocal,weekday,09:00-12:00,2400,included,per_3_hours,"会議室・全室・区外・平日・午前",,2026-08-05,verified,https://www.ota.esforta.jp/guide/,"付帯設備・分割室利用","指定管理者公式の現行HTML料金表を確認。税込。準備・後片付けを利用時間に含む"
PRICE-1636,CAND-196,ota-meeting,facility,support_room_nonlocal,weekday,12:00-15:00,2400,included,per_3_hours,"会議室・全室・区外・平日・午後1",,2026-08-05,verified,https://www.ota.esforta.jp/guide/,"付帯設備・分割室利用","指定管理者公式の現行HTML料金表を確認。税込。準備・後片付けを利用時間に含む"
PRICE-1637,CAND-196,ota-meeting,facility,support_room_nonlocal,weekday,15:00-18:00,3100,included,per_3_hours,"会議室・全室・区外・平日・午後2",,2026-08-05,verified,https://www.ota.esforta.jp/guide/,"付帯設備・分割室利用","指定管理者公式の現行HTML料金表を確認。税込。準備・後片付けを利用時間に含む"
PRICE-1638,CAND-196,ota-meeting,facility,support_room_nonlocal,weekday,18:00-21:00,4300,included,per_3_hours,"会議室・全室・区外・平日・夜間",,2026-08-05,verified,https://www.ota.esforta.jp/guide/,"付帯設備・分割室利用","指定管理者公式の現行HTML料金表を確認。税込。準備・後片付けを利用時間に含む"
PRICE-1639,CAND-196,ota-meeting,facility,support_room_nonlocal,weekday,09:00-21:00,12200,included,per_day,"会議室・全室・区外・平日・全日",,2026-08-05,verified,https://www.ota.esforta.jp/guide/,"付帯設備・分割室利用","指定管理者公式の現行HTML料金表を確認。税込。準備・後片付けを利用時間に含む"
PRICE-1640,CAND-196,ota-meeting,facility,support_room_nonlocal,weekend_holiday,09:00-12:00,4300,included,per_3_hours,"会議室・全室・区外・土日休日・午前",,2026-08-05,verified,https://www.ota.esforta.jp/guide/,"付帯設備・分割室利用","指定管理者公式の現行HTML料金表を確認。税込。準備・後片付けを利用時間に含む"
PRICE-1641,CAND-196,ota-meeting,facility,support_room_nonlocal,weekend_holiday,12:00-15:00,4300,included,per_3_hours,"会議室・全室・区外・土日休日・午後1",,2026-08-05,verified,https://www.ota.esforta.jp/guide/,"付帯設備・分割室利用","指定管理者公式の現行HTML料金表を確認。税込。準備・後片付けを利用時間に含む"
PRICE-1642,CAND-196,ota-meeting,facility,support_room_nonlocal,weekend_holiday,15:00-18:00,4300,included,per_3_hours,"会議室・全室・区外・土日休日・午後2",,2026-08-05,verified,https://www.ota.esforta.jp/guide/,"付帯設備・分割室利用","指定管理者公式の現行HTML料金表を確認。税込。準備・後片付けを利用時間に含む"
PRICE-1643,CAND-196,ota-meeting,facility,support_room_nonlocal,weekend_holiday,18:00-21:00,4300,included,per_3_hours,"会議室・全室・区外・土日休日・夜間",,2026-08-05,verified,https://www.ota.esforta.jp/guide/,"付帯設備・分割室利用","指定管理者公式の現行HTML料金表を確認。税込。準備・後片付けを利用時間に含む"
PRICE-1644,CAND-196,ota-meeting,facility,support_room_nonlocal,weekend_holiday,09:00-21:00,17300,included,per_day,"会議室・全室・区外・土日休日・全日",,2026-08-05,verified,https://www.ota.esforta.jp/guide/,"付帯設備・分割室利用","指定管理者公式の現行HTML料金表を確認。税込。準備・後片付けを利用時間に含む"
PRICE-1645,CAND-196,ota-dressing,facility,support_room_nonlocal,weekday,09:00-12:00,4300,included,per_3_hours,"控室1・区外・平日・午前",,2026-08-05,verified,https://www.ota.esforta.jp/guide/,"付帯設備・控室単独利用","指定管理者公式の現行HTML料金表を確認。税込。控室のみの利用不可。準備・後片付けを利用時間に含む"
PRICE-1646,CAND-196,ota-dressing,facility,support_room_nonlocal,weekday,12:00-15:00,4300,included,per_3_hours,"控室1・区外・平日・午後1",,2026-08-05,verified,https://www.ota.esforta.jp/guide/,"付帯設備・控室単独利用","指定管理者公式の現行HTML料金表を確認。税込。控室のみの利用不可。準備・後片付けを利用時間に含む"
PRICE-1647,CAND-196,ota-dressing,facility,support_room_nonlocal,weekday,15:00-18:00,4900,included,per_3_hours,"控室1・区外・平日・午後2",,2026-08-05,verified,https://www.ota.esforta.jp/guide/,"付帯設備・控室単独利用","指定管理者公式の現行HTML料金表を確認。税込。控室のみの利用不可。準備・後片付けを利用時間に含む"
PRICE-1648,CAND-196,ota-dressing,facility,support_room_nonlocal,weekday,18:00-21:00,5900,included,per_3_hours,"控室1・区外・平日・夜間",,2026-08-05,verified,https://www.ota.esforta.jp/guide/,"付帯設備・控室単独利用","指定管理者公式の現行HTML料金表を確認。税込。控室のみの利用不可。準備・後片付けを利用時間に含む"
PRICE-1649,CAND-196,ota-dressing,facility,support_room_nonlocal,weekday,09:00-21:00,19400,included,per_day,"控室1・区外・平日・全日",,2026-08-05,verified,https://www.ota.esforta.jp/guide/,"付帯設備・控室単独利用","指定管理者公式の現行HTML料金表を確認。税込。控室のみの利用不可。準備・後片付けを利用時間に含む"
PRICE-1650,CAND-196,ota-dressing,facility,support_room_nonlocal,weekend_holiday,09:00-12:00,5900,included,per_3_hours,"控室1・区外・土日休日・午前",,2026-08-05,verified,https://www.ota.esforta.jp/guide/,"付帯設備・控室単独利用","指定管理者公式の現行HTML料金表を確認。税込。控室のみの利用不可。準備・後片付けを利用時間に含む"
PRICE-1651,CAND-196,ota-dressing,facility,support_room_nonlocal,weekend_holiday,12:00-15:00,5900,included,per_3_hours,"控室1・区外・土日休日・午後1",,2026-08-05,verified,https://www.ota.esforta.jp/guide/,"付帯設備・控室単独利用","指定管理者公式の現行HTML料金表を確認。税込。控室のみの利用不可。準備・後片付けを利用時間に含む"
PRICE-1652,CAND-196,ota-dressing,facility,support_room_nonlocal,weekend_holiday,15:00-18:00,5900,included,per_3_hours,"控室1・区外・土日休日・午後2",,2026-08-05,verified,https://www.ota.esforta.jp/guide/,"付帯設備・控室単独利用","指定管理者公式の現行HTML料金表を確認。税込。控室のみの利用不可。準備・後片付けを利用時間に含む"
PRICE-1653,CAND-196,ota-dressing,facility,support_room_nonlocal,weekend_holiday,18:00-21:00,5900,included,per_3_hours,"控室1・区外・土日休日・夜間",,2026-08-05,verified,https://www.ota.esforta.jp/guide/,"付帯設備・控室単独利用","指定管理者公式の現行HTML料金表を確認。税込。控室のみの利用不可。準備・後片付けを利用時間に含む"
PRICE-1654,CAND-196,ota-dressing,facility,support_room_nonlocal,weekend_holiday,09:00-21:00,23500,included,per_day,"控室1・区外・土日休日・全日",,2026-08-05,verified,https://www.ota.esforta.jp/guide/,"付帯設備・控室単独利用","指定管理者公式の現行HTML料金表を確認。税込。控室のみの利用不可。準備・後片付けを利用時間に含む"
PRICE-1655,CAND-196,ota-dressing,facility,support_room_nonlocal,weekday,09:00-12:00,4300,included,per_3_hours,"控室2・区外・平日・午前",,2026-08-05,verified,https://www.ota.esforta.jp/guide/,"付帯設備・控室単独利用","指定管理者公式の現行HTML料金表を確認。税込。控室のみの利用不可。準備・後片付けを利用時間に含む"
PRICE-1656,CAND-196,ota-dressing,facility,support_room_nonlocal,weekday,12:00-15:00,4300,included,per_3_hours,"控室2・区外・平日・午後1",,2026-08-05,verified,https://www.ota.esforta.jp/guide/,"付帯設備・控室単独利用","指定管理者公式の現行HTML料金表を確認。税込。控室のみの利用不可。準備・後片付けを利用時間に含む"
PRICE-1657,CAND-196,ota-dressing,facility,support_room_nonlocal,weekday,15:00-18:00,4900,included,per_3_hours,"控室2・区外・平日・午後2",,2026-08-05,verified,https://www.ota.esforta.jp/guide/,"付帯設備・控室単独利用","指定管理者公式の現行HTML料金表を確認。税込。控室のみの利用不可。準備・後片付けを利用時間に含む"
PRICE-1658,CAND-196,ota-dressing,facility,support_room_nonlocal,weekday,18:00-21:00,5900,included,per_3_hours,"控室2・区外・平日・夜間",,2026-08-05,verified,https://www.ota.esforta.jp/guide/,"付帯設備・控室単独利用","指定管理者公式の現行HTML料金表を確認。税込。控室のみの利用不可。準備・後片付けを利用時間に含む"
PRICE-1659,CAND-196,ota-dressing,facility,support_room_nonlocal,weekday,09:00-21:00,19400,included,per_day,"控室2・区外・平日・全日",,2026-08-05,verified,https://www.ota.esforta.jp/guide/,"付帯設備・控室単独利用","指定管理者公式の現行HTML料金表を確認。税込。控室のみの利用不可。準備・後片付けを利用時間に含む"
PRICE-1660,CAND-196,ota-dressing,facility,support_room_nonlocal,weekend_holiday,09:00-12:00,5900,included,per_3_hours,"控室2・区外・土日休日・午前",,2026-08-05,verified,https://www.ota.esforta.jp/guide/,"付帯設備・控室単独利用","指定管理者公式の現行HTML料金表を確認。税込。控室のみの利用不可。準備・後片付けを利用時間に含む"
PRICE-1661,CAND-196,ota-dressing,facility,support_room_nonlocal,weekend_holiday,12:00-15:00,5900,included,per_3_hours,"控室2・区外・土日休日・午後1",,2026-08-05,verified,https://www.ota.esforta.jp/guide/,"付帯設備・控室単独利用","指定管理者公式の現行HTML料金表を確認。税込。控室のみの利用不可。準備・後片付けを利用時間に含む"
PRICE-1662,CAND-196,ota-dressing,facility,support_room_nonlocal,weekend_holiday,15:00-18:00,5900,included,per_3_hours,"控室2・区外・土日休日・午後2",,2026-08-05,verified,https://www.ota.esforta.jp/guide/,"付帯設備・控室単独利用","指定管理者公式の現行HTML料金表を確認。税込。控室のみの利用不可。準備・後片付けを利用時間に含む"
PRICE-1663,CAND-196,ota-dressing,facility,support_room_nonlocal,weekend_holiday,18:00-21:00,5900,included,per_3_hours,"控室2・区外・土日休日・夜間",,2026-08-05,verified,https://www.ota.esforta.jp/guide/,"付帯設備・控室単独利用","指定管理者公式の現行HTML料金表を確認。税込。控室のみの利用不可。準備・後片付けを利用時間に含む"
PRICE-1664,CAND-196,ota-dressing,facility,support_room_nonlocal,weekend_holiday,09:00-21:00,23500,included,per_day,"控室2・区外・土日休日・全日",,2026-08-05,verified,https://www.ota.esforta.jp/guide/,"付帯設備・控室単独利用","指定管理者公式の現行HTML料金表を確認。税込。控室のみの利用不可。準備・後片付けを利用時間に含む"
PRICE-1665,CAND-196,ota-kyudo,facility,individual_general,all,09:00-12:00,400,included,per_session,"弓道場・個人一般・区内外共通・午前",,2026-08-05,verified,https://www.ota.esforta.jp/guide/,"貸切枠・用具・指導","指定管理者公式の現行HTML料金表を確認。税込。初回登録は1級以上の段位証明等が必要"
PRICE-1666,CAND-196,ota-kyudo,facility,individual_general,all,13:00-16:30,450,included,per_session,"弓道場・個人一般・区内外共通・午後",,2026-08-05,verified,https://www.ota.esforta.jp/guide/,"貸切枠・用具・指導","指定管理者公式の現行HTML料金表を確認。税込。初回登録は1級以上の段位証明等が必要"
PRICE-1667,CAND-196,ota-kyudo,facility,individual_general,all,17:30-21:00,500,included,per_session,"弓道場・個人一般・区内外共通・夜間",,2026-08-05,verified,https://www.ota.esforta.jp/guide/,"貸切枠・用具・指導","指定管理者公式の現行HTML料金表を確認。税込。初回登録は1級以上の段位証明等が必要"
PRICE-1668,CAND-196,ota-kyudo,facility,individual_students,all,09:00-12:00,200,included,per_session,"弓道場・個人高校生以下・区内外共通・午前",,2026-08-05,verified,https://www.ota.esforta.jp/guide/,"貸切枠・用具・指導","指定管理者公式の現行HTML料金表を確認。税込。高校生は指導監督者同伴等の条件あり"
PRICE-1669,CAND-196,ota-kyudo,facility,individual_students,all,13:00-16:30,220,included,per_session,"弓道場・個人高校生以下・区内外共通・午後",,2026-08-05,verified,https://www.ota.esforta.jp/guide/,"貸切枠・用具・指導","指定管理者公式の現行HTML料金表を確認。税込。高校生は指導監督者同伴等の条件あり"
PRICE-1670,CAND-196,ota-kyudo,facility,individual_students,all,17:30-21:00,250,included,per_session,"弓道場・個人高校生以下・区内外共通・夜間",,2026-08-05,verified,https://www.ota.esforta.jp/guide/,"貸切枠・用具・指導","指定管理者公式の現行HTML料金表を確認。税込。高校生は指導監督者同伴等の条件あり"
PRICE-1671,CAND-196,ota-kyudo,facility,exclusive_local,all,09:00-12:00,4000,included,per_session,"弓道場・団体貸切・区内・午前",,2026-08-05,verified,https://www.ota.esforta.jp/guide/,"用具・指導・個人枠","指定管理者公式の現行HTML料金表を確認。税込。原則10名以上・団体登録制。準備・後片付けを利用時間に含む"
PRICE-1672,CAND-196,ota-kyudo,facility,exclusive_local,all,13:00-16:30,4500,included,per_session,"弓道場・団体貸切・区内・午後",,2026-08-05,verified,https://www.ota.esforta.jp/guide/,"用具・指導・個人枠","指定管理者公式の現行HTML料金表を確認。税込。原則10名以上・団体登録制。準備・後片付けを利用時間に含む"
PRICE-1673,CAND-196,ota-kyudo,facility,exclusive_local,all,17:30-21:00,5000,included,per_session,"弓道場・団体貸切・区内・夜間",,2026-08-05,verified,https://www.ota.esforta.jp/guide/,"用具・指導・個人枠","指定管理者公式の現行HTML料金表を確認。税込。原則10名以上・団体登録制。準備・後片付けを利用時間に含む"
PRICE-1674,CAND-196,ota-kyudo,facility,exclusive_nonlocal,all,09:00-12:00,4800,included,per_session,"弓道場・団体貸切・区外・午前",,2026-08-05,verified,https://www.ota.esforta.jp/guide/,"用具・指導・個人枠","指定管理者公式の現行HTML料金表を確認。税込。団体登録条件は実申込時要確認。準備・後片付けを利用時間に含む"
PRICE-1675,CAND-196,ota-kyudo,facility,exclusive_nonlocal,all,13:00-16:30,5400,included,per_session,"弓道場・団体貸切・区外・午後",,2026-08-05,verified,https://www.ota.esforta.jp/guide/,"用具・指導・個人枠","指定管理者公式の現行HTML料金表を確認。税込。団体登録条件は実申込時要確認。準備・後片付けを利用時間に含む"
PRICE-1676,CAND-196,ota-kyudo,facility,exclusive_nonlocal,all,17:30-21:00,6000,included,per_session,"弓道場・団体貸切・区外・夜間",,2026-08-05,verified,https://www.ota.esforta.jp/guide/,"用具・指導・個人枠","指定管理者公式の現行HTML料金表を確認。税込。団体登録条件は実申込時要確認。準備・後片付けを利用時間に含む"
PRICE-1677,CAND-196,ota-sub,facility,individual_general,all,18:00-19:30,300,included,per_person,"バスケットボール個人開放・1人1区分",,2026-08-05,verified,https://www.ota.esforta.jp/guide/,"貸切利用・用具・指導","指定管理者公式の現行HTML案内を確認。税込。高校生以上を基本対象とし、前日9時から電話予約、1人1日1区分、定員40名"
PRICE-1678,CAND-196,ota-main,facility,individual_general,all,per_slot,300,included,per_person,"バドミントン個人開放・1人1区分",,2026-08-05,verified,https://www.ota.esforta.jp/guide/,"貸切利用・用具・指導","指定管理者公式の現行HTML案内を確認。税込。9〜12時、12〜15時、15〜18時、18〜21時の各区分。前日9時から電話予約"
PRICE-1679,CAND-196,ota-main,facility,individual_general,all,per_slot,300,included,per_person,"卓球個人開放・1人1区分",,2026-08-05,verified,https://www.ota.esforta.jp/guide/,"貸切利用・用具・指導","指定管理者公式の現行HTML案内を確認。税込。9〜12時、12〜15時、15〜18時、18〜21時の各区分。前日9時から電話予約"
PRICE-1680,CAND-196,ota-sub,facility,individual_general,all,19:30-21:00,300,included,per_person,"バスケットボール個人開放・1人1区分",,2026-08-05,verified,https://www.ota.esforta.jp/guide/,"貸切利用・用具・指導","指定管理者公式の現行HTML案内を確認。税込。高校生以上を基本対象とし、前日9時から電話予約、1人1日1区分、定員40名"
PRICE-1681,CAND-196,ota-main,parking,standard_vehicle,all,per_30_minutes,100,not_stated,per_30_minutes,"地下駐車場・普通車61台",,2026-08-05,verified,https://www.ota.esforta.jp/facility/,"大型車・周辺駐車場・時間超過分","指定管理者公式の現行施設ページを確認。税表記なし。公式料金100円/30分として掲載"
PRICE-1682,CAND-196,ota-main,parking,large_vehicle,all,per_day,2000,not_stated,per_day,"地上大型車両用駐車場・3台",,2026-08-05,verified,https://www.ota.esforta.jp/facility/,"地下駐車場・周辺駐車場・複数日利用","指定管理者公式の現行施設ページを確認。税表記なし。公式料金2,000円/日として掲載"
PRICE-1683,CAND-195,chiba-port-sub,facility,amateur_sports_no_admission,weekday,09:00-13:00,7580,not_stated,per_4_hours,"サブアリーナ専用・一般・平日・午前",2026-04-01,2026-08-05,verified,https://chibacity.spo-sin.or.jp/shisetu/arena-top/arena-price/,"冷暖房・放送設備・入場料徴収・非スポーツ利用","指定管理者公式の現行料金ページを確認。税表記なし。準備撤去利用は減額規定あり"
PRICE-1684,CAND-195,chiba-port-sub,facility,amateur_sports_no_admission,weekday,13:00-17:00,8840,not_stated,per_4_hours,"サブアリーナ専用・一般・平日・午後",2026-04-01,2026-08-05,verified,https://chibacity.spo-sin.or.jp/shisetu/arena-top/arena-price/,"冷暖房・放送設備・入場料徴収・非スポーツ利用","指定管理者公式の現行料金ページを確認。税表記なし。準備撤去利用は減額規定あり"
PRICE-1685,CAND-195,chiba-port-sub,facility,amateur_sports_no_admission,weekday,17:00-21:00,8840,not_stated,per_4_hours,"サブアリーナ専用・一般・平日・夜間",2026-04-01,2026-08-05,verified,https://chibacity.spo-sin.or.jp/shisetu/arena-top/arena-price/,"冷暖房・放送設備・入場料徴収・非スポーツ利用","指定管理者公式の現行料金ページを確認。税表記なし。準備撤去利用は減額規定あり"
PRICE-1686,CAND-195,chiba-port-sub,facility,amateur_sports_no_admission,weekday,09:00-21:00,25260,not_stated,per_day,"サブアリーナ専用・一般・平日・全日",2026-04-01,2026-08-05,verified,https://chibacity.spo-sin.or.jp/shisetu/arena-top/arena-price/,"冷暖房・放送設備・入場料徴収・非スポーツ利用","指定管理者公式の現行料金ページを確認。税表記なし。準備撤去利用は減額規定あり"
PRICE-1687,CAND-195,chiba-port-sub,facility,amateur_sports_no_admission,weekend_holiday,09:00-13:00,9090,not_stated,per_4_hours,"サブアリーナ専用・一般・土日祝・午前",2026-04-01,2026-08-05,verified,https://chibacity.spo-sin.or.jp/shisetu/arena-top/arena-price/,"冷暖房・放送設備・入場料徴収・非スポーツ利用","指定管理者公式の現行料金ページを確認。税表記なし。準備撤去利用は減額規定あり"
PRICE-1688,CAND-195,chiba-port-sub,facility,amateur_sports_no_admission,weekend_holiday,13:00-17:00,10610,not_stated,per_4_hours,"サブアリーナ専用・一般・土日祝・午後",2026-04-01,2026-08-05,verified,https://chibacity.spo-sin.or.jp/shisetu/arena-top/arena-price/,"冷暖房・放送設備・入場料徴収・非スポーツ利用","指定管理者公式の現行料金ページを確認。税表記なし。準備撤去利用は減額規定あり"
PRICE-1689,CAND-195,chiba-port-sub,facility,amateur_sports_no_admission,weekend_holiday,17:00-21:00,10610,not_stated,per_4_hours,"サブアリーナ専用・一般・土日祝・夜間",2026-04-01,2026-08-05,verified,https://chibacity.spo-sin.or.jp/shisetu/arena-top/arena-price/,"冷暖房・放送設備・入場料徴収・非スポーツ利用","指定管理者公式の現行料金ページを確認。税表記なし。準備撤去利用は減額規定あり"
PRICE-1690,CAND-195,chiba-port-sub,facility,amateur_sports_no_admission,weekend_holiday,09:00-21:00,30310,not_stated,per_day,"サブアリーナ専用・一般・土日祝・全日",2026-04-01,2026-08-05,verified,https://chibacity.spo-sin.or.jp/shisetu/arena-top/arena-price/,"冷暖房・放送設備・入場料徴収・非スポーツ利用","指定管理者公式の現行料金ページを確認。税表記なし。準備撤去利用は減額規定あり"
PRICE-1691,CAND-195,chiba-port-sub,facility,individual_general,all,up_to_2_hours,590,not_stated,per_person,"サブアリーナ個人利用・一般・2時間まで",2026-04-01,2026-08-05,verified,https://chibacity.spo-sin.or.jp/shisetu/arena-top/arena-sub/,"用具・室内シューズ・超過利用","指定管理者公式の現行施設ページを確認。税表記なし"
PRICE-1692,CAND-195,chiba-port-sub,facility,individual_general,all,per_extra_hour,295,not_stated,per_person_per_hour,"サブアリーナ個人利用・一般・超過1時間",2026-04-01,2026-08-05,verified,https://chibacity.spo-sin.or.jp/shisetu/arena-top/arena-sub/,"基本2時間・用具・室内シューズ","指定管理者公式の現行施設ページを確認。税表記なし"
PRICE-1693,CAND-195,chiba-port-sub,facility,individual_students,all,up_to_2_hours,280,not_stated,per_person,"サブアリーナ個人利用・中高校生・2時間まで",2026-04-01,2026-08-05,verified,https://chibacity.spo-sin.or.jp/shisetu/arena-top/arena-sub/,"用具・室内シューズ・超過利用","指定管理者公式の現行施設ページを確認。税表記なし"
PRICE-1694,CAND-195,chiba-port-sub,facility,individual_students,all,per_extra_hour,140,not_stated,per_person_per_hour,"サブアリーナ個人利用・中高校生・超過1時間",2026-04-01,2026-08-05,verified,https://chibacity.spo-sin.or.jp/shisetu/arena-top/arena-sub/,"基本2時間・用具・室内シューズ","指定管理者公式の現行施設ページを確認。税表記なし"
PRICE-1695,CAND-195,chiba-port-sub,facility,youth_education,all,up_to_2_hours,190,not_stated,per_person,"サブアリーナ個人利用・小学生以下・2時間まで",2026-04-01,2026-08-05,verified,https://chibacity.spo-sin.or.jp/shisetu/arena-top/arena-sub/,"用具・室内シューズ・超過利用","指定管理者公式の現行施設ページを確認。税表記なし"
PRICE-1696,CAND-195,chiba-port-sub,facility,youth_education,all,per_extra_hour,95,not_stated,per_person_per_hour,"サブアリーナ個人利用・小学生以下・超過1時間",2026-04-01,2026-08-05,verified,https://chibacity.spo-sin.or.jp/shisetu/arena-top/arena-sub/,"基本2時間・用具・室内シューズ","指定管理者公式の現行施設ページを確認。税表記なし"
PRICE-1697,CAND-195,chiba-port-training-2,facility,amateur_sports_no_admission,all,09:00-13:00,4270,not_stated,per_4_hours,"トレーニング室2専用・一般・午前",2026-04-01,2026-08-05,verified,https://chibacity.spo-sin.or.jp/shisetu/arena-top/arena-price/,"放送設備・マイク・更衣ロッカー","指定管理者公式の現行料金ページを確認。税表記なし"
PRICE-1698,CAND-195,chiba-port-training-2,facility,amateur_sports_no_admission,all,13:00-17:00,4980,not_stated,per_4_hours,"トレーニング室2専用・一般・午後",2026-04-01,2026-08-05,verified,https://chibacity.spo-sin.or.jp/shisetu/arena-top/arena-price/,"放送設備・マイク・更衣ロッカー","指定管理者公式の現行料金ページを確認。税表記なし"
PRICE-1699,CAND-195,chiba-port-training-2,facility,amateur_sports_no_admission,all,17:00-21:00,4980,not_stated,per_4_hours,"トレーニング室2専用・一般・夜間",2026-04-01,2026-08-05,verified,https://chibacity.spo-sin.or.jp/shisetu/arena-top/arena-price/,"放送設備・マイク・更衣ロッカー","指定管理者公式の現行料金ページを確認。税表記なし"
PRICE-1700,CAND-195,chiba-port-training-2,facility,amateur_sports_no_admission,all,09:00-21:00,14230,not_stated,per_day,"トレーニング室2専用・一般・全日",2026-04-01,2026-08-05,verified,https://chibacity.spo-sin.or.jp/shisetu/arena-top/arena-price/,"放送設備・マイク・更衣ロッカー","指定管理者公式の現行料金ページを確認。税表記なし"
PRICE-1701,CAND-195,chiba-port-training-2,facility,individual_general,all,up_to_2_hours,190,not_stated,per_person,"トレーニング室2個人利用・2時間まで",2026-04-01,2026-08-05,verified,https://chibacity.spo-sin.or.jp/shisetu/arena-top/arena-training02/,"放送設備・マイク・更衣ロッカー・超過利用","指定管理者公式の現行施設ページを確認。税表記なし。利用種目制限あり"
PRICE-1702,CAND-195,chiba-port-training-2,facility,individual_general,all,per_extra_hour,95,not_stated,per_person_per_hour,"トレーニング室2個人利用・超過1時間",2026-04-01,2026-08-05,verified,https://chibacity.spo-sin.or.jp/shisetu/arena-top/arena-training02/,"基本2時間・放送設備・マイク・更衣ロッカー","指定管理者公式の現行施設ページを確認。税表記なし。利用種目制限あり"
PRICE-1703,CAND-195,chiba-port-main,facility,amateur_sports_paid_admission,weekday,09:00-13:00,118800,not_stated,per_4_hours,"メイン全面・入場料徴収アマチュアスポーツ等・平日・午前",2026-04-01,2026-08-05,verified,https://chibacity.spo-sin.or.jp/shisetu/arena-top/arena-price/,"冷暖房・照明・大型映像・附属設備","指定管理者公式の2026年4月改定現行料金表を確認。税表記なし。興行を目的としないアマチュアスポーツ・レクリエーション等"
PRICE-1704,CAND-195,chiba-port-main,facility,amateur_sports_paid_admission,weekday,13:00-17:00,138600,not_stated,per_4_hours,"メイン全面・入場料徴収アマチュアスポーツ等・平日・午後",2026-04-01,2026-08-05,verified,https://chibacity.spo-sin.or.jp/shisetu/arena-top/arena-price/,"冷暖房・照明・大型映像・附属設備","指定管理者公式の2026年4月改定現行料金表を確認。税表記なし。興行を目的としないアマチュアスポーツ・レクリエーション等"
PRICE-1705,CAND-195,chiba-port-main,facility,amateur_sports_paid_admission,weekday,17:00-21:00,138600,not_stated,per_4_hours,"メイン全面・入場料徴収アマチュアスポーツ等・平日・夜間",2026-04-01,2026-08-05,verified,https://chibacity.spo-sin.or.jp/shisetu/arena-top/arena-price/,"冷暖房・照明・大型映像・附属設備","指定管理者公式の2026年4月改定現行料金表を確認。税表記なし。興行を目的としないアマチュアスポーツ・レクリエーション等"
PRICE-1706,CAND-195,chiba-port-main,facility,amateur_sports_paid_admission,weekday,09:00-21:00,396000,not_stated,per_day,"メイン全面・入場料徴収アマチュアスポーツ等・平日・全日",2026-04-01,2026-08-05,verified,https://chibacity.spo-sin.or.jp/shisetu/arena-top/arena-price/,"冷暖房・照明・大型映像・附属設備","指定管理者公式の2026年4月改定現行料金表を確認。税表記なし。興行を目的としないアマチュアスポーツ・レクリエーション等"
PRICE-1707,CAND-195,chiba-port-main,facility,non_sports_no_admission_commercial,weekday,09:00-13:00,237600,not_stated,per_4_hours,"メイン全面・見本市/商品展示/営利宣伝・平日・午前",2026-04-01,2026-08-05,verified,https://chibacity.spo-sin.or.jp/shisetu/arena-top/arena-price/,"冷暖房・照明・大型映像・附属設備","指定管理者公式の2026年4月改定現行料金表を確認。税表記なし。入場料等を徴収しない非スポーツ営利・宣伝行事"
PRICE-1708,CAND-195,chiba-port-main,facility,non_sports_no_admission_commercial,weekday,13:00-17:00,277200,not_stated,per_4_hours,"メイン全面・見本市/商品展示/営利宣伝・平日・午後",2026-04-01,2026-08-05,verified,https://chibacity.spo-sin.or.jp/shisetu/arena-top/arena-price/,"冷暖房・照明・大型映像・附属設備","指定管理者公式の2026年4月改定現行料金表を確認。税表記なし。入場料等を徴収しない非スポーツ営利・宣伝行事"
PRICE-1709,CAND-195,chiba-port-main,facility,non_sports_no_admission_commercial,weekday,17:00-21:00,277200,not_stated,per_4_hours,"メイン全面・見本市/商品展示/営利宣伝・平日・夜間",2026-04-01,2026-08-05,verified,https://chibacity.spo-sin.or.jp/shisetu/arena-top/arena-price/,"冷暖房・照明・大型映像・附属設備","指定管理者公式の2026年4月改定現行料金表を確認。税表記なし。入場料等を徴収しない非スポーツ営利・宣伝行事"
PRICE-1710,CAND-195,chiba-port-main,facility,non_sports_no_admission_commercial,weekday,09:00-21:00,792000,not_stated,per_day,"メイン全面・見本市/商品展示/営利宣伝・平日・全日",2026-04-01,2026-08-05,verified,https://chibacity.spo-sin.or.jp/shisetu/arena-top/arena-price/,"冷暖房・照明・大型映像・附属設備","指定管理者公式の2026年4月改定現行料金表を確認。税表記なし。入場料等を徴収しない非スポーツ営利・宣伝行事"
PRICE-1711,CAND-195,chiba-port-main,facility,non_sports_admission_nonprofit,weekday,09:00-13:00,178200,not_stated,per_4_hours,"メイン全面・入場料徴収集会/催事・平日・午前",2026-04-01,2026-08-05,verified,https://chibacity.spo-sin.or.jp/shisetu/arena-top/arena-price/,"冷暖房・照明・大型映像・附属設備","指定管理者公式の2026年4月改定現行料金表を確認。税表記なし。各種集会・催し・類似行事"
PRICE-1712,CAND-195,chiba-port-main,facility,non_sports_admission_nonprofit,weekday,13:00-17:00,207900,not_stated,per_4_hours,"メイン全面・入場料徴収集会/催事・平日・午後",2026-04-01,2026-08-05,verified,https://chibacity.spo-sin.or.jp/shisetu/arena-top/arena-price/,"冷暖房・照明・大型映像・附属設備","指定管理者公式の2026年4月改定現行料金表を確認。税表記なし。各種集会・催し・類似行事"
PRICE-1713,CAND-195,chiba-port-main,facility,non_sports_admission_nonprofit,weekday,17:00-21:00,207900,not_stated,per_4_hours,"メイン全面・入場料徴収集会/催事・平日・夜間",2026-04-01,2026-08-05,verified,https://chibacity.spo-sin.or.jp/shisetu/arena-top/arena-price/,"冷暖房・照明・大型映像・附属設備","指定管理者公式の2026年4月改定現行料金表を確認。税表記なし。各種集会・催し・類似行事"
PRICE-1714,CAND-195,chiba-port-main,facility,non_sports_admission_nonprofit,weekday,09:00-21:00,594000,not_stated,per_day,"メイン全面・入場料徴収集会/催事・平日・全日",2026-04-01,2026-08-05,verified,https://chibacity.spo-sin.or.jp/shisetu/arena-top/arena-price/,"冷暖房・照明・大型映像・附属設備","指定管理者公式の2026年4月改定現行料金表を確認。税表記なし。各種集会・催し・類似行事"
PRICE-1715,CAND-195,chiba-port-main,facility,non_sports_admission_commercial,weekday,09:00-13:00,475200,not_stated,per_4_hours,"メイン全面・プロスポーツ/コンサート等興行・平日・午前",2026-04-01,2026-08-05,verified,https://chibacity.spo-sin.or.jp/shisetu/arena-top/arena-price/,"冷暖房・照明・大型映像・附属設備","指定管理者公式の2026年4月改定現行料金表を確認。税表記なし。入場料徴収の興行目的行事"
PRICE-1716,CAND-195,chiba-port-main,facility,non_sports_admission_commercial,weekday,13:00-17:00,554400,not_stated,per_4_hours,"メイン全面・プロスポーツ/コンサート等興行・平日・午後",2026-04-01,2026-08-05,verified,https://chibacity.spo-sin.or.jp/shisetu/arena-top/arena-price/,"冷暖房・照明・大型映像・附属設備","指定管理者公式の2026年4月改定現行料金表を確認。税表記なし。入場料徴収の興行目的行事"
PRICE-1717,CAND-195,chiba-port-main,facility,non_sports_admission_commercial,weekday,17:00-21:00,554400,not_stated,per_4_hours,"メイン全面・プロスポーツ/コンサート等興行・平日・夜間",2026-04-01,2026-08-05,verified,https://chibacity.spo-sin.or.jp/shisetu/arena-top/arena-price/,"冷暖房・照明・大型映像・附属設備","指定管理者公式の2026年4月改定現行料金表を確認。税表記なし。入場料徴収の興行目的行事"
PRICE-1718,CAND-195,chiba-port-main,facility,non_sports_admission_commercial,weekday,09:00-21:00,1584000,not_stated,per_day,"メイン全面・プロスポーツ/コンサート等興行・平日・全日",2026-04-01,2026-08-05,verified,https://chibacity.spo-sin.or.jp/shisetu/arena-top/arena-price/,"冷暖房・照明・大型映像・附属設備","指定管理者公式の2026年4月改定現行料金表を確認。税表記なし。入場料徴収の興行目的行事"
PRICE-1719,CAND-195,chiba-port-main,facility,amateur_sports_paid_admission,weekend_holiday,09:00-13:00,142560,not_stated,per_4_hours,"メイン全面・入場料徴収アマチュアスポーツ等・土日祝・午前",2026-04-01,2026-08-05,verified,https://chibacity.spo-sin.or.jp/shisetu/arena-top/arena-price/,"冷暖房・照明・大型映像・附属設備","指定管理者公式の2026年4月改定現行料金表を確認。税表記なし。興行を目的としないアマチュアスポーツ・レクリエーション等"
PRICE-1720,CAND-195,chiba-port-main,facility,amateur_sports_paid_admission,weekend_holiday,13:00-17:00,166320,not_stated,per_4_hours,"メイン全面・入場料徴収アマチュアスポーツ等・土日祝・午後",2026-04-01,2026-08-05,verified,https://chibacity.spo-sin.or.jp/shisetu/arena-top/arena-price/,"冷暖房・照明・大型映像・附属設備","指定管理者公式の2026年4月改定現行料金表を確認。税表記なし。興行を目的としないアマチュアスポーツ・レクリエーション等"
PRICE-1721,CAND-195,chiba-port-main,facility,amateur_sports_paid_admission,weekend_holiday,17:00-21:00,166320,not_stated,per_4_hours,"メイン全面・入場料徴収アマチュアスポーツ等・土日祝・夜間",2026-04-01,2026-08-05,verified,https://chibacity.spo-sin.or.jp/shisetu/arena-top/arena-price/,"冷暖房・照明・大型映像・附属設備","指定管理者公式の2026年4月改定現行料金表を確認。税表記なし。興行を目的としないアマチュアスポーツ・レクリエーション等"
PRICE-1722,CAND-195,chiba-port-main,facility,amateur_sports_paid_admission,weekend_holiday,09:00-21:00,475200,not_stated,per_day,"メイン全面・入場料徴収アマチュアスポーツ等・土日祝・全日",2026-04-01,2026-08-05,verified,https://chibacity.spo-sin.or.jp/shisetu/arena-top/arena-price/,"冷暖房・照明・大型映像・附属設備","指定管理者公式の2026年4月改定現行料金表を確認。税表記なし。興行を目的としないアマチュアスポーツ・レクリエーション等"
PRICE-1723,CAND-195,chiba-port-main,facility,non_sports_no_admission_commercial,weekend_holiday,09:00-13:00,285120,not_stated,per_4_hours,"メイン全面・見本市/商品展示/営利宣伝・土日祝・午前",2026-04-01,2026-08-05,verified,https://chibacity.spo-sin.or.jp/shisetu/arena-top/arena-price/,"冷暖房・照明・大型映像・附属設備","指定管理者公式の2026年4月改定現行料金表を確認。税表記なし。入場料等を徴収しない非スポーツ営利・宣伝行事"
PRICE-1724,CAND-195,chiba-port-main,facility,non_sports_no_admission_commercial,weekend_holiday,13:00-17:00,332640,not_stated,per_4_hours,"メイン全面・見本市/商品展示/営利宣伝・土日祝・午後",2026-04-01,2026-08-05,verified,https://chibacity.spo-sin.or.jp/shisetu/arena-top/arena-price/,"冷暖房・照明・大型映像・附属設備","指定管理者公式の2026年4月改定現行料金表を確認。税表記なし。入場料等を徴収しない非スポーツ営利・宣伝行事"
PRICE-1725,CAND-195,chiba-port-main,facility,non_sports_no_admission_commercial,weekend_holiday,17:00-21:00,332640,not_stated,per_4_hours,"メイン全面・見本市/商品展示/営利宣伝・土日祝・夜間",2026-04-01,2026-08-05,verified,https://chibacity.spo-sin.or.jp/shisetu/arena-top/arena-price/,"冷暖房・照明・大型映像・附属設備","指定管理者公式の2026年4月改定現行料金表を確認。税表記なし。入場料等を徴収しない非スポーツ営利・宣伝行事"
PRICE-1726,CAND-195,chiba-port-main,facility,non_sports_no_admission_commercial,weekend_holiday,09:00-21:00,950400,not_stated,per_day,"メイン全面・見本市/商品展示/営利宣伝・土日祝・全日",2026-04-01,2026-08-05,verified,https://chibacity.spo-sin.or.jp/shisetu/arena-top/arena-price/,"冷暖房・照明・大型映像・附属設備","指定管理者公式の2026年4月改定現行料金表を確認。税表記なし。入場料等を徴収しない非スポーツ営利・宣伝行事"
PRICE-1727,CAND-195,chiba-port-main,facility,non_sports_admission_nonprofit,weekend_holiday,09:00-13:00,213840,not_stated,per_4_hours,"メイン全面・入場料徴収集会/催事・土日祝・午前",2026-04-01,2026-08-05,verified,https://chibacity.spo-sin.or.jp/shisetu/arena-top/arena-price/,"冷暖房・照明・大型映像・附属設備","指定管理者公式の2026年4月改定現行料金表を確認。税表記なし。各種集会・催し・類似行事"
PRICE-1728,CAND-195,chiba-port-main,facility,non_sports_admission_nonprofit,weekend_holiday,13:00-17:00,249480,not_stated,per_4_hours,"メイン全面・入場料徴収集会/催事・土日祝・午後",2026-04-01,2026-08-05,verified,https://chibacity.spo-sin.or.jp/shisetu/arena-top/arena-price/,"冷暖房・照明・大型映像・附属設備","指定管理者公式の2026年4月改定現行料金表を確認。税表記なし。各種集会・催し・類似行事"
PRICE-1729,CAND-195,chiba-port-main,facility,non_sports_admission_nonprofit,weekend_holiday,17:00-21:00,249480,not_stated,per_4_hours,"メイン全面・入場料徴収集会/催事・土日祝・夜間",2026-04-01,2026-08-05,verified,https://chibacity.spo-sin.or.jp/shisetu/arena-top/arena-price/,"冷暖房・照明・大型映像・附属設備","指定管理者公式の2026年4月改定現行料金表を確認。税表記なし。各種集会・催し・類似行事"
PRICE-1730,CAND-195,chiba-port-main,facility,non_sports_admission_nonprofit,weekend_holiday,09:00-21:00,712800,not_stated,per_day,"メイン全面・入場料徴収集会/催事・土日祝・全日",2026-04-01,2026-08-05,verified,https://chibacity.spo-sin.or.jp/shisetu/arena-top/arena-price/,"冷暖房・照明・大型映像・附属設備","指定管理者公式の2026年4月改定現行料金表を確認。税表記なし。各種集会・催し・類似行事"
PRICE-1731,CAND-195,chiba-port-main,facility,non_sports_admission_commercial,weekend_holiday,09:00-13:00,570240,not_stated,per_4_hours,"メイン全面・プロスポーツ/コンサート等興行・土日祝・午前",2026-04-01,2026-08-05,verified,https://chibacity.spo-sin.or.jp/shisetu/arena-top/arena-price/,"冷暖房・照明・大型映像・附属設備","指定管理者公式の2026年4月改定現行料金表を確認。税表記なし。入場料徴収の興行目的行事"
PRICE-1732,CAND-195,chiba-port-main,facility,non_sports_admission_commercial,weekend_holiday,13:00-17:00,665280,not_stated,per_4_hours,"メイン全面・プロスポーツ/コンサート等興行・土日祝・午後",2026-04-01,2026-08-05,verified,https://chibacity.spo-sin.or.jp/shisetu/arena-top/arena-price/,"冷暖房・照明・大型映像・附属設備","指定管理者公式の2026年4月改定現行料金表を確認。税表記なし。入場料徴収の興行目的行事"
PRICE-1733,CAND-195,chiba-port-main,facility,non_sports_admission_commercial,weekend_holiday,17:00-21:00,665280,not_stated,per_4_hours,"メイン全面・プロスポーツ/コンサート等興行・土日祝・夜間",2026-04-01,2026-08-05,verified,https://chibacity.spo-sin.or.jp/shisetu/arena-top/arena-price/,"冷暖房・照明・大型映像・附属設備","指定管理者公式の2026年4月改定現行料金表を確認。税表記なし。入場料徴収の興行目的行事"
PRICE-1734,CAND-195,chiba-port-main,facility,non_sports_admission_commercial,weekend_holiday,09:00-21:00,1900800,not_stated,per_day,"メイン全面・プロスポーツ/コンサート等興行・土日祝・全日",2026-04-01,2026-08-05,verified,https://chibacity.spo-sin.or.jp/shisetu/arena-top/arena-price/,"冷暖房・照明・大型映像・附属設備","指定管理者公式の2026年4月改定現行料金表を確認。税表記なし。入場料徴収の興行目的行事"
PRICE-1735,CAND-195,chiba-port-main,lighting,full,all,per_hour,5500,not_stated,per_hour,"メインアリーナ特別照明・全灯",2026-04-01,2026-08-05,verified,https://chibacity.spo-sin.or.jp/shisetu/arena-top/arena-price/,"基本使用料・通常照明・電源","指定管理者公式の2026年4月改定現行料金表を確認。税表記なし"
PRICE-1736,CAND-195,chiba-port-main,lighting,half,all,per_hour,2720,not_stated,per_hour,"メインアリーナ特別照明・半灯",2026-04-01,2026-08-05,verified,https://chibacity.spo-sin.or.jp/shisetu/arena-top/arena-price/,"基本使用料・通常照明・電源","指定管理者公式の2026年4月改定現行料金表を確認。税表記なし"
PRICE-1737,CAND-195,chiba-port-main,video,large_display,all,per_hour,11000,not_stated,per_hour,"メインアリーナ大型映像装置",2026-04-01,2026-08-05,verified,https://chibacity.spo-sin.or.jp/shisetu/arena-top/arena-price/,"基本使用料・映像制作・オペレーター・電源","指定管理者公式の2026年4月改定現行料金表を確認。税表記なし"
PRICE-1738,CAND-195,chiba-port-main,audio,broadcast_system,all,per_hour,2200,not_stated,per_hour,"メインアリーナ放送設備・マイク除く",2026-04-01,2026-08-05,verified,https://chibacity.spo-sin.or.jp/shisetu/arena-top/arena-price/,"基本使用料・マイク・オペレーター・電源","指定管理者公式の2026年4月改定現行料金表を確認。税表記なし"
PRICE-1739,CAND-195,chiba-port-sub,hvac,all,all,per_hour,6600,not_stated,per_hour,"サブアリーナ冷暖房設備",2026-04-01,2026-08-05,verified,https://chibacity.spo-sin.or.jp/shisetu/arena-top/arena-price/,"基本使用料・延長利用","指定管理者公式の2026年4月改定現行料金表を確認。税表記なし"
PRICE-1740,CAND-195,chiba-port-sub,audio,broadcast_system,all,per_hour,520,not_stated,per_hour,"サブアリーナ放送設備・マイク除く",2026-04-01,2026-08-05,verified,https://chibacity.spo-sin.or.jp/shisetu/arena-top/arena-price/,"基本使用料・マイク・オペレーター・電源","指定管理者公式の2026年4月改定現行料金表を確認。税表記なし"
PRICE-1741,CAND-195,chiba-port-training-2,audio,broadcast_system,all,per_hour,520,not_stated,per_hour,"トレーニング室2放送設備・マイク除く",2026-04-01,2026-08-05,verified,https://chibacity.spo-sin.or.jp/shisetu/arena-top/arena-price/,"基本使用料・マイク・オペレーター・電源","指定管理者公式の2026年4月改定現行料金表を確認。税表記なし"
PRICE-1742,CAND-195,chiba-port-main,audio,microphone,all,per_day,1100,not_stated,per_day,"マイクロホン・1本",2026-04-01,2026-08-05,verified,https://chibacity.spo-sin.or.jp/shisetu/arena-top/arena-price/,"放送設備・オペレーター・電源","指定管理者公式の2026年4月改定現行料金表を確認。税表記なし。施設共通附属設備として掲載"
PRICE-1743,CAND-195,chiba-port-main,equipment,electronic_scoreboard,all,per_day,5500,not_stated,per_day,"電光得点板・1組",2026-04-01,2026-08-05,verified,https://chibacity.spo-sin.or.jp/shisetu/arena-top/arena-price/,"基本使用料・操作員・電源","指定管理者公式の2026年4月改定現行料金表を確認。税表記なし"
PRICE-1744,CAND-195,chiba-port-main,equipment,floor_sheet,all,per_day,2730,not_stated,per_day,"メインアリーナ用フロアシート・1枚",2026-04-01,2026-08-05,verified,https://chibacity.spo-sin.or.jp/shisetu/arena-top/arena-price/,"基本使用料・敷設撤去・必要枚数","指定管理者公式の2026年4月改定現行料金表を確認。税表記なし"
PRICE-1745,CAND-195,chiba-port-sub,equipment,floor_sheet,all,per_day,1100,not_stated,per_day,"サブアリーナ用フロアシート・1枚",2026-04-01,2026-08-05,verified,https://chibacity.spo-sin.or.jp/shisetu/arena-top/arena-price/,"基本使用料・敷設撤去・必要枚数","指定管理者公式の2026年4月改定現行料金表を確認。税表記なし"
PRICE-1746,CAND-195,chiba-port-main,equipment,movable_seating,all,per_day,22000,not_stated,per_day,"移動観覧席・1基",2026-04-01,2026-08-05,verified,https://chibacity.spo-sin.or.jp/shisetu/arena-top/arena-price/,"基本使用料・設営撤去・必要基数","指定管理者公式の2026年4月改定現行料金表を確認。税表記なし"
PRICE-1747,CAND-195,chiba-port-main,power,brought_in_electrical_device,all,per_hour,100,not_stated,per_kw_hour,"持込電気器具電源・1kW",2026-04-01,2026-08-05,verified,https://chibacity.spo-sin.or.jp/shisetu/arena-top/arena-price/,"基本使用料・配線・電気工事・超過電力","指定管理者公式の2026年4月改定現行料金表を確認。税表記なし"
