url,datasets,references,http_status,check_status,final_url,content_type,checked_at,note
https://2021jj.yoyocontest.jp/,historical-events.csv,JUNIOR-2021,200,reachable,https://2021jj.yoyocontest.jp/,text/html; charset=UTF-8,2026-08-09T02:15:27.140Z,
https://2022jj.yoyocontest.jp/,historical-events.csv,JUNIOR-2022,200,reachable,https://2022jj.yoyocontest.jp/,text/html; charset=UTF-8,2026-08-09T02:15:27.140Z,
https://2023jj.yoyocontest.jp/,historical-events.csv,JUNIOR-2023,200,reachable,https://2023jj.yoyocontest.jp/,text/html; charset=UTF-8,2026-08-09T02:15:27.140Z,
https://21ccic.bunmori.tokushima.jp/equip.html,candidate-venues.csv;venue-details.csv,CAND-1072;DETAIL-6432;DETAIL-6433;DETAIL-6434;DETAIL-6435;DETAIL-6436;DETAIL-6437,206,reachable,https://21ccic.bunmori.tokushima.jp/equip.html,text/html,2026-08-09T02:15:27.140Z,
https://a-a-s-a.or.jp/app/wp-content/uploads/2026/07/e6b41167d4401a8ddc5c8b5a38a43ac3.pdf,price-observations.csv,PRICE-589;PRICE-590;PRICE-591;PRICE-592;PRICE-593;PRICE-594,206,reachable,https://a-a-s-a.or.jp/app/wp-content/uploads/2026/07/e6b41167d4401a8ddc5c8b5a38a43ac3.pdf,application/pdf,2026-08-09T02:15:27.140Z,
https://a-a-s-a.or.jp/facility/sougou/,venue-operations.csv,OP-172:operations_source_url,200,reachable,https://a-a-s-a.or.jp/facility/sougou/,text/html; charset=UTF-8,2026-08-09T02:15:27.140Z,
https://a-a-s-a.or.jp/facility/sougou/reservation/,venue-operations.csv,OP-172:booking_source_url,200,reachable,https://a-a-s-a.or.jp/facility/sougou/reservation/,text/html; charset=UTF-8,2026-08-09T02:15:27.140Z,
https://akiat.jp/venue/,candidate-venues.csv,CAND-023,200,reachable,https://akiat.jp/venue/,text/html; charset=UTF-8,2026-08-09T02:15:27.140Z,
https://ao-re.jp/access,venue-operations.csv,OP-098:access_source_url,200,reachable,https://ao-re.jp/access,text/html; charset=UTF-8,2026-08-09T02:15:27.140Z,
https://ao-re.jp/wp-content/uploads/2025/08/656440dda7f7bac176e145f0320d8e23.pdf,price-observations.csv;venue-operations.csv,OP-098:booking_source_url;PRICE-367,206,reachable,https://ao-re.jp/wp-content/uploads/2025/08/656440dda7f7bac176e145f0320d8e23.pdf,application/pdf,2026-08-09T02:15:27.140Z,
https://aomori-arena.jp/access/,venue-operations.csv,OP-158:access_source_url,200,reachable,https://aomori-arena.jp/access/,text/html; charset=UTF-8,2026-08-09T02:15:27.140Z,
https://aomori-arena.jp/facility/,candidate-venues.csv;venue-details.csv,CAND-184;DETAIL-272,200,reachable,https://aomori-arena.jp/facility/,text/html; charset=UTF-8,2026-08-09T02:15:27.140Z,
https://aomori-arena.jp/guide/,venue-operations.csv,OP-158:booking_source_url;OP-158:operations_source_url,200,reachable,https://aomori-arena.jp/guide/,text/html; charset=UTF-8,2026-08-09T02:15:27.140Z,
https://aomori-arena.jp/price/,price-observations.csv,PRICE-525;PRICE-526;PRICE-527;PRICE-528;PRICE-529,200,reachable,https://aomori-arena.jp/price/,text/html; charset=UTF-8,2026-08-09T02:15:27.140Z,
https://aomori-sportspark.jp/info/access/,venue-operations.csv,OP-150:access_source_url;OP-209:access_source_url,200,reachable,https://aomori-sportspark.jp/info/access/,text/html; charset=UTF-8,2026-08-09T02:15:27.140Z,
https://aomori-sportspark.jp/info/caution/,venue-operations.csv,OP-209:operations_source_url,200,reachable,https://aomori-sportspark.jp/info/caution/,text/html; charset=UTF-8,2026-08-09T02:15:27.140Z,
https://aomori-sportspark.jp/info/charge/,price-observations.csv,PRICE-496;PRICE-497;PRICE-498;PRICE-499;PRICE-794;PRICE-795;PRICE-796;PRICE-797;PRICE-798;PRICE-799;PRICE-800,200,reachable,https://aomori-sportspark.jp/info/charge/,text/html; charset=UTF-8,2026-08-09T02:15:27.140Z,
https://aomori-sportspark.jp/info/organizer/,venue-details.csv,DETAIL-348,200,reachable,https://aomori-sportspark.jp/info/organizer/,text/html; charset=UTF-8,2026-08-09T02:15:27.140Z,
https://aomori-sportspark.jp/info/usage-flow/,venue-operations.csv,OP-150:booking_source_url;OP-150:operations_source_url;OP-209:booking_source_url,200,reachable,https://aomori-sportspark.jp/info/usage-flow/,text/html; charset=UTF-8,2026-08-09T02:15:27.140Z,
https://aomori-sportspark.jp/new_athletic_park/subarena/,venue-details.csv,DETAIL-353,200,reachable,https://aomori-sportspark.jp/new_athletic_park/subarena/,text/html; charset=UTF-8,2026-08-09T02:15:27.140Z,
https://ariake-arena.tokyo/access/,venue-operations.csv,OP-070:access_source_url,200,reachable,https://ariake-arena.tokyo/access/,text/html; charset=UTF-8,2026-08-09T02:15:27.140Z,
https://ariake-arena.tokyo/author/ariake_spc/,venue-operations.csv,OP-070:booking_source_url,200,reachable,https://ariake-arena.tokyo/author/ariake_spc/,text/html; charset=UTF-8,2026-08-09T02:15:27.140Z,
https://ariake-arena.tokyo/organizer/main-arena/,candidate-venues.csv;venue-details.csv,CAND-084;DETAIL-143,200,reachable,https://ariake-arena.tokyo/organizer/main-arena/,text/html; charset=UTF-8,2026-08-09T02:15:27.140Z,
https://ariake-arena.tokyo/organizer/sub-arena/,venue-details.csv,DETAIL-144,200,reachable,https://ariake-arena.tokyo/organizer/sub-arena/,text/html; charset=UTF-8,2026-08-09T02:15:27.140Z,
https://ariake-arena.tokyo/wp-content/themes/ariake-arena/assets/images/page/riyoryoukin.pdf,price-observations.csv;venue-operations.csv,OP-070:operations_source_url;PRICE-1007;PRICE-1008;PRICE-1009;PRICE-1010;PRICE-1011;PRICE-1012;PRICE-1013;PRICE-1014;PRICE-1015;PRICE-1016;PRICE-1017;PRICE-1018;PRICE-1019;PRICE-1020;PRICE-1021;PRICE-1022;PRICE-1023;PRICE-1024;PRICE-1025;PRICE-1026;PRICE-1027;PRICE-1028;PRICE-1029;PRICE-1030;PRICE-1031;PRICE-1032;PRICE-1033;PRICE-1034;PRICE-1035;PRICE-1036;PRICE-1037;PRICE-1038;PRICE-1039;PRICE-1040;PRICE-1041;PRICE-1042;PRICE-1043;PRICE-1044;PRICE-1045;PRICE-1046;PRICE-1047;PRICE-1048;PRICE-1049;PRICE-1050;PRICE-1051;PRICE-1052;PRICE-1053;PRICE-1054;PRICE-1055;PRICE-1056;PRICE-1057;PRICE-1058;PRICE-1059;PRICE-1060;PRICE-1061;PRICE-1062;PRICE-1063;PRICE-1064;PRICE-1065;PRICE-1066,206,reachable,https://ariake-arena.tokyo/wp-content/themes/ariake-arena/assets/images/page/riyoryoukin.pdf,application/pdf,2026-08-09T02:15:27.140Z,
https://arsk.jp/hall/geibun/download/etc_bihin.pdf,candidate-venues.csv;venue-details.csv,CAND-725;DETAIL-3207;DETAIL-3208;DETAIL-3209;DETAIL-3210;DETAIL-3211;DETAIL-3212;DETAIL-3213;DETAIL-3214;DETAIL-3215;DETAIL-3216,206,reachable,https://arsk.jp/hall/geibun/download/etc_bihin.pdf,application/pdf,2026-08-09T02:15:27.140Z,
https://art-village-toon.jp/access/,venue-operations.csv,OP-056:access_source_url,200,reachable,https://art-village-toon.jp/access/,text/html; charset=UTF-8,2026-08-09T02:15:27.140Z,
https://art-village-toon.jp/facility/theater/,candidate-venues.csv;price-observations.csv;venue-details.csv;venue-operations.csv,CAND-074;DETAIL-116;OP-056:booking_source_url;OP-056:operations_source_url;PRICE-310;PRICE-311,200,reachable,https://art-village-toon.jp/facility/theater/,text/html; charset=UTF-8,2026-08-09T02:15:27.140Z,
https://asahikawa.manabi365.net/G0000158/aboutus.html,venue-operations.csv,OP-172:access_source_url,200,reachable,https://asahikawa.manabi365.net/G0000158/aboutus.html,text/html;charset=UTF-8,2026-08-09T02:15:27.140Z,
https://askyoto.or.jp/project/e9/,candidate-venues.csv;venue-details.csv,CAND-066;DETAIL-108,200,reachable,https://askyoto.or.jp/project/e9/,text/html; charset=UTF-8,2026-08-09T02:15:27.140Z,
https://aspirante-hofu.com/wp-content/uploads/2022/04/HP%E7%94%A8%E5%88%A9%E7%94%A8%E6%A1%88%E5%86%85R4.4%EF%BD%9E%EF%BC%89.pdf,candidate-venues.csv;venue-details.csv,CAND-326;DETAIL-701;DETAIL-702;DETAIL-703,206,reachable,https://aspirante-hofu.com/wp-content/uploads/2022/04/HP%E7%94%A8%E5%88%A9%E7%94%A8%E6%A1%88%E5%86%85R4.4%EF%BD%9E%EF%BC%89.pdf,application/pdf,2026-08-09T02:15:27.140Z,
https://atchall.com/howto/biz-charm/,venue-operations.csv,OP-178:operations_source_url,200,reachable,https://atchall.com/howto/biz-charm/,text/html; charset=UTF-8,2026-08-09T02:15:27.140Z,
https://atchall.com/howto/hall/atchall/ahall/,candidate-venues.csv;price-observations.csv;venue-details.csv,CAND-118;DETAIL-195;DETAIL-321;DETAIL-322;PRICE-362;PRICE-614;PRICE-615;PRICE-616;PRICE-617;PRICE-618,200,reachable,https://atchall.com/howto/hall/atchall/ahall/,text/html; charset=UTF-8,2026-08-09T02:15:27.140Z,
https://atchall.com/pdf/support_access.pdf,venue-operations.csv,OP-178:access_source_url,206,reachable,https://atchall.com/pdf/support_access.pdf,application/pdf,2026-08-09T02:15:27.140Z,
https://atchall.com/wp-content/uploads/2026/03/ATC%E3%83%9B%E3%83%BC%E3%83%AB%E5%88%A9%E7%94%A8%E8%A6%8F%E7%A8%8B2604%E6%94%B9.pdf,venue-operations.csv,OP-178:booking_source_url,206,reachable,https://atchall.com/wp-content/uploads/2026/03/ATC%E3%83%9B%E3%83%BC%E3%83%AB%E5%88%A9%E7%94%A8%E8%A6%8F%E7%A8%8B2604%E6%94%B9.pdf,application/pdf,2026-08-09T02:15:27.140Z,
https://big-palette.jp/access/access.html,venue-operations.csv,OP-032:access_source_url,200,reachable,https://big-palette.jp/access/access.html,text/html; charset=UTF-8,2026-08-09T02:15:27.140Z,
https://big-palette.jp/promotor/flow.html,venue-operations.csv,OP-032:booking_source_url,200,reachable,https://big-palette.jp/promotor/flow.html,text/html; charset=UTF-8,2026-08-09T02:15:27.140Z,
https://big-palette.jp/promotor/room/exhibition-hall.html,candidate-venues.csv;venue-details.csv,CAND-025;DETAIL-061;DETAIL-063;DETAIL-064;DETAIL-065,200,reachable,https://big-palette.jp/promotor/room/exhibition-hall.html,text/html; charset=UTF-8,2026-08-09T02:15:27.140Z,
https://budo.oita-sportspark.jp/access/,venue-operations.csv,OP-147:access_source_url,200,reachable,https://budo.oita-sportspark.jp/access/,text/html; charset=UTF-8,2026-08-09T02:15:27.140Z,
https://budo.oita-sportspark.jp/facility/,candidate-venues.csv;venue-details.csv,CAND-142;DETAIL-227,200,reachable,https://budo.oita-sportspark.jp/facility/,text/html; charset=UTF-8,2026-08-09T02:15:27.140Z,
https://budo.oita-sportspark.jp/price/price-group/,price-observations.csv;venue-operations.csv,OP-147:booking_source_url;OP-147:operations_source_url;PRICE-377;PRICE-483;PRICE-484;PRICE-485;PRICE-486;PRICE-487,200,reachable,https://budo.oita-sportspark.jp/price/price-group/,text/html; charset=UTF-8,2026-08-09T02:15:27.140Z,
https://buken.co.jp/ijyuin/hall-guide/,candidate-venues.csv;venue-details.csv,CAND-419;DETAIL-1060;DETAIL-1061;DETAIL-1062;DETAIL-1063,200,reachable,https://buken.co.jp/ijyuin/hall-guide/,text/html; charset=UTF-8,2026-08-09T02:15:27.140Z,
https://bunka.town.mimata.lg.jp/facility-information,candidate-venues.csv;venue-details.csv,CAND-491;DETAIL-1612;DETAIL-1613;DETAIL-1614;DETAIL-1615;DETAIL-1616;DETAIL-1617;DETAIL-1618,200,reachable,https://bunka.town.mimata.lg.jp/facility-information,text/html; charset=UTF-8,2026-08-09T02:15:27.140Z,
https://canaryhall.togitsu.jp/guide/gaiyo.html,venue-details.csv,DETAIL-4584;DETAIL-4585;DETAIL-4586;DETAIL-4587;DETAIL-4588;DETAIL-4589;DETAIL-4590;DETAIL-4591;DETAIL-4592;DETAIL-4593;DETAIL-4594,200,reachable,https://canaryhall.togitsu.jp/guide/gaiyo.html,text/html; charset=UTF-8,2026-08-09T02:15:27.140Z,
https://canora.or.jp/facility/info.html,candidate-venues.csv;venue-details.csv,CAND-742;DETAIL-3327;DETAIL-3328;DETAIL-3329;DETAIL-3330;DETAIL-3331;DETAIL-3332;DETAIL-3333,200,reachable,https://canora.or.jp/facility/info.html,text/html; charset=UTF-8,2026-08-09T02:15:27.140Z,
https://chibacity.spo-sin.or.jp/shisetu/arena-top/arena-price/,price-observations.csv;venue-details.csv;venue-operations.csv,DETAIL-407;DETAIL-408;DETAIL-409;OP-106:booking_source_url;OP-106:operations_source_url;PRICE-1683;PRICE-1684;PRICE-1685;PRICE-1686;PRICE-1687;PRICE-1688;PRICE-1689;PRICE-1690;PRICE-1697;PRICE-1698;PRICE-1699;PRICE-1700;PRICE-1703;PRICE-1704;PRICE-1705;PRICE-1706;PRICE-1707;PRICE-1708;PRICE-1709;PRICE-1710;PRICE-1711;PRICE-1712;PRICE-1713;PRICE-1714;PRICE-1715;PRICE-1716;PRICE-1717;PRICE-1718;PRICE-1719;PRICE-1720;PRICE-1721;PRICE-1722;PRICE-1723;PRICE-1724;PRICE-1725;PRICE-1726;PRICE-1727;PRICE-1728;PRICE-1729;PRICE-1730;PRICE-1731;PRICE-1732;PRICE-1733;PRICE-1734;PRICE-1735;PRICE-1736;PRICE-1737;PRICE-1738;PRICE-1739;PRICE-1740;PRICE-1741;PRICE-1742;PRICE-1743;PRICE-1744;PRICE-1745;PRICE-1746;PRICE-1747;PRICE-1748;PRICE-1749;PRICE-1750;PRICE-1751;PRICE-1752;PRICE-1753;PRICE-1754;PRICE-1755;PRICE-1756;PRICE-1757;PRICE-1758;PRICE-1759;PRICE-1760;PRICE-1761;PRICE-1762;PRICE-1763;PRICE-1764;PRICE-1765;PRICE-1766;PRICE-1767;PRICE-1768;PRICE-1769;PRICE-1770;PRICE-1771;PRICE-1772;PRICE-1773;PRICE-1774;PRICE-1775;PRICE-1776;PRICE-1777;PRICE-1778;PRICE-1779;PRICE-1780;PRICE-1781;PRICE-1782;PRICE-1783;PRICE-1784;PRICE-1785;PRICE-1786;PRICE-1787;PRICE-1788;PRICE-1789;PRICE-1790;PRICE-1791;PRICE-1792;PRICE-1793;PRICE-1794;PRICE-1795;PRICE-1796;PRICE-1797;PRICE-1798;PRICE-1799;PRICE-1800;PRICE-1801;PRICE-1802;PRICE-1803;PRICE-1804;PRICE-1805;PRICE-1806;PRICE-1807;PRICE-1808;PRICE-1809;PRICE-1810;PRICE-1811;PRICE-1812;PRICE-1813;PRICE-1814;PRICE-1815;PRICE-1816;PRICE-1817;PRICE-1818;PRICE-1819;PRICE-1820;PRICE-1821;PRICE-1822;PRICE-1823;PRICE-1824;PRICE-1825;PRICE-1826;PRICE-1827;PRICE-1828;PRICE-1829;PRICE-1830;PRICE-1831;PRICE-1832;PRICE-1833;PRICE-1834;PRICE-1835;PRICE-1836;PRICE-1837;PRICE-1838;PRICE-1839;PRICE-1840;PRICE-1841;PRICE-1842;PRICE-1843;PRICE-1844;PRICE-1845;PRICE-1846;PRICE-1847;PRICE-1848;PRICE-1849;PRICE-1850;PRICE-1851;PRICE-1852;PRICE-1853;PRICE-1854;PRICE-1855;PRICE-1856;PRICE-1857;PRICE-1858;PRICE-1859;PRICE-1860;PRICE-1861;PRICE-1862;PRICE-1863;PRICE-1864;PRICE-1865;PRICE-1866;PRICE-1867;PRICE-1868;PRICE-1869;PRICE-1870;PRICE-1871;PRICE-1872;PRICE-1873;PRICE-1874;PRICE-1875;PRICE-1876;PRICE-1877;PRICE-1878;PRICE-1879;PRICE-1880;PRICE-1881;PRICE-1882;PRICE-1883;PRICE-1884;PRICE-1885;PRICE-1886;PRICE-1887;PRICE-1888;PRICE-399,200,reachable,https://chibacity.spo-sin.or.jp/shisetu/arena-top/arena-price/,text/html; charset=UTF-8,2026-08-09T02:15:27.140Z,
https://chibacity.spo-sin.or.jp/shisetu/arena-top/arena-sub/,price-observations.csv;venue-details.csv,DETAIL-404;PRICE-1691;PRICE-1692;PRICE-1693;PRICE-1694;PRICE-1695;PRICE-1696,200,reachable,https://chibacity.spo-sin.or.jp/shisetu/arena-top/arena-sub/,text/html; charset=UTF-8,2026-08-09T02:15:27.140Z,
https://chibacity.spo-sin.or.jp/shisetu/arena-top/arena-tairyoku/,venue-details.csv,DETAIL-406,200,reachable,https://chibacity.spo-sin.or.jp/shisetu/arena-top/arena-tairyoku/,text/html; charset=UTF-8,2026-08-09T02:15:27.140Z,
https://chibacity.spo-sin.or.jp/shisetu/arena-top/arena-training01/,price-observations.csv;venue-details.csv;venue-operations.csv,DETAIL-410;OP-219:booking_source_url;OP-219:operations_source_url;PRICE-1889;PRICE-1890;PRICE-1891;PRICE-1892;PRICE-1893;PRICE-1894;PRICE-1895;PRICE-1896;PRICE-1897;PRICE-1898;PRICE-1899;PRICE-1900;PRICE-1901;PRICE-1902;PRICE-1903;PRICE-1904;PRICE-1905,200,reachable,https://chibacity.spo-sin.or.jp/shisetu/arena-top/arena-training01/,text/html; charset=UTF-8,2026-08-09T02:15:27.140Z,
https://chibacity.spo-sin.or.jp/shisetu/arena-top/arena-training02/,price-observations.csv;venue-details.csv,DETAIL-405;PRICE-1701;PRICE-1702,200,reachable,https://chibacity.spo-sin.or.jp/shisetu/arena-top/arena-training02/,text/html; charset=UTF-8,2026-08-09T02:15:27.140Z,
https://chibacity.spo-sin.or.jp/wp-content/uploads/2026/01/fe9d3a37506d0eee8822eb5d92aa6b10.pdf,price-observations.csv,PRICE-398,206,reachable,https://chibacity.spo-sin.or.jp/wp-content/uploads/2026/01/fe9d3a37506d0eee8822eb5d92aa6b10.pdf,application/pdf,2026-08-09T02:15:27.140Z,
https://chikushinoshi-bunka.fukuoka.jp/facility/,candidate-venues.csv;venue-details.csv,CAND-710;DETAIL-3104;DETAIL-3105;DETAIL-3106;DETAIL-3107;DETAIL-3108;DETAIL-3109,200,reachable,https://chikushinoshi-bunka.fukuoka.jp/facility/,text/html; charset=UTF-8,2026-08-09T02:15:27.140Z,
https://city-yokkaichi-kyouiku.jp/sys/wp-content/uploads/2026/03/508dai4kaisiryou.pdf,venue-details.csv,DETAIL-515,206,reachable,https://city-yokkaichi-kyouiku.jp/sys/wp-content/uploads/2026/03/508dai4kaisiryou.pdf,application/pdf,2026-08-09T02:15:27.140Z,
https://city.numazu-sougoutaiikukan.jp/access,venue-operations.csv,OP-116:access_source_url,200,reachable,https://city.numazu-sougoutaiikukan.jp/access,text/html; charset=UTF-8,2026-08-09T02:15:27.140Z,
https://city.numazu-sougoutaiikukan.jp/gallery,candidate-venues.csv;price-observations.csv;venue-details.csv;venue-operations.csv,CAND-205;DETAIL-293;OP-116:operations_source_url;PRICE-415,200,reachable,https://city.numazu-sougoutaiikukan.jp/gallery,text/html; charset=UTF-8,2026-08-09T02:15:27.140Z,
https://city.numazu-sougoutaiikukan.jp/guide,price-observations.csv;venue-operations.csv,OP-116:booking_source_url;PRICE-413,200,reachable,https://city.numazu-sougoutaiikukan.jp/guide,text/html; charset=UTF-8,2026-08-09T02:15:27.140Z,
https://city.numazu-sougoutaiikukan.jp/storage/rel_doc/m-7627/639_12030216_1.pdf,price-observations.csv,PRICE-414,206,reachable,https://city.numazu-sougoutaiikukan.jp/storage/rel_doc/m-7627/639_12030216_1.pdf,application/pdf,2026-08-09T02:15:27.140Z,
https://clea-konosu.com/facilities/,candidate-venues.csv;venue-details.csv,CAND-299;DETAIL-625;DETAIL-626;DETAIL-627,200,reachable,https://clea-konosu.com/facilities/,text/html; charset=UTF-8,2026-08-09T02:15:27.140Z,
https://clea-konosu.com/facilities/dai-ho-ru/,venue-details.csv,DETAIL-624,200,reachable,https://clea-konosu.com/facilities/dai-ho-ru/,text/html; charset=UTF-8,2026-08-09T02:15:27.140Z,
https://cms.city.urasoe.lg.jp/doc/2025062400115/file_contents/file_20256253141546_1.pdf,candidate-venues.csv;venue-details.csv,CAND-894;DETAIL-4595;DETAIL-4596;DETAIL-4597;DETAIL-4598;DETAIL-4599;DETAIL-4600;DETAIL-4601;DETAIL-4602;DETAIL-4603;DETAIL-4604;DETAIL-4605;DETAIL-4606;DETAIL-4607;DETAIL-4608;DETAIL-4609;DETAIL-4610;DETAIL-4611;DETAIL-4612;DETAIL-4613;DETAIL-4614;DETAIL-4615;DETAIL-4616;DETAIL-4617;DETAIL-4618;DETAIL-4619;DETAIL-4620,206,reachable,https://cms.city.urasoe.lg.jp/doc/2025062400115/file_contents/file_20256253141546_1.pdf,application/pdf,2026-08-09T02:15:27.140Z,
https://co.sunshinecity.co.jp/file/pdf/fountain/fountain_202607.pdf,price-observations.csv;venue-details.csv,DETAIL-104;PRICE-286;PRICE-287,206,reachable,https://co.sunshinecity.co.jp/file/pdf/fountain/fountain_202607.pdf,application/pdf,2026-08-09T02:15:27.140Z,
https://co.sunshinecity.co.jp/fountain/,candidate-venues.csv,CAND-062,200,reachable,https://co.sunshinecity.co.jp/fountain/,text/html; charset=UTF-8,2026-08-09T02:15:27.140Z,
https://com-fukushima.jp/facility/facility_00.html,candidate-venues.csv;venue-details.csv,CAND-1007;DETAIL-5644;DETAIL-5645;DETAIL-5646;DETAIL-5647,200,reachable,https://com-fukushima.jp/facility/facility_00.html,text/html; charset=UTF-8,2026-08-09T02:15:27.140Z,
https://com-fukushima.jp/facility/facility_01.html,venue-details.csv,DETAIL-5640,200,reachable,https://com-fukushima.jp/facility/facility_01.html,text/html; charset=UTF-8,2026-08-09T02:15:27.140Z,
https://com-fukushima.jp/facility/facility_02.html,venue-details.csv,DETAIL-5641,200,reachable,https://com-fukushima.jp/facility/facility_02.html,text/html; charset=UTF-8,2026-08-09T02:15:27.140Z,
https://com-fukushima.jp/facility/facility_03.html,venue-details.csv,DETAIL-5642;DETAIL-5643,200,reachable,https://com-fukushima.jp/facility/facility_03.html,text/html; charset=UTF-8,2026-08-09T02:15:27.140Z,
https://cominess.jp/facility,candidate-venues.csv;venue-details.csv,CAND-434;DETAIL-1145;DETAIL-1146;DETAIL-1147;DETAIL-1148,,network_error,,,2026-08-09T02:15:27.140Z,fetch failed
https://cominess.jp/rent,venue-details.csv,DETAIL-1144,,network_error,,,2026-08-09T02:15:27.140Z,fetch failed
https://cosmostheater.or.jp/,venue-websites.csv,VWEB-003;VWEB-003:source_url,200,reachable,https://cosmostheater.or.jp/,text/html; charset=UTF-8,2026-08-09T02:15:27.140Z,
https://cosmostheater.or.jp/facilities/,venue-details.csv,DETAIL-7722;DETAIL-7723;DETAIL-7724,200,reachable,https://cosmostheater.or.jp/facilities/,text/html; charset=UTF-8,2026-08-09T02:15:27.140Z,
https://cul-spo.or.jp/comcen/access,venue-operations.csv,OP-035:access_source_url;OP-036:access_source_url,200,reachable,https://cul-spo.or.jp/comcen/access,text/html; charset=UTF-8,2026-08-09T02:15:27.140Z,
https://culttz.city.kawasaki.jp/info_hall/,candidate-venues.csv;venue-details.csv,CAND-557;DETAIL-2094;DETAIL-2095;DETAIL-2096;DETAIL-2097;DETAIL-2098;DETAIL-2099;DETAIL-2100;DETAIL-2101;DETAIL-2102;DETAIL-2103;DETAIL-2104;DETAIL-2105;DETAIL-2106;DETAIL-2107;DETAIL-2108;DETAIL-2109;DETAIL-2110;DETAIL-2111;DETAIL-2112;DETAIL-2113;DETAIL-2114;DETAIL-2115,200,reachable,https://culttz.city.kawasaki.jp/info_hall/,text/html; charset=UTF-8,2026-08-09T02:15:27.140Z,
https://culture.city-hakusan.com/matto_culture_hall/guide/hall/,candidate-venues.csv;venue-details.csv,CAND-306;DETAIL-638,200,reachable,https://culture.city-hakusan.com/matto_culture_hall/guide/hall/,text/html; charset=UTF-8,2026-08-09T02:15:27.140Z,
https://dejima-messe.jp/access,venue-operations.csv,OP-002:access_source_url,200,reachable,https://dejima-messe.jp/access,text/html; charset=UTF-8,2026-08-09T02:15:27.140Z,
https://dejima-messe.jp/assets/teaser/pdf/carry_in_out03.pdf,venue-operations.csv,OP-002:operations_source_url,206,reachable,https://dejima-messe.jp/assets/teaser/pdf/carry_in_out03.pdf,application/pdf,2026-08-09T02:15:27.140Z,
https://dejima-messe.jp/facility,candidate-venues.csv;venue-details.csv,CAND-018;DETAIL-001;DETAIL-002,200,reachable,https://dejima-messe.jp/facility,text/html; charset=UTF-8,2026-08-09T02:15:27.140Z,
https://dejima-messe.jp/faq,venue-operations.csv,OP-002:booking_source_url,200,reachable,https://dejima-messe.jp/faq,text/html; charset=UTF-8,2026-08-09T02:15:27.140Z,
https://diabolo.jp/AJDC/,historical-events.csv,AJDC-2026,200,reachable,https://diabolo.jp/AJDC/,text/html; charset=UTF-8,2026-08-09T02:15:27.140Z,
https://diabolo.jp/AJDC/wp-content/uploads/2018/01/AJ2013_Outline.pdf,historical-events.csv,AJDC-2013,206,reachable,https://diabolo.jp/AJDC/wp-content/uploads/2018/01/AJ2013_Outline.pdf,application/pdf,2026-08-09T02:15:27.140Z,
https://diabolo.jp/AJDC/wp-content/uploads/2018/01/aj2014outline.pdf,historical-events.csv,AJDC-2014,206,reachable,https://diabolo.jp/AJDC/wp-content/uploads/2018/01/aj2014outline.pdf,application/pdf,2026-08-09T02:15:27.140Z,
https://diabolo.jp/AJDC/wp-content/uploads/2018/01/AJDC2015_outline.pdf,historical-events.csv,AJDC-2015,206,reachable,https://diabolo.jp/AJDC/wp-content/uploads/2018/01/AJDC2015_outline.pdf,application/pdf,2026-08-09T02:15:27.140Z,
https://diabolo.jp/AJDC/wp-content/uploads/2018/01/AJDC2016_outline.pdf,historical-events.csv,AJDC-2016,206,reachable,https://diabolo.jp/AJDC/wp-content/uploads/2018/01/AJDC2016_outline.pdf,application/pdf,2026-08-09T02:15:27.140Z,
https://diabolo.jp/AJDC/wp-content/uploads/2018/01/AJDC2017_outline.pdf,historical-events.csv,AJDC-2017,206,reachable,https://diabolo.jp/AJDC/wp-content/uploads/2018/01/AJDC2017_outline.pdf,application/pdf,2026-08-09T02:15:27.140Z,
https://diabolo.jp/AJDC/wp-content/uploads/2018/02/AJDC2018_outline.pdf,historical-events.csv,AJDC-2018,206,reachable,https://diabolo.jp/AJDC/wp-content/uploads/2018/02/AJDC2018_outline.pdf,application/pdf,2026-08-09T02:15:27.140Z,
https://diabolo.jp/AJDC/wp-content/uploads/2019/01/AJDC2019_outline.pdf,historical-events.csv,AJDC-2019,206,reachable,https://diabolo.jp/AJDC/wp-content/uploads/2019/01/AJDC2019_outline.pdf,application/pdf,2026-08-09T02:15:27.140Z,
https://diabolo.jp/AJDC/wp-content/uploads/AJDC2021_about.pdf,historical-events.csv,AJDC-2021,206,reachable,https://diabolo.jp/AJDC/wp-content/uploads/AJDC2021_about.pdf,application/pdf,2026-08-09T02:15:27.140Z,
https://diabolo.jp/AJDC/wp-content/uploads/AJDC2022_about.pdf,historical-events.csv,AJDC-2022,206,reachable,https://diabolo.jp/AJDC/wp-content/uploads/AJDC2022_about.pdf,application/pdf,2026-08-09T02:15:27.140Z,
https://diabolo.jp/AJDC/wp-content/uploads/AJDC2023_about.pdf,historical-events.csv,AJDC-2023,206,reachable,https://diabolo.jp/AJDC/wp-content/uploads/AJDC2023_about.pdf,application/pdf,2026-08-09T02:15:27.140Z,
https://diabolo.jp/AJDC/wp-content/uploads/AJDC2024_details.pdf,historical-events.csv,AJDC-2024,206,reachable,https://diabolo.jp/AJDC/wp-content/uploads/AJDC2024_details.pdf,application/pdf,2026-08-09T02:15:27.140Z,
https://diabolo.jp/AJDC/wp-content/uploads/AJDC2025_details.pdf,historical-events.csv,AJDC-2025,206,reachable,https://diabolo.jp/AJDC/wp-content/uploads/AJDC2025_details.pdf,application/pdf,2026-08-09T02:15:27.140Z,
https://diabolo.jp/OIDC/,historical-events.csv,OIDC-2026,200,reachable,https://diabolo.jp/OIDC/,text/html; charset=UTF-8,2026-08-09T02:15:27.140Z,
https://diabolo.jp/OIDC/wp-content/uploads/2018/06/OIDC2018_outline.pdf,historical-events.csv,OIDC-2018,206,reachable,https://diabolo.jp/OIDC/wp-content/uploads/2018/06/OIDC2018_outline.pdf,application/pdf,2026-08-09T02:15:27.140Z,
https://diabolo.jp/OIDC/wp-content/uploads/2019/06/OIDC2019_outline.pdf,historical-events.csv,OIDC-2019,206,reachable,https://diabolo.jp/OIDC/wp-content/uploads/2019/06/OIDC2019_outline.pdf,application/pdf,2026-08-09T02:15:27.140Z,
https://diabolo.jp/OIDC/wp-content/uploads/OIDC2017_outline.pdf,historical-events.csv,OIDC-2017,206,reachable,https://diabolo.jp/OIDC/wp-content/uploads/OIDC2017_outline.pdf,application/pdf,2026-08-09T02:15:27.140Z,
https://diabolo.jp/OIDC/wp-content/uploads/OIDC2023_details.pdf,historical-events.csv,OIDC-2023,206,reachable,https://diabolo.jp/OIDC/wp-content/uploads/OIDC2023_details.pdf,application/pdf,2026-08-09T02:15:27.140Z,
https://diabolo.jp/OIDC/wp-content/uploads/OIDC2024_details.pdf,historical-events.csv,OIDC-2024,206,reachable,https://diabolo.jp/OIDC/wp-content/uploads/OIDC2024_details.pdf,application/pdf,2026-08-09T02:15:27.140Z,
https://diabolo.jp/OIDC/wp-content/uploads/OIDC2025_details.pdf,historical-events.csv,OIDC-2025,206,reachable,https://diabolo.jp/OIDC/wp-content/uploads/OIDC2025_details.pdf,application/pdf,2026-08-09T02:15:27.140Z,
https://ehime-spa.jp/budoukan/martial-facilities/,candidate-venues.csv;venue-details.csv,CAND-123;DETAIL-204,200,reachable,https://ehime-spa.jp/budoukan/martial-facilities/,text/html; charset=UTF-8,2026-08-09T02:15:27.140Z,
https://ehime-spa.jp/budoukan/reservations/,venue-operations.csv,OP-185:booking_source_url,200,reachable,https://ehime-spa.jp/budoukan/reservations/,text/html; charset=UTF-8,2026-08-09T02:15:27.140Z,
https://ehime-spa.jp/faq/,venue-operations.csv,OP-185:operations_source_url,200,reachable,https://ehime-spa.jp/faq/,text/html; charset=UTF-8,2026-08-09T02:15:27.140Z,
https://ehime-spa.jp/wp-content/uploads/2000/03/R%EF%BC%95%E6%84%9B%E5%AA%9B%E7%9C%8C%E7%B7%8F%E5%90%88%E9%81%8B%E5%8B%95%E5%85%AC%E5%9C%92%E7%AE%A1%E7%90%86%E9%81%8B%E5%96%B6%E8%A6%81%E7%B6%B1.pdf,venue-operations.csv,OP-132:booking_source_url,206,reachable,https://ehime-spa.jp/wp-content/uploads/2000/03/R%EF%BC%95%E6%84%9B%E5%AA%9B%E7%9C%8C%E7%B7%8F%E5%90%88%E9%81%8B%E5%8B%95%E5%85%AC%E5%9C%92%E7%AE%A1%E7%90%86%E9%81%8B%E5%96%B6%E8%A6%81%E7%B6%B1.pdf,application/pdf,2026-08-09T02:15:27.140Z,
https://ehime-spa.jp/wp-content/uploads/2021/03/030401.pdf,price-observations.csv,PRICE-443;PRICE-444;PRICE-445,206,reachable,https://ehime-spa.jp/wp-content/uploads/2021/03/030401.pdf,application/pdf,2026-08-09T02:15:27.140Z,
https://ehime-spa.jp/wp-content/uploads/2023/04/R5%E9%81%8B%E5%8B%95%E5%85%AC%E5%9C%92%E7%AE%A1%E7%90%86%E9%81%8B%E5%96%B6%E8%A6%81%E7%B6%B1%EF%BC%88HP%E6%B7%BB%E4%BB%98%E7%94%A8%EF%BC%89.pdf,venue-operations.csv,OP-132:operations_source_url,206,reachable,https://ehime-spa.jp/wp-content/uploads/2023/04/R5%E9%81%8B%E5%8B%95%E5%85%AC%E5%9C%92%E7%AE%A1%E7%90%86%E9%81%8B%E5%96%B6%E8%A6%81%E7%B6%B1%EF%BC%88HP%E6%B7%BB%E4%BB%98%E7%94%A8%EF%BC%89.pdf,application/pdf,2026-08-09T02:15:27.140Z,
https://ehime-spa.jp/wp-content/uploads/2023/08/%E9%81%8B%E5%8B%95%E5%85%AC%E5%9C%92%E3%80%80%E3%83%91%E3%83%B3%E3%83%95%E3%83%AC%E3%83%83%E3%83%88.pdf,candidate-venues.csv;venue-details.csv;venue-operations.csv,CAND-221;DETAIL-309;OP-132:access_source_url,206,reachable,https://ehime-spa.jp/wp-content/uploads/2023/08/%E9%81%8B%E5%8B%95%E5%85%AC%E5%9C%92%E3%80%80%E3%83%91%E3%83%B3%E3%83%95%E3%83%AC%E3%83%83%E3%83%88.pdf,application/pdf,2026-08-09T02:15:27.140Z,
https://ehime-spa.jp/wp-content/uploads/2025/04/%E5%88%A9%E7%94%A8%E6%96%99%E9%87%91%E4%B8%80%E8%A6%A7%E8%A1%A8%EF%BC%88%E4%BB%A4%E5%92%8C%EF%BC%97%E5%B9%B4%EF%BC%94%E6%9C%88%EF%BC%91%E6%97%A5%E3%81%8B%E3%82%89%EF%BC%89.pdf,price-observations.csv,PRICE-638;PRICE-639;PRICE-640;PRICE-641;PRICE-642;PRICE-643;PRICE-644;PRICE-645;PRICE-646;PRICE-647,206,reachable,https://ehime-spa.jp/wp-content/uploads/2025/04/%E5%88%A9%E7%94%A8%E6%96%99%E9%87%91%E4%B8%80%E8%A6%A7%E8%A1%A8%EF%BC%88%E4%BB%A4%E5%92%8C%EF%BC%97%E5%B9%B4%EF%BC%94%E6%9C%88%EF%BC%91%E6%97%A5%E3%81%8B%E3%82%89%EF%BC%89.pdf,application/pdf,2026-08-09T02:15:27.140Z,
https://emerald-hall.jp/,candidate-venues.csv;venue-details.csv,CAND-511;DETAIL-1802;DETAIL-1803;DETAIL-1804,200,reachable,https://emerald-hall.jp/,text/html; charset=UTF-8,2026-08-09T02:15:27.140Z,
https://emo.or.jp/facilities/,candidate-venues.csv,CAND-333,200,reachable,https://emo.or.jp/facilities/,text/html; charset=utf-8,2026-08-09T02:15:27.140Z,
https://emo.or.jp/wp-content/uploads/2025/02/9d004cc2ad2cf5b187d0d47661e3db70.pdf,venue-details.csv,DETAIL-719;DETAIL-720;DETAIL-721;DETAIL-722;DETAIL-723;DETAIL-724,206,reachable,https://emo.or.jp/wp-content/uploads/2025/02/9d004cc2ad2cf5b187d0d47661e3db70.pdf,application/pdf	,2026-08-09T02:15:27.140Z,
https://exhibition-oken.jp/,candidate-venues.csv,CAND-137,,network_error,,,2026-08-09T02:15:27.140Z,fetch failed
https://exhibition-oken.jp/%E4%BA%A4%E9%80%9A%E6%A1%88%E5%86%85/,venue-operations.csv,OP-194:access_source_url,,network_error,,,2026-08-09T02:15:27.140Z,fetch failed
https://exhibition-oken.jp/%E5%90%84%E7%94%B3%E8%AB%8B%E6%9B%B8%E3%83%80%E3%82%A6%E3%83%B3%E3%83%AD%E3%83%BC%E3%83%89/,venue-operations.csv,OP-194:booking_source_url,,network_error,,,2026-08-09T02:15:27.140Z,fetch failed
https://exhibition-oken.jp/home/%E7%B7%8F%E5%90%88%E5%B1%95%E7%A4%BA%E9%A4%A8/,venue-details.csv;venue-operations.csv,DETAIL-222;OP-194:operations_source_url,,network_error,,,2026-08-09T02:15:27.140Z,fetch failed
https://exhibition-oken.jp/ご利用料金案内/,price-observations.csv;venue-details.csv,DETAIL-345;DETAIL-346;DETAIL-347;PRICE-374;PRICE-711;PRICE-712;PRICE-713;PRICE-714;PRICE-715;PRICE-716;PRICE-717,,network_error,,,2026-08-09T02:15:27.140Z,fetch failed
https://forest.ashibue.jp/theater,candidate-venues.csv;venue-operations.csv,CAND-073;OP-055:access_source_url,200,reachable,https://forest.ashibue.jp/theater,text/html,2026-08-09T02:15:27.140Z,
https://forest.ashibue.jp/theater/10,venue-details.csv,DETAIL-115,200,reachable,https://forest.ashibue.jp/theater/10,text/html,2026-08-09T02:15:27.140Z,
https://forest.ashibue.jp/theater/14,venue-operations.csv,OP-055:booking_source_url,200,reachable,https://forest.ashibue.jp/theater/14,text/html,2026-08-09T02:15:27.140Z,
https://forest.ashibue.jp/theater/27,venue-operations.csv,OP-055:operations_source_url,200,reachable,https://forest.ashibue.jp/theater/27,text/html,2026-08-09T02:15:27.140Z,
https://forest.ashibue.jp/theater/29,budget-scenarios.csv;price-observations.csv,PRICE-304;PRICE-305;PRICE-306;PRICE-307;PRICE-308;PRICE-309;SCENARIO-012;SCENARIO-013,200,reachable,https://forest.ashibue.jp/theater/29,text/html,2026-08-09T02:15:27.140Z,
https://forte.nono1.jp/about,candidate-venues.csv;venue-details.csv,CAND-624;DETAIL-2588;DETAIL-2589;DETAIL-2590;DETAIL-2591;DETAIL-2592;DETAIL-2593,200,reachable,https://forte.nono1.jp/about,text/html; charset=UTF-8,2026-08-09T02:15:27.140Z,
https://fuefuki-zaidan.jp/faciinfo/20/,candidate-venues.csv;venue-details.csv,CAND-310;DETAIL-647;DETAIL-648;DETAIL-649,200,reachable,https://fuefuki-zaidan.jp/faciinfo/20/,text/html; charset=UTF-8,2026-08-09T02:15:27.140Z,
https://fujinomiya-culturalhall.jp/hall-overview/,candidate-venues.csv;venue-details.csv,CAND-1051;DETAIL-6134;DETAIL-6135;DETAIL-6137;DETAIL-6138,200,reachable,https://fujinomiya-culturalhall.jp/hall-overview/,text/html; charset=UTF-8,2026-08-09T02:15:27.140Z,
https://fujinomiya-culturalhall.jp/wp-content/uploads/2026/03/%E6%96%BD%E8%A8%AD%E5%88%A9%E7%94%A8%E6%96%99%E9%87%91%E8%A1%A8_202603.pdf,venue-details.csv,DETAIL-6139;DETAIL-6140;DETAIL-6141;DETAIL-6142,206,reachable,https://fujinomiya-culturalhall.jp/wp-content/uploads/2026/03/%E6%96%BD%E8%A8%AD%E5%88%A9%E7%94%A8%E6%96%99%E9%87%91%E8%A1%A8_202603.pdf,application/pdf,2026-08-09T02:15:27.140Z,
https://fujinomiya-kosya.com/bunka/download.html,venue-details.csv,DETAIL-6136,206,reachable,https://fujinomiya-kosya.com/bunka/download.html,text/html; charset=UTF-8,2026-08-09T02:15:27.140Z,
https://fukaya-connect.com/bunka/facility/,candidate-venues.csv;venue-details.csv,CAND-447;DETAIL-1244;DETAIL-1245;DETAIL-1246;DETAIL-1247,200,reachable,https://fukaya-connect.com/bunka/facility/,text/html; charset=UTF-8,2026-08-09T02:15:27.140Z,
https://fureken.com/facility/,candidate-venues.csv,CAND-1074,200,reachable,https://fureken.com/facility/,text/html; charset=UTF-8,2026-08-09T02:15:27.140Z,
https://fureken.com/facility/1f/gallery/,venue-details.csv,DETAIL-6446,200,reachable,https://fureken.com/facility/1f/gallery/,text/html; charset=UTF-8,2026-08-09T02:15:27.140Z,
https://fureken.com/facility/1f/hall/,venue-details.csv,DETAIL-6445,200,reachable,https://fureken.com/facility/1f/hall/,text/html; charset=UTF-8,2026-08-09T02:15:27.140Z,
https://fureken.com/facility/2f/,venue-details.csv,DETAIL-6447;DETAIL-6450;DETAIL-6451;DETAIL-6452;DETAIL-6453;DETAIL-6454,200,reachable,https://fureken.com/facility/2f/,text/html; charset=UTF-8,2026-08-09T02:15:27.140Z,
https://fureken.com/facility/2f/secondconferenceroom/,venue-details.csv,DETAIL-6448,200,reachable,https://fureken.com/facility/2f/secondconferenceroom/,text/html; charset=UTF-8,2026-08-09T02:15:27.140Z,
https://fureken.com/facility/2f/thirdconferenceroom/,venue-details.csv,DETAIL-6449,200,reachable,https://fureken.com/facility/2f/thirdconferenceroom/,text/html; charset=UTF-8,2026-08-09T02:15:27.140Z,
https://gibun.jp/facility/,candidate-venues.csv;price-observations.csv;venue-details.csv;venue-operations.csv,CAND-057;DETAIL-059;OP-029:operations_source_url;PRICE-156;PRICE-157;PRICE-158;PRICE-159,206,reachable,https://gibun.jp/facility/,text/html,2026-08-09T02:15:27.140Z,
https://gibun.jp/facility/reservation.html,venue-operations.csv,OP-029:booking_source_url,206,reachable,https://gibun.jp/facility/reservation.html,text/html,2026-08-09T02:15:27.140Z,
https://gibun.jp/gibun/access/,venue-operations.csv,OP-029:access_source_url,206,reachable,https://gibun.jp/gibun/access/,text/html,2026-08-09T02:15:27.140Z,
https://gifu-sports.org/gmc/access/,venue-operations.csv,OP-058:access_source_url,200,reachable,https://gifu-sports.org/gmc/access/,text/html; charset=UTF-8,2026-08-09T02:15:27.140Z,
https://gifu-sports.org/gmc/riyoinfo/,venue-operations.csv,OP-058:booking_source_url;OP-058:operations_source_url,200,reachable,https://gifu-sports.org/gmc/riyoinfo/,text/html; charset=UTF-8,2026-08-09T02:15:27.140Z,
https://gifu-sports.org/gmc/shisetsudata/deaidoom/,venue-details.csv,DETAIL-118,200,reachable,https://gifu-sports.org/gmc/shisetsudata/deaidoom/,text/html; charset=UTF-8,2026-08-09T02:15:27.140Z,
https://gifu-sports.org/gmc/shisetsudata/fureaidome/,venue-details.csv,DETAIL-119,200,reachable,https://gifu-sports.org/gmc/shisetsudata/fureaidome/,text/html; charset=UTF-8,2026-08-09T02:15:27.140Z,
https://gifu-sports.org/gmc/wp/wp-content/uploads/2026/03/R8.4%EF%BD%9E%E5%B2%90%E9%98%9C%E3%83%A1%E3%83%A2%E3%83%AA%E3%82%A2%E3%83%AB%E3%82%BB%E3%83%B3%E3%82%BF%E3%83%BC%E5%88%A9%E7%94%A8%E6%96%99%E9%87%91%E8%A1%A8.pdf,price-observations.csv,PRICE-315;PRICE-316;PRICE-317,206,reachable,https://gifu-sports.org/gmc/wp/wp-content/uploads/2026/03/R8.4%EF%BD%9E%E5%B2%90%E9%98%9C%E3%83%A1%E3%83%A2%E3%83%AA%E3%82%A2%E3%83%AB%E3%82%BB%E3%83%B3%E3%82%BF%E3%83%BC%E5%88%A9%E7%94%A8%E6%96%99%E9%87%91%E8%A1%A8.pdf,application/pdf,2026-08-09T02:15:27.140Z,
https://gunma-sports.or.jp/sportscenter/arena/facility/pdf/akusesumap02.pdf,venue-operations.csv,OP-153:access_source_url,404,client_error,https://gunma-sports.or.jp/sportscenter/arena/facility/pdf/akusesumap02.pdf,text/html; charset=iso-8859-1,2026-08-09T02:15:27.140Z,
https://gunma-sports.or.jp/sportscenter/arena/fees/pdf/gunma-sportscenter-list_of_charges02.pdf,price-observations.csv,PRICE-508;PRICE-509;PRICE-510;PRICE-511,206,reachable,https://gunma-sports.or.jp/sportscenter/arena/fees/pdf/gunma-sportscenter-list_of_charges02.pdf,application/pdf,2026-08-09T02:15:27.140Z,
https://gunma-sports.or.jp/sportscenter/arena/guide/,venue-operations.csv,OP-153:operations_source_url,200,reachable,https://gunma-sports.or.jp/sportscenter/arena/guide/,text/html; charset=UTF-8,2026-08-09T02:15:27.140Z,
https://gunma-sports.or.jp/sportscenter/arena/guide/pdf/gunma-sportscenter-list_of_charges.pdf,price-observations.csv,PRICE-394,404,client_error,https://gunma-sports.or.jp/sportscenter/arena/guide/pdf/gunma-sportscenter-list_of_charges.pdf,text/html; charset=iso-8859-1,2026-08-09T02:15:27.140Z,
https://h-jigyoudan.or.jp/center/r06_04-center-price/,budget-scenarios.csv;price-observations.csv,PRICE-881;PRICE-882;PRICE-884;PRICE-885;PRICE-887;PRICE-888;PRICE-890;PRICE-891;PRICE-893;PRICE-894;PRICE-896;PRICE-897;SCENARIO-195;SCENARIO-196;SCENARIO-197;SCENARIO-198;SCENARIO-199;SCENARIO-200,206,reachable,https://h-jigyoudan.or.jp/wp/wp-content/uploads/2022/01/pricer06_04.pdf,application/pdf,2026-08-09T02:15:27.140Z,redirected
https://h-jigyoudan.or.jp/sports-center/center-facility/,venue-details.csv;venue-operations.csv,DETAIL-152;DETAIL-153;OP-075:access_source_url,200,reachable,https://h-jigyoudan.or.jp/sports-center/center-facility/,text/html; charset=UTF-8,2026-08-09T02:15:27.140Z,
https://h-jigyoudan.or.jp/sports-center/center-guide/,candidate-venues.csv,CAND-089,200,reachable,https://h-jigyoudan.or.jp/sports-center/center-guide/,text/html; charset=UTF-8,2026-08-09T02:15:27.140Z,
https://h-jigyoudan.or.jp/sports-center/center-guide/use-reserve/,venue-operations.csv,OP-075:booking_source_url;OP-075:operations_source_url,200,reachable,https://h-jigyoudan.or.jp/sports-center/center-guide/use-reserve/,text/html; charset=UTF-8,2026-08-09T02:15:27.140Z,
https://hamamatsu-arena.jp/index.html,candidate-venues.csv;venue-details.csv,CAND-116;DETAIL-192;DETAIL-193,206,reachable,https://hamamatsu-arena.jp/index.html,text/html,2026-08-09T02:15:27.140Z,
https://hamamatsu-arena.jp/pdf/use.pdf,venue-operations.csv,OP-175:booking_source_url,206,reachable,https://hamamatsu-arena.jp/pdf/use.pdf,application/pdf,2026-08-09T02:15:27.140Z,
https://hanamaki-sports.com/facilities/facility01/,candidate-venues.csv;venue-details.csv,CAND-185;DETAIL-421;DETAIL-422;DETAIL-423;DETAIL-424,200,reachable,https://hanamaki-sports.com/facilities/facility01/,text/html; charset=UTF-8,2026-08-09T02:15:27.140Z,
https://hanamaki-sports.com/wp-content/uploads/2021/01/sougou_panf.pdf,venue-operations.csv,OP-159:access_source_url;OP-159:operations_source_url,206,reachable,https://hanamaki-sports.com/wp-content/uploads/2021/01/sougou_panf.pdf,application/pdf,2026-08-09T02:15:27.140Z,
https://hello-kitakyushu.or.jp/access/,venue-operations.csv,OP-189:access_source_url,200,reachable,https://hello-kitakyushu.or.jp/access/,text/html; charset=UTF-8,2026-08-09T02:15:27.140Z,
https://hello-kitakyushu.or.jp/facility/,venue-operations.csv,OP-189:operations_source_url,200,reachable,https://hello-kitakyushu.or.jp/facility/,text/html; charset=UTF-8,2026-08-09T02:15:27.140Z,
https://hello-kitakyushu.or.jp/nishiten/detail/,candidate-venues.csv;venue-details.csv,CAND-101;DETAIL-168,200,reachable,https://hello-kitakyushu.or.jp/nishiten/detail/,text/html; charset=UTF-8,2026-08-09T02:15:27.140Z,
https://hello-kitakyushu.or.jp/nishiten/fee/,price-observations.csv;venue-details.csv,DETAIL-335;DETAIL-336;DETAIL-337;PRICE-669;PRICE-670;PRICE-671;PRICE-672;PRICE-673;PRICE-674;PRICE-675;PRICE-676;PRICE-677;PRICE-678,200,reachable,https://hello-kitakyushu.or.jp/nishiten/fee/,text/html; charset=UTF-8,2026-08-09T02:15:27.140Z,
https://hello-kitakyushu.or.jp/nishiten/guide/,venue-operations.csv,OP-189:booking_source_url,200,reachable,https://hello-kitakyushu.or.jp/nishiten/guide/,text/html; charset=UTF-8,2026-08-09T02:15:27.140Z,
https://himeji-machishin.jp/sports/shisetsu/chuotai/,candidate-venues.csv;venue-details.csv;venue-operations.csv,CAND-211;DETAIL-299;OP-122:access_source_url,200,reachable,https://himeji-machishin.jp/sports/shisetsu/chuotai/,text/html; charset=UTF-8,2026-08-09T02:15:27.140Z,
https://himeji-machishin.jp/sports/shisetsu/chuotai/ryokin/,price-observations.csv;venue-operations.csv,OP-122:operations_source_url;PRICE-425;PRICE-426,200,reachable,https://himeji-machishin.jp/sports/shisetsu/chuotai/ryokin/,text/html; charset=UTF-8,2026-08-09T02:15:27.140Z,
https://himeji-machishin.jp/sports/shisetsu/yoyaku/,venue-operations.csv,OP-122:booking_source_url,200,reachable,https://himeji-machishin.jp/sports/shisetsu/yoyaku/,text/html; charset=UTF-8,2026-08-09T02:15:27.140Z,
https://hirakata-arts.jp/facility/main/,candidate-venues.csv;venue-details.csv,CAND-909;DETAIL-4790;DETAIL-4791;DETAIL-4792;DETAIL-4793;DETAIL-4794;DETAIL-4795;DETAIL-4796;DETAIL-4797;DETAIL-4798;DETAIL-4799;DETAIL-4800;DETAIL-4801;DETAIL-4802;DETAIL-4803;DETAIL-4804;DETAIL-4805;DETAIL-4806;DETAIL-4807;DETAIL-4808;DETAIL-4809;DETAIL-4810;DETAIL-4811;DETAIL-4812;DETAIL-4813;DETAIL-4814,206,reachable,https://hirakata-arts.jp/facility/main/,text/html,2026-08-09T02:15:27.140Z,
https://hiroshima-stadiumpark.jp/peacewing/access/,venue-operations.csv,OP-206:access_source_url,200,reachable,https://hiroshima-stadiumpark.jp/peacewing/access/,text/html; charset=UTF-8,2026-08-09T02:15:27.140Z,
https://hiroshima-stadiumpark.jp/peacewing/asset/pdf/rental/termsofservice_field_stand.pdf,venue-operations.csv,OP-206:operations_source_url,206,reachable,https://hiroshima-stadiumpark.jp/peacewing/asset/pdf/rental/termsofservice_field_stand.pdf,application/pdf,2026-08-09T02:15:27.140Z,
https://hiroshima-stadiumpark.jp/peacewing/rental/,candidate-venues.csv,CAND-155,206,reachable,https://hiroshima-stadiumpark.jp/peacewing/rental/,text/html; charset=UTF-8,2026-08-09T02:15:27.140Z,
https://hm-sendai.jp/sisetu/miyagino/index.html,candidate-venues.csv;venue-details.csv,CAND-1096;DETAIL-6680;DETAIL-6681;DETAIL-6682,200,reachable,https://hm-sendai.jp/sisetu/miyagino/index.html,text/html; charset=utf8,2026-08-09T02:15:27.140Z,
https://hm-sendai.jp/sisetu/wakabayasi/,candidate-venues.csv;venue-details.csv,CAND-1095;DETAIL-6663;DETAIL-6664,200,reachable,https://hm-sendai.jp/sisetu/wakabayasi/,text/html; charset=utf8,2026-08-09T02:15:27.140Z,
https://ichiharahall.or.jp/facility/floor_map/,candidate-venues.csv;venue-details.csv,CAND-1029;DETAIL-5866;DETAIL-5867;DETAIL-5868;DETAIL-5869;DETAIL-5870;DETAIL-5871;DETAIL-5872;DETAIL-5873;DETAIL-5874,200,reachable,https://ichiharahall.or.jp/facility/floor_map/,text/html; charset=UTF-8,2026-08-09T02:15:27.140Z,
https://iiyama-natura.jp/,candidate-venues.csv,CAND-932,200,reachable,https://iiyama-natura.jp/ja/,text/html; charset=UTF-8,2026-08-09T02:15:27.140Z,redirected
https://iiyama-natura.jp/wp-content/uploads/2022/01/14ee9ccc3ced85007ff0471f4119462d.pdf,venue-details.csv,DETAIL-5067;DETAIL-5068;DETAIL-5069;DETAIL-5070;DETAIL-5071;DETAIL-5072;DETAIL-5073;DETAIL-5074;DETAIL-5075;DETAIL-5076,206,reachable,https://iiyama-natura.jp/wp-content/uploads/2022/01/14ee9ccc3ced85007ff0471f4119462d.pdf,application/pdf,2026-08-09T02:15:27.140Z,
https://iki-bunkahall.com/?plan=%E4%B8%AD%E3%83%9B%E3%83%BC%E3%83%AB,venue-details.csv,DETAIL-4542;DETAIL-4543;DETAIL-4544,200,reachable,https://iki-bunkahall.com/?plan=%E4%B8%AD%E3%83%9B%E3%83%BC%E3%83%AB,text/html; charset=UTF-8,2026-08-09T02:15:27.140Z,
https://iki-bunkahall.com/?plan=%E4%BC%9A%E8%AD%B0%E5%AE%A4,venue-details.csv,DETAIL-4545;DETAIL-4546;DETAIL-4547;DETAIL-4548;DETAIL-4549;DETAIL-4550;DETAIL-4551;DETAIL-4552,200,reachable,https://iki-bunkahall.com/?plan=%E4%BC%9A%E8%AD%B0%E5%AE%A4,text/html; charset=UTF-8,2026-08-09T02:15:27.140Z,
https://iki-bunkahall.com/?plan=%E5%A4%A7%E3%83%9B%E3%83%BC%E3%83%AB-2,venue-details.csv,DETAIL-4535;DETAIL-4536;DETAIL-4537;DETAIL-4538;DETAIL-4539;DETAIL-4540;DETAIL-4541,200,reachable,https://iki-bunkahall.com/?plan=%E5%A4%A7%E3%83%9B%E3%83%BC%E3%83%AB-2,text/html; charset=UTF-8,2026-08-09T02:15:27.140Z,
https://inabun.jp/outline/,candidate-venues.csv;venue-details.csv,CAND-560;DETAIL-2140;DETAIL-2141;DETAIL-2142;DETAIL-2143;DETAIL-2144;DETAIL-2145,200,reachable,https://inabun.jp/outline/,text/html; charset=UTF-8,2026-08-09T02:15:27.140Z,
https://info-shisetsu.pref.kyoto.lg.jp/facility/facility-000330/,venue-operations.csv,OP-084:access_source_url;OP-084:booking_source_url;OP-084:operations_source_url,200,reachable,https://info-shisetsu.pref.kyoto.lg.jp/facility/facility-000330/,text/html; charset=UTF-8,2026-08-09T02:15:27.140Z,
https://isesaki-bunka.com/guide/price/,venue-details.csv,DETAIL-611,200,reachable,https://isesaki-bunka.com/guide/price/,text/html; charset=UTF-8,2026-08-09T02:15:27.140Z,
https://isesaki-bunka.com/shisetsu/,candidate-venues.csv,CAND-293,200,reachable,https://isesaki-bunka.com/shisetsu/,text/html; charset=UTF-8,2026-08-09T02:15:27.140Z,
https://isesaki-bunka.com/shisetsu/lhall/,venue-details.csv,DETAIL-609,200,reachable,https://isesaki-bunka.com/shisetsu/lhall/,text/html; charset=UTF-8,2026-08-09T02:15:27.140Z,
https://isesaki-bunka.com/shisetsu/shall/,venue-details.csv,DETAIL-610,200,reachable,https://isesaki-bunka.com/shisetsu/shall/,text/html; charset=UTF-8,2026-08-09T02:15:27.140Z,
https://ishikawa-odekake.jp/westpark/downloads/,price-observations.csv;venue-operations.csv,OP-048:booking_source_url;PRICE-251;PRICE-252;PRICE-253;PRICE-254;PRICE-255;PRICE-256;PRICE-257;PRICE-258,200,reachable,https://ishikawa-odekake.jp/westpark/downloads/,text/html; charset=UTF-8,2026-08-09T02:15:27.140Z,
https://ishikawa-odekake.jp/westpark/facilities/santen/,venue-details.csv;venue-operations.csv,DETAIL-094;DETAIL-095;DETAIL-096;OP-048:operations_source_url,200,reachable,https://ishikawa-odekake.jp/westpark/facilities/santen/,text/html; charset=UTF-8,2026-08-09T02:15:27.140Z,
https://ishikawa-spc.jp/first/main-arina_senyou.html,venue-operations.csv,OP-149:booking_source_url,206,reachable,https://ishikawa-spc.jp/first/main-arina_senyou.html,text/html,2026-08-09T02:15:27.140Z,
https://ishinhall.com/,venue-operations.csv,OP-042:access_source_url,200,reachable,https://ishinhall.com/,text/html; charset=UTF-8,2026-08-09T02:15:27.140Z,
https://ishinhall.com/hall/,candidate-venues.csv,CAND-013,200,reachable,https://ishinhall.com/hall/,text/html; charset=UTF-8,2026-08-09T02:15:27.140Z,
https://ishinhall.com/hall/org/,venue-operations.csv,OP-042:booking_source_url,200,reachable,https://ishinhall.com/hall/org/,text/html; charset=UTF-8,2026-08-09T02:15:27.140Z,
https://ishinhall.com/hall/org/fee/,price-observations.csv,PRICE-208;PRICE-209;PRICE-210;PRICE-211;PRICE-212,200,reachable,https://ishinhall.com/hall/org/fee/,text/html; charset=UTF-8,2026-08-09T02:15:27.140Z,
https://ishinhall.com/wp-content/themes/overwall/images/pdf/mainhall-price_2026.pdf,price-observations.csv,PRICE-213;PRICE-214,206,reachable,https://ishinhall.com/wp-content/themes/overwall/images/pdf/mainhall-price_2026.pdf,application/pdf,2026-08-09T02:15:27.140Z,
https://ishinhall.com/wp-content/themes/overwall/images/pdf/yamaguchi_hall_floorguide.pdf,venue-details.csv;venue-operations.csv,DETAIL-082;OP-042:operations_source_url,206,reachable,https://ishinhall.com/wp-content/themes/overwall/images/pdf/yamaguchi_hall_floorguide.pdf,application/pdf,2026-08-09T02:15:27.140Z,
https://itemehime.com/eventer/,candidate-venues.csv,CAND-1158,200,reachable,https://itemehime.com/eventer/,text/html; charset=UTF-8,2026-08-09T02:15:27.140Z,
https://itemehime.com/k00/k01/,venue-details.csv,DETAIL-7517,200,reachable,https://itemehime.com/k00/k01/,text/html; charset=UTF-8,2026-08-09T02:15:27.140Z,
https://itemehime.com/k00/k02/,venue-details.csv,DETAIL-7518,200,reachable,https://itemehime.com/k00/k02/,text/html; charset=UTF-8,2026-08-09T02:15:27.140Z,
https://itemehime.com/k00/k03/,venue-details.csv,DETAIL-7519,200,reachable,https://itemehime.com/k00/k03/,text/html; charset=UTF-8,2026-08-09T02:15:27.140Z,
https://itemehime.com/k00/k04/,venue-details.csv,DETAIL-7520;DETAIL-7521;DETAIL-7522;DETAIL-7523,200,reachable,https://itemehime.com/k00/k04/,text/html; charset=UTF-8,2026-08-09T02:15:27.140Z,
https://itemehime.com/k00/k05/,venue-details.csv,DETAIL-7524;DETAIL-7525,200,reachable,https://itemehime.com/k00/k05/,text/html; charset=UTF-8,2026-08-09T02:15:27.140Z,
https://iwaki-alios.jp/cd/sites/files/04_alios_brochure.pdf,venue-details.csv,DETAIL-594,404,client_error,https://iwaki-alios.jp/cd/sites/files/04_alios_brochure.pdf,text/html; charset=UTF-8,2026-08-09T02:15:27.140Z,
https://iwaki-alios.jp/cd/sites/files/210228sdcapa.pdf,venue-details.csv,DETAIL-595;DETAIL-597,404,client_error,https://iwaki-alios.jp/cd/sites/files/210228sdcapa.pdf,text/html; charset=UTF-8,2026-08-09T02:15:27.140Z,
https://iwate-arts-miyako.jp/facility/,candidate-venues.csv;venue-details.csv,CAND-421;DETAIL-1067;DETAIL-1068;DETAIL-1069;DETAIL-1070;DETAIL-1071,200,reachable,https://iwate-arts-miyako.jp/facility/,text/html; charset=UTF-8,2026-08-09T02:15:27.140Z,
https://iyyf.org/detailed-results-and-photo-report-for-wyyc2018/,historical-events.csv,WYYC-2019,200,reachable,https://iyyf.org/detailed-results-and-photo-report-for-wyyc2018/,text/html; charset=UTF-8,2026-08-09T02:15:27.140Z,
https://iyyf.org/world-yo-yo-contest/,historical-events.csv,WYYC-1999;WYYC-2020;WYYC-2021;WYYC-2022,200,reachable,https://iyyf.org/world-yo-yo-contest/,text/html; charset=UTF-8,2026-08-09T02:15:27.140Z,
https://izumity21.jp/about/,candidate-venues.csv,CAND-1097,200,reachable,https://izumity21.jp/about/,text/html; charset=UTF-8,2026-08-09T02:15:27.140Z,
https://izumity21.jp/about/hall_small/,venue-details.csv,DETAIL-6697;DETAIL-6705;DETAIL-6706;DETAIL-6707;DETAIL-6708,200,reachable,https://izumity21.jp/about/hall_small/,text/html; charset=UTF-8,2026-08-09T02:15:27.140Z,
https://izumity21.jp/about/hall/,venue-details.csv,DETAIL-6696;DETAIL-6700;DETAIL-6701;DETAIL-6702;DETAIL-6703;DETAIL-6704;DETAIL-6709,200,reachable,https://izumity21.jp/about/hall/,text/html; charset=UTF-8,2026-08-09T02:15:27.140Z,
https://izumity21.jp/about/other/,venue-details.csv,DETAIL-6710;DETAIL-6711;DETAIL-6712;DETAIL-6713;DETAIL-6714;DETAIL-6715;DETAIL-6716;DETAIL-6717;DETAIL-6718,200,reachable,https://izumity21.jp/about/other/,text/html; charset=UTF-8,2026-08-09T02:15:27.140Z,
https://izumity21.jp/about/showroom/,venue-details.csv,DETAIL-6698;DETAIL-6699;DETAIL-6719,200,reachable,https://izumity21.jp/about/showroom/,text/html; charset=UTF-8,2026-08-09T02:15:27.140Z,
https://jcom.hall-info.jp/about/big_hall.html,venue-details.csv,DETAIL-6868,206,reachable,https://jcom.hall-info.jp/about/big_hall.html,text/html,2026-08-09T02:15:27.140Z,
https://jcom.hall-info.jp/about/dressing_room.html,venue-details.csv,DETAIL-6870;DETAIL-6871;DETAIL-6872;DETAIL-6873;DETAIL-6874;DETAIL-6875;DETAIL-6876;DETAIL-6877;DETAIL-6878;DETAIL-6879,206,reachable,https://jcom.hall-info.jp/about/dressing_room.html,text/html,2026-08-09T02:15:27.140Z,
https://jcom.hall-info.jp/about/rehearsal.html,venue-details.csv,DETAIL-6869,206,reachable,https://jcom.hall-info.jp/about/rehearsal.html,text/html,2026-08-09T02:15:27.140Z,
https://jj24.yoyocontest.jp/,historical-events.csv,JUNIOR-2024,200,reachable,https://jj24.yoyocontest.jp/,text/html; charset=UTF-8,2026-08-09T02:15:27.140Z,
https://jj25.yoyocontest.jp/,historical-events.csv,JUNIOR-2025,200,reachable,https://jj25.yoyocontest.jp/,text/html; charset=UTF-8,2026-08-09T02:15:27.140Z,
https://jl24.yoyocontest.jp/,historical-events.csv,REG-2024-CJ;REG-2024-EJ;REG-2024-NJ;REG-2024-SJ;REG-2024-WJ,200,reachable,https://jl24.yoyocontest.jp/,text/html; charset=UTF-8,2026-08-09T02:15:27.140Z,
https://jn24.yoyocontest.jp/,historical-events.csv,JN-2024,200,reachable,https://jn24.yoyocontest.jp/,text/html; charset=UTF-8,2026-08-09T02:15:27.140Z,
https://jn25.yoyocontest.jp/,historical-events.csv,JN-2025,200,reachable,https://jn25.yoyocontest.jp/,text/html; charset=UTF-8,2026-08-09T02:15:27.140Z,
https://jn26.yoyocontest.jp/,historical-events.csv,JN-2026,200,reachable,https://jn26.yoyocontest.jp/,text/html; charset=UTF-8,2026-08-09T02:15:27.140Z,
https://jyyf.org/2015jl/,historical-events.csv,REG-2015-CJ;REG-2015-EJA;REG-2015-EJB;REG-2015-NJ;REG-2015-SJ;REG-2015-WJ,200,reachable,https://jyyf.org/2015jl/,text/html; charset=UTF-8,2026-08-09T02:15:27.140Z,
https://jyyf.org/2017jl/,historical-events.csv,REG-2017-CJ;REG-2017-EJA;REG-2017-EJB;REG-2017-NJ;REG-2017-SJ;REG-2017-WJ,200,reachable,https://jyyf.org/2017jl/,text/html; charset=UTF-8,2026-08-09T02:15:27.140Z,
https://jyyf.org/2018jj/,historical-events.csv,JUNIOR-2018,200,reachable,https://jyyf.org/2018jj/,text/html; charset=UTF-8,2026-08-09T02:15:27.140Z,
https://jyyf.org/2018jn/champions_jycc/,historical-events.csv,JN-2003;JN-2004;JN-2005;JN-2006,200,reachable,https://jyyf.org/2018jn/champions_jycc/,text/html; charset=UTF-8,2026-08-09T02:15:27.140Z,
https://jyyf.org/2018jn/champions_utyj/,historical-events.csv,JN-1999;JN-2000;JN-2001;JN-2002,200,reachable,https://jyyf.org/2018jn/champions_utyj/,text/html; charset=UTF-8,2026-08-09T02:15:27.140Z,
https://jyyf.org/2019jj/,historical-events.csv,JUNIOR-2019,200,reachable,https://jyyf.org/2019jj/,text/html; charset=UTF-8,2026-08-09T02:15:27.140Z,
https://jyyf.org/2020jj/,historical-events.csv,JUNIOR-2020,200,reachable,https://jyyf.org/2020jj/,text/html; charset=UTF-8,2026-08-09T02:15:27.140Z,
https://kagabun.kagashi-ss.com/facilities/hall/,candidate-venues.csv;venue-details.csv,CAND-308;DETAIL-642;DETAIL-643,200,reachable,https://kagabun.kagashi-ss.com/facilities/hall/,text/html; charset=UTF-8,2026-08-09T02:15:27.140Z,
https://kagawa-arena.com/access/,venue-operations.csv,OP-068:access_source_url,200,reachable,https://kagawa-arena.com/access/,text/html; charset=UTF-8,2026-08-09T02:15:27.140Z,
https://kagawa-arena.com/guide/,candidate-venues.csv;venue-details.csv,CAND-082;DETAIL-140;DETAIL-141,200,reachable,https://kagawa-arena.com/guide/,text/html; charset=UTF-8,2026-08-09T02:15:27.140Z,
https://kagawa-arena.com/wp-content/uploads/2024/08/%E3%81%82%E3%81%AA%E3%81%B6%E3%81%8D%E3%82%A2%E3%83%AA%E3%83%BC%E3%83%8A%E9%A6%99%E5%B7%9D_%E5%88%A9%E7%94%A8%E6%96%99%E9%87%91.pdf,price-observations.csv,PRICE-338;PRICE-339;PRICE-340;PRICE-341,206,reachable,https://kagawa-arena.com/wp-content/uploads/2024/08/%E3%81%82%E3%81%AA%E3%81%B6%E3%81%8D%E3%82%A2%E3%83%AA%E3%83%BC%E3%83%8A%E9%A6%99%E5%B7%9D_%E5%88%A9%E7%94%A8%E6%96%99%E9%87%91.pdf,application/pdf,2026-08-09T02:15:27.140Z,
https://kagawa-arena.com/wp-content/uploads/2024/08/%E5%88%A9%E7%94%A8%E3%81%AE%E6%89%8B%E5%BC%95%E3%81%8D.pdf,venue-operations.csv,OP-068:booking_source_url;OP-068:operations_source_url,206,reachable,https://kagawa-arena.com/wp-content/uploads/2024/08/%E5%88%A9%E7%94%A8%E3%81%AE%E6%89%8B%E5%BC%95%E3%81%8D.pdf,application/pdf,2026-08-09T02:15:27.140Z,
https://kagawa-swc.or.jp/home/pdf/260325.pdf,candidate-venues.csv,CAND-1146,206,reachable,https://kagawa-swc.or.jp/home/pdf/260325.pdf,application/pdf,2026-08-09T02:15:27.140Z,
https://kagawa-swc.or.jp/home/room/price.pdf,venue-details.csv,DETAIL-7349;DETAIL-7350;DETAIL-7351;DETAIL-7352;DETAIL-7353;DETAIL-7354;DETAIL-7355;DETAIL-7356;DETAIL-7357;DETAIL-7358;DETAIL-7359;DETAIL-7360;DETAIL-7361;DETAIL-7362;DETAIL-7363;DETAIL-7364,206,reachable,https://kagawa-swc.or.jp/home/room/price.pdf,application/pdf,2026-08-09T02:15:27.140Z,
https://kamagaya-kirarihall.jp/shisetsu/index.html,candidate-venues.csv;venue-details.csv,CAND-451;DETAIL-1267;DETAIL-1268;DETAIL-1269;DETAIL-1270;DETAIL-1271;DETAIL-1272,200,reachable,https://kamagaya-kirarihall.jp/shisetsu/index.html,text/html,2026-08-09T02:15:27.140Z,
https://kamakura-kpac.jp/rental/,candidate-venues.csv;venue-details.csv,CAND-558;DETAIL-2116;DETAIL-2117;DETAIL-2118;DETAIL-2119;DETAIL-2120;DETAIL-2121;DETAIL-2122,200,reachable,https://kamakura-kpac.jp/rental/,text/html; charset=UTF-8,2026-08-09T02:15:27.140Z,
https://kameyama-bunkakaikan.com/institution.html,candidate-venues.csv;venue-details.csv,CAND-241;DETAIL-516,206,reachable,https://kameyama-bunkakaikan.com/institution.html,text/html,2026-08-09T02:15:27.140Z,
https://kanoyashi-bunkakaikan.jpn.org/,candidate-venues.csv;venue-details.csv,CAND-417;DETAIL-1051,206,reachable,https://kanoyashi-bunkakaikan.jpn.org/,text/html,2026-08-09T02:15:27.140Z,
https://kashibun.jp/facility/,candidate-venues.csv;venue-details.csv,CAND-1054;DETAIL-6187;DETAIL-6188;DETAIL-6189;DETAIL-6190,200,reachable,https://kashibun.jp/facility/,text/html; charset=UTF-8,2026-08-09T02:15:27.140Z,
https://kashibun.jp/facility/hall_l/,venue-details.csv,DETAIL-6184;DETAIL-6186,200,reachable,https://kashibun.jp/facility/hall_l/,text/html; charset=UTF-8,2026-08-09T02:15:27.140Z,
https://kashibun.jp/facility/hall_s/,venue-details.csv,DETAIL-6185,200,reachable,https://kashibun.jp/facility/hall_s/,text/html; charset=UTF-8,2026-08-09T02:15:27.140Z,
https://kc-sks.jp/soutai/floor.html,candidate-venues.csv;venue-details.csv,CAND-226;DETAIL-314,200,reachable,https://kc-sks.jp/soutai/floor.html,text/html; charset=UTF-8,2026-08-09T02:15:27.140Z,
https://kc-sks.jp/soutai/map.html,venue-operations.csv,OP-137:access_source_url,200,reachable,https://kc-sks.jp/soutai/map.html,text/html; charset=UTF-8,2026-08-09T02:15:27.140Z,
https://kc-sks.jp/soutai/price.html,price-observations.csv,PRICE-455;PRICE-456,200,reachable,https://kc-sks.jp/soutai/price.html,text/html; charset=UTF-8,2026-08-09T02:15:27.140Z,
https://kc-sks.jp/soutai/usreguide02-02.html,venue-operations.csv,OP-137:booking_source_url;OP-137:operations_source_url,200,reachable,https://kc-sks.jp/soutai/usreguide02-02.html,text/html; charset=UTF-8,2026-08-09T02:15:27.140Z,
https://keio-arena.tokyo/facility/mainarena.php,candidate-venues.csv,CAND-098,200,reachable,https://keio-arena.tokyo/facility/mainarena.php,text/html; charset=UTF-8,2026-08-09T02:15:27.140Z,
https://keio-arena.tokyo/information/page02.php,venue-operations.csv,OP-083:booking_source_url,200,reachable,https://keio-arena.tokyo/information/page02.php,text/html; charset=UTF-8,2026-08-09T02:15:27.140Z,
https://keio-arena.tokyo/information/pdf/pricelist.pdf,price-observations.csv,PRICE-1000;PRICE-1001;PRICE-1002;PRICE-1003;PRICE-1004;PRICE-1005;PRICE-1006;PRICE-918;PRICE-919;PRICE-920;PRICE-921;PRICE-922;PRICE-923;PRICE-924;PRICE-925;PRICE-926;PRICE-927;PRICE-928;PRICE-929;PRICE-930;PRICE-931;PRICE-932;PRICE-933;PRICE-934;PRICE-935;PRICE-936;PRICE-937;PRICE-938;PRICE-939;PRICE-940;PRICE-941;PRICE-942;PRICE-943;PRICE-944;PRICE-945;PRICE-946;PRICE-947;PRICE-948;PRICE-949;PRICE-983;PRICE-984;PRICE-985;PRICE-986;PRICE-987;PRICE-988;PRICE-989;PRICE-990;PRICE-991;PRICE-992;PRICE-993;PRICE-994;PRICE-995;PRICE-996;PRICE-997;PRICE-998;PRICE-999,206,reachable,https://keio-arena.tokyo/information/pdf/pricelist.pdf,application/pdf,2026-08-09T02:15:27.140Z,
https://keio-arena.tokyo/information/welcome.php,venue-operations.csv,OP-083:access_source_url,200,reachable,https://keio-arena.tokyo/information/welcome.php,text/html; charset=UTF-8,2026-08-09T02:15:27.140Z,
https://kendama.or.jp/2025/08/22/%E3%80%8C%E7%AC%AC23%E5%9B%9E%E3%81%91%E3%82%93%E7%8E%89%E3%83%9A%E3%82%A4%E3%83%B3%E3%83%86%E3%82%A3%E3%83%B3%E3%82%B0%E3%82%B3%E3%83%B3%E3%83%86%E3%82%B9%E3%83%88%E8%A1%A8%E5%BD%B0%E5%BC%8F%EF%BD%A5/,historical-events.csv,JKA-YOUTH-2025,200,reachable,https://kendama.or.jp/2025/08/22/23pein37monkahai_youtube/,text/html; charset=UTF-8,2026-08-09T02:15:27.140Z,redirected
https://kenminhall.com/visitors/venue/,candidate-venues.csv;venue-details.csv,CAND-145;DETAIL-230,200,reachable,https://kenminhall.com/visitors/venue/,text/html; charset=UTF-8,2026-08-09T02:15:27.140Z,
https://kintaromirai-hall.com/facility/,candidate-venues.csv;venue-details.csv,CAND-1174;DETAIL-7683;DETAIL-7684;DETAIL-7685;DETAIL-7686;DETAIL-7687;DETAIL-7688;DETAIL-7689;DETAIL-7690;DETAIL-7691;DETAIL-7692;DETAIL-7693;DETAIL-7694;DETAIL-7695,200,reachable,https://kintaromirai-hall.com/facility/,text/html; charset=UTF-8,2026-08-09T02:15:27.140Z,
https://kkb-hall.jp/facility/index.html,candidate-venues.csv,CAND-329,206,reachable,https://kkb-hall.jp/facility/index.html,text/html,2026-08-09T02:15:27.140Z,
https://kkb-hall.jp/guidance/form/flow_hall.pdf,venue-details.csv,DETAIL-710;DETAIL-711,206,reachable,https://kkb-hall.jp/guidance/form/flow_hall.pdf,application/pdf,2026-08-09T02:15:27.140Z,
https://kobe-cc.jp/ja/facilities/exhibition-hall/,candidate-venues.csv,CAND-117,200,reachable,https://kobe-cc.jp/ja/facilities/exhibition-hall/,text/html; charset=UTF-8,2026-08-09T02:15:27.140Z,
https://kobe-cc.jp/ja/facilities/exhibition-hall/hall2-1f-conventionhall/,venue-details.csv,DETAIL-194,200,reachable,https://kobe-cc.jp/ja/facilities/exhibition-hall/hall2-1f-conventionhall/,text/html; charset=UTF-8,2026-08-09T02:15:27.140Z,
https://kobe-cc.jp/ja/facilities/price/,price-observations.csv,PRICE-609;PRICE-610;PRICE-611;PRICE-612;PRICE-613,200,reachable,https://kobe-cc.jp/ja/facilities/price/,text/html; charset=UTF-8,2026-08-09T02:15:27.140Z,
https://kobe-cc.jp/ja/support-services/,venue-operations.csv,OP-177:operations_source_url,200,reachable,https://kobe-cc.jp/ja/support-services/,text/html; charset=UTF-8,2026-08-09T02:15:27.140Z,
https://kobe-cc.jp/ja/visitors/access/,venue-operations.csv,OP-177:access_source_url,200,reachable,https://kobe-cc.jp/ja/visitors/access/,text/html; charset=UTF-8,2026-08-09T02:15:27.140Z,
https://kobe-cc.jp/kcc/wp-content/uploads/2025/07/17c3c1e2674fa267fbb5e841078b9190.pdf,venue-operations.csv,OP-177:booking_source_url,206,reachable,https://kobe-cc.jp/kcc/wp-content/uploads/2025/07/17c3c1e2674fa267fbb5e841078b9190.pdf,application/pdf,2026-08-09T02:15:27.140Z,
https://komatsu-urara.com/facility/,candidate-venues.csv;venue-details.csv,CAND-305;DETAIL-637,200,reachable,https://komatsu-urara.com/facility/,text/html; charset=UTF-8,2026-08-09T02:15:27.140Z,
https://kouhoku-navel.com/facility/,candidate-venues.csv;venue-details.csv,CAND-415;DETAIL-1044;DETAIL-1045;DETAIL-1046;DETAIL-1047;DETAIL-1048,200,reachable,https://kouhoku-navel.com/facility/,text/html; charset=UTF-8,2026-08-09T02:15:27.140Z,
https://kpac.or.jp/use/,candidate-venues.csv,CAND-253,200,reachable,https://kpac.or.jp/use/,text/html; charset=UTF-8,2026-08-09T02:15:27.140Z,
https://kpac.or.jp/wp-content/uploads/2025/08/ar2024.pdf,venue-details.csv,DETAIL-533;DETAIL-534,206,reachable,https://kpac.or.jp/wp-content/uploads/2025/08/ar2024.pdf,application/pdf,2026-08-09T02:15:27.140Z,
https://kurara-hall.jp/usage-guidance/,venue-details.csv,DETAIL-2230;DETAIL-2231;DETAIL-2232;DETAIL-2233;DETAIL-2234,200,reachable,https://kurara-hall.jp/usage-guidance/,text/html; charset=UTF-8,2026-08-09T02:15:27.140Z,
https://kusatsu-art.center/creahall/facilities/,candidate-venues.csv;venue-details.csv,CAND-314;DETAIL-659,200,reachable,https://kusatsu-art.center/creahall/facilities,text/html; charset=UTF-8,2026-08-09T02:15:27.140Z,redirected
https://kusatsu-art.center/wp/wp-content/uploads/2020/12/pamphlet.pdf,venue-details.csv,DETAIL-658,404,client_error,https://kusatsu-art.center/wp/wp-content/uploads/2020/12/pamphlet.pdf,text/html; charset=UTF-8,2026-08-09T02:15:27.140Z,
https://kushima-lyceum.net/hall-info/,candidate-venues.csv;venue-details.csv,CAND-489;DETAIL-1593;DETAIL-1594;DETAIL-1595,200,reachable,https://kushima-lyceum.net/hall-info/,text/html; charset=UTF-8,2026-08-09T02:15:27.140Z,
https://lalaarenatokyo-bay.com/access/,venue-operations.csv,OP-078:access_source_url,200,reachable,https://lalaarenatokyo-bay.com/access/,text/html; charset=UTF-8,2026-08-09T02:15:27.140Z,
https://lalaarenatokyo-bay.com/organizer/,candidate-venues.csv;venue-operations.csv,CAND-092;OP-078:booking_source_url,200,reachable,https://lalaarenatokyo-bay.com/organizer/,text/html; charset=UTF-8,2026-08-09T02:15:27.140Z,
https://lalaarenatokyo-bay.com/wp-content/uploads/2025/07/ea0b47857713c6e7173afd3ab81358c9.pdf,price-observations.csv;venue-details.csv;venue-operations.csv,DETAIL-157;OP-078:operations_source_url;PRICE-349;PRICE-350,206,reachable,https://lalaarenatokyo-bay.com/wp-content/uploads/2025/07/ea0b47857713c6e7173afd3ab81358c9.pdf,application/pdf,2026-08-09T02:15:27.140Z,
https://library.city.tamano.okayama.jp/publichall/,candidate-venues.csv;venue-details.csv,CAND-547;DETAIL-1993;DETAIL-1994;DETAIL-1995;DETAIL-1996;DETAIL-1997;DETAIL-1998;DETAIL-1999;DETAIL-2000;DETAIL-2001;DETAIL-2002,206,reachable,https://library.city.tamano.okayama.jp/publichall/,text/html,2026-08-09T02:15:27.140Z,
https://lp.pacifico.co.jp/hubfs/Annual_Report_2021_eng.pdf,venue-details.csv,DETAIL-025,206,reachable,https://lp.pacifico.co.jp/hubfs/Annual_Report_2021_eng.pdf,application/pdf,2026-08-09T02:15:27.140Z,
https://lp.pacifico.co.jp/hubfs/north/guide/North.pdf,venue-details.csv;venue-operations.csv,DETAIL-026;DETAIL-027;OP-011:operations_source_url,206,reachable,https://lp.pacifico.co.jp/hubfs/north/guide/North.pdf,application/pdf,2026-08-09T02:15:27.140Z,
https://lp.pacifico.co.jp/hubfs/Room_Rental_Price_List_jpn.pdf,price-observations.csv,PRICE-058;PRICE-059;PRICE-060;PRICE-061;PRICE-062,206,reachable,https://lp.pacifico.co.jp/hubfs/Room_Rental_Price_List_jpn.pdf,application/pdf,2026-08-09T02:15:27.140Z,
https://m.city.nagareyama.chiba.jp/institution/1004311/1004324/1004326.html,venue-details.csv,DETAIL-5895;DETAIL-5896;DETAIL-5897;DETAIL-5898;DETAIL-5899,206,reachable,https://m.city.nagareyama.chiba.jp/institution/1004311/1004324/1004326.html,text/html,2026-08-09T02:15:27.140Z,
https://maas.or.jp/pages/126/,venue-operations.csv,OP-170:booking_source_url,200,reachable,https://maas.or.jp/pages/126/,text/html; charset=UTF-8,2026-08-09T02:15:27.140Z,
https://maas.or.jp/pages/38/,candidate-venues.csv;price-observations.csv,CAND-160;PRICE-1260;PRICE-1261;PRICE-1262;PRICE-1263;PRICE-1264;PRICE-1265;PRICE-1266;PRICE-1267;PRICE-1268;PRICE-1269;PRICE-1270;PRICE-1271;PRICE-1272;PRICE-1273;PRICE-1274;PRICE-1275;PRICE-1276;PRICE-1277;PRICE-1278;PRICE-1279;PRICE-1280;PRICE-1281;PRICE-1282;PRICE-1283;PRICE-1284;PRICE-1285;PRICE-1286;PRICE-1287;PRICE-1288;PRICE-1289;PRICE-1290;PRICE-1291;PRICE-1292;PRICE-1293;PRICE-1294;PRICE-1295;PRICE-1296;PRICE-1297;PRICE-1298;PRICE-1299;PRICE-1300;PRICE-1301;PRICE-1302;PRICE-1303;PRICE-1304;PRICE-1305;PRICE-1306;PRICE-1307;PRICE-1308;PRICE-1309;PRICE-1310;PRICE-1311;PRICE-1312;PRICE-1313;PRICE-1314;PRICE-1315;PRICE-1316;PRICE-1317;PRICE-1318;PRICE-1319;PRICE-1320;PRICE-1321;PRICE-1322;PRICE-1323;PRICE-1324;PRICE-1325;PRICE-1326;PRICE-1327;PRICE-1328,200,reachable,https://maas.or.jp/pages/38/,text/html; charset=UTF-8,2026-08-09T02:15:27.140Z,
https://maebashishibun.maebashi-cc.or.jp/dhall,venue-details.csv,DETAIL-5760;DETAIL-5761,200,reachable,https://maebashishibun.maebashi-cc.or.jp/dhall,text/html; charset=UTF-8,2026-08-09T02:15:27.140Z,
https://maebashishibun.maebashi-cc.or.jp/gaiyo,candidate-venues.csv,CAND-1018,200,reachable,https://maebashishibun.maebashi-cc.or.jp/gaiyo,text/html; charset=UTF-8,2026-08-09T02:15:27.140Z,
https://maebashishibun.maebashi-cc.or.jp/lhall,venue-details.csv,DETAIL-5758,200,reachable,https://maebashishibun.maebashi-cc.or.jp/lhall,text/html; charset=UTF-8,2026-08-09T02:15:27.140Z,
https://maebashishibun.maebashi-cc.or.jp/meeting,venue-details.csv,DETAIL-5762;DETAIL-5763,200,reachable,https://maebashishibun.maebashi-cc.or.jp/meeting,text/html; charset=UTF-8,2026-08-09T02:15:27.140Z,
https://maebashishibun.maebashi-cc.or.jp/rehea,venue-details.csv,DETAIL-5764;DETAIL-5765,200,reachable,https://maebashishibun.maebashi-cc.or.jp/rehea,text/html; charset=UTF-8,2026-08-09T02:15:27.140Z,
https://maebashishibun.maebashi-cc.or.jp/shall,venue-details.csv,DETAIL-5759,200,reachable,https://maebashishibun.maebashi-cc.or.jp/shall,text/html; charset=UTF-8,2026-08-09T02:15:27.140Z,
https://mahorobacenter.city.sakurai.lg.jp/hall,candidate-venues.csv;venue-details.csv,CAND-648;DETAIL-2680;DETAIL-2681;DETAIL-2682;DETAIL-2683;DETAIL-2684;DETAIL-2685;DETAIL-2686;DETAIL-2687,200,reachable,https://mahorobacenter.city.sakurai.lg.jp/hall,text/html; charset=UTF-8,2026-08-09T02:15:27.140Z,
https://makomanai-park.jp/icearena/about/,candidate-venues.csv;venue-details.csv;venue-operations.csv,CAND-107;DETAIL-176;DETAIL-177;OP-088:access_source_url,200,reachable,https://makomanai-park.jp/icearena/about/,text/html; charset=UTF-8,2026-08-09T02:15:27.140Z,
https://makomanai-park.jp/icearena/procedure/,price-observations.csv;venue-operations.csv,OP-088:booking_source_url;OP-088:operations_source_url;PRICE-1067;PRICE-1068;PRICE-1069;PRICE-1070;PRICE-1071;PRICE-1072;PRICE-1073;PRICE-1074;PRICE-1075;PRICE-1076;PRICE-1077;PRICE-1078;PRICE-1079;PRICE-1080;PRICE-1081;PRICE-1082;PRICE-1083;PRICE-1084;PRICE-1085;PRICE-1086;PRICE-1087;PRICE-1088;PRICE-1089;PRICE-1090;PRICE-1091;PRICE-1092;PRICE-1093;PRICE-1094;PRICE-1095;PRICE-1096;PRICE-1097;PRICE-1098;PRICE-1099;PRICE-1100;PRICE-1101;PRICE-1102;PRICE-1103;PRICE-1104;PRICE-1105;PRICE-1106,200,reachable,https://makomanai-park.jp/icearena/procedure/,text/html; charset=UTF-8,2026-08-09T02:15:27.140Z,
https://matsumoto-arena.com/access/,venue-operations.csv,OP-033:access_source_url,206,reachable,https://matsumoto-arena.com/access/,text/html; charset=UTF-8,2026-08-09T02:15:27.140Z,
https://matsumoto-arena.com/guide/,venue-operations.csv,OP-033:operations_source_url,206,reachable,https://matsumoto-arena.com/guide/,text/html; charset=UTF-8,2026-08-09T02:15:27.140Z,
https://mie-sports-stadium.jp/gym,candidate-venues.csv;venue-details.csv,CAND-238;DETAIL-511;DETAIL-512,200,reachable,https://mie-sports-stadium.jp/gym,text/html; charset=UTF-8,2026-08-09T02:15:27.140Z,
https://mihara-caf.jp/?cat=20,candidate-venues.csv;venue-details.csv,CAND-574;DETAIL-2237;DETAIL-2238;DETAIL-2239;DETAIL-2240;DETAIL-2241,200,reachable,https://mihara-caf.jp/?cat=20,text/html; charset=UTF-8,2026-08-09T02:15:27.140Z,
https://mikabomirai.jp/l_hall.html,candidate-venues.csv;venue-details.csv,CAND-296;DETAIL-617,206,reachable,https://mikabomirai.jp/l_hall.html,text/html,2026-08-09T02:15:27.140Z,
https://minato-terrace.jp/free/reserve,candidate-venues.csv;venue-details.csv,CAND-324;DETAIL-691;DETAIL-692;DETAIL-693;DETAIL-694;DETAIL-695,200,reachable,https://minato-terrace.jp/free/reserve,text/html; charset=utf-8,2026-08-09T02:15:27.140Z,
https://minoh-bunka.com/maple/,venue-websites.csv,VWEB-002;VWEB-002:source_url,200,reachable,https://minoh-bunka.com/maple/,text/html; charset=UTF-8,2026-08-09T02:15:27.140Z,
https://minoh-bunka.com/maple/mdetail/,venue-details.csv,DETAIL-7719;DETAIL-7720;DETAIL-7721,200,reachable,https://minoh-bunka.com/maple/mdetail/,text/html; charset=UTF-8,2026-08-09T02:15:27.140Z,
https://minole.city.omitama.lg.jp/0491/genre2-6-001.html,candidate-venues.csv;venue-details.csv,CAND-797;DETAIL-3734,200,reachable,https://minole.city.omitama.lg.jp/0491/genre2-6-001.html,text/html,2026-08-09T02:15:27.140Z,
https://miraibu.jp/floor.html,candidate-venues.csv,CAND-856,206,reachable,https://miraibu.jp/floor.html,text/html,2026-08-09T02:15:27.140Z,
https://miraibu.jp/price.html,venue-details.csv,DETAIL-4250;DETAIL-4251;DETAIL-4252;DETAIL-4253;DETAIL-4254;DETAIL-4255,206,reachable,https://miraibu.jp/price.html,text/html,2026-08-09T02:15:27.140Z,
https://miyama-conseru.or.jp/facility/,candidate-venues.csv;venue-details.csv,CAND-272;DETAIL-565;DETAIL-566,200,reachable,https://miyama-conseru.or.jp/facility/,text/html; charset=UTF-8,2026-08-09T02:15:27.140Z,
https://miyazaki-ac.jp/floor-map/,candidate-venues.csv;venue-details.csv,CAND-1084;DETAIL-6519;DETAIL-6520;DETAIL-6521,200,reachable,https://miyazaki-ac.jp/floor-map/,text/html; charset=UTF-8,2026-08-09T02:15:27.140Z,
https://miyazaki-ac.jp/hall/event-hall/,venue-details.csv,DETAIL-6516;DETAIL-6517;DETAIL-6518,200,reachable,https://miyazaki-ac.jp/hall/event-hall/,text/html; charset=UTF-8,2026-08-09T02:15:27.140Z,
https://miyazaki-ac.jp/hall/isaacstern-hall/,venue-details.csv,DETAIL-6510;DETAIL-6511;DETAIL-6512,200,reachable,https://miyazaki-ac.jp/hall/isaacstern-hall/,text/html; charset=UTF-8,2026-08-09T02:15:27.140Z,
https://miyazaki-ac.jp/hall/theater-hall/,venue-details.csv,DETAIL-6513;DETAIL-6514;DETAIL-6515,200,reachable,https://miyazaki-ac.jp/hall/theater-hall/,text/html; charset=UTF-8,2026-08-09T02:15:27.140Z,
https://miyazaki-ac.jp/rehearsalroom/,venue-details.csv,DETAIL-6522;DETAIL-6523,200,reachable,https://miyazaki-ac.jp/rehearsalroom/,text/html; charset=UTF-8,2026-08-09T02:15:27.140Z,
https://miyazu-jissen.com/rekishi.html,candidate-venues.csv;venue-details.csv,CAND-1131;DETAIL-7209;DETAIL-7210;DETAIL-7211;DETAIL-7212;DETAIL-7213;DETAIL-7214,206,reachable,https://miyazu-jissen.com/rekishi.html,text/html,2026-08-09T02:15:27.140Z,
https://mobile.city.sayama.saitama.jp/index.cgi?page=957,venue-details.csv,DETAIL-2525;DETAIL-2526;DETAIL-2527;DETAIL-2528;DETAIL-2529;DETAIL-2530;DETAIL-2531;DETAIL-2532;DETAIL-2533;DETAIL-2534;DETAIL-2535;DETAIL-2536,200,reachable,https://mobile.city.sayama.saitama.jp/index.cgi?page=957,text/html,2026-08-09T02:15:27.140Z,
https://momochi-bunka.com/facility/,candidate-venues.csv;venue-details.csv,CAND-1151;DETAIL-7439;DETAIL-7440;DETAIL-7441;DETAIL-7442;DETAIL-7443;DETAIL-7444;DETAIL-7445;DETAIL-7446;DETAIL-7447;DETAIL-7448;DETAIL-7449;DETAIL-7450;DETAIL-7451;DETAIL-7452;DETAIL-7453;DETAIL-7454;DETAIL-7455;DETAIL-7456;DETAIL-7457;DETAIL-7458;DETAIL-7459;DETAIL-7460,200,reachable,https://momochi-bunka.com/facility/,text/html; charset=UTF-8,2026-08-09T02:15:27.140Z,
https://morioka-sport.or.jp/facility/arena/,venue-operations.csv,OP-062:booking_source_url,200,reachable,https://morioka-sport.or.jp/facility/arena/,text/html; charset=UTF-8,2026-08-09T02:15:27.140Z,
https://morioka-sport.or.jp/wp/wp-content/uploads/2025/06/%E7%9B%9B%E5%B2%A1%E5%B8%82%E7%B7%8F%E5%90%88%E3%82%A2%E3%83%AA%E3%83%BC%E3%83%8A%E5%88%A9%E7%94%A8%E8%A6%8F%E7%A8%8B%EF%BC%88HP%E7%94%A8%EF%BC%89.pdf,venue-operations.csv,OP-062:operations_source_url,206,reachable,https://morioka-sport.or.jp/wp/wp-content/uploads/2025/06/%E7%9B%9B%E5%B2%A1%E5%B8%82%E7%B7%8F%E5%90%88%E3%82%A2%E3%83%AA%E3%83%BC%E3%83%8A%E5%88%A9%E7%94%A8%E8%A6%8F%E7%A8%8B%EF%BC%88HP%E7%94%A8%EF%BC%89.pdf,application/pdf,2026-08-09T02:15:27.140Z,
https://morioka-sport.or.jp/wp/wp-content/uploads/2026/04/HP%E7%94%A8%E5%88%A9%E7%94%A8%E6%96%99%E9%87%91%EF%BC%88%E3%83%95%E3%83%AD%E3%82%A2%EF%BC%89R8.0401%EF%BD%9E.pdf,price-observations.csv,PRICE-858;PRICE-859;PRICE-860;PRICE-861;PRICE-862;PRICE-863;PRICE-864;PRICE-865;PRICE-866;PRICE-867;PRICE-868;PRICE-869;PRICE-870;PRICE-871;PRICE-872;PRICE-873,206,reachable,https://morioka-sport.or.jp/wp/wp-content/uploads/2026/04/HP%E7%94%A8%E5%88%A9%E7%94%A8%E6%96%99%E9%87%91%EF%BC%88%E3%83%95%E3%83%AD%E3%82%A2%EF%BC%89R8.0401%EF%BD%9E.pdf,application/pdf,2026-08-09T02:15:27.140Z,
https://muse-tokorozawa.or.jp/facility/cube.php,venue-details.csv,DETAIL-622,200,reachable,https://muse-tokorozawa.or.jp/facility/cube.php,text/html; charset=UTF-8,2026-08-09T02:15:27.140Z,
https://myoko-bunka.jp/03/hall.html,venue-details.csv,DETAIL-4704;DETAIL-4705;DETAIL-4706;DETAIL-4707;DETAIL-4708;DETAIL-4709;DETAIL-4710;DETAIL-4711;DETAIL-4712,206,reachable,https://myoko-bunka.jp/03/hall.html,text/html,2026-08-09T02:15:27.140Z,
https://nagaipark.com/access/,venue-operations.csv,OP-203:access_source_url,200,reachable,https://nagaipark.com/access/,text/html; charset=UTF-8,2026-08-09T02:15:27.140Z,
https://nagaipark.com/organizers/,venue-operations.csv,OP-203:booking_source_url,200,reachable,https://nagaipark.com/organizers/,text/html; charset=UTF-8,2026-08-09T02:15:27.140Z,
https://nagaipark.com/stadium/guide/price/,candidate-venues.csv;price-observations.csv;venue-details.csv,CAND-149;DETAIL-238;PRICE-380;PRICE-764;PRICE-765;PRICE-766;PRICE-767;PRICE-768;PRICE-769;PRICE-770;PRICE-771;PRICE-772,200,reachable,https://nagaipark.com/stadium/guide/price/,text/html; charset=UTF-8,2026-08-09T02:15:27.140Z,
https://nagaipark.com/wp-content/uploads/2025/03/sports_yanmar_stadium_info.pdf,venue-operations.csv,OP-203:operations_source_url,206,reachable,https://nagaipark.com/wp-content/uploads/2025/03/sports_yanmar_stadium_info.pdf,application/pdf,2026-08-09T02:15:27.140Z,
https://nagaizumi-culture-c.jp/announcement/,candidate-venues.csv;venue-details.csv,CAND-1049;DETAIL-6110;DETAIL-6111;DETAIL-6112;DETAIL-6113;DETAIL-6114;DETAIL-6115;DETAIL-6116;DETAIL-6117;DETAIL-6118;DETAIL-6119;DETAIL-6120;DETAIL-6121;DETAIL-6122;DETAIL-6123;DETAIL-6124,206,reachable,https://nagaizumi-culture-c.jp/announcement/,text/html; charset=UTF-8,2026-08-09T02:15:27.140Z,
https://nagoyashi-kokaido.hall-info.jp/about/,candidate-venues.csv,CAND-1122,206,reachable,https://nagoyashi-kokaido.hall-info.jp/about/,text/html,2026-08-09T02:15:27.140Z,
https://nagoyashi-kokaido.hall-info.jp/about/4f_hall.html,venue-details.csv,DETAIL-7116;DETAIL-7134,206,reachable,https://nagoyashi-kokaido.hall-info.jp/about/4f_hall.html,text/html,2026-08-09T02:15:27.140Z,
https://nagoyashi-kokaido.hall-info.jp/about/big_hall.html,venue-details.csv,DETAIL-7115;DETAIL-7126;DETAIL-7127;DETAIL-7128;DETAIL-7129;DETAIL-7130;DETAIL-7131;DETAIL-7132;DETAIL-7133,206,reachable,https://nagoyashi-kokaido.hall-info.jp/about/big_hall.html,text/html,2026-08-09T02:15:27.140Z,
https://nagoyashi-kokaido.hall-info.jp/about/room01.html,venue-details.csv,DETAIL-7117,206,reachable,https://nagoyashi-kokaido.hall-info.jp/about/room01.html,text/html,2026-08-09T02:15:27.140Z,
https://nagoyashi-kokaido.hall-info.jp/about/room02.html,venue-details.csv,DETAIL-7118,206,reachable,https://nagoyashi-kokaido.hall-info.jp/about/room02.html,text/html,2026-08-09T02:15:27.140Z,
https://nagoyashi-kokaido.hall-info.jp/about/room03.html,venue-details.csv,DETAIL-7119,206,reachable,https://nagoyashi-kokaido.hall-info.jp/about/room03.html,text/html,2026-08-09T02:15:27.140Z,
https://nagoyashi-kokaido.hall-info.jp/about/room04.html,venue-details.csv,DETAIL-7120,206,reachable,https://nagoyashi-kokaido.hall-info.jp/about/room04.html,text/html,2026-08-09T02:15:27.140Z,
https://nagoyashi-kokaido.hall-info.jp/about/room05.html,venue-details.csv,DETAIL-7121,206,reachable,https://nagoyashi-kokaido.hall-info.jp/about/room05.html,text/html,2026-08-09T02:15:27.140Z,
https://nagoyashi-kokaido.hall-info.jp/about/room06.html,venue-details.csv,DETAIL-7122,206,reachable,https://nagoyashi-kokaido.hall-info.jp/about/room06.html,text/html,2026-08-09T02:15:27.140Z,
https://nagoyashi-kokaido.hall-info.jp/about/room07.html,venue-details.csv,DETAIL-7123;DETAIL-7135,206,reachable,https://nagoyashi-kokaido.hall-info.jp/about/room07.html,text/html,2026-08-09T02:15:27.140Z,
https://nagoyashi-kokaido.hall-info.jp/about/vip_room.html,venue-details.csv,DETAIL-7125,206,reachable,https://nagoyashi-kokaido.hall-info.jp/about/vip_room.html,text/html,2026-08-09T02:15:27.140Z,
https://nagoyashi-kokaido.hall-info.jp/about/wasitsu.html,venue-details.csv,DETAIL-7124,206,reachable,https://nagoyashi-kokaido.hall-info.jp/about/wasitsu.html,text/html,2026-08-09T02:15:27.140Z,
https://nakatsu-bunkakaikan.net/%E6%96%87%E5%8C%96%E4%BC%9A%E9%A4%A8/,venue-details.csv,DETAIL-731;DETAIL-732,200,reachable,https://nakatsu-bunkakaikan.net/%E6%96%87%E5%8C%96%E4%BC%9A%E9%A4%A8/,text/html; charset=UTF-8,2026-08-09T02:15:27.140Z,
https://namikiri.jp/,candidate-venues.csv;venue-details.csv,CAND-912;DETAIL-4846;DETAIL-4847;DETAIL-4848;DETAIL-4849;DETAIL-4850;DETAIL-4851;DETAIL-4852;DETAIL-4853;DETAIL-4854;DETAIL-4855;DETAIL-4856;DETAIL-4857;DETAIL-4858,200,reachable,https://namikiri.jp/,text/html; charset=UTF-8,2026-08-09T02:15:27.140Z,
https://nanyoshi-bunkakaikan.jp/guide/,candidate-venues.csv;venue-details.csv,CAND-432;DETAIL-1134;DETAIL-1135;DETAIL-1136;DETAIL-1137;DETAIL-1138;DETAIL-1139,200,reachable,https://nanyoshi-bunkakaikan.jp/guide/,text/html; charset=UTF-8,2026-08-09T02:15:27.140Z,
https://naruto-bunkakaikan.jp/about/,candidate-venues.csv;venue-details.csv,CAND-1076;DETAIL-6457;DETAIL-6458;DETAIL-6461;DETAIL-6462,200,reachable,https://naruto-bunkakaikan.jp/about/,text/html; charset=UTF-8,2026-08-09T02:15:27.140Z,
https://naruto-bunkakaikan.jp/guide-other/,venue-details.csv,DETAIL-6459;DETAIL-6460,200,reachable,https://naruto-bunkakaikan.jp/guide-other/,text/html; charset=UTF-8,2026-08-09T02:15:27.140Z,
https://nigiwai.ftmo.co.jp/,candidate-venues.csv,CAND-1115,200,reachable,https://nigiwai.ftmo.co.jp/,text/html; charset=UTF-8,2026-08-09T02:15:27.140Z,
https://nigiwai.ftmo.co.jp/happiringhall,venue-details.csv,DETAIL-6977;DETAIL-6978;DETAIL-6979,200,reachable,https://nigiwai.ftmo.co.jp/happiringhall,text/html; charset=UTF-8,2026-08-09T02:15:27.140Z,
https://nigiwai.ftmo.co.jp/happiterrace,venue-details.csv,DETAIL-6975;DETAIL-6976,200,reachable,https://nigiwai.ftmo.co.jp/happiterrace,text/html; charset=UTF-8,2026-08-09T02:15:27.140Z,
https://niimi-bunka.jp/facility/index.html,candidate-venues.csv;venue-details.csv,CAND-726;DETAIL-3217;DETAIL-3218;DETAIL-3219;DETAIL-3220;DETAIL-3221;DETAIL-3222;DETAIL-3223;DETAIL-3224;DETAIL-3225,206,reachable,https://niimi-bunka.jp/facility/index.html,text/html,2026-08-09T02:15:27.140Z,
https://nishi-bunka.or.jp/amity/,candidate-venues.csv;venue-details.csv,CAND-516;DETAIL-1853;DETAIL-1854;DETAIL-1855;DETAIL-1856;DETAIL-1857;DETAIL-1858;DETAIL-1859;DETAIL-1860;DETAIL-1861;DETAIL-1862;DETAIL-1863;DETAIL-1864;DETAIL-1865,200,reachable,https://nishi-bunka.or.jp/amity/,text/html; charset=UTF-8,2026-08-09T02:15:27.140Z,
https://nishihara-shokai-arena.jp/access,price-observations.csv;venue-operations.csv,OP-049:access_source_url;PRICE-269,200,reachable,https://nishihara-shokai-arena.jp/access,text/html; charset=UTF-8,2026-08-09T02:15:27.140Z,
https://nishihara-shokai-arena.jp/facilities/mainarena,price-observations.csv;venue-details.csv;venue-operations.csv,DETAIL-097;OP-049:booking_source_url;PRICE-259;PRICE-260;PRICE-261;PRICE-262;PRICE-263;PRICE-264,200,reachable,https://nishihara-shokai-arena.jp/facilities/mainarena,text/html; charset=UTF-8,2026-08-09T02:15:27.140Z,
https://nishihara-shokai-arena.jp/facilities/subarena,price-observations.csv;venue-details.csv,DETAIL-098;PRICE-265;PRICE-266;PRICE-267;PRICE-268,200,reachable,https://nishihara-shokai-arena.jp/facilities/subarena,text/html; charset=UTF-8,2026-08-09T02:15:27.140Z,
https://nishihara-shokai-arena.jp/guide/outline,candidate-venues.csv;venue-details.csv,CAND-049;CAND-271;DETAIL-563;DETAIL-564,200,reachable,https://nishihara-shokai-arena.jp/guide/outline,text/html; charset=UTF-8,2026-08-09T02:15:27.140Z,
https://nishihara-shokai-arena.jp/organizer/turnover,venue-operations.csv,OP-049:operations_source_url,200,reachable,https://nishihara-shokai-arena.jp/organizer/turnover,text/html; charset=UTF-8,2026-08-09T02:15:27.140Z,
https://nobeoka-bunka.com/hall/,candidate-venues.csv,CAND-1085,200,reachable,https://nobeoka-bunka.com/hall/,text/html; charset=UTF-8,2026-08-09T02:15:27.140Z,
https://nobeoka-bunka.com/hall/dressing-room/,venue-details.csv,DETAIL-6536;DETAIL-6537;DETAIL-6538;DETAIL-6539;DETAIL-6540;DETAIL-6541,200,reachable,https://nobeoka-bunka.com/hall/dressing-room/,text/html; charset=UTF-8,2026-08-09T02:15:27.140Z,
https://nobeoka-bunka.com/hall/exhibition_hall/,venue-details.csv,DETAIL-6528;DETAIL-6529,200,reachable,https://nobeoka-bunka.com/hall/exhibition_hall/,text/html; charset=UTF-8,2026-08-09T02:15:27.140Z,
https://nobeoka-bunka.com/hall/main_hall/,venue-details.csv,DETAIL-6524;DETAIL-6526;DETAIL-6527,200,reachable,https://nobeoka-bunka.com/hall/main_hall/,text/html; charset=UTF-8,2026-08-09T02:15:27.140Z,
https://nobeoka-bunka.com/hall/mini_hall/,venue-details.csv,DETAIL-6525,200,reachable,https://nobeoka-bunka.com/hall/mini_hall/,text/html; charset=UTF-8,2026-08-09T02:15:27.140Z,
https://nobeoka-bunka.com/hall/others/,venue-details.csv,DETAIL-6530;DETAIL-6531;DETAIL-6532;DETAIL-6533;DETAIL-6534,200,reachable,https://nobeoka-bunka.com/hall/others/,text/html; charset=UTF-8,2026-08-09T02:15:27.140Z,
https://nobeoka-bunka.com/hall/practice/,venue-details.csv,DETAIL-6535,200,reachable,https://nobeoka-bunka.com/hall/practice/,text/html; charset=UTF-8,2026-08-09T02:15:27.140Z,
https://nyc.niye.go.jp/access,venue-operations.csv,OP-027:access_source_url,200,reachable,https://nyc.niye.go.jp/access,text/html; charset=UTF-8,2026-08-09T02:15:27.140Z,
https://nyc.niye.go.jp/facilities/culture,candidate-venues.csv,CAND-056,200,reachable,https://nyc.niye.go.jp/facilities/culture,text/html; charset=UTF-8,2026-08-09T02:15:27.140Z,
https://nyc.niye.go.jp/lib/pdf/facilities/culture/hall_L.pdf,venue-details.csv,DETAIL-054,206,reachable,https://nyc.niye.go.jp/lib/pdf/facilities/culture/hall_L.pdf,application/pdf,2026-08-09T02:15:27.140Z,
https://nyc.niye.go.jp/reserve/flow,venue-operations.csv,OP-027:booking_source_url,200,reachable,https://nyc.niye.go.jp/reserve/flow,text/html; charset=UTF-8,2026-08-09T02:15:27.140Z,
https://nyc.niye.go.jp/wp-content/uploads/2026/07/nyc_price20260707.pdf,budget-scenarios.csv;price-observations.csv;venue-details.csv;venue-operations.csv,DETAIL-055;DETAIL-056;OP-027:operations_source_url;PRICE-143;PRICE-144;PRICE-145;PRICE-146;PRICE-147;SCENARIO-005,206,reachable,https://nyc.niye.go.jp/wp-content/uploads/2026/07/nyc_price20260707.pdf,application/pdf,2026-08-09T02:15:27.140Z,
https://obihiro-arena.jp/,candidate-venues.csv,CAND-167,,timeout,,,2026-08-09T02:15:27.140Z,This operation was aborted
https://obihiro-arena.jp/access_info,venue-operations.csv,OP-162:access_source_url,,timeout,,,2026-08-09T02:15:27.140Z,This operation was aborted
https://obihiro-arena.jp/faqs,venue-operations.csv,OP-162:operations_source_url,,timeout,,,2026-08-09T02:15:27.140Z,This operation was aborted
https://obihiro-arena.jp/fee,price-observations.csv;venue-operations.csv,OP-162:booking_source_url;PRICE-539;PRICE-540;PRICE-541;PRICE-542;PRICE-543,,timeout,,,2026-08-09T02:15:27.140Z,This operation was aborted
https://ohda-hall.jp/gaiyou_2,candidate-venues.csv;venue-details.csv,CAND-877;DETAIL-4395;DETAIL-4396;DETAIL-4397;DETAIL-4398;DETAIL-4399;DETAIL-4400;DETAIL-4401;DETAIL-4402;DETAIL-4403;DETAIL-4404;DETAIL-4405;DETAIL-4406;DETAIL-4407;DETAIL-4408,206,reachable,https://ohda-hall.jp/gaiyou_2,text/html,2026-08-09T02:15:27.140Z,
https://okayama-pat.jp/aboutus/,candidate-venues.csv,CAND-1154,,timeout,,,2026-08-09T02:15:27.140Z,This operation was aborted
https://okayama-pat.jp/rental/grand-theatre/,venue-details.csv,DETAIL-7479,,timeout,,,2026-08-09T02:15:27.140Z,This operation was aborted
https://okayama-pat.jp/rental/pit-theatre/,venue-details.csv,DETAIL-7481,200,reachable,https://okayama-pat.jp/rental/pit-theatre/,text/html; charset=UTF-8,2026-08-09T02:15:27.140Z,
https://okayama-pat.jp/rental/playhouse/,venue-details.csv,DETAIL-7480,200,reachable,https://okayama-pat.jp/rental/playhouse/,text/html; charset=UTF-8,2026-08-09T02:15:27.140Z,
https://okayama-pat.jp/rental/studio/,venue-details.csv,DETAIL-7482;DETAIL-7483;DETAIL-7484;DETAIL-7485;DETAIL-7486;DETAIL-7487;DETAIL-7488;DETAIL-7489;DETAIL-7490;DETAIL-7491;DETAIL-7492;DETAIL-7493;DETAIL-7494,200,reachable,https://okayama-pat.jp/rental/studio/,text/html; charset=UTF-8,2026-08-09T02:15:27.140Z,
https://okinawa-arena.jp/access,venue-operations.csv,OP-077:access_source_url,206,reachable,https://okinawa-arena.jp/access,text/html; charset=utf-8,2026-08-09T02:15:27.140Z,
https://okinawa-arena.jp/organizer,venue-operations.csv,OP-077:operations_source_url,206,reachable,https://okinawa-arena.jp/organizer,text/html; charset=utf-8,2026-08-09T02:15:27.140Z,
https://omuta-bunka-kaikan.or.jp/archives/facility,candidate-venues.csv;venue-details.csv,CAND-528;DETAIL-1924;DETAIL-1925;DETAIL-1926;DETAIL-1927;DETAIL-1928;DETAIL-1929,200,reachable,https://omuta-bunka-kaikan.or.jp/archives/facility,text/html; charset=UTF-8,2026-08-09T02:15:27.140Z,
https://ongakudo.jp/_cms/wp-content/uploads/2024/03/A-10_user-guide-pamphlet.pdf,venue-details.csv,DETAIL-6007,206,reachable,https://ongakudo.jp/_cms/wp-content/uploads/2024/03/A-10_user-guide-pamphlet.pdf,application/pdf,2026-08-09T02:15:27.140Z,
https://ongakudo.jp/concerthall/c-backstage/,venue-details.csv,DETAIL-5985;DETAIL-5986;DETAIL-5987;DETAIL-5988;DETAIL-5989;DETAIL-5990;DETAIL-5991;DETAIL-5992;DETAIL-5993;DETAIL-5994,200,reachable,https://ongakudo.jp/concerthall/c-backstage/,text/html; charset=UTF-8,2026-08-09T02:15:27.140Z,
https://ongakudo.jp/concerthall/c-overview/,venue-details.csv,DETAIL-5984,200,reachable,https://ongakudo.jp/concerthall/c-overview/,text/html; charset=UTF-8,2026-08-09T02:15:27.140Z,
https://ongakudo.jp/hall-features/,candidate-venues.csv,CAND-1038,200,reachable,https://ongakudo.jp/hall-features/,text/html; charset=UTF-8,2026-08-09T02:15:27.140Z,
https://ongakudo.jp/hougakuhall/h-backstage/,venue-details.csv,DETAIL-5996;DETAIL-5997;DETAIL-5998;DETAIL-5999;DETAIL-6000;DETAIL-6001;DETAIL-6002;DETAIL-6003;DETAIL-6004;DETAIL-6005;DETAIL-6006,200,reachable,https://ongakudo.jp/hougakuhall/h-backstage/,text/html; charset=UTF-8,2026-08-09T02:15:27.140Z,
https://ongakudo.jp/hougakuhall/h-overview/,venue-details.csv,DETAIL-5995,200,reachable,https://ongakudo.jp/hougakuhall/h-overview/,text/html; charset=UTF-8,2026-08-09T02:15:27.140Z,
https://ongakudo.jp/kouryuhall/k-backstage/,venue-details.csv,DETAIL-6008;DETAIL-6009,200,reachable,https://ongakudo.jp/kouryuhall/k-backstage/,text/html; charset=UTF-8,2026-08-09T02:15:27.140Z,
https://ongakudo.jp/music-room/p-overview/,venue-details.csv,DETAIL-6010;DETAIL-6011;DETAIL-6012;DETAIL-6013;DETAIL-6014;DETAIL-6015;DETAIL-6016,200,reachable,https://ongakudo.jp/music-room/p-overview/,text/html; charset=UTF-8,2026-08-09T02:15:27.140Z,
https://ooo-hall.jp/,candidate-venues.csv,CAND-559,200,reachable,https://ooo-hall.jp/,text/html; charset=UTF-8,2026-08-09T02:15:27.140Z,
https://ooo-hall.jp/facilities/exhibition-room/,venue-details.csv,DETAIL-2138,200,reachable,https://ooo-hall.jp/facilities/exhibition-room/,text/html; charset=UTF-8,2026-08-09T02:15:27.140Z,
https://ooo-hall.jp/facilities/gallery/,venue-details.csv,DETAIL-2139,200,reachable,https://ooo-hall.jp/facilities/gallery/,text/html; charset=UTF-8,2026-08-09T02:15:27.140Z,
https://ooo-hall.jp/facilities/main-hall/,venue-details.csv,DETAIL-2123;DETAIL-2124;DETAIL-2125;DETAIL-2126;DETAIL-2127;DETAIL-2128;DETAIL-2129,200,reachable,https://ooo-hall.jp/facilities/main-hall/,text/html; charset=UTF-8,2026-08-09T02:15:27.140Z,
https://ooo-hall.jp/facilities/practice-room/,venue-details.csv,DETAIL-2135;DETAIL-2136;DETAIL-2137,200,reachable,https://ooo-hall.jp/facilities/practice-room/,text/html; charset=UTF-8,2026-08-09T02:15:27.140Z,
https://ooo-hall.jp/facilities/small-hall/,venue-details.csv,DETAIL-2130;DETAIL-2131;DETAIL-2132;DETAIL-2133,200,reachable,https://ooo-hall.jp/facilities/small-hall/,text/html; charset=UTF-8,2026-08-09T02:15:27.140Z,
https://ooo-hall.jp/facilities/studio/,venue-details.csv,DETAIL-2134,200,reachable,https://ooo-hall.jp/facilities/studio/,text/html; charset=UTF-8,2026-08-09T02:15:27.140Z,
https://pia-arena-mm.jp/access/,venue-operations.csv,OP-080:access_source_url,206,reachable,https://pia-arena-mm.jp/access/,text/html; charset=UTF-8,2026-08-09T02:15:27.140Z,
https://pia-arena-mm.jp/assets/images/facility_price.pdf,price-observations.csv,PRICE-353,404,client_error,https://pia-arena-mm.jp/assets/images/facility_price.pdf,text/html; charset=iso-8859-1,2026-08-09T02:15:27.140Z,
https://pia-arena-mm.jp/assets/images/facility/facility_summary.pdf,venue-details.csv;venue-operations.csv,DETAIL-160;OP-080:operations_source_url,206,reachable,https://pia-arena-mm.jp/assets/images/facility/facility_summary.pdf,application/pdf,2026-08-09T02:15:27.140Z,
https://pia-arena-mm.jp/facility/index.html,candidate-venues.csv;venue-operations.csv,CAND-094;OP-080:booking_source_url,206,reachable,https://pia-arena-mm.jp/facility/index.html,text/html; charset=UTF-8,2026-08-09T02:15:27.140Z,
https://plan.pacifico.co.jp/,candidate-venues.csv,CAND-030,200,reachable,https://plan.pacifico.co.jp/,text/html;charset=utf-8,2026-08-09T02:15:27.140Z,
https://plan.pacifico.co.jp/planning-resources,venue-operations.csv,OP-011:booking_source_url,200,reachable,https://plan.pacifico.co.jp/planning-resources,text/html;charset=utf-8,2026-08-09T02:15:27.140Z,
https://plaza-gifu.jp/,candidate-venues.csv;venue-details.csv,CAND-566;DETAIL-2187;DETAIL-2188;DETAIL-2189;DETAIL-2190;DETAIL-2191;DETAIL-2192;DETAIL-2193;DETAIL-2194;DETAIL-2195;DETAIL-2196;DETAIL-2197;DETAIL-2198;DETAIL-2199;DETAIL-2200;DETAIL-2201;DETAIL-2202;DETAIL-2203;DETAIL-2204;DETAIL-2205;DETAIL-2206;DETAIL-2207,200,reachable,https://plaza-gifu.jp/,text/html,2026-08-09T02:15:27.140Z,
https://portmesse.com/,candidate-venues.csv,CAND-036,200,reachable,https://portmesse.com/,text/html; charset=UTF-8,2026-08-09T02:15:27.140Z,
https://portmesse.com/facility/tenjikan01,price-observations.csv;venue-details.csv;venue-operations.csv,DETAIL-021;DETAIL-022;OP-009:operations_source_url;PRICE-048;PRICE-050,200,reachable,https://portmesse.com/facility/tenjikan01,text/html; charset=UTF-8,2026-08-09T02:15:27.140Z,
https://portmesse.com/organizer/usage/flow,venue-operations.csv,OP-009:booking_source_url,200,reachable,https://portmesse.com/organizer/usage/flow,text/html; charset=UTF-8,2026-08-09T02:15:27.140Z,
https://portmesse.com/wp-content/uploads/areamap.pdf,venue-operations.csv,OP-009:access_source_url,206,reachable,https://portmesse.com/wp-content/uploads/areamap.pdf,application/pdf,2026-08-09T02:15:27.140Z,
https://portmesse.com/wp-content/uploads/efe6fef4558307b9c6fc6b36874f9f12.pdf,price-observations.csv,PRICE-049;PRICE-051,206,reachable,https://portmesse.com/wp-content/uploads/efe6fef4558307b9c6fc6b36874f9f12.pdf,application/pdf,2026-08-09T02:15:27.140Z,
https://prismhall.jp/,venue-websites.csv,VWEB-001,,network_error,,,2026-08-09T02:15:27.140Z,fetch failed
https://prismhall.jp/shisetsu,candidate-venues.csv;venue-websites.csv,CAND-1176;VWEB-001:source_url,,network_error,,,2026-08-09T02:15:27.140Z,fetch failed
https://prismhall.jp/shisetsu/corridor_gallery/,venue-details.csv,DETAIL-7718,,network_error,,,2026-08-09T02:15:27.140Z,fetch failed
https://prismhall.jp/shisetsu/kaigiroom/,venue-details.csv,DETAIL-7712;DETAIL-7713;DETAIL-7714,,network_error,,,2026-08-09T02:15:27.140Z,fetch failed
https://prismhall.jp/shisetsu/kenroom/,venue-details.csv,DETAIL-7715,,network_error,,,2026-08-09T02:15:27.140Z,fetch failed
https://prismhall.jp/shisetsu/mainhall/,venue-details.csv,DETAIL-7706,,network_error,,,2026-08-09T02:15:27.140Z,fetch failed
https://prismhall.jp/shisetsu/rechall/,venue-details.csv,DETAIL-7708,,network_error,,,2026-08-09T02:15:27.140Z,fetch failed
https://prismhall.jp/shisetsu/rehroom/,venue-details.csv,DETAIL-7709,,network_error,,,2026-08-09T02:15:27.140Z,fetch failed
https://prismhall.jp/shisetsu/renroom/,venue-details.csv,DETAIL-7710;DETAIL-7711,,network_error,,,2026-08-09T02:15:27.140Z,fetch failed
https://prismhall.jp/shisetsu/smallhall/,venue-details.csv,DETAIL-7707,,network_error,,,2026-08-09T02:15:27.140Z,fetch failed
https://prismhall.jp/shisetsu/tenziroom/,venue-details.csv,DETAIL-7716,,network_error,,,2026-08-09T02:15:27.140Z,fetch failed
https://prismhall.jp/shisetsu/waroom/,venue-details.csv,DETAIL-7717,,network_error,,,2026-08-09T02:15:27.140Z,fetch failed
https://r.goope.jp/fureai/menu,venue-details.csv,DETAIL-4695;DETAIL-4696;DETAIL-4697;DETAIL-4698;DETAIL-4699;DETAIL-4700;DETAIL-4701;DETAIL-4702;DETAIL-4703,200,reachable,https://r.goope.jp/fureai/menu,text/html; charset=utf-8,2026-08-09T02:15:27.140Z,
https://region-joetsu.jp/access/,venue-operations.csv,OP-110:access_source_url,200,reachable,https://region-joetsu.jp/access/,text/html; charset=UTF-8,2026-08-09T02:15:27.140Z,
https://region-joetsu.jp/facility/indoor-stadium/,candidate-venues.csv;price-observations.csv;venue-details.csv,CAND-199;DETAIL-287;PRICE-404;PRICE-405,200,reachable,https://region-joetsu.jp/facility/indoor-stadium/,text/html; charset=UTF-8,2026-08-09T02:15:27.140Z,
https://region-joetsu.jp/guidance-info/,venue-operations.csv,OP-110:operations_source_url,200,reachable,https://region-joetsu.jp/guidance-info/,text/html; charset=UTF-8,2026-08-09T02:15:27.140Z,
https://region-joetsu.jp/yoyaku/,venue-operations.csv,OP-110:booking_source_url,200,reachable,https://region-joetsu.jp/yoyaku/,text/html; charset=UTF-8,2026-08-09T02:15:27.140Z,
https://renaiss.or.jp/hall,candidate-venues.csv;venue-details.csv,CAND-1156;DETAIL-7508,200,reachable,https://renaiss.or.jp/hall,text/html; charset=UTF-8,2026-08-09T02:15:27.140Z,
https://renaiss.or.jp/kinkoto,venue-details.csv,DETAIL-7509;DETAIL-7510;DETAIL-7511;DETAIL-7512;DETAIL-7513;DETAIL-7514;DETAIL-7515,200,reachable,https://renaiss.or.jp/kinkoto,text/html; charset=UTF-8,2026-08-09T02:15:27.140Z,
https://reserve.vill.ogata.akita.jp/facility-list/fc004,candidate-venues.csv;venue-details.csv,CAND-803;DETAIL-3792;DETAIL-3793;DETAIL-3794;DETAIL-3795,200,reachable,https://reserve.vill.ogata.akita.jp/facility-list/fc004,text/html; charset=UTF-8,2026-08-09T02:15:27.140Z,
https://rohmtheatrekyoto.jp/access/,venue-operations.csv,OP-198:access_source_url,200,reachable,https://rohmtheatrekyoto.jp/access/,text/html; charset=UTF-8,2026-08-09T02:15:27.140Z,
https://rohmtheatrekyoto.jp/rental/apply/,venue-operations.csv,OP-198:booking_source_url,200,reachable,https://rohmtheatrekyoto.jp/rental/apply/,text/html; charset=UTF-8,2026-08-09T02:15:27.140Z,
https://rohmtheatrekyoto.jp/rental/facility/,candidate-venues.csv;venue-details.csv,CAND-172;DETAIL-258;DETAIL-259;DETAIL-260,200,reachable,https://rohmtheatrekyoto.jp/rental/facility/,text/html; charset=UTF-8,2026-08-09T02:15:27.140Z,
https://rohmtheatrekyoto.jp/rental/price/,price-observations.csv,PRICE-718;PRICE-719;PRICE-720;PRICE-721;PRICE-722;PRICE-723;PRICE-724;PRICE-725;PRICE-727;PRICE-728;PRICE-729;PRICE-730;PRICE-731;PRICE-732;PRICE-733;PRICE-734;PRICE-735;PRICE-736,200,reachable,https://rohmtheatrekyoto.jp/rental/price/,text/html; charset=UTF-8,2026-08-09T02:15:27.140Z,
https://rohmtheatrekyoto.jp/wp-content/uploads/rentalguide_web_20260301.pdf,price-observations.csv;venue-operations.csv,OP-198:operations_source_url;PRICE-726,206,reachable,https://rohmtheatrekyoto.jp/wp-content/uploads/rentalguide_web_20260301.pdf,application/pdf,2026-08-09T02:15:27.140Z,
https://rose-theatre.jp/shisetsu/,venue-details.csv,DETAIL-3604;DETAIL-3605;DETAIL-3606;DETAIL-3607;DETAIL-3608;DETAIL-3609,200,reachable,https://rose-theatre.jp/shisetsu/,text/html; charset=UTF-8,2026-08-09T02:15:27.140Z,
https://rose-theatre.jp/shisetsu/concerthall,venue-details.csv,DETAIL-3584;DETAIL-3585;DETAIL-3586;DETAIL-3587;DETAIL-3588;DETAIL-3589;DETAIL-3590,200,reachable,https://rose-theatre.jp/shisetsu/concerthall,text/html; charset=UTF-8,2026-08-09T02:15:27.140Z,
https://rose-theatre.jp/shisetsu/middlehall/,venue-details.csv,DETAIL-3591;DETAIL-3592;DETAIL-3593;DETAIL-3594;DETAIL-3595;DETAIL-3596;DETAIL-3597;DETAIL-3598,200,reachable,https://rose-theatre.jp/shisetsu/middlehall/,text/html; charset=UTF-8,2026-08-09T02:15:27.140Z,
https://rose-theatre.jp/shisetsu/minihall/,venue-details.csv,DETAIL-3599;DETAIL-3600;DETAIL-3601;DETAIL-3602;DETAIL-3603,200,reachable,https://rose-theatre.jp/shisetsu/minihall/,text/html; charset=UTF-8,2026-08-09T02:15:27.140Z,
https://s-bunka.jp/bunka/shisestugaiyou.html,candidate-venues.csv;venue-details.csv,CAND-1067;DETAIL-6375;DETAIL-6376;DETAIL-6377;DETAIL-6378;DETAIL-6379;DETAIL-6380;DETAIL-6381;DETAIL-6382;DETAIL-6383;DETAIL-6384;DETAIL-6385;DETAIL-6386;DETAIL-6387;DETAIL-6388;DETAIL-6389;DETAIL-6390;DETAIL-6391,,network_error,,,2026-08-09T02:15:27.140Z,fetch failed
https://s-dreamship.jp/guide/hall/,venue-details.csv,DETAIL-6342;DETAIL-6343;DETAIL-6344;DETAIL-6345;DETAIL-6346;DETAIL-6347;DETAIL-6348;DETAIL-6349;DETAIL-6350;DETAIL-6351;DETAIL-6352;DETAIL-6353,200,reachable,https://s-dreamship.jp/guide/hall/,text/html; charset=UTF-8,2026-08-09T02:15:27.140Z,
https://s-dreamship.jp/guide/rooms/,venue-details.csv,DETAIL-6354;DETAIL-6355;DETAIL-6356;DETAIL-6357;DETAIL-6358;DETAIL-6359;DETAIL-6360;DETAIL-6361;DETAIL-6362;DETAIL-6363;DETAIL-6364;DETAIL-6365;DETAIL-6366;DETAIL-6367;DETAIL-6368;DETAIL-6369;DETAIL-6370;DETAIL-6371;DETAIL-6372;DETAIL-6373;DETAIL-6374,200,reachable,https://s-dreamship.jp/guide/rooms/,text/html; charset=UTF-8,2026-08-09T02:15:27.140Z,
https://s-dreamship.jp/information/,candidate-venues.csv,CAND-1066,200,reachable,https://s-dreamship.jp/information/,text/html; charset=UTF-8,2026-08-09T02:15:27.140Z,
https://saga-sunrisepark.com/arena_facilityInfo/,candidate-venues.csv,CAND-047,200,reachable,https://saga-sunrisepark.com/arena_facilityInfo/,text/html; charset=UTF-8,2026-08-09T02:15:27.140Z,
https://saga-sunrisepark.com/facility/0228_3783/,candidate-venues.csv;venue-details.csv;venue-operations.csv,CAND-224;DETAIL-312;OP-135:booking_source_url,200,reachable,https://saga-sunrisepark.com/facility/0228_3783/,text/html; charset=UTF-8,2026-08-09T02:15:27.140Z,
https://saga-sunrisepark.com/organizer/,venue-operations.csv,OP-044:booking_source_url,200,reachable,https://saga-sunrisepark.com/organizer/,text/html; charset=UTF-8,2026-08-09T02:15:27.140Z,
https://saga-sunrisepark.com/sunrise-access/,venue-operations.csv,OP-044:access_source_url;OP-135:access_source_url,200,reachable,https://saga-sunrisepark.com/sunrise-access/,text/html; charset=UTF-8,2026-08-09T02:15:27.140Z,
https://saga-sunrisepark.com/wp-content/uploads/2023/05/SAGA_ARENA_PF_web_20230501.pdf,venue-details.csv;venue-operations.csv,DETAIL-085;DETAIL-086;OP-044:operations_source_url,206,reachable,https://saga-sunrisepark.com/wp-content/uploads/2023/05/SAGA_ARENA_PF_web_20230501.pdf,application/pdf,2026-08-09T02:15:27.140Z,
https://saga-sunrisepark.com/wp-content/uploads/2023/07/SUB_ARENA_%E6%96%99%E9%87%91%E8%A1%A8-1.pdf,budget-scenarios.csv;price-observations.csv,PRICE-228;PRICE-229;PRICE-230;SCENARIO-008,206,reachable,https://saga-sunrisepark.com/wp-content/uploads/2023/07/SUB_ARENA_%E6%96%99%E9%87%91%E8%A1%A8-1.pdf,application/pdf,2026-08-09T02:15:27.140Z,
https://saga-sunrisepark.com/wp-content/uploads/2023/11/MAIN_ARENA_%E6%96%99%E9%87%91%E8%A1%A8_20231102_fin.pdf,price-observations.csv,PRICE-223;PRICE-224;PRICE-225;PRICE-226;PRICE-227,206,reachable,https://saga-sunrisepark.com/wp-content/uploads/2023/11/MAIN_ARENA_%E6%96%99%E9%87%91%E8%A1%A8_20231102_fin.pdf,application/pdf,2026-08-09T02:15:27.140Z,
https://saga-sunrisepark.com/wp-content/uploads/2026/06/%E6%96%99%E9%87%91%E8%A1%A8SAGA%E3%83%97%E3%83%A9%E3%82%B6_2026.6%EF%BD%9E-003-%E3%81%AE%E3%82%B3%E3%83%94%E3%83%BC.pdf,price-observations.csv;venue-operations.csv,OP-135:operations_source_url;PRICE-450;PRICE-451;PRICE-452,206,reachable,https://saga-sunrisepark.com/wp-content/uploads/2026/06/%E6%96%99%E9%87%91%E8%A1%A8SAGA%E3%83%97%E3%83%A9%E3%82%B6_2026.6%EF%BD%9E-003-%E3%81%AE%E3%82%B3%E3%83%94%E3%83%BC.pdf,application/pdf,2026-08-09T02:15:27.140Z,
https://sainotsuno.org/theatre/,candidate-venues.csv;venue-operations.csv,CAND-071;OP-053:access_source_url;OP-053:booking_source_url,200,reachable,https://sainotsuno.org/theatre/,text/html; charset=UTF-8,2026-08-09T02:15:27.140Z,
https://sainotsuno.org/wp/wp-content/themes/sainotsuno2025/pdf/zumen01.pdf,venue-details.csv,DETAIL-113,206,reachable,https://sainotsuno.org/wp/wp-content/themes/sainotsuno2025/pdf/zumen01.pdf,application/pdf,2026-08-09T02:15:27.140Z,
https://sainotsuno.org/wp/wp-content/uploads/2025/10/13ad159531a4230e0c240d878ea03c24.pdf,price-observations.csv;venue-operations.csv,OP-053:operations_source_url;PRICE-300;PRICE-301,206,reachable,https://sainotsuno.org/wp/wp-content/uploads/2025/10/13ad159531a4230e0c240d878ea03c24.pdf,application/pdf,2026-08-09T02:15:27.140Z,
https://sakawa-sakuraza.com/,candidate-venues.csv;venue-details.csv,CAND-757;DETAIL-3430;DETAIL-3431;DETAIL-3432;DETAIL-3433;DETAIL-3434,200,reachable,https://sakawa-sakuraza.com/,text/html; charset=UTF-8,2026-08-09T02:15:27.140Z,
https://sakura-hall-saiki.com/facility,candidate-venues.csv;venue-details.csv,CAND-336;DETAIL-735,200,reachable,https://sakura-hall-saiki.com/facility,text/html; charset=UTF-8,2026-08-09T02:15:27.140Z,
https://sakura-hall-saiki.com/guide,venue-details.csv,DETAIL-733;DETAIL-734,200,reachable,https://sakura-hall-saiki.com/guide,text/html; charset=UTF-8,2026-08-09T02:15:27.140Z,
https://sangastadium-by-kyocera.jp/access-parking,venue-operations.csv,OP-205:access_source_url;OP-205:operations_source_url;OP-217:access_source_url,200,reachable,https://sangastadium-by-kyocera.jp/access-parking,text/html; charset=UTF-8,2026-08-09T02:15:27.140Z,
https://sangastadium-by-kyocera.jp/meeting-room/meeting-facilities,price-observations.csv;venue-details.csv,DETAIL-365;DETAIL-367;DETAIL-368;DETAIL-369;DETAIL-370;DETAIL-371;DETAIL-372;DETAIL-373;DETAIL-383;DETAIL-384;DETAIL-385;PRICE-1157;PRICE-1158;PRICE-1159;PRICE-1160;PRICE-1161;PRICE-1162;PRICE-1165;PRICE-1166;PRICE-1167;PRICE-1168;PRICE-1169;PRICE-1170;PRICE-1171;PRICE-1196;PRICE-1197;PRICE-1198;PRICE-1199;PRICE-1200;PRICE-1201;PRICE-1202;PRICE-1203;PRICE-1204;PRICE-1205;PRICE-1206;PRICE-1207;PRICE-1208;PRICE-1209;PRICE-1210;PRICE-1211;PRICE-1212;PRICE-1213;PRICE-1214;PRICE-1215;PRICE-1216;PRICE-1217;PRICE-1218;PRICE-1219;PRICE-1220;PRICE-1221;PRICE-1222;PRICE-1223;PRICE-1224;PRICE-1225;PRICE-1226;PRICE-1227;PRICE-1228;PRICE-1229;PRICE-1230;PRICE-1231;PRICE-1232;PRICE-1242;PRICE-1243;PRICE-1244;PRICE-1245;PRICE-1246;PRICE-1247;PRICE-1248;PRICE-1249;PRICE-1250;PRICE-1251;PRICE-1252;PRICE-1253;PRICE-1254;PRICE-1255;PRICE-1256;PRICE-1257;PRICE-1258;PRICE-1259,200,reachable,https://sangastadium-by-kyocera.jp/meeting-room/meeting-facilities,text/html; charset=UTF-8,2026-08-09T02:15:27.140Z,
https://sangastadium-by-kyocera.jp/sky-field/vr-fitness/studio-rental,price-observations.csv;venue-details.csv;venue-operations.csv,DETAIL-366;OP-217:booking_source_url;OP-217:operations_source_url;PRICE-1163;PRICE-1164;PRICE-1172;PRICE-1173;PRICE-1174;PRICE-1175;PRICE-1176;PRICE-1177;PRICE-1178;PRICE-1179;PRICE-1180;PRICE-1181,200,reachable,https://sangastadium-by-kyocera.jp/sky-field/vr-fitness/studio-rental,text/html; charset=UTF-8,2026-08-09T02:15:27.140Z,
https://sangastadium-by-kyocera.jp/stadium-guide/overview,candidate-venues.csv;venue-details.csv,CAND-147;DETAIL-232,200,reachable,https://sangastadium-by-kyocera.jp/stadium-guide/overview,text/html; charset=UTF-8,2026-08-09T02:15:27.140Z,
https://sangastadium-by-kyocera.jp/stadium-guide/stadium-info,venue-operations.csv,OP-205:booking_source_url,200,reachable,https://sangastadium-by-kyocera.jp/stadium-guide/stadium-info,text/html; charset=UTF-8,2026-08-09T02:15:27.140Z,
https://sangyoukaikan.jp/organizer/facilities/,candidate-venues.csv,CAND-044,200,reachable,https://sangyoukaikan.jp/organizer/facilities/,text/html; charset=UTF-8,2026-08-09T02:15:27.140Z,
https://sankan.sankan.jp/about-us/,candidate-venues.csv;venue-details.csv,CAND-1116;DETAIL-6983;DETAIL-6984,200,reachable,https://sankan.sankan.jp/about-us/,text/html; charset=UTF-8,2026-08-09T02:15:27.140Z,
https://sankan.sankan.jp/wordpress/wp-content/uploads/2024/10/3.%E7%A6%8F%E4%BA%95%E7%9C%8C%E7%94%A3%E6%A5%AD%E4%BC%9A%E9%A4%A8%E7%AE%A1%E7%90%86%E9%81%8B%E5%96%B6%E8%A6%8F%E7%A8%8BR6.10%E6%94%B9%E6%AD%A3.pdf,venue-details.csv,DETAIL-6980;DETAIL-6981;DETAIL-6982;DETAIL-6985;DETAIL-6986;DETAIL-6987;DETAIL-6988;DETAIL-6989,206,reachable,https://sankan.sankan.jp/wordpress/wp-content/uploads/2024/10/3.%E7%A6%8F%E4%BA%95%E7%9C%8C%E7%94%A3%E6%A5%AD%E4%BC%9A%E9%A4%A8%E7%AE%A1%E7%90%86%E9%81%8B%E5%96%B6%E8%A6%8F%E7%A8%8BR6.10%E6%94%B9%E6%AD%A3.pdf,application/pdf,2026-08-09T02:15:27.140Z,
https://sansin.or.jp/access/,venue-operations.csv,OP-099:access_source_url,200,reachable,https://sansin.or.jp/access/,text/html; charset=UTF-8,2026-08-09T02:15:27.140Z,
https://sansin.or.jp/fee/,price-observations.csv;venue-operations.csv,OP-099:operations_source_url;PRICE-369,200,reachable,https://sansin.or.jp/fee/,text/html; charset=UTF-8,2026-08-09T02:15:27.140Z,
https://sansin.or.jp/notice-20220314.pdf,venue-operations.csv,OP-099:booking_source_url,206,reachable,https://sansin.or.jp/notice-20220314.pdf,application/pdf,2026-08-09T02:15:27.140Z,
https://sansin.or.jp/rental/hall/,candidate-venues.csv;venue-details.csv,CAND-129;DETAIL-212,200,reachable,https://sansin.or.jp/rental/hall/,text/html; charset=UTF-8,2026-08-09T02:15:27.140Z,
https://satsumasendai.or.jp/relays/download/179/137/116//?file=%2Ffiles%2Flibs%2F282%2F201602171207358426.pdf,price-observations.csv;venue-operations.csv,OP-140:operations_source_url;PRICE-462;PRICE-463;PRICE-464,200,reachable,https://satsumasendai.or.jp/relays/download/179/137/116//?file=%2Ffiles%2Flibs%2F282%2F201602171207358426.pdf,application/pdf,2026-08-09T02:15:27.140Z,
https://scpf.jp/top/rental/,candidate-venues.csv;venue-details.csv,CAND-325;DETAIL-696;DETAIL-698;DETAIL-700,200,reachable,https://scpf.jp/top/rental/,text/html; charset=UTF-8,2026-08-09T02:15:27.140Z,
https://scpf.jp/top/rental/largehall/,venue-details.csv,DETAIL-699,200,reachable,https://scpf.jp/top/rental/largehall/,text/html; charset=UTF-8,2026-08-09T02:15:27.140Z,
https://scpf.jp/top/rental/mediumhall/,venue-details.csv,DETAIL-697,200,reachable,https://scpf.jp/top/rental/mediumhall/,text/html; charset=UTF-8,2026-08-09T02:15:27.140Z,
https://sekicity-bunkakaikan.jp/facility/,candidate-venues.csv;venue-details.csv,CAND-747;DETAIL-3353;DETAIL-3354;DETAIL-3355;DETAIL-3356;DETAIL-3357;DETAIL-3358;DETAIL-3359;DETAIL-3360;DETAIL-3361;DETAIL-3362;DETAIL-3363;DETAIL-3364;DETAIL-3365;DETAIL-3366;DETAIL-3367;DETAIL-3368;DETAIL-3369;DETAIL-3370;DETAIL-3371;DETAIL-3372;DETAIL-3373;DETAIL-3374;DETAIL-3375;DETAIL-3376,200,reachable,https://sekicity-bunkakaikan.jp/facility/,text/html; charset=UTF-8,2026-08-09T02:15:27.140Z,
https://shiga-arena.jp/access,venue-operations.csv,OP-144:access_source_url;OP-210:access_source_url,200,reachable,https://shiga-arena.jp/access,text/html; charset=UTF-8,2026-08-09T02:15:27.140Z,
https://shiga-arena.jp/gallery,candidate-venues.csv;venue-details.csv;venue-operations.csv,CAND-038;CAND-119;DETAIL-196;DETAIL-197;DETAIL-349;DETAIL-350;OP-210:operations_source_url,200,reachable,https://shiga-arena.jp/gallery,text/html; charset=UTF-8,2026-08-09T02:15:27.140Z,
https://shiga-arena.jp/guide,price-observations.csv;venue-operations.csv,OP-144:booking_source_url;OP-144:operations_source_url;OP-210:booking_source_url;PRICE-363;PRICE-801;PRICE-802;PRICE-803;PRICE-804;PRICE-805;PRICE-806;PRICE-807;PRICE-808;PRICE-809;PRICE-810;PRICE-811;PRICE-812,200,reachable,https://shiga-arena.jp/guide,text/html; charset=UTF-8,2026-08-09T02:15:27.140Z,
https://shiminhall.horutohall-oita.jp/hall_large/,venue-details.csv,DETAIL-6463;DETAIL-6465;DETAIL-6466;DETAIL-6467;DETAIL-6468,200,reachable,https://shiminhall.horutohall-oita.jp/hall_large/,text/html; charset=UTF-8,2026-08-09T02:15:27.140Z,
https://shiminhall.horutohall-oita.jp/hall_small/,venue-details.csv,DETAIL-6464;DETAIL-6469;DETAIL-6470,200,reachable,https://shiminhall.horutohall-oita.jp/hall_small/,text/html; charset=UTF-8,2026-08-09T02:15:27.140Z,
https://shintomi-hall.jp/about/,candidate-venues.csv;venue-details.csv,CAND-667;DETAIL-2792;DETAIL-2793;DETAIL-2794;DETAIL-2795;DETAIL-2796;DETAIL-2797;DETAIL-2798;DETAIL-2799;DETAIL-2801,200,reachable,https://shintomi-hall.jp/about/,text/html; charset=UTF-8,2026-08-09T02:15:27.140Z,
https://shirane-togen.jp/guide,candidate-venues.csv;venue-details.csv,CAND-312;DETAIL-653,200,reachable,https://shirane-togen.jp/guide,text/html; charset=UTF-8,2026-08-09T02:15:27.140Z,
https://shisetsu.mizuno.jp/m-7138/gallery,venue-details.csv,DETAIL-120;DETAIL-121;DETAIL-122,200,reachable,https://shisetsu.mizuno.jp/m-7138/gallery,text/html; charset=UTF-8,2026-08-09T02:15:27.140Z,
https://shisetsu.mizuno.jp/m-7138/guide,venue-operations.csv,OP-059:booking_source_url;OP-059:operations_source_url,200,reachable,https://shisetsu.mizuno.jp/m-7138/guide,text/html; charset=UTF-8,2026-08-09T02:15:27.140Z,
https://shisetsu.mizuno.jp/m-7227/access,venue-operations.csv,OP-119:access_source_url,200,reachable,https://shisetsu.mizuno.jp/m-7227/access,text/html; charset=UTF-8,2026-08-09T02:15:27.140Z,
https://shisetsu.mizuno.jp/m-7227/gallery,candidate-venues.csv;venue-details.csv;venue-operations.csv,CAND-208;DETAIL-296;OP-119:operations_source_url,200,reachable,https://shisetsu.mizuno.jp/m-7227/gallery,text/html; charset=UTF-8,2026-08-09T02:15:27.140Z,
https://shisetsu.mizuno.jp/m-7227/guide,venue-operations.csv,OP-119:booking_source_url,200,reachable,https://shisetsu.mizuno.jp/m-7227/guide,text/html; charset=UTF-8,2026-08-09T02:15:27.140Z,
https://shisetsu.mizuno.jp/m-7619/access,venue-operations.csv,OP-161:access_source_url,200,reachable,https://shisetsu.mizuno.jp/m-7619/access,text/html; charset=UTF-8,2026-08-09T02:15:27.140Z,
https://shisetsu.mizuno.jp/m-7619/guide,price-observations.csv;venue-operations.csv,OP-161:booking_source_url;OP-161:operations_source_url;PRICE-530;PRICE-531;PRICE-532;PRICE-533,200,reachable,https://shisetsu.mizuno.jp/m-7619/guide,text/html; charset=UTF-8,2026-08-09T02:15:27.140Z,
https://shisetsu.mizuno.jp/storage/rel_doc/m-7138/393_18151045_0.pdf,price-observations.csv,PRICE-318;PRICE-319;PRICE-320;PRICE-321,206,reachable,https://shisetsu.mizuno.jp/storage/rel_doc/m-7138/393_18151045_0.pdf,application/pdf,2026-08-09T02:15:27.140Z,
https://shisetsu.mizuno.jp/storage/rel_doc/m-7227/393_09561133_0.pdf,price-observations.csv,PRICE-419;PRICE-420,206,reachable,https://shisetsu.mizuno.jp/storage/rel_doc/m-7227/393_09561133_0.pdf,application/pdf,2026-08-09T02:15:27.140Z,
https://shisetsu.sports-nanao.or.jp/shisetsu/%E4%B8%83%E5%B0%BE%E5%B8%82%E6%96%87%E5%8C%96%E3%83%9B%E3%83%BC%E3%83%AB/,candidate-venues.csv;venue-details.csv,CAND-307;DETAIL-639;DETAIL-640;DETAIL-641,200,reachable,https://shisetsu.sports-nanao.or.jp/shisetsu/%E4%B8%83%E5%B0%BE%E5%B8%82%E6%96%87%E5%8C%96%E3%83%9B%E3%83%BC%E3%83%AB/,text/html; charset=UTF-8,2026-08-09T02:15:27.140Z,
https://sityoukaku.pref.ehime.jp/center/rental.html,candidate-venues.csv;venue-details.csv,CAND-1160;DETAIL-7543;DETAIL-7544;DETAIL-7545;DETAIL-7546;DETAIL-7547;DETAIL-7548;DETAIL-7549;DETAIL-7550,200,reachable,https://sityoukaku.pref.ehime.jp/center/rental.html,text/html; charset=UTF-8,2026-08-09T02:15:27.140Z,
https://sogobunka.com/shisetsu,candidate-venues.csv;venue-details.csv,CAND-549;DETAIL-2021;DETAIL-2022;DETAIL-2023;DETAIL-2024;DETAIL-2025;DETAIL-2026;DETAIL-2027;DETAIL-2028;DETAIL-2029;DETAIL-2030;DETAIL-2031;DETAIL-2032;DETAIL-2033;DETAIL-2034;DETAIL-2035,,network_error,,,2026-08-09T02:15:27.140Z,fetch failed
https://soja-facilities.fagiano-okayama.com/,venue-operations.csv,OP-127:booking_source_url;OP-127:operations_source_url,200,reachable,https://soja-facilities.fagiano-okayama.com/,text/html; charset=UTF-8,2026-08-09T02:15:27.140Z,
https://soja-facilities.fagiano-okayama.com/facilities/sports-center/,price-observations.csv;venue-details.csv;venue-operations.csv,DETAIL-304;OP-127:access_source_url;PRICE-434,200,reachable,https://soja-facilities.fagiano-okayama.com/facilities/sports-center/,text/html; charset=UTF-8,2026-08-09T02:15:27.140Z,
https://soka-bunka.jp/files/libs/9692/202509251103174614.pdf,candidate-venues.csv;venue-details.csv,CAND-619;DETAIL-2551;DETAIL-2552;DETAIL-2553;DETAIL-2554;DETAIL-2555;DETAIL-2556;DETAIL-2557;DETAIL-2558;DETAIL-2559;DETAIL-2560,206,reachable,https://soka-bunka.jp/files/libs/9692/202509251103174614.pdf,application/pdf,2026-08-09T02:15:27.140Z,
https://sports-kure.com/shisetsu/s-510,candidate-venues.csv;venue-details.csv,CAND-217;DETAIL-305,200,reachable,https://sports-kure.com/shisetsu/s-510,text/html; charset=UTF-8,2026-08-09T02:15:27.140Z,
https://sports-kure.com/shisetsu/s-510/s-511,price-observations.csv;venue-operations.csv,OP-128:operations_source_url;PRICE-436;PRICE-437,200,reachable,https://sports-kure.com/shisetsu/s-510/s-511,text/html; charset=UTF-8,2026-08-09T02:15:27.140Z,
https://sports-kure.com/shisetsu/s-510/s-512,venue-operations.csv,OP-128:booking_source_url,200,reachable,https://sports-kure.com/shisetsu/s-510/s-512,text/html; charset=UTF-8,2026-08-09T02:15:27.140Z,
https://sports-kure.com/shisetsu/s-510/s-515,venue-operations.csv,OP-128:access_source_url,200,reachable,https://sports-kure.com/shisetsu/s-510/s-515,text/html; charset=UTF-8,2026-08-09T02:15:27.140Z,
https://stage1kmj.jp/?page_id=21,venue-details.csv,DETAIL-5424;DETAIL-5425;DETAIL-5426;DETAIL-5427;DETAIL-5428;DETAIL-5429;DETAIL-5430;DETAIL-5431;DETAIL-5432;DETAIL-5433;DETAIL-5434;DETAIL-5435;DETAIL-5436;DETAIL-5437;DETAIL-5438,200,reachable,https://stage1kmj.jp/?page_id=21,text/html; charset=UTF-8,2026-08-09T02:15:27.140Z,
https://stspot.jp/guide/,candidate-venues.csv;venue-details.csv,CAND-065;DETAIL-107,200,reachable,https://stspot.jp/guide/,text/html; charset=UTF-8,2026-08-09T02:15:27.140Z,
https://stspot.jp/guide/fee.php,price-observations.csv,PRICE-289;PRICE-290;PRICE-291,200,reachable,https://stspot.jp/guide/fee.php,text/html; charset=UTF-8,2026-08-09T02:15:27.140Z,
https://studio.town.shiwa.iwate.jp/guidemap,venue-details.csv,DETAIL-3699;DETAIL-3700;DETAIL-3701;DETAIL-3703;DETAIL-3704;DETAIL-3705;DETAIL-3706;DETAIL-3707;DETAIL-3708;DETAIL-3709,,network_error,,,2026-08-09T02:15:27.140Z,fetch failed
https://studio.town.shiwa.iwate.jp/useguidance,candidate-venues.csv;venue-details.csv,CAND-790;DETAIL-3702,,network_error,,,2026-08-09T02:15:27.140Z,fetch failed
https://suito-yanagawa.jp/facility/eventhall.html,venue-details.csv,DETAIL-3122,206,reachable,https://suito-yanagawa.jp/facility/eventhall.html,text/html,2026-08-09T02:15:27.140Z,
https://suito-yanagawa.jp/facility/gallery.html,venue-details.csv,DETAIL-3123,206,reachable,https://suito-yanagawa.jp/facility/gallery.html,text/html,2026-08-09T02:15:27.140Z,
https://suito-yanagawa.jp/facility/hall.html,venue-details.csv,DETAIL-3121,206,reachable,https://suito-yanagawa.jp/facility/hall.html,text/html,2026-08-09T02:15:27.140Z,
https://sun-arena.or.jp/?page_id=111,price-observations.csv,PRICE-331;PRICE-332;PRICE-333;PRICE-334,200,reachable,https://sun-arena.or.jp/?page_id=111,text/html; charset=UTF-8,2026-08-09T02:15:27.140Z,
https://sun-arena.or.jp/?page_id=189,venue-details.csv,DETAIL-136,200,reachable,https://sun-arena.or.jp/?page_id=189,text/html; charset=UTF-8,2026-08-09T02:15:27.140Z,
https://sun-arena.or.jp/?page_id=267,venue-operations.csv,OP-066:booking_source_url,200,reachable,https://sun-arena.or.jp/?page_id=267,text/html; charset=UTF-8,2026-08-09T02:15:27.140Z,
https://sun-arena.or.jp/?page_id=342,candidate-venues.csv;venue-details.csv,CAND-080;DETAIL-135,200,reachable,https://sun-arena.or.jp/?page_id=342,text/html; charset=UTF-8,2026-08-09T02:15:27.140Z,
https://sun-arena.or.jp/?page_id=46,venue-operations.csv,OP-066:access_source_url,200,reachable,https://sun-arena.or.jp/?page_id=46,text/html; charset=UTF-8,2026-08-09T02:15:27.140Z,
https://sun-arena.or.jp/?page_id=462,venue-operations.csv,OP-066:operations_source_url,200,reachable,https://sun-arena.or.jp/?page_id=462,text/html; charset=UTF-8,2026-08-09T02:15:27.140Z,
https://sun-terrace.jp/?p=81,candidate-venues.csv;venue-details.csv,CAND-933;DETAIL-5077;DETAIL-5078;DETAIL-5079;DETAIL-5080;DETAIL-5081;DETAIL-5082;DETAIL-5083;DETAIL-5084;DETAIL-5085;DETAIL-5086;DETAIL-5087,206,reachable,https://sun-terrace.jp/?p=81,text/html,2026-08-09T02:15:27.140Z,
https://suncherry.hatsukaichi-sports.net/about/,candidate-venues.csv;venue-operations.csv,CAND-061;OP-212:access_source_url;OP-212:booking_source_url,200,reachable,https://suncherry.hatsukaichi-sports.net/about/,text/html; charset=UTF-8,2026-08-09T02:15:27.140Z,
https://suncherry.hatsukaichi-sports.net/facilities/,venue-details.csv,DETAIL-103;DETAIL-352,200,reachable,https://suncherry.hatsukaichi-sports.net/facilities/,text/html; charset=UTF-8,2026-08-09T02:15:27.140Z,
https://suncherry.hatsukaichi-sports.net/usagefee/,price-observations.csv,PRICE-823;PRICE-824;PRICE-825;PRICE-826;PRICE-827;PRICE-828;PRICE-829;PRICE-830,200,reachable,https://suncherry.hatsukaichi-sports.net/usagefee/,text/html; charset=UTF-8,2026-08-09T02:15:27.140Z,
https://suncherry.hatsukaichi-sports.net/各種書類/3835/,venue-operations.csv,OP-212:operations_source_url,200,reachable,https://suncherry.hatsukaichi-sports.net/%E5%90%84%E7%A8%AE%E6%9B%B8%E9%A1%9E/3835/,text/html; charset=UTF-8,2026-08-09T02:15:27.140Z,
https://suncityhall.jp/hall1,venue-details.csv,DETAIL-2548,200,reachable,https://suncityhall.jp/hall1,text/html; charset=UTF-8,2026-08-09T02:15:27.140Z,
https://suncityhall.jp/hall2,venue-details.csv,DETAIL-2549,200,reachable,https://suncityhall.jp/hall2,text/html; charset=UTF-8,2026-08-09T02:15:27.140Z,
https://sundome.sankan.jp/about-us-h/,candidate-venues.csv;venue-details.csv,CAND-079;DETAIL-134,200,reachable,https://sundome.sankan.jp/about-us-h/,text/html; charset=UTF-8,2026-08-09T02:15:27.140Z,
https://sundome.sankan.jp/price-main-2/,price-observations.csv;venue-operations.csv,OP-065:operations_source_url;PRICE-327;PRICE-328;PRICE-329;PRICE-330,200,reachable,https://sundome.sankan.jp/price-main-2/,text/html; charset=UTF-8,2026-08-09T02:15:27.140Z,
https://sunshinehall.jp/facility/,candidate-venues.csv;venue-details.csv,CAND-1137;DETAIL-7251;DETAIL-7252;DETAIL-7253;DETAIL-7254;DETAIL-7255;DETAIL-7256;DETAIL-7257;DETAIL-7258;DETAIL-7259,200,reachable,https://sunshinehall.jp/facility/,text/html; charset=UTF-8,2026-08-09T02:15:27.140Z,
https://syougai.tokushima-ec.ed.jp/manabihiroba/srch_inst/2016.html,venue-details.csv,DETAIL-549,,network_error,,,2026-08-09T02:15:27.140Z,fetch failed
https://taibun.com/facility/arena,candidate-venues.csv;price-observations.csv;venue-details.csv;venue-operations.csv,CAND-189;DETAIL-277;OP-103:access_source_url;OP-103:operations_source_url;PRICE-391,200,reachable,https://taibun.com/facility/arena,text/html; charset=UTF-8,2026-08-09T02:15:27.140Z,
https://taibun.com/guide,venue-operations.csv,OP-103:booking_source_url,404,client_error,https://taibun.com/guide,text/html; charset=UTF-8,2026-08-09T02:15:27.140Z,
https://takarazuka-c.jp/vegahall/about.html,candidate-venues.csv;venue-details.csv,CAND-698;DETAIL-3032;DETAIL-3033;DETAIL-3034,200,reachable,https://takarazuka-c.jp/vegahall/about.html,text/html; charset=UTF-8,2026-08-09T02:15:27.140Z,
https://tangobunkakaikan.jp/?page_id=49,candidate-venues.csv;venue-details.csv,CAND-1129;DETAIL-7188;DETAIL-7189;DETAIL-7190;DETAIL-7191;DETAIL-7192;DETAIL-7193,200,reachable,https://tangobunkakaikan.jp/?page_id=49,text/html; charset=UTF-8,2026-08-09T02:15:27.140Z,
https://tendo-bunka.com/facility,candidate-venues.csv;venue-details.csv,CAND-430;DETAIL-1126;DETAIL-1127;DETAIL-1128;DETAIL-1129;DETAIL-1130,200,reachable,https://tendo-bunka.com/facility,text/html; charset=UTF-8,2026-08-09T02:15:27.140Z,
https://theater.pac.or.jp/hall_gaiyou/,candidate-venues.csv;venue-details.csv,CAND-1025;DETAIL-5815;DETAIL-5816;DETAIL-5817;DETAIL-5818;DETAIL-5819,200,reachable,https://theater.pac.or.jp/hall_gaiyou/,text/html; charset=UTF-8,2026-08-09T02:15:27.140Z,
https://tottori-caf.or.jp/kenbun/facility/about/,candidate-venues.csv;venue-details.csv,CAND-321;DETAIL-677;DETAIL-678;DETAIL-679;DETAIL-680;DETAIL-681;DETAIL-682,200,reachable,https://tottori-caf.or.jp/kenbun/facility/about/,text/html; charset=utf-8,2026-08-09T02:15:27.140Z,
https://tottori-caf.or.jp/miraichushin/facility/floor_guide/secondary_hall/,candidate-venues.csv,CAND-322,200,reachable,https://tottori-caf.or.jp/miraichushin/facility/floor_guide/secondary_hall/,text/html; charset=utf-8,2026-08-09T02:15:27.140Z,
https://tottori-caf.or.jp/miraichushin/ticket/,venue-details.csv,DETAIL-683,200,reachable,https://tottori-caf.or.jp/miraichushin/ticket/,text/html; charset=utf-8,2026-08-09T02:15:27.140Z,
https://tottori-caf.or.jp/user/filer_public/a4/93/a493866a-a1fc-486e-9cb8-ce9c48ad4d6e/miraich_panf_fin_2412.pdf,venue-details.csv,DETAIL-685;DETAIL-686;DETAIL-687,206,reachable,https://tottori-caf.or.jp/user/filer_public/a4/93/a493866a-a1fc-486e-9cb8-ce9c48ad4d6e/miraich_panf_fin_2412.pdf,application/pdf,2026-08-09T02:15:27.140Z,
https://tottori-shinkoukai.or.jp/files/libs/4379/20240813113842599.pdf,candidate-venues.csv;venue-details.csv,CAND-1059;DETAIL-6256;DETAIL-6257;DETAIL-6258;DETAIL-6259;DETAIL-6260;DETAIL-6261;DETAIL-6262;DETAIL-6263;DETAIL-6264;DETAIL-6265;DETAIL-6266;DETAIL-6267;DETAIL-6268;DETAIL-6269;DETAIL-6270;DETAIL-6271;DETAIL-6272,206,reachable,https://tottori-shinkoukai.or.jp/files/libs/4379/20240813113842599.pdf,application/pdf,2026-08-09T02:15:27.140Z,
https://tottori-shinkoukai.or.jp/files/libs/4966/202505051031217243.pdf,candidate-venues.csv;venue-details.csv,CAND-1060;DETAIL-6273;DETAIL-6274;DETAIL-6275;DETAIL-6276;DETAIL-6277;DETAIL-6278;DETAIL-6279;DETAIL-6280;DETAIL-6281;DETAIL-6282,206,reachable,https://tottori-shinkoukai.or.jp/files/libs/4966/202505051031217243.pdf,application/pdf,2026-08-09T02:15:27.140Z,
https://town.iwate.iwate.jp/town/accessmap/sportsculturecenter/,candidate-venues.csv;venue-details.csv,CAND-792;DETAIL-3711;DETAIL-3712;DETAIL-3713;DETAIL-3714;DETAIL-3715,200,reachable,https://town.iwate.iwate.jp/town/accessmap/sportsculturecenter/,text/html; charset=UTF-8,2026-08-09T02:15:27.140Z,
https://u-koryukyoten.jp/,candidate-venues.csv,CAND-005,200,reachable,https://light-cube.jp/,text/html; charset=UTF-8,2026-08-09T02:15:27.140Z,redirected
https://u-koryukyoten.jp/assets/pdf/guide/pdf03.pdf,budget-scenarios.csv;price-observations.csv,PRICE-202;PRICE-203;PRICE-204;PRICE-205;PRICE-206;PRICE-207;SCENARIO-006;SCENARIO-007,206,reachable,https://light-cube.jp/assets/pdf/guide/pdf03.pdf,application/pdf,2026-08-09T02:15:27.140Z,redirected
https://u-koryukyoten.jp/assets/pdf/guide/shisetsuriyoutebiki.pdf,venue-details.csv;venue-operations.csv,DETAIL-078;DETAIL-079;OP-040:access_source_url;OP-040:booking_source_url;OP-040:operations_source_url,206,reachable,https://light-cube.jp/assets/pdf/guide/shisetsuriyoutebiki.pdf,application/pdf,2026-08-09T02:15:27.140Z,redirected
https://uguisuhall.jp/onnkyodengen2.pdf,venue-details.csv,DETAIL-650;DETAIL-651,206,reachable,https://uguisuhall.jp/onnkyodengen2.pdf,application/pdf,2026-08-09T02:15:27.140Z,
https://uguisuhall.jp/riyouinfo.html,candidate-venues.csv,CAND-311,206,reachable,https://uguisuhall.jp/riyouinfo.html,text/html,2026-08-09T02:15:27.140Z,
https://uplaza-utazu.jp/uplaza/,candidate-venues.csv;venue-details.csv,CAND-527;DETAIL-1923,200,reachable,https://uplaza-utazu.jp/uplaza/,text/html; charset=UTF-8,2026-08-09T02:15:27.140Z,
https://uu-club.org/culture/uhall-bunka/,candidate-venues.csv;venue-details.csv,CAND-854;DETAIL-4232;DETAIL-4233;DETAIL-4234;DETAIL-4235;DETAIL-4236,206,reachable,https://uu-club.org/culture/uhall-bunka/,text/html; charset=UTF-8,2026-08-09T02:15:27.140Z,
https://web.archive.org/web/20140801000000/http://www.worldyoyocontest.com/2014worlds/about/venue/,historical-events.csv,WYYC-2014,200,reachable,https://web.archive.org/web/20140725012507/http://www.worldyoyocontest.com/2014worlds/about/venue/,text/html; charset=UTF-8,2026-08-09T02:15:27.140Z,redirected
https://web.archive.org/web/20160726154509/http://worlds16.com/hotel/,historical-events.csv,WYYC-2016,200,reachable,https://web.archive.org/web/20160726164851/http://worlds16.com/hotel,text/html; charset=UTF-8,2026-08-09T02:15:27.140Z,redirected
https://web.archive.org/web/20170801163255/http://www.iceland2017.com/,historical-events.csv,WYYC-2017,200,reachable,https://web.archive.org/web/20170801163255/http://www.iceland2017.com/,text/html; charset=UTF-8,2026-08-09T02:15:27.140Z,
https://webtown.nagayo.jp/dynamic/info/pub/detail.aspx?c_id=29&id=11,candidate-venues.csv;venue-details.csv,CAND-1163;DETAIL-7571;DETAIL-7576,206,reachable,https://webtown.nagayo.jp/dynamic/info/pub/detail.aspx?c_id=29&id=11,text/html; charset=utf-8,2026-08-09T02:15:27.140Z,
https://webtown.nagayo.jp/kiji003111/index.html,venue-details.csv,DETAIL-7570,206,reachable,https://webtown.nagayo.jp/kiji003111/index.html,text/html,2026-08-09T02:15:27.140Z,
https://webtown.nagayo.jp/kiji003113/index.html,venue-details.csv,DETAIL-7572,206,reachable,https://webtown.nagayo.jp/kiji003113/index.html,text/html,2026-08-09T02:15:27.140Z,
https://webtown.nagayo.jp/kiji003114/index.html,venue-details.csv,DETAIL-7573,206,reachable,https://webtown.nagayo.jp/kiji003114/index.html,text/html,2026-08-09T02:15:27.140Z,
https://webtown.nagayo.jp/kiji003115/index.html,venue-details.csv,DETAIL-7574,206,reachable,https://webtown.nagayo.jp/kiji003115/index.html,text/html,2026-08-09T02:15:27.140Z,
https://webtown.nagayo.jp/kiji003116/index.html,venue-details.csv,DETAIL-7575,206,reachable,https://webtown.nagayo.jp/kiji003116/index.html,text/html,2026-08-09T02:15:27.140Z,
https://whitering.jp/access.html,venue-operations.csv,OP-171:access_source_url,206,reachable,https://whitering.jp/access.html,text/html,2026-08-09T02:15:27.140Z,
https://whitering.jp/facility.html,candidate-venues.csv;venue-details.csv,CAND-163;DETAIL-248;DETAIL-249,206,reachable,https://whitering.jp/facility.html,text/html,2026-08-09T02:15:27.140Z,
https://whitering.jp/guide.html,venue-operations.csv,OP-171:booking_source_url,206,reachable,https://whitering.jp/guide.html,text/html,2026-08-09T02:15:27.140Z,
https://whitering.jp/pdf/price.pdf,price-observations.csv,PRICE-582;PRICE-583;PRICE-584;PRICE-585;PRICE-586;PRICE-587;PRICE-588,206,reachable,https://whitering.jp/pdf/price.pdf,application/pdf,2026-08-09T02:15:27.140Z,
https://whitering.jp/pdf/taikai.pdf,venue-operations.csv,OP-171:operations_source_url,206,reachable,https://whitering.jp/pdf/taikai.pdf,application/pdf,2026-08-09T02:15:27.140Z,
https://worldyoyocontest.org/,historical-events.csv,WYYC-2026,403,access_limited,https://worldyoyocontest.org/,text/html,2026-08-09T02:15:27.140Z,
https://www-source.city.hitachi.lg.jp/shisetsu/kanko_bunka/1003914/1003915.html,candidate-venues.csv;venue-details.csv,CAND-290;DETAIL-605,206,reachable,https://www-source.city.hitachi.lg.jp/shisetsu/kanko_bunka/1003914/1003915.html,text/html,2026-08-09T02:15:27.140Z,
https://www.6bun.jp/kaikan/kaikangaiyou/,venue-details.csv,DETAIL-4666;DETAIL-4667;DETAIL-4668;DETAIL-4669;DETAIL-4670;DETAIL-4671;DETAIL-4672;DETAIL-4673;DETAIL-4674;DETAIL-4675;DETAIL-4676;DETAIL-4677;DETAIL-4678;DETAIL-4679;DETAIL-4680;DETAIL-4681,200,reachable,https://www.6bun.jp/kaikan/kaikangaiyou/,text/html; charset=UTF-8,2026-08-09T02:15:27.140Z,
https://www.aac.pref.aichi.jp/rent/theater/facility.html,candidate-venues.csv;venue-details.csv,CAND-1119;DETAIL-7029;DETAIL-7030;DETAIL-7031;DETAIL-7032;DETAIL-7033,200,reachable,https://www.aac.pref.aichi.jp/rent/theater/facility.html,text/html; charset=UTF-8,2026-08-09T02:15:27.140Z,
https://www.acros.or.jp/s_facilities/,candidate-venues.csv;venue-details.csv,CAND-1150;DETAIL-7414,200,reachable,https://www.acros.or.jp/s_facilities/,text/html;charset=UTF-8,2026-08-09T02:15:27.140Z,
https://www.acros.or.jp/s_facilities/conference.html,venue-details.csv,DETAIL-7418;DETAIL-7419;DETAIL-7420;DETAIL-7421;DETAIL-7422;DETAIL-7423;DETAIL-7424;DETAIL-7425;DETAIL-7426;DETAIL-7427;DETAIL-7428;DETAIL-7429;DETAIL-7430;DETAIL-7431;DETAIL-7432;DETAIL-7433,206,reachable,https://www.acros.or.jp/s_facilities/conference.html,text/html; charset=UTF-8,2026-08-09T02:15:27.140Z,
https://www.acros.or.jp/s_facilities/cultural.html,venue-details.csv,DETAIL-7415,206,reachable,https://www.acros.or.jp/s_facilities/cultural.html,text/html; charset=UTF-8,2026-08-09T02:15:27.140Z,
https://www.acros.or.jp/s_facilities/event.html,venue-details.csv,DETAIL-7398;DETAIL-7399;DETAIL-7400;DETAIL-7401;DETAIL-7402;DETAIL-7403;DETAIL-7404,206,reachable,https://www.acros.or.jp/s_facilities/event.html,text/html; charset=UTF-8,2026-08-09T02:15:27.140Z,
https://www.acros.or.jp/s_facilities/international.html,venue-details.csv,DETAIL-7405;DETAIL-7406;DETAIL-7407;DETAIL-7408;DETAIL-7409;DETAIL-7410;DETAIL-7411;DETAIL-7412;DETAIL-7413,206,reachable,https://www.acros.or.jp/s_facilities/international.html,text/html; charset=UTF-8,2026-08-09T02:15:27.140Z,
https://www.acros.or.jp/s_facilities/practice.html,venue-details.csv,DETAIL-7434;DETAIL-7435;DETAIL-7436;DETAIL-7437;DETAIL-7438,206,reachable,https://www.acros.or.jp/s_facilities/practice.html,text/html; charset=UTF-8,2026-08-09T02:15:27.140Z,
https://www.acros.or.jp/s_facilities/seminar.html,venue-details.csv,DETAIL-7416;DETAIL-7417,206,reachable,https://www.acros.or.jp/s_facilities/seminar.html,text/html; charset=UTF-8,2026-08-09T02:15:27.140Z,
https://www.acros.or.jp/s_facilities/symphony.html,venue-details.csv,DETAIL-7390;DETAIL-7391;DETAIL-7392;DETAIL-7393;DETAIL-7394;DETAIL-7395;DETAIL-7396;DETAIL-7397,206,reachable,https://www.acros.or.jp/s_facilities/symphony.html,text/html; charset=UTF-8,2026-08-09T02:15:27.140Z,
https://www.actcity.jp/,candidate-venues.csv,CAND-008,200,reachable,https://www.actcity.jp/,text/html; charset=UTF-8,2026-08-09T02:15:27.140Z,
https://www.actcity.jp/user/concert/application/,venue-operations.csv,OP-012:booking_source_url,200,reachable,https://www.actcity.jp/user/concert/application/,text/html; charset=UTF-8,2026-08-09T02:15:27.140Z,
https://www.actcity.jp/user/concert/spec/,venue-details.csv,DETAIL-030,200,reachable,https://www.actcity.jp/user/concert/spec/,text/html; charset=UTF-8,2026-08-09T02:15:27.140Z,
https://www.actcity.jp/user/exhibition/,venue-operations.csv,OP-012:access_source_url,200,reachable,https://www.actcity.jp/user/exhibition/,text/html; charset=UTF-8,2026-08-09T02:15:27.140Z,
https://www.actcity.jp/user/exhibition/spec/,venue-details.csv;venue-operations.csv,DETAIL-028;DETAIL-029;OP-012:operations_source_url,200,reachable,https://www.actcity.jp/user/exhibition/spec/,text/html; charset=UTF-8,2026-08-09T02:15:27.140Z,
https://www.actcity.jp/user/price/,price-observations.csv,PRICE-063;PRICE-064;PRICE-065;PRICE-066;PRICE-067;PRICE-068;PRICE-069,200,reachable,https://www.actcity.jp/user/price/,text/html; charset=UTF-8,2026-08-09T02:15:27.140Z,
https://www.ageo-kousya.or.jp/community/,candidate-venues.csv;venue-details.csv,CAND-446;DETAIL-1235,200,reachable,https://www.ageo-kousya.or.jp/community/,text/html; charset=UTF-8,2026-08-09T02:15:27.140Z,
https://www.ageo-kousya.or.jp/community/detail.php?eid=00001,venue-details.csv,DETAIL-1236;DETAIL-1237;DETAIL-1238;DETAIL-1239;DETAIL-1240;DETAIL-1241;DETAIL-1242;DETAIL-1243,200,reachable,https://www.ageo-kousya.or.jp/community/detail.php?eid=00001,text/html; charset=UTF-8,2026-08-09T02:15:27.140Z,
https://www.aichiskyexpo.com/access/,venue-operations.csv,OP-067:access_source_url,200,reachable,https://www.aichiskyexpo.com/access/,text/html; charset=UTF-8,2026-08-09T02:15:27.140Z,
https://www.aichiskyexpo.com/en/organizer-top-en/contact-foruse/,venue-operations.csv,OP-067:booking_source_url,200,reachable,https://www.aichiskyexpo.com/en/organizer-top-en/contact-foruse/,text/html; charset=UTF-8,2026-08-09T02:15:27.140Z,
https://www.aichiskyexpo.com/organizer-top/forusecharge/,price-observations.csv;venue-details.csv,DETAIL-139;PRICE-335;PRICE-336;PRICE-337,200,reachable,https://www.aichiskyexpo.com/organizer-top/forusecharge/,text/html; charset=UTF-8,2026-08-09T02:15:27.140Z,
https://www.aichiskyexpo.com/organizer-top/intro-shisetsu/,candidate-venues.csv;venue-details.csv,CAND-081;DETAIL-137;DETAIL-138,200,reachable,https://www.aichiskyexpo.com/organizer-top/intro-shisetsu/,text/html; charset=UTF-8,2026-08-09T02:15:27.140Z,
https://www.aichiskyexpo.com/organizer-top/useflow/,venue-operations.csv,OP-067:operations_source_url,200,reachable,https://www.aichiskyexpo.com/organizer-top/useflow/,text/html; charset=UTF-8,2026-08-09T02:15:27.140Z,
https://www.akiota.jp/site/kyoiku/16684.html,candidate-venues.csv;venue-details.csv,CAND-958;DETAIL-5270,404,client_error,https://www.akiota.jp/site/kyoiku/16684.html,text/html,2026-08-09T02:15:27.140Z,
https://www.akitakata.jp/akitakata-media/filer_public/b0/fb/b0fb461f-0fb5-4a29-b328-f75d550a67b5/shimin-bunka-senta-shiyoukyoka-shinseisho.pdf,venue-details.csv,DETAIL-5241;DETAIL-5242;DETAIL-5243;DETAIL-5245;DETAIL-5246;DETAIL-5247;DETAIL-5248;DETAIL-5249;DETAIL-5250;DETAIL-5251;DETAIL-5252;DETAIL-5253;DETAIL-5254,206,reachable,https://www.akitakata.jp/akitakata-media/filer_public/b0/fb/b0fb461f-0fb5-4a29-b328-f75d550a67b5/shimin-bunka-senta-shiyoukyoka-shinseisho.pdf,application/pdf,2026-08-09T02:15:27.140Z,
https://www.akitakata.jp/ja/shisei/section/kyouiku/r459/agio00-copy/,candidate-venues.csv;venue-details.csv,CAND-954;DETAIL-5240;DETAIL-5244,200,reachable,https://www.akitakata.jp/ja/shisei/section/kyouiku/r459/agio00-copy/,text/html; charset=utf-8,2026-08-09T02:15:27.140Z,
https://www.aobayama.jp/,candidate-venues.csv,CAND-003,206,reachable,https://www.aobayama.jp/,text/html,2026-08-09T02:15:27.140Z,
https://www.aobayama.jp/access/,venue-operations.csv,OP-046:access_source_url,206,reachable,https://www.aobayama.jp/access/,text/html,2026-08-09T02:15:27.140Z,
https://www.aobayama.jp/closure.html,venue-operations.csv,OP-046:operations_source_url,206,reachable,https://www.aobayama.jp/closure.html,text/html,2026-08-09T02:15:27.140Z,
https://www.aobayama.jp/organizer/floor/exhibitionhall/exhibitionroom_1.html,venue-details.csv,DETAIL-090,206,reachable,https://www.aobayama.jp/organizer/floor/exhibitionhall/exhibitionroom_1.html,text/html,2026-08-09T02:15:27.140Z,
https://www.aobayama.jp/organizer/floor/exhibitionhall/exhibitionroom_all.html,venue-details.csv,DETAIL-089,206,reachable,https://www.aobayama.jp/organizer/floor/exhibitionhall/exhibitionroom_all.html,text/html,2026-08-09T02:15:27.140Z,
https://www.aobayama.jp/organizer/material/files/sic2025_accessory.pdf,price-observations.csv,PRICE-237,206,reachable,https://www.aobayama.jp/organizer/material/files/sic2025_accessory.pdf,application/pdf,2026-08-09T02:15:27.140Z,
https://www.aobayama.jp/organizer/material/files/sic2025_price.pdf,price-observations.csv,PRICE-235;PRICE-236,206,reachable,https://www.aobayama.jp/organizer/material/files/sic2025_price.pdf,application/pdf,2026-08-09T02:15:27.140Z,
https://www.aobayama.jp/organizer/use/application.html,venue-operations.csv,OP-046:booking_source_url,206,reachable,https://www.aobayama.jp/organizer/use/application.html,text/html,2026-08-09T02:15:27.140Z,
https://www.archaic.or.jp/center/oct/,candidate-venues.csv;venue-details.csv,CAND-1134;DETAIL-7218;DETAIL-7219;DETAIL-7220;DETAIL-7221;DETAIL-7222,200,reachable,https://www.archaic.or.jp/center/oct/,text/html,2026-08-09T02:15:27.140Z,
https://www.art-h.gr.jp/facilities/,candidate-venues.csv;venue-details.csv,CAND-1037;DETAIL-5979;DETAIL-5980;DETAIL-5981;DETAIL-5982;DETAIL-5983,200,reachable,https://www.art-h.gr.jp/facilities/,text/html; charset=UTF-8,2026-08-09T02:15:27.140Z,
https://www.art-museum.pref.yamanashi.jp/2025.4.1.cg.pdf,venue-details.csv,DETAIL-6071;DETAIL-6072;DETAIL-6073,206,reachable,https://www.art-museum.pref.yamanashi.jp/2025.4.1.cg.pdf,application/pdf,2026-08-09T02:15:27.140Z,
https://www.art-museum.pref.yamanashi.jp/gallery/siyoukijyun.pdf,venue-details.csv,DETAIL-6074;DETAIL-6075;DETAIL-6076;DETAIL-6077,206,reachable,https://www.art-museum.pref.yamanashi.jp/gallery/siyoukijyun.pdf,application/pdf,2026-08-09T02:15:27.140Z,
https://www.art-museum.pref.yamanashi.jp/rental/,candidate-venues.csv,CAND-1044,206,reachable,https://www.art-museum.pref.yamanashi.jp/rental/,text/html,2026-08-09T02:15:27.140Z,
https://www.art-plaza.jp/,candidate-venues.csv;venue-details.csv,CAND-1082;DETAIL-6496;DETAIL-6497,200,reachable,https://www.art-plaza.jp/,text/html; charset=UTF-8,2026-08-09T02:15:27.140Z,
https://www.art-plaza.jp/services/floor/1%E9%9A%8E%E3%83%95%E3%83%AD%E3%82%A2/%E3%82%AE%E3%83%A3%E3%83%A9%E3%83%AA%E3%83%BC%EF%BD%81/,venue-details.csv,DETAIL-6491,200,reachable,https://www.art-plaza.jp/services/floor/1%E9%9A%8E%E3%83%95%E3%83%AD%E3%82%A2/%E3%82%AE%E3%83%A3%E3%83%A9%E3%83%AA%E3%83%BC%EF%BD%81/,text/html; charset=UTF-8,2026-08-09T02:15:27.140Z,
https://www.art-plaza.jp/services/floor/1%E9%9A%8E%E3%83%95%E3%83%AD%E3%82%A2/%E3%82%AE%E3%83%A3%E3%83%A9%E3%83%AA%E3%83%BC%EF%BD%82/,venue-details.csv,DETAIL-6492,200,reachable,https://www.art-plaza.jp/services/floor/1%E9%9A%8E%E3%83%95%E3%83%AD%E3%82%A2/%E3%82%AE%E3%83%A3%E3%83%A9%E3%83%AA%E3%83%BC%EF%BD%82/,text/html; charset=UTF-8,2026-08-09T02:15:27.140Z,
https://www.art-plaza.jp/services/floor/2%E9%9A%8E%E3%83%95%E3%83%AD%E3%82%A2/%E3%82%A2%E3%83%BC%E3%83%88%E3%83%9B%E3%83%BC%E3%83%AB/,venue-details.csv,DETAIL-6493,200,reachable,https://www.art-plaza.jp/services/floor/2%E9%9A%8E%E3%83%95%E3%83%AD%E3%82%A2/%E3%82%A2%E3%83%BC%E3%83%88%E3%83%9B%E3%83%BC%E3%83%AB/,text/html; charset=UTF-8,2026-08-09T02:15:27.140Z,
https://www.art-plaza.jp/services/floor/2%E9%9A%8E%E3%83%95%E3%83%AD%E3%82%A2/%E5%AE%9F%E6%8A%80%E5%AE%A4/,venue-details.csv,DETAIL-6494,200,reachable,https://www.art-plaza.jp/services/floor/2%E9%9A%8E%E3%83%95%E3%83%AD%E3%82%A2/%E5%AE%9F%E6%8A%80%E5%AE%A4/,text/html; charset=UTF-8,2026-08-09T02:15:27.140Z,
https://www.art-plaza.jp/services/floor/2%E9%9A%8E%E3%83%95%E3%83%AD%E3%82%A2/%E7%A0%94%E4%BF%AE%E5%AE%A4/,venue-details.csv,DETAIL-6495,200,reachable,https://www.art-plaza.jp/services/floor/2%E9%9A%8E%E3%83%95%E3%83%AD%E3%82%A2/%E7%A0%94%E4%BF%AE%E5%AE%A4/,text/html; charset=UTF-8,2026-08-09T02:15:27.140Z,
https://www.art-plaza.jp/wp-content/uploads/2026/03/ad607c6bd6ff8497db25b637ff0b4fa1.pdf,price-observations.csv,PRICE-2873;PRICE-2874;PRICE-2875,206,reachable,https://www.art-plaza.jp/wp-content/uploads/2026/03/ad607c6bd6ff8497db25b637ff0b4fa1.pdf,application/pdf,2026-08-09T02:15:27.140Z,
https://www.artepia.jp/facility.html,candidate-venues.csv;venue-details.csv,CAND-521;DETAIL-1882;DETAIL-1883;DETAIL-1884;DETAIL-1885;DETAIL-1886;DETAIL-1887;DETAIL-1888,206,reachable,https://www.artepia.jp/facility.html,text/html,2026-08-09T02:15:27.140Z,
https://www.artforet.jp/facility/,venue-details.csv,DETAIL-4653;DETAIL-4654;DETAIL-4655;DETAIL-4656;DETAIL-4657;DETAIL-4658;DETAIL-4659;DETAIL-4660;DETAIL-4661;DETAIL-4662;DETAIL-4663;DETAIL-4664;DETAIL-4665,200,reachable,https://www.artforet.jp/facility/,text/html; charset=UTF-8,2026-08-09T02:15:27.140Z,
https://www.asobo-saga.jp/business/conventions/detail/931ac00e-c2d6-4614-8453-a9f3ecd96a47,venue-details.csv,DETAIL-1035,200,reachable,https://www.asobo-saga.jp/business/conventions/detail/931ac00e-c2d6-4614-8453-a9f3ecd96a47,text/html; charset=UTF-8,2026-08-09T02:15:27.140Z,
https://www.asty-tokushima.jp/organizer/facility/hall/,candidate-venues.csv;venue-details.csv;venue-operations.csv,CAND-045;DETAIL-007;OP-004:operations_source_url,206,reachable,https://www.asty-tokushima.jp/organizer/facility/hall/,text/html; charset=UTF-8,2026-08-09T02:15:27.140Z,
https://www.asty-tokushima.jp/organizer/reserve/flow/index.html,venue-operations.csv,OP-004:booking_source_url,206,reachable,https://www.asty-tokushima.jp/organizer/reserve/flow/index.html,text/html; charset=UTF-8,2026-08-09T02:15:27.140Z,
https://www.asty-tokushima.jp/organizer/reserve/manual/,venue-operations.csv,OP-004:access_source_url,206,reachable,https://www.asty-tokushima.jp/organizer/reserve/manual/,text/html; charset=UTF-8,2026-08-09T02:15:27.140Z,
https://www.asty-tokushima.jp/organizer/reserve/usage-fee/,price-observations.csv,PRICE-004;PRICE-005;PRICE-006;PRICE-007,206,reachable,https://www.asty-tokushima.jp/organizer/reserve/usage-fee/,text/html; charset=UTF-8,2026-08-09T02:15:27.140Z,
https://www.asuterasu-shimane.or.jp/service/use/,candidate-venues.csv;venue-details.csv,CAND-1142;DETAIL-7296,200,reachable,https://www.asuterasu-shimane.or.jp/service/use/,text/html; charset=UTF-8,2026-08-09T02:15:27.140Z,
https://www.asuterasu-shimane.or.jp/wp-content/uploads/2023/05/kaikan20syuunennkinennsi.pdf,venue-details.csv,DETAIL-7295;DETAIL-7297;DETAIL-7298;DETAIL-7299;DETAIL-7300;DETAIL-7301;DETAIL-7302;DETAIL-7303;DETAIL-7304;DETAIL-7305,206,reachable,https://www.asuterasu-shimane.or.jp/wp-content/uploads/2023/05/kaikan20syuunennkinennsi.pdf,application/pdf,2026-08-09T02:15:27.140Z,
https://www.awaodori-kaikan.jp/_files/ugd/0a2486_0030d4b0688f4a79898c99465fb7e094.pdf,venue-details.csv,DETAIL-6443;DETAIL-6444,206,reachable,https://www.awaodori-kaikan.jp/_files/ugd/0a2486_0030d4b0688f4a79898c99465fb7e094.pdf,application/pdf,2026-08-09T02:15:27.140Z,
https://www.awaodori-kaikan.jp/_files/ugd/0a2486_0a3ac45f92d3488bb22465ea9b1a9fb3.pdf?index=true,venue-details.csv,DETAIL-6438,206,reachable,https://www.awaodori-kaikan.jp/_files/ugd/0a2486_0a3ac45f92d3488bb22465ea9b1a9fb3.pdf?index=true,application/pdf,2026-08-09T02:15:27.140Z,
https://www.awaodori-kaikan.jp/_files/ugd/0a2486_9bcd158ddee846f799cef9514ea04e43.pdf?index=true,venue-details.csv,DETAIL-6439;DETAIL-6440;DETAIL-6441;DETAIL-6442,206,reachable,https://www.awaodori-kaikan.jp/_files/ugd/0a2486_9bcd158ddee846f799cef9514ea04e43.pdf?index=true,application/pdf,2026-08-09T02:15:27.140Z,
https://www.awaodori-kaikan.jp/fee,candidate-venues.csv,CAND-1073,200,reachable,https://www.awaodori-kaikan.jp/fee,text/html; charset=UTF-8,2026-08-09T02:15:27.140Z,
https://www.ayakari.jp/business2.html,venue-details.csv,DETAIL-7617;DETAIL-7618;DETAIL-7619;DETAIL-7620;DETAIL-7621,206,reachable,https://www.ayakari.jp/business2.html,text/html,2026-08-09T02:15:27.140Z,
https://www.ayakari.jp/message.html,candidate-venues.csv;venue-details.csv,CAND-1169;DETAIL-7614;DETAIL-7615;DETAIL-7616;DETAIL-7622;DETAIL-7623;DETAIL-7624,206,reachable,https://www.ayakari.jp/message.html,text/html,2026-08-09T02:15:27.140Z,
https://www.ayase-bunka.com/,candidate-venues.csv,CAND-1175,200,reachable,https://www.ayase-bunka.com/,text/html; charset=UTF-8,2026-08-09T02:15:27.140Z,
https://www.ayase-bunka.com/about/hall_small/,venue-details.csv,DETAIL-7697,200,reachable,https://www.ayase-bunka.com/about/hall_small/,text/html; charset=UTF-8,2026-08-09T02:15:27.140Z,
https://www.ayase-bunka.com/about/hall/,venue-details.csv,DETAIL-7696;DETAIL-7698;DETAIL-7699;DETAIL-7700;DETAIL-7701;DETAIL-7702,200,reachable,https://www.ayase-bunka.com/about/hall/,text/html; charset=UTF-8,2026-08-09T02:15:27.140Z,
https://www.ayase-bunka.com/about/rehearsal/,venue-details.csv,DETAIL-7703;DETAIL-7704,200,reachable,https://www.ayase-bunka.com/about/rehearsal/,text/html; charset=UTF-8,2026-08-09T02:15:27.140Z,
https://www.ayase-bunka.com/about/stage/,venue-details.csv,DETAIL-7705,200,reachable,https://www.ayase-bunka.com/about/stage/,text/html; charset=UTF-8,2026-08-09T02:15:27.140Z,
https://www.azumapark.or.jp/access/,venue-operations.csv,OP-090:access_source_url,200,reachable,https://www.azumapark.or.jp/access/,text/html; charset=UTF-8,2026-08-09T02:15:27.140Z,
https://www.azumapark.or.jp/guide-map/sports-facility/%E3%81%82%E3%81%9A%E3%81%BE%E7%B7%8F%E5%90%88%E4%BD%93%E8%82%B2%E9%A4%A8/%E3%83%A1%E3%82%A4%E3%83%B3%E3%82%A2%E3%83%AA%E3%83%BC%E3%83%8A/,candidate-venues.csv;venue-details.csv,CAND-109;DETAIL-180;DETAIL-181,200,reachable,https://www.azumapark.or.jp/,text/html; charset=UTF-8,2026-08-09T02:15:27.140Z,redirected
https://www.azumapark.or.jp/user-guide/information-for-use/,price-observations.csv;venue-operations.csv,OP-090:booking_source_url;OP-090:operations_source_url;PRICE-357,200,reachable,https://www.azumapark.or.jp/user-guide/information-for-use/,text/html; charset=UTF-8,2026-08-09T02:15:27.140Z,
https://www.b-conplaza.jp/,candidate-venues.csv,CAND-019,200,reachable,https://www.b-conplaza.jp/,text/html; charset=UTF-8,2026-08-09T02:15:27.140Z,
https://www.b-conplaza.jp/access/,venue-operations.csv,OP-003:access_source_url,200,reachable,https://www.b-conplaza.jp/access/,text/html; charset=UTF-8,2026-08-09T02:15:27.140Z,
https://www.b-conplaza.jp/organizer2/booking/,venue-operations.csv,OP-003:operations_source_url,200,reachable,https://www.b-conplaza.jp/organizer2/booking/,text/html; charset=UTF-8,2026-08-09T02:15:27.140Z,
https://www.b-conplaza.jp/organizer2/facilitie/convention/,venue-details.csv,DETAIL-005,200,reachable,https://www.b-conplaza.jp/organizer2/facilitie/convention/,text/html; charset=UTF-8,2026-08-09T02:15:27.140Z,
https://www.b-conplaza.jp/organizer2/facilitie/phil/,venue-details.csv,DETAIL-006,200,reachable,https://www.b-conplaza.jp/organizer2/facilitie/phil/,text/html; charset=UTF-8,2026-08-09T02:15:27.140Z,
https://www.b-conplaza.jp/organizer2/policy/,venue-operations.csv,OP-003:booking_source_url,200,reachable,https://www.b-conplaza.jp/organizer2/policy/,text/html; charset=UTF-8,2026-08-09T02:15:27.140Z,
https://www.b-conplaza.jp/pdf/facility_usage_fee.pdf,price-observations.csv,PRICE-001;PRICE-002;PRICE-003,206,reachable,https://www.b-conplaza.jp/pdf/facility_usage_fee.pdf,application/pdf,2026-08-09T02:15:27.140Z,
https://www.bellesalle.co.jp/download/bs_akihabara/,venue-operations.csv,OP-030:operations_source_url,200,reachable,https://www.bellesalle.co.jp/download/bs_akihabara/,text/html; charset=UTF-8,2026-08-09T02:15:27.140Z,
https://www.bellesalle.co.jp/shisetsu/tokyo/bs_akihabara/,candidate-venues.csv;venue-operations.csv,CAND-058;OP-030:access_source_url,200,reachable,https://www.bellesalle.co.jp/shisetsu/tokyo/bs_akihabara/,text/html; charset=UTF-8,2026-08-09T02:15:27.140Z,
https://www.bellesalle.co.jp/shisetsu/tokyo/bs_akihabara/detail/bs_akihabara_hall_2fb/,price-observations.csv;venue-details.csv;venue-operations.csv,DETAIL-060;OP-030:booking_source_url;PRICE-160,200,reachable,https://www.bellesalle.co.jp/shisetsu/tokyo/bs_akihabara/detail/bs_akihabara_hall_2fb/,text/html; charset=UTF-8,2026-08-09T02:15:27.140Z,
https://www.big-palette.jp/promotor/equipment.html,price-observations.csv,PRICE-168,200,reachable,https://www.big-palette.jp/promotor/equipment.html,text/html; charset=UTF-8,2026-08-09T02:15:27.140Z,
https://www.big-palette.jp/promotor/faq.html,venue-operations.csv,OP-032:operations_source_url,200,reachable,https://www.big-palette.jp/promotor/faq.html,text/html; charset=UTF-8,2026-08-09T02:15:27.140Z,
https://www.big-palette.jp/promotor/price.html,price-observations.csv,PRICE-161;PRICE-162;PRICE-163;PRICE-164;PRICE-165;PRICE-166;PRICE-167,200,reachable,https://www.big-palette.jp/promotor/price.html,text/html; charset=UTF-8,2026-08-09T02:15:27.140Z,
https://www.big-palette.jp/promotor/room/convention-hall.html,venue-details.csv,DETAIL-062,200,reachable,https://www.big-palette.jp/promotor/room/convention-hall.html,text/html; charset=UTF-8,2026-08-09T02:15:27.140Z,
https://www.bigship.or.jp/application/,venue-operations.csv,OP-039:booking_source_url,200,reachable,https://www.bigship.or.jp/application/,text/html; charset=utf-8,2026-08-09T02:15:27.140Z,
https://www.bigship.or.jp/bigship/,candidate-venues.csv,CAND-043,200,reachable,https://www.bigship.or.jp/bigship/,text/html; charset=utf-8,2026-08-09T02:15:27.140Z,
https://www.bigship.or.jp/bigship/guest/15/,venue-operations.csv,OP-039:access_source_url,200,reachable,https://www.bigship.or.jp/bigship/guest/15/,text/html; charset=utf-8,2026-08-09T02:15:27.140Z,
https://www.bigship.or.jp/bigship/organizer/13/,price-observations.csv,PRICE-194;PRICE-195;PRICE-196;PRICE-197;PRICE-198;PRICE-199;PRICE-200,200,reachable,https://www.bigship.or.jp/bigship/organizer/13/,text/html; charset=utf-8,2026-08-09T02:15:27.140Z,
https://www.bigship.or.jp/bigship/organizer/18/3/,price-observations.csv,PRICE-201,200,reachable,https://www.bigship.or.jp/bigship/organizer/18/3/,text/html; charset=utf-8,2026-08-09T02:15:27.140Z,
https://www.bigship.or.jp/bigship/organizer/6/1/,venue-details.csv;venue-operations.csv,DETAIL-076;OP-039:operations_source_url,200,reachable,https://www.bigship.or.jp/bigship/organizer/6/1/,text/html; charset=utf-8,2026-08-09T02:15:27.140Z,
https://www.bigship.or.jp/bigship/organizer/6/3/,venue-details.csv,DETAIL-077,200,reachable,https://www.bigship.or.jp/bigship/organizer/6/3/,text/html; charset=utf-8,2026-08-09T02:15:27.140Z,
https://www.bigsight.jp/organizer/download/pdf/guidance_hall.pdf,price-observations.csv;venue-operations.csv,OP-008:operations_source_url;PRICE-046;PRICE-047,206,reachable,https://www.bigsight.jp/organizer/download/pdf/guidance_hall.pdf,application/pdf,2026-08-09T02:15:27.140Z,
https://www.bigsight.jp/organizer/facilities/,candidate-venues.csv,CAND-029,206,reachable,https://www.bigsight.jp/organizer/facilities/,text/html,2026-08-09T02:15:27.140Z,
https://www.bigsight.jp/organizer/facilities/south.html,venue-details.csv,DETAIL-020,206,reachable,https://www.bigsight.jp/organizer/facilities/south.html,text/html,2026-08-09T02:15:27.140Z,
https://www.bigsight.jp/organizer/guide/howto/exhibition.html,venue-operations.csv,OP-008:booking_source_url,206,reachable,https://www.bigsight.jp/organizer/guide/howto/exhibition.html,text/html,2026-08-09T02:15:27.140Z,
https://www.bigsight.jp/organizer/guide/price/exhibition.html,price-observations.csv,PRICE-044;PRICE-045,206,reachable,https://www.bigsight.jp/organizer/guide/price/exhibition.html,text/html,2026-08-09T02:15:27.140Z,
https://www.bigsight.jp/visitor/access/?code=x,venue-operations.csv,OP-008:access_source_url,206,reachable,https://www.bigsight.jp/visitor/access/?code=x,text/html,2026-08-09T02:15:27.140Z,
https://www.biwako-hall.or.jp/about/facility/,candidate-venues.csv,CAND-1124,200,reachable,https://www.biwako-hall.or.jp/about/facility,text/html; charset=UTF-8,2026-08-09T02:15:27.140Z,redirected
https://www.biwako-hall.or.jp/about/facility/ensemble-hall,venue-details.csv,DETAIL-7156,200,reachable,https://www.biwako-hall.or.jp/about/facility/ensemble-hall,text/html; charset=UTF-8,2026-08-09T02:15:27.140Z,
https://www.biwako-hall.or.jp/about/facility/main-theatre,venue-details.csv,DETAIL-7154,200,reachable,https://www.biwako-hall.or.jp/about/facility/main-theatre,text/html; charset=UTF-8,2026-08-09T02:15:27.140Z,
https://www.biwako-hall.or.jp/about/facility/rehearsal-practice,venue-details.csv,DETAIL-7157;DETAIL-7158;DETAIL-7159;DETAIL-7160,200,reachable,https://www.biwako-hall.or.jp/about/facility/rehearsal-practice,text/html; charset=UTF-8,2026-08-09T02:15:27.140Z,
https://www.biwako-hall.or.jp/about/facility/theatre,venue-details.csv,DETAIL-7155,200,reachable,https://www.biwako-hall.or.jp/about/facility/theatre,text/html; charset=UTF-8,2026-08-09T02:15:27.140Z,
https://www.biwako-hall.or.jp/about/facility/training,venue-details.csv,DETAIL-7161,200,reachable,https://www.biwako-hall.or.jp/about/facility/training,text/html; charset=UTF-8,2026-08-09T02:15:27.140Z,
https://www.bungakukan.pref.yamanashi.jp/news/2025.guide.pdf,venue-details.csv,DETAIL-6078;DETAIL-6079;DETAIL-6080;DETAIL-6081;DETAIL-6082;DETAIL-6083;DETAIL-6084;DETAIL-6085;DETAIL-6086;DETAIL-6087,206,reachable,https://www.bungakukan.pref.yamanashi.jp/news/2025.guide.pdf,application/pdf,2026-08-09T02:15:27.140Z,
https://www.bungakukan.pref.yamanashi.jp/rent/,candidate-venues.csv,CAND-1045,206,reachable,https://www.bungakukan.pref.yamanashi.jp/rent/,text/html,2026-08-09T02:15:27.140Z,
https://www.bungoohno-bunka.jp/facilities/,candidate-venues.csv;venue-details.csv,CAND-487;DETAIL-1581;DETAIL-1582;DETAIL-1583,200,reachable,https://www.bungoohno-bunka.jp/facilities/,text/html; charset=UTF-8,2026-08-09T02:15:27.140Z,
https://www.bungoohno-bunka.jp/facilities/other_rooms/,venue-details.csv,DETAIL-1584;DETAIL-1585;DETAIL-1586;DETAIL-1587;DETAIL-1588;DETAIL-1589;DETAIL-1590;DETAIL-1591,200,reachable,https://www.bungoohno-bunka.jp/facilities/other_rooms/,text/html; charset=UTF-8,2026-08-09T02:15:27.140Z,
https://www.bunka-h.gr.jp/facilities/,candidate-venues.csv,CAND-1036,200,reachable,https://www.bunka-h.gr.jp/facilities/,text/html; charset=UTF-8,2026-08-09T02:15:27.140Z,
https://www.bunka-h.gr.jp/facilities/conference-hall,venue-details.csv,DETAIL-5954,200,reachable,https://www.bunka-h.gr.jp/facilities/conference-hall,text/html; charset=UTF-8,2026-08-09T02:15:27.140Z,
https://www.bunka-h.gr.jp/facilities/conference-room,venue-details.csv,DETAIL-5958;DETAIL-5959;DETAIL-5960;DETAIL-5961;DETAIL-5962;DETAIL-5963;DETAIL-5964,200,reachable,https://www.bunka-h.gr.jp/facilities/conference-room,text/html; charset=UTF-8,2026-08-09T02:15:27.140Z,
https://www.bunka-h.gr.jp/facilities/dressing-room,venue-details.csv,DETAIL-5972;DETAIL-5973;DETAIL-5974;DETAIL-5975;DETAIL-5976;DETAIL-5977;DETAIL-5978,200,reachable,https://www.bunka-h.gr.jp/facilities/dressing-room,text/html; charset=UTF-8,2026-08-09T02:15:27.140Z,
https://www.bunka-h.gr.jp/facilities/gallery,venue-details.csv,DETAIL-5965,200,reachable,https://www.bunka-h.gr.jp/facilities/gallery,text/html; charset=UTF-8,2026-08-09T02:15:27.140Z,
https://www.bunka-h.gr.jp/facilities/hall,venue-details.csv,DETAIL-5953,200,reachable,https://www.bunka-h.gr.jp/facilities/hall,text/html; charset=UTF-8,2026-08-09T02:15:27.140Z,
https://www.bunka-h.gr.jp/facilities/meeting-room,venue-details.csv,DETAIL-5955;DETAIL-5956;DETAIL-5957,200,reachable,https://www.bunka-h.gr.jp/facilities/meeting-room,text/html; charset=UTF-8,2026-08-09T02:15:27.140Z,
https://www.bunka-h.gr.jp/facilities/multipurpose-room,venue-details.csv,DETAIL-5971,200,reachable,https://www.bunka-h.gr.jp/facilities/multipurpose-room,text/html; charset=UTF-8,2026-08-09T02:15:27.140Z,
https://www.bunka-h.gr.jp/facilities/practice-room,venue-details.csv,DETAIL-5967;DETAIL-5968;DETAIL-5969;DETAIL-5970,200,reachable,https://www.bunka-h.gr.jp/facilities/practice-room,text/html; charset=UTF-8,2026-08-09T02:15:27.140Z,
https://www.bunka-h.gr.jp/facilities/tea-room,venue-details.csv,DETAIL-5966,200,reachable,https://www.bunka-h.gr.jp/facilities/tea-room,text/html; charset=UTF-8,2026-08-09T02:15:27.140Z,
https://www.bunka-manabi.or.jp/kc-center/institution/categorise/,venue-details.csv,DETAIL-591,206,reachable,https://www.bunka-manabi.or.jp/kc-center/institution/categorise/,text/html,2026-08-09T02:15:27.140Z,
https://www.bunka-plazahall.com/riyou/facilities/,candidate-venues.csv;venue-details.csv,CAND-929;DETAIL-5034;DETAIL-5035;DETAIL-5036;DETAIL-5037;DETAIL-5038;DETAIL-5039;DETAIL-5040;DETAIL-5041;DETAIL-5042;DETAIL-5043;DETAIL-5044;DETAIL-5045,200,reachable,https://www.bunka-plazahall.com/riyou/facilities/,text/html; charset=UTF-8,2026-08-09T02:15:27.140Z,
https://www.bunka-toyama.jp/data/data.htm,venue-details.csv,DETAIL-6889,206,reachable,https://www.bunka-toyama.jp/data/data.htm,text/html,2026-08-09T02:15:27.140Z,
https://www.bunka-toyama.jp/kenminkaikan/download/images/floorguide_2f-hall.pdf,venue-details.csv,DETAIL-6880;DETAIL-6881;DETAIL-6882,206,reachable,https://www.bunka-toyama.jp/kenminkaikan/download/images/floorguide_2f-hall.pdf,application/pdf,2026-08-09T02:15:27.140Z,
https://www.bunka-toyama.jp/kenminkaikan/download/images/floorguide_b1f.pdf,venue-details.csv,DETAIL-6883,206,reachable,https://www.bunka-toyama.jp/kenminkaikan/download/images/floorguide_b1f.pdf,application/pdf,2026-08-09T02:15:27.140Z,
https://www.bunka-toyama.jp/kenminkaikan/facilityguide/index.html,candidate-venues.csv;venue-details.csv,CAND-1109;DETAIL-6884;DETAIL-6885;DETAIL-6886;DETAIL-6887;DETAIL-6888;DETAIL-6890;DETAIL-6891;DETAIL-6892;DETAIL-6893;DETAIL-6894;DETAIL-6895;DETAIL-6896,206,reachable,https://www.bunka-toyama.jp/kenminkaikan/facilityguide/index.html,text/html,2026-08-09T02:15:27.140Z,
https://www.bunka-toyama.jp/kyoubun/facilityguide/index.html,candidate-venues.csv;venue-details.csv,CAND-1113;DETAIL-6959;DETAIL-6960;DETAIL-6961;DETAIL-6962;DETAIL-6963;DETAIL-6964;DETAIL-6965,206,reachable,https://www.bunka-toyama.jp/kyoubun/facilityguide/index.html,text/html,2026-08-09T02:15:27.140Z,
https://www.bunka-toyama.jp/orbis/access/index.html,venue-operations.csv,OP-052:access_source_url,206,reachable,https://www.bunka-toyama.jp/orbis/access/index.html,text/html,2026-08-09T02:15:27.140Z,
https://www.bunka-toyama.jp/orbis/download/images/ryoukin_201910.pdf,price-observations.csv,PRICE-298;PRICE-299,206,reachable,https://www.bunka-toyama.jp/orbis/download/images/ryoukin_201910.pdf,application/pdf,2026-08-09T02:15:27.140Z,
https://www.bunka-toyama.jp/orbis/facilityguide/index.html,candidate-venues.csv;venue-details.csv;venue-operations.csv,CAND-070;DETAIL-112;OP-052:operations_source_url,206,reachable,https://www.bunka-toyama.jp/orbis/facilityguide/index.html,text/html,2026-08-09T02:15:27.140Z,
https://www.bunka-toyama.jp/orbis/use-reservation/index.html,venue-operations.csv,OP-052:booking_source_url,206,reachable,https://www.bunka-toyama.jp/orbis/use-reservation/index.html,text/html,2026-08-09T02:15:27.140Z,
https://www.bunka-toyama.jp/takabun/facilityguide/,candidate-venues.csv;venue-details.csv,CAND-853;DETAIL-4215;DETAIL-4216;DETAIL-4217;DETAIL-4218;DETAIL-4219;DETAIL-4220;DETAIL-4221;DETAIL-4222;DETAIL-4223;DETAIL-4224;DETAIL-4225;DETAIL-4226;DETAIL-4227;DETAIL-4228;DETAIL-4229;DETAIL-4230;DETAIL-4231,206,reachable,https://www.bunka-toyama.jp/takabun/facilityguide/,text/html,2026-08-09T02:15:27.140Z,
https://www.bunka758.or.jp/facility/seishonen/,candidate-venues.csv;venue-details.csv,CAND-1123;DETAIL-7136;DETAIL-7137;DETAIL-7138;DETAIL-7139;DETAIL-7140;DETAIL-7141;DETAIL-7142;DETAIL-7143;DETAIL-7144;DETAIL-7145;DETAIL-7146;DETAIL-7147;DETAIL-7148;DETAIL-7149;DETAIL-7150;DETAIL-7151;DETAIL-7152;DETAIL-7153,200,reachable,https://www.bunka758.or.jp/facility/seishonen/,text/html; charset=none,2026-08-09T02:15:27.140Z,
https://www.bunkakaikan.com/facilityguide/b_hall.html,venue-details.csv,DETAIL-6763;DETAIL-6766;DETAIL-6767;DETAIL-6768;DETAIL-6769;DETAIL-6770;DETAIL-6771,206,reachable,https://www.bunkakaikan.com/facilityguide/b_hall.html,text/html,2026-08-09T02:15:27.140Z,
https://www.bunkakaikan.com/facilityguide/index.html,candidate-venues.csv,CAND-1099,206,reachable,https://www.bunkakaikan.com/facilityguide/index.html,text/html,2026-08-09T02:15:27.140Z,
https://www.bunkakaikan.com/facilityguide/s_hall.html,venue-details.csv,DETAIL-6764;DETAIL-6772;DETAIL-6773;DETAIL-6774,206,reachable,https://www.bunkakaikan.com/facilityguide/s_hall.html,text/html,2026-08-09T02:15:27.140Z,
https://www.bunkakaikan.com/userguide/files/riyouannnai_2026_min.pdf,venue-details.csv,DETAIL-6765;DETAIL-6775;DETAIL-6776;DETAIL-6777;DETAIL-6778;DETAIL-6779;DETAIL-6780;DETAIL-6781;DETAIL-6782;DETAIL-6783;DETAIL-6784;DETAIL-6785,206,reachable,https://www.bunkakaikan.com/userguide/files/riyouannnai_2026_min.pdf,application/pdf,2026-08-09T02:15:27.140Z,
https://www.bunkaplaza.or.jp/facility/,candidate-venues.csv,CAND-015,200,reachable,https://www.bunkaplaza.or.jp/facility/,text/html; charset=UTF-8,2026-08-09T02:15:27.140Z,
https://www.bunkaplaza.or.jp/facility/halls/,venue-details.csv;venue-operations.csv,DETAIL-087;DETAIL-088;OP-045:booking_source_url;OP-045:operations_source_url,200,reachable,https://www.bunkaplaza.or.jp/facility/halls/,text/html; charset=UTF-8,2026-08-09T02:15:27.140Z,
https://www.bunkaplaza.or.jp/facility/halls/charge/,price-observations.csv,PRICE-231;PRICE-232;PRICE-233;PRICE-234,200,reachable,https://www.bunkaplaza.or.jp/facility/halls/charge/,text/html; charset=UTF-8,2026-08-09T02:15:27.140Z,
https://www.bunkaplaza.or.jp/information/access/,venue-operations.csv,OP-045:access_source_url,200,reachable,https://www.bunkaplaza.or.jp/information/access/,text/html; charset=UTF-8,2026-08-09T02:15:27.140Z,
https://www.cc-yamagata.jp/pricing,candidate-venues.csv;venue-details.csv,CAND-1000;DETAIL-5584;DETAIL-5585;DETAIL-5586;DETAIL-5587;DETAIL-5588,200,reachable,https://www.cc-yamagata.jp/pricing,text/html; charset=UTF-8,2026-08-09T02:15:27.140Z,
https://www.center-mie.or.jp/main/2026chu_tech.pdf,venue-details.csv,DETAIL-1456,206,reachable,https://www.center-mie.or.jp/main/2026chu_tech.pdf,application/pdf,2026-08-09T02:15:27.140Z,
https://www.center-mie.or.jp/main/files/sc/2026dai_tech.pdf,venue-details.csv,DETAIL-510,206,reachable,https://www.center-mie.or.jp/main/files/sc/2026dai_tech.pdf,application/pdf,2026-08-09T02:15:27.140Z,
https://www.center-mie.or.jp/rental/data/hall.html,candidate-venues.csv,CAND-237,200,reachable,https://www.center-mie.or.jp/rental/data/hall.html,text/html; charset=UTF-8,2026-08-09T02:15:27.140Z,
https://www.center-mie.or.jp/rental/institution/detail/hall03.html,venue-details.csv,DETAIL-1457,200,reachable,https://www.center-mie.or.jp/rental/institution/detail/hall03.html,text/html; charset=UTF-8,2026-08-09T02:15:27.140Z,
https://www.center-mie.or.jp/rental/institution/detail/hall04.html,venue-details.csv,DETAIL-1458,200,reachable,https://www.center-mie.or.jp/rental/institution/detail/hall04.html,text/html; charset=UTF-8,2026-08-09T02:15:27.140Z,
https://www.center-mie.or.jp/rental/institution/detail/shisetsu01.html,venue-details.csv,DETAIL-1459,200,reachable,https://www.center-mie.or.jp/rental/institution/detail/shisetsu01.html,text/html; charset=UTF-8,2026-08-09T02:15:27.140Z,
https://www.center-mie.or.jp/rental/institution/detail/shisetsu02.html,venue-details.csv,DETAIL-1460,200,reachable,https://www.center-mie.or.jp/rental/institution/detail/shisetsu02.html,text/html; charset=UTF-8,2026-08-09T02:15:27.140Z,
https://www.center-mie.or.jp/rental/institution/detail/shisetsu03.html,venue-details.csv,DETAIL-1461,200,reachable,https://www.center-mie.or.jp/rental/institution/detail/shisetsu03.html,text/html; charset=UTF-8,2026-08-09T02:15:27.140Z,
https://www.center-mie.or.jp/rental/institution/detail/shisetsu04.html,venue-details.csv,DETAIL-1462,200,reachable,https://www.center-mie.or.jp/rental/institution/detail/shisetsu04.html,text/html; charset=UTF-8,2026-08-09T02:15:27.140Z,
https://www.center-mie.or.jp/rental/institution/detail/shisetsu05.html,venue-details.csv,DETAIL-1463,200,reachable,https://www.center-mie.or.jp/rental/institution/detail/shisetsu05.html,text/html; charset=UTF-8,2026-08-09T02:15:27.140Z,
https://www.center-mie.or.jp/rental/institution/detail/shisetsu06.html,venue-details.csv,DETAIL-1464,200,reachable,https://www.center-mie.or.jp/rental/institution/detail/shisetsu06.html,text/html; charset=UTF-8,2026-08-09T02:15:27.140Z,
https://www.center-mie.or.jp/rental/institution/detail/shisetsu07.html,venue-details.csv,DETAIL-1465,200,reachable,https://www.center-mie.or.jp/rental/institution/detail/shisetsu07.html,text/html; charset=UTF-8,2026-08-09T02:15:27.140Z,
https://www.center-mie.or.jp/rental/institution/detail/shisetsu08.html,venue-details.csv,DETAIL-1466,200,reachable,https://www.center-mie.or.jp/rental/institution/detail/shisetsu08.html,text/html; charset=UTF-8,2026-08-09T02:15:27.140Z,
https://www.center-mie.or.jp/rental/institution/detail/shisetsu09.html,venue-details.csv,DETAIL-1467,200,reachable,https://www.center-mie.or.jp/rental/institution/detail/shisetsu09.html,text/html; charset=UTF-8,2026-08-09T02:15:27.140Z,
https://www.center-mie.or.jp/rental/institution/detail/shisetsu10.html,venue-details.csv,DETAIL-1468,200,reachable,https://www.center-mie.or.jp/rental/institution/detail/shisetsu10.html,text/html; charset=UTF-8,2026-08-09T02:15:27.140Z,
https://www.center-mie.or.jp/rental/institution/detail/shisetsu11.html,venue-details.csv,DETAIL-1469,,timeout,,,2026-08-09T02:15:27.140Z,This operation was aborted
https://www.center-mie.or.jp/rental/institution/detail/shisetsu12.html,venue-details.csv,DETAIL-1470,200,reachable,https://www.center-mie.or.jp/rental/institution/detail/shisetsu12.html,text/html; charset=UTF-8,2026-08-09T02:15:27.140Z,
https://www.center-mie.or.jp/rental/institution/detail/shisetsu13.html,venue-details.csv,DETAIL-1471,,network_error,,,2026-08-09T02:15:27.140Z,fetch failed
https://www.center-mie.or.jp/rental/institution/detail/shisetsu14.html,venue-details.csv,DETAIL-1473,,network_error,,,2026-08-09T02:15:27.140Z,fetch failed
https://www.center-mie.or.jp/rental/institution/detail/shisetsu15.html,venue-details.csv,DETAIL-1474,,network_error,,,2026-08-09T02:15:27.140Z,fetch failed
https://www.center-mie.or.jp/rental/institution/detail/shisetsu16.html,venue-details.csv,DETAIL-1475,200,reachable,https://www.center-mie.or.jp/rental/institution/detail/shisetsu16.html,text/html; charset=UTF-8,2026-08-09T02:15:27.140Z,
https://www.center-mie.or.jp/rental/institution/detail/shisetsu17.html,venue-details.csv,DETAIL-1476,200,reachable,https://www.center-mie.or.jp/rental/institution/detail/shisetsu17.html,text/html; charset=UTF-8,2026-08-09T02:15:27.140Z,
https://www.center-mie.or.jp/rental/institution/detail/shisetsu18.html,venue-details.csv,DETAIL-1479,200,reachable,https://www.center-mie.or.jp/rental/institution/detail/shisetsu18.html,text/html; charset=UTF-8,2026-08-09T02:15:27.140Z,
https://www.center-mie.or.jp/rental/institution/detail/shisetsu19.html,venue-details.csv,DETAIL-1478,200,reachable,https://www.center-mie.or.jp/rental/institution/detail/shisetsu19.html,text/html; charset=UTF-8,2026-08-09T02:15:27.140Z,
https://www.center-mie.or.jp/rental/institution/detail/shisetsu20.html,venue-details.csv,DETAIL-1480,200,reachable,https://www.center-mie.or.jp/rental/institution/detail/shisetsu20.html,text/html; charset=UTF-8,2026-08-09T02:15:27.140Z,
https://www.center-mie.or.jp/rental/institution/detail/shisetsu21.html,venue-details.csv,DETAIL-1477,200,reachable,https://www.center-mie.or.jp/rental/institution/detail/shisetsu21.html,text/html; charset=UTF-8,2026-08-09T02:15:27.140Z,
https://www.center-mie.or.jp/rental/institution/detail/shisetsu22.html,venue-details.csv,DETAIL-1481,200,reachable,https://www.center-mie.or.jp/rental/institution/detail/shisetsu22.html,text/html; charset=UTF-8,2026-08-09T02:15:27.140Z,
https://www.center-mie.or.jp/rental/institution/detail/shisetsu23.html,venue-details.csv,DETAIL-1482,,timeout,,,2026-08-09T02:15:27.140Z,This operation was aborted
https://www.center-mie.or.jp/rental/institution/detail/shisetsu24.html,venue-details.csv,DETAIL-1483,,timeout,,,2026-08-09T02:15:27.140Z,This operation was aborted
https://www.center-mie.or.jp/rental/institution/detail/sisetu23.html,venue-details.csv,DETAIL-1472,,network_error,,,2026-08-09T02:15:27.140Z,fetch failed
https://www.center-mie.or.jp/rental/rates/shisetsu/hall.html,budget-scenarios.csv;price-observations.csv,PRICE-2809;PRICE-2810;PRICE-2811;PRICE-2812;PRICE-2813;PRICE-2814;PRICE-2815;PRICE-2816;PRICE-2817;PRICE-2818;PRICE-2819;PRICE-2820;SCENARIO-014;SCENARIO-015;SCENARIO-016;SCENARIO-017,,network_error,,,2026-08-09T02:15:27.140Z,fetch failed
https://www.cf-izumisano.or.jp/izuminomori/a_d/sub/mainhall.html,candidate-venues.csv;venue-details.csv,CAND-913;DETAIL-4859;DETAIL-4860;DETAIL-4861;DETAIL-4862;DETAIL-4863;DETAIL-4864;DETAIL-4865;DETAIL-4866;DETAIL-4867;DETAIL-4868;DETAIL-4869,206,reachable,https://www.cf-izumisano.or.jp/izuminomori/a_d/sub/mainhall.html,text/html,2026-08-09T02:15:27.140Z,
https://www.chatan.jp/kosodate/plaza/kanaihole_gallery/riyou_annai/riyouannai.html,candidate-venues.csv;venue-details.csv,CAND-1168;DETAIL-7610;DETAIL-7611;DETAIL-7612;DETAIL-7613,200,reachable,https://www.chatan.jp/kosodate/plaza/kanaihole_gallery/riyou_annai/riyouannai.html,text/html,2026-08-09T02:15:27.140Z,
https://www.chigasaki-hall.jp/,candidate-venues.csv,CAND-927,200,reachable,https://www.chigasaki-hall.jp/,text/html; charset=UTF-8,2026-08-09T02:15:27.140Z,
https://www.chigasaki-hall.jp/facility_data/conference_room.html,venue-details.csv,DETAIL-5016;DETAIL-5017;DETAIL-5018;DETAIL-5019;DETAIL-5020;DETAIL-5021,200,reachable,https://www.chigasaki-hall.jp/facility_data/conference_room.html,text/html; charset=UTF-8,2026-08-09T02:15:27.140Z,
https://www.chigasaki-hall.jp/facility_data/largehall.html,venue-details.csv,DETAIL-5000;DETAIL-5001;DETAIL-5002;DETAIL-5003;DETAIL-5004;DETAIL-5005;DETAIL-5006,200,reachable,https://www.chigasaki-hall.jp/facility_data/largehall.html,text/html; charset=UTF-8,2026-08-09T02:15:27.140Z,
https://www.chigasaki-hall.jp/facility_data/minihall.html,venue-details.csv,DETAIL-5012,200,reachable,https://www.chigasaki-hall.jp/facility_data/minihall.html,text/html; charset=UTF-8,2026-08-09T02:15:27.140Z,
https://www.chigasaki-hall.jp/facility_data/smallhall.html,venue-details.csv,DETAIL-5007;DETAIL-5008;DETAIL-5009;DETAIL-5010;DETAIL-5011,200,reachable,https://www.chigasaki-hall.jp/facility_data/smallhall.html,text/html; charset=UTF-8,2026-08-09T02:15:27.140Z,
https://www.chigasaki-hall.jp/facility_data/tenji.html,venue-details.csv,DETAIL-5013;DETAIL-5014;DETAIL-5015,200,reachable,https://www.chigasaki-hall.jp/facility_data/tenji.html,text/html; charset=UTF-8,2026-08-09T02:15:27.140Z,
https://www.city-matsuura.jp/material/files/group/110/matsuurashinokyouikur7.pdf,candidate-venues.csv;venue-details.csv,CAND-716;DETAIL-3149;DETAIL-3150;DETAIL-3151,206,reachable,https://www.city-matsuura.jp/material/files/group/110/matsuurashinokyouikur7.pdf,application/pdf,2026-08-09T02:15:27.140Z,
https://www.city-nakatsu.jp/doc/2022033100128/file_contents/5R2.pdf,candidate-venues.csv;venue-details.csv,CAND-335;DETAIL-730,206,reachable,https://www.city-nakatsu.jp/doc/2022033100128/file_contents/5R2.pdf,application/pdf,2026-08-09T02:15:27.140Z,
https://www.city-yanai.jp/soshiki/71/ryutobunkan.html,candidate-venues.csv;venue-details.csv,CAND-655;DETAIL-2727;DETAIL-2728;DETAIL-2729,206,reachable,https://www.city-yanai.jp/soshiki/71/ryutobunkan.html,text/html,2026-08-09T02:15:27.140Z,
https://www.city-yuzawa.jp/site/y-bunka/,candidate-venues.csv;venue-details.csv,CAND-428;DETAIL-1113;DETAIL-1114;DETAIL-1115;DETAIL-1116;DETAIL-1117;DETAIL-1118;DETAIL-1119;DETAIL-1120;DETAIL-1121;DETAIL-1122,206,reachable,https://www.city-yuzawa.jp/site/y-bunka/,text/html,2026-08-09T02:15:27.140Z,
https://www.city.abashiri.hokkaido.jp/soshiki/27/1241.html,venue-details.csv,DETAIL-4962;DETAIL-4963;DETAIL-4964;DETAIL-4965;DETAIL-4966;DETAIL-4967;DETAIL-4968;DETAIL-4969;DETAIL-4970,206,reachable,https://www.city.abashiri.hokkaido.jp/soshiki/27/1241.html,text/html,2026-08-09T02:15:27.140Z,
https://www.city.abashiri.hokkaido.jp/soshiki/27/1242.html,candidate-venues.csv,CAND-924,206,reachable,https://www.city.abashiri.hokkaido.jp/soshiki/27/1242.html,text/html,2026-08-09T02:15:27.140Z,
https://www.city.aizuwakamatsu.fukushima.jp/docs/2024073000055/file_contents/zentaiban.pdf,candidate-venues.csv;venue-details.csv,CAND-433;DETAIL-1140;DETAIL-1141;DETAIL-1142;DETAIL-1143,206,reachable,https://www.city.aizuwakamatsu.fukushima.jp/docs/2024073000055/file_contents/zentaiban.pdf,application/pdf,2026-08-09T02:15:27.140Z,
https://www.city.akaiwa.lg.jp/annai/kyouikuiinkai/sportsshinkou/kosodate-sports/sports/sports/fureai_park/index.html,candidate-venues.csv;venue-details.csv,CAND-728;DETAIL-3234;DETAIL-3235;DETAIL-3236;DETAIL-3237;DETAIL-3238;DETAIL-3239;DETAIL-3240;DETAIL-3241;DETAIL-3242;DETAIL-3243,206,reachable,https://www.city.akaiwa.lg.jp/annai/kyouikuiinkai/sportsshinkou/kosodate-sports/sports/sports/fureai_park/index.html,text/html,2026-08-09T02:15:27.140Z,
https://www.city.akaiwa.lg.jp/material/files/group/25/R7kyoikuyouran.pdf,venue-details.csv,DETAIL-3233,404,client_error,https://www.city.akaiwa.lg.jp/material/files/group/25/R7kyoikuyouran.pdf,text/html,2026-08-09T02:15:27.140Z,
https://www.city.akashi.lg.jp/shisetsu/yoyaku/kashihall.html,candidate-venues.csv;venue-details.csv,CAND-517;CAND-518;DETAIL-1866;DETAIL-1867;DETAIL-1868;DETAIL-1869;DETAIL-1870;DETAIL-1871;DETAIL-1872;DETAIL-1873;DETAIL-1874,206,reachable,https://www.city.akashi.lg.jp/shisetsu/yoyaku/kashihall.html,text/html,2026-08-09T02:15:27.140Z,
https://www.city.aki.kochi.jp/life/dtl.php?hdnKey=20,candidate-venues.csv;venue-details.csv,CAND-331;DETAIL-716;DETAIL-717,200,reachable,https://www.city.aki.kochi.jp/life/dtl.php?hdnKey=20,text/html; charset=UTF-8,2026-08-09T02:15:27.140Z,
https://www.city.akita.lg.jp/_res/projects/default_project/_page_/001/002/453/ryokin.pdf,price-observations.csv,PRICE-544;PRICE-545;PRICE-546;PRICE-547;PRICE-548,206,reachable,https://www.city.akita.lg.jp/_res/projects/default_project/_page_/001/002/453/ryokin.pdf,application/pdf,2026-08-09T02:15:27.140Z,
https://www.city.akita.lg.jp/shisetsu/sports-koen/1009703/1006397.html,candidate-venues.csv;venue-details.csv;venue-operations.csv,CAND-168;DETAIL-254;DETAIL-255;OP-163:access_source_url;OP-163:booking_source_url;OP-163:operations_source_url,206,reachable,https://www.city.akita.lg.jp/shisetsu/sports-koen/1009703/1006397.html,text/html; charset=utf-8,2026-08-09T02:15:27.140Z,
https://www.city.ako.lg.jp/shisetsu/main.html,candidate-venues.csv;venue-details.csv,CAND-700;DETAIL-3045;DETAIL-3046;DETAIL-3047;DETAIL-3048;DETAIL-3049;DETAIL-3050;DETAIL-3051,206,reachable,https://www.city.ako.lg.jp/shisetsu/main.html,text/html,2026-08-09T02:15:27.140Z,
https://www.city.akune.lg.jp/kurashi_tetsuzuki/shinoshisetsu_koen/1646.html,candidate-venues.csv;venue-details.csv,CAND-767;DETAIL-3502;DETAIL-3503;DETAIL-3504;DETAIL-3505;DETAIL-3506;DETAIL-3507;DETAIL-3508;DETAIL-3509;DETAIL-3510;DETAIL-3511;DETAIL-3512;DETAIL-3513;DETAIL-3514,200,reachable,https://www.city.akune.lg.jp/kurashi_tetsuzuki/shinoshisetsu_koen/1646.html,text/html,2026-08-09T02:15:27.140Z,
https://www.city.amakusa.kumamoto.jp/kiji00314169/3_14169_76202_up_jogbq4i8.pdf,venue-details.csv,DETAIL-915,206,reachable,https://www.city.amakusa.kumamoto.jp/kiji00314169/3_14169_76202_up_jogbq4i8.pdf,application/pdf,2026-08-09T02:15:27.140Z,
https://www.city.amakusa.kumamoto.jp/kiji0035718/index.html,candidate-venues.csv;venue-details.csv,CAND-387;DETAIL-916,206,reachable,https://www.city.amakusa.kumamoto.jp/kiji0035718/index.html,text/html,2026-08-09T02:15:27.140Z,
https://www.city.amakusa.kumamoto.jp/kiji0039798/3_9798_51624_up_0cxmhq0w.pdf,venue-details.csv,DETAIL-917;DETAIL-918;DETAIL-919,404,client_error,https://www.city.amakusa.kumamoto.jp/dynamic/_error/error404.aspx,text/html; charset=utf-8,2026-08-09T02:15:27.140Z,redirected
https://www.city.amami.lg.jp/kyoiku/shogai/bunka-center.html,candidate-venues.csv;venue-details.csv,CAND-590;DETAIL-2334;DETAIL-2335;DETAIL-2336;DETAIL-2337;DETAIL-2338;DETAIL-2339;DETAIL-2340;DETAIL-2341;DETAIL-2342;DETAIL-2343;DETAIL-2344;DETAIL-2345;DETAIL-2346,206,reachable,https://www.city.amami.lg.jp/kyoiku/shogai/bunka-center.html,text/html,2026-08-09T02:15:27.140Z,
https://www.city.anan.tokushima.jp/docs/2012092400048/,candidate-venues.csv,CAND-262,206,reachable,https://www.city.anan.tokushima.jp/docs/2012092400048/,text/html,2026-08-09T02:15:27.140Z,
https://www.city.anan.tokushima.jp/docs/2017060500027/,candidate-venues.csv,CAND-263,206,reachable,https://www.city.anan.tokushima.jp/docs/2017060500027/,text/html,2026-08-09T02:15:27.140Z,
https://www.city.anan.tokushima.jp/event/2026/05/,venue-details.csv,DETAIL-550,206,reachable,https://www.city.anan.tokushima.jp/event/2026/05/,text/html,2026-08-09T02:15:27.140Z,
https://www.city.anjo.aichi.jp/shisei/shisetsu/kyoikushisetsu/kouminkan/bunkacenter/bunkacenter-riyouannai.html,candidate-venues.csv;venue-details.csv,CAND-690;DETAIL-2966;DETAIL-2967;DETAIL-2968;DETAIL-2969;DETAIL-2970;DETAIL-2971;DETAIL-2972;DETAIL-2973;DETAIL-2974;DETAIL-2975;DETAIL-2976;DETAIL-2977;DETAIL-2978,206,reachable,https://www.city.anjo.aichi.jp/shisei/shisetsu/kyoikushisetsu/kouminkan/bunkacenter/bunkacenter-riyouannai.html,text/html,2026-08-09T02:15:27.140Z,
https://www.city.annaka.lg.jp/site/bunka/2379.html,candidate-venues.csv;venue-details.csv,CAND-613;DETAIL-2514;DETAIL-2515;DETAIL-2516;DETAIL-2517;DETAIL-2518;DETAIL-2519,206,reachable,https://www.city.annaka.lg.jp/site/bunka/2379.html,text/html,2026-08-09T02:15:27.140Z,
https://www.city.aomori.aomori.jp/shisetsu/1005639/1005640.html,candidate-venues.csv;venue-details.csv,CAND-1091;DETAIL-6599;DETAIL-6600;DETAIL-6601;DETAIL-6602;DETAIL-6603;DETAIL-6604;DETAIL-6605;DETAIL-6606;DETAIL-6607;DETAIL-6608;DETAIL-6609;DETAIL-6610;DETAIL-6611;DETAIL-6612;DETAIL-6613;DETAIL-6614;DETAIL-6615,206,reachable,https://www.city.aomori.aomori.jp/shisetsu/1005639/1005640.html,text/html,2026-08-09T02:15:27.140Z,
https://www.city.aomori.aomori.jp/shisetsu/1005639/1005642.html,candidate-venues.csv;venue-details.csv,CAND-1089;DETAIL-6570;DETAIL-6571;DETAIL-6572;DETAIL-6573;DETAIL-6574;DETAIL-6575;DETAIL-6576;DETAIL-6577;DETAIL-6578;DETAIL-6579;DETAIL-6580;DETAIL-6581;DETAIL-6582;DETAIL-6583;DETAIL-6584;DETAIL-6585;DETAIL-6586;DETAIL-6587;DETAIL-6588,206,reachable,https://www.city.aomori.aomori.jp/shisetsu/1005639/1005642.html,text/html,2026-08-09T02:15:27.140Z,
https://www.city.arao.lg.jp/oshirase/kurashi/shisetsu/bunka-center/,candidate-venues.csv,CAND-386,206,reachable,https://www.city.arao.lg.jp/oshirase/kurashi/shisetsu/bunka-center/,text/html; charset=UTF-8,2026-08-09T02:15:27.140Z,
https://www.city.arao.lg.jp/pdf/dlPq%3D43771_filelib_ed959e7c2dd5faf2bab03cbd9726132d.pdf,venue-details.csv,DETAIL-903;DETAIL-904;DETAIL-905;DETAIL-906;DETAIL-907;DETAIL-908;DETAIL-909;DETAIL-910;DETAIL-911;DETAIL-912;DETAIL-913;DETAIL-914,206,reachable,https://www.city.arao.lg.jp/pdf/dlPq%3D43771_filelib_ed959e7c2dd5faf2bab03cbd9726132d.pdf,application/pdf,2026-08-09T02:15:27.140Z,
https://www.city.arida.lg.jp/kurashi/sportsbunka/bunka/1000905/1001963.html,candidate-venues.csv;venue-details.csv,CAND-406;DETAIL-1007;DETAIL-1008;DETAIL-1009;DETAIL-1010;DETAIL-1011,206,reachable,https://www.city.arida.lg.jp/kurashi/sportsbunka/bunka/1000905/1001963.html,text/html,2026-08-09T02:15:27.140Z,
https://www.city.asahi.lg.jp/soshiki/29/1668.html,candidate-venues.csv;venue-details.csv,CAND-622;DETAIL-2579;DETAIL-2580,206,reachable,https://www.city.asahi.lg.jp/soshiki/29/1668.html,text/html,2026-08-09T02:15:27.140Z,
https://www.city.asahikawa.hokkaido.jp/kurashi/329/338/347/d053991.html,candidate-venues.csv,CAND-188,206,reachable,https://www.city.asahikawa.hokkaido.jp/kurashi/329/338/347/d053991.html,text/html,2026-08-09T02:15:27.140Z,
https://www.city.asahikawa.hokkaido.jp/kurashi/401/ka011/d081536_d/fil/hsparina_kihon.pdf,venue-details.csv,DETAIL-276,206,reachable,https://www.city.asahikawa.hokkaido.jp/kurashi/401/ka011/d081536_d/fil/hsparina_kihon.pdf,application/pdf,2026-08-09T02:15:27.140Z,
https://www.city.asaka.lg.jp/soshiki/12/ennkairiyou.html,venue-details.csv,DETAIL-1251,206,reachable,https://www.city.asaka.lg.jp/soshiki/12/ennkairiyou.html,text/html,2026-08-09T02:15:27.140Z,
https://www.city.asaka.lg.jp/soshiki/12/yumepala200110.html,candidate-venues.csv;venue-details.csv,CAND-448;DETAIL-1248;DETAIL-1249;DETAIL-1250,206,reachable,https://www.city.asaka.lg.jp/soshiki/12/yumepala200110.html,text/html,2026-08-09T02:15:27.140Z,
https://www.city.ashikaga.tochigi.jp/facility/000101/000511/index.html,candidate-venues.csv;venue-operations.csv,CAND-192;OP-204:access_source_url,206,reachable,https://www.city.ashikaga.tochigi.jp/facility/000101/000511/index.html,text/html,2026-08-09T02:15:27.140Z,
https://www.city.ashikaga.tochigi.jp/goverment/000080/000447/p003704.html,venue-operations.csv,OP-204:booking_source_url;OP-204:operations_source_url,206,reachable,https://www.city.ashikaga.tochigi.jp/goverment/000080/000447/p003704.html,text/html,2026-08-09T02:15:27.140Z,
https://www.city.ashikaga.tochigi.jp/manage/contents/upload/667cce0f5b796.pdf,price-observations.csv,PRICE-1183;PRICE-1184;PRICE-1185;PRICE-1186;PRICE-1187;PRICE-1188;PRICE-1189;PRICE-1190;PRICE-1191;PRICE-1192;PRICE-1193;PRICE-1194;PRICE-1195,206,reachable,https://www.city.ashikaga.tochigi.jp/manage/contents/upload/667cce0f5b796.pdf,application/pdf,2026-08-09T02:15:27.140Z,
https://www.city.aso.kumamoto.jp/files/uploads/2014/07/asotaikukan_gaiyou.pdf,venue-details.csv,DETAIL-3472;DETAIL-3473;DETAIL-3474,206,reachable,https://www.city.aso.kumamoto.jp/files/uploads/2014/07/asotaikukan_gaiyou.pdf,application/pdf,2026-08-09T02:15:27.140Z,
https://www.city.aso.kumamoto.jp/municipal/business_policy/manager_system/gymnasium/,candidate-venues.csv,CAND-763,206,reachable,https://www.city.aso.kumamoto.jp/municipal/business_policy/manager_system/gymnasium/,text/html; charset=UTF-8,2026-08-09T02:15:27.140Z,
https://www.city.atsugi.kanagawa.jp/kanko_reja/kanko/1/4/14000.html,candidate-venues.csv;venue-details.csv,CAND-556;DETAIL-2072;DETAIL-2073;DETAIL-2074;DETAIL-2075;DETAIL-2076;DETAIL-2077;DETAIL-2078;DETAIL-2079;DETAIL-2080;DETAIL-2081;DETAIL-2082;DETAIL-2083;DETAIL-2084;DETAIL-2085;DETAIL-2086;DETAIL-2087;DETAIL-2088;DETAIL-2089;DETAIL-2090;DETAIL-2091;DETAIL-2092;DETAIL-2093,206,reachable,https://www.city.atsugi.kanagawa.jp/kanko_reja/kanko/1/4/14000.html,text/html,2026-08-09T02:15:27.140Z,
https://www.city.awa.lg.jp/docs/2025121100062/,candidate-venues.csv;venue-details.csv,CAND-660;DETAIL-2748;DETAIL-2749;DETAIL-2750;DETAIL-2751;DETAIL-2752,206,reachable,https://www.city.awa.lg.jp/docs/2025121100062/,text/html,2026-08-09T02:15:27.140Z,
https://www.city.awara.lg.jp/mokuteki/education/kouminkan-n/komin-chuo/annai/p002441.html,candidate-venues.csv;venue-details.csv,CAND-505;DETAIL-1726;DETAIL-1727;DETAIL-1728;DETAIL-1729;DETAIL-1730;DETAIL-1731;DETAIL-1732;DETAIL-1733;DETAIL-1734,206,reachable,https://www.city.awara.lg.jp/mokuteki/education/kouminkan-n/komin-chuo/annai/p002441.html,text/html,2026-08-09T02:15:27.140Z,
https://www.city.ayabe.lg.jp/0000000832.html,candidate-venues.csv;venue-details.csv,CAND-869;DETAIL-4341;DETAIL-4342;DETAIL-4343;DETAIL-4344,206,reachable,https://www.city.ayabe.lg.jp/0000000832.html,text/html,2026-08-09T02:15:27.140Z,
https://www.city.azumino.nagano.jp/site/kibo/100277.html,venue-details.csv,DETAIL-5061;DETAIL-5062;DETAIL-5063;DETAIL-5064;DETAIL-5065;DETAIL-5066,200,reachable,https://www.city.azumino.nagano.jp/site/kibo/100277.html,text/html,2026-08-09T02:15:27.140Z,
https://www.city.azumino.nagano.jp/site/kibo/index.html,candidate-venues.csv,CAND-931,200,reachable,https://www.city.azumino.nagano.jp/site/kibo/index.html,text/html,2026-08-09T02:15:27.140Z,
https://www.city.azumino.nagano.jp/site/kohoshi/2781.html,venue-details.csv,DETAIL-5060,200,reachable,https://www.city.azumino.nagano.jp/site/kohoshi/2781.html,text/html,2026-08-09T02:15:27.140Z,
https://www.city.bando.lg.jp/page/page000648.html,candidate-venues.csv;venue-details.csv,CAND-608;DETAIL-2478;DETAIL-2479;DETAIL-2480;DETAIL-2481;DETAIL-2482;DETAIL-2483;DETAIL-2484;DETAIL-2485;DETAIL-2486,206,reachable,https://www.city.bando.lg.jp/page/page000648.html,text/html,2026-08-09T02:15:27.140Z,
https://www.city.bizen.okayama.jp/site/kouminkan/561.html,venue-details.csv,DETAIL-4895,206,reachable,https://www.city.bizen.okayama.jp/site/kouminkan/561.html,text/html,2026-08-09T02:15:27.140Z,
https://www.city.bizen.okayama.jp/site/kouminkan/9233.html,candidate-venues.csv;venue-details.csv,CAND-918;DETAIL-4896;DETAIL-4897;DETAIL-4898;DETAIL-4899;DETAIL-4900;DETAIL-4901;DETAIL-4902;DETAIL-4903;DETAIL-4904,206,reachable,https://www.city.bizen.okayama.jp/site/kouminkan/9233.html,text/html,2026-08-09T02:15:27.140Z,
https://www.city.bungotakada.oita.jp/uploaded/attachment/4016.pdf,candidate-venues.csv;venue-details.csv,CAND-486;DETAIL-1572;DETAIL-1573;DETAIL-1574;DETAIL-1575;DETAIL-1576;DETAIL-1577;DETAIL-1578;DETAIL-1579;DETAIL-1580,206,reachable,https://www.city.bungotakada.oita.jp/uploaded/attachment/4016.pdf,application/pdf,2026-08-09T02:15:27.140Z,
https://www.city.bunkyo.lg.jp/b014/p006728/index.html,candidate-venues.csv;venue-details.csv,CAND-1104;DETAIL-6814;DETAIL-6815,206,reachable,https://www.city.bunkyo.lg.jp/b014/p006728/index.html,text/html,2026-08-09T02:15:27.140Z,
https://www.city.bunkyo.lg.jp/b014/p006731.html,venue-details.csv,DETAIL-6816;DETAIL-6817;DETAIL-6818;DETAIL-6819;DETAIL-6820;DETAIL-6821,206,reachable,https://www.city.bunkyo.lg.jp/b014/p006731.html,text/html,2026-08-09T02:15:27.140Z,
https://www.city.chiba.jp/shimin/seikatsubunka/sports/shisetsu/chibaportarena.html,candidate-venues.csv;venue-operations.csv,CAND-195;OP-106:access_source_url;OP-219:access_source_url,206,reachable,https://www.city.chiba.jp/shimin/seikatsubunka/sports/shisetsu/chibaportarena.html,text/html,2026-08-09T02:15:27.140Z,
https://www.city.chiba.jp/shimin/seikatsubunka/sports/shisetsu/documents/02_kijyun_portarena.pdf,venue-details.csv,DETAIL-283,404,client_error,https://www.city.chiba.jp/shimin/seikatsubunka/sports/shisetsu/documents/02_kijyun_portarena.pdf,text/html,2026-08-09T02:15:27.140Z,
https://www.city.chikuma.lg.jp/kanko_bunka_sports/sports/2544.html,venue-operations.csv,OP-114:booking_source_url,206,reachable,https://www.city.chikuma.lg.jp/kanko_bunka_sports/sports/2544.html,text/html,2026-08-09T02:15:27.140Z,
https://www.city.chikuma.lg.jp/material/files/group/18/tikumadaiku_ura.pdf,venue-operations.csv,OP-114:access_source_url,404,client_error,https://www.city.chikuma.lg.jp/material/files/group/18/tikumadaiku_ura.pdf,text/html,2026-08-09T02:15:27.140Z,
https://www.city.chikuma.lg.jp/material/files/group/30/pabukomekaitou2.pdf,venue-details.csv,DETAIL-291,206,reachable,https://www.city.chikuma.lg.jp/material/files/group/30/pabukomekaitou2.pdf,application/pdf,2026-08-09T02:15:27.140Z,
https://www.city.chikuma.lg.jp/section/reiki_int/reiki_honbun/r021RG00000206.html,price-observations.csv,PRICE-411;PRICE-412,404,client_error,https://www.city.chikuma.lg.jp/section/reiki_int/reiki_honbun/r021RG00000206.html,text/html,2026-08-09T02:15:27.140Z,
https://www.city.chikuma.lg.jp/soshiki/johoseisaku/denshigyosei_dxsuishin/1404.html,venue-operations.csv,OP-114:operations_source_url,206,reachable,https://www.city.chikuma.lg.jp/soshiki/johoseisaku/denshigyosei_dxsuishin/1404.html,text/html,2026-08-09T02:15:27.140Z,
https://www.city.chikuma.lg.jp/soshiki/sportsshinko/sports/789.html,candidate-venues.csv,CAND-203,206,reachable,https://www.city.chikuma.lg.jp/soshiki/sportsshinko/sports/789.html,text/html,2026-08-09T02:15:27.140Z,
https://www.city.chikusei.lg.jp/gyousei/soshiki-shisetsu/facilities/page000635.html,candidate-venues.csv;venue-details.csv,CAND-1013;DETAIL-5702;DETAIL-5703;DETAIL-5704;DETAIL-5705;DETAIL-5706;DETAIL-5707;DETAIL-5708;DETAIL-5709;DETAIL-5710;DETAIL-5711,206,reachable,https://www.city.chikusei.lg.jp/gyousei/soshiki-shisetsu/facilities/page000635.html,text/html,2026-08-09T02:15:27.140Z,
https://www.city.chino.lg.jp/soshiki/shogaigakushu/870.html,candidate-venues.csv;venue-details.csv,CAND-399;DETAIL-966;DETAIL-967;DETAIL-968;DETAIL-969;DETAIL-970;DETAIL-971,206,reachable,https://www.city.chino.lg.jp/soshiki/shogaigakushu/870.html,text/html,2026-08-09T02:15:27.140Z,
https://www.city.chitose.lg.jp/c40/1002692/1002698/1005469.html,candidate-venues.csv;venue-details.csv,CAND-733;DETAIL-3271;DETAIL-3272;DETAIL-3273,206,reachable,https://www.city.chitose.lg.jp/c40/1002692/1002698/1005469.html,text/html,2026-08-09T02:15:27.140Z,
https://www.city.chuo.yamanashi.jp/soshiki/shougai_kyouiku/kyosisetu/6832.html,candidate-venues.csv;venue-details.csv,CAND-633;DETAIL-2631;DETAIL-2632;DETAIL-2633;DETAIL-2634;DETAIL-2635;DETAIL-2636,206,reachable,https://www.city.chuo.yamanashi.jp/soshiki/shougai_kyouiku/kyosisetu/6832.html,text/html,2026-08-09T02:15:27.140Z,
https://www.city.chuo.yamanashi.jp/submenu/sisetu/tosyokan/700.html,candidate-venues.csv;venue-details.csv,CAND-634;DETAIL-2637;DETAIL-2638;DETAIL-2639,206,reachable,https://www.city.chuo.yamanashi.jp/submenu/sisetu/tosyokan/700.html,text/html,2026-08-09T02:15:27.140Z,
https://www.city.daisen.lg.jp/archive/p20250131160159,candidate-venues.csv;venue-details.csv,CAND-278;DETAIL-579;DETAIL-580;DETAIL-581,200,reachable,https://www.city.daisen.lg.jp/archive/p20250131160159,text/html; charset=UTF-8,2026-08-09T02:15:27.140Z,
https://www.city.ebetsu.hokkaido.jp/uploaded/attachment/56846.pdf,venue-details.csv,DETAIL-4971;DETAIL-4972;DETAIL-4973;DETAIL-4974;DETAIL-4975;DETAIL-4976;DETAIL-4977;DETAIL-4978;DETAIL-4979;DETAIL-4980;DETAIL-4981;DETAIL-4982;DETAIL-4983;DETAIL-4984;DETAIL-4985;DETAIL-4986;DETAIL-4987;DETAIL-4988;DETAIL-4989;DETAIL-4990;DETAIL-4991,206,reachable,https://www.city.ebetsu.hokkaido.jp/uploaded/attachment/56846.pdf,application/pdf,2026-08-09T02:15:27.140Z,
https://www.city.ebino.lg.jp/material/files/group/3/ebino_yoyakusystem_siyousyo_.pdf,candidate-venues.csv;venue-details.csv,CAND-490;DETAIL-1601;DETAIL-1602;DETAIL-1603;DETAIL-1604;DETAIL-1605;DETAIL-1606;DETAIL-1607;DETAIL-1608;DETAIL-1609;DETAIL-1610;DETAIL-1611,404,client_error,https://www.city.ebino.lg.jp/material/files/group/3/ebino_yoyakusystem_siyousyo_.pdf,text/html,2026-08-09T02:15:27.140Z,
https://www.city.ena.lg.jp/bunka/shisetsuannai/enabunkacenter/4006.html,venue-details.csv,DETAIL-5124;DETAIL-5125;DETAIL-5126;DETAIL-5127;DETAIL-5128;DETAIL-5129;DETAIL-5130,206,reachable,https://www.city.ena.lg.jp/bunka/shisetsuannai/enabunkacenter/4006.html,text/html,2026-08-09T02:15:27.140Z,
https://www.city.ena.lg.jp/soshikiichiran/kyoikuiinkai/enabunkacenter/1707.html,candidate-venues.csv;venue-details.csv,CAND-938;DETAIL-5123;DETAIL-5131;DETAIL-5132,206,reachable,https://www.city.ena.lg.jp/soshikiichiran/kyoikuiinkai/enabunkacenter/1707.html,text/html,2026-08-09T02:15:27.140Z,
https://www.city.fuchu.hiroshima.jp/kurashi/shisetsu_madoguchi/shisetsu_annai/bunka_shisetsu/1740.html,candidate-venues.csv;venue-details.csv,CAND-953;DETAIL-5229;DETAIL-5230;DETAIL-5231;DETAIL-5232;DETAIL-5233;DETAIL-5234;DETAIL-5235;DETAIL-5236;DETAIL-5237;DETAIL-5238;DETAIL-5239,206,reachable,https://www.city.fuchu.hiroshima.jp/kurashi/shisetsu_madoguchi/shisetsu_annai/bunka_shisetsu/1740.html,text/html,2026-08-09T02:15:27.140Z,
https://www.city.fuji.shizuoka.jp/1015400000/shisetsu/p000160.html,candidate-venues.csv,CAND-777,206,reachable,https://www.city.fuji.shizuoka.jp/1015400000/shisetsu/p000160.html,text/html,2026-08-09T02:15:27.140Z,
https://www.city.fujieda.shizuoka.jp/soshiki/_shisetsu/1445918020284.html,candidate-venues.csv;venue-details.csv,CAND-462;DETAIL-1343;DETAIL-1344;DETAIL-1345;DETAIL-1346;DETAIL-1347;DETAIL-1348;DETAIL-1349,206,reachable,https://www.city.fujieda.shizuoka.jp/soshiki/_shisetsu/1445918020284.html,text/html,2026-08-09T02:15:27.140Z,
https://www.city.fujiyoshida.yamanashi.jp/site/kyoiku/1920.html,candidate-venues.csv,CAND-1042,206,reachable,https://www.city.fujiyoshida.yamanashi.jp/site/kyoiku/1920.html,text/html,2026-08-09T02:15:27.140Z,
https://www.city.fukagawa.lg.jp/cms/section/gakumu/oiemv60000000ve1-att/oiemv60000000vio.pdf,venue-details.csv,DETAIL-7641;DETAIL-7642;DETAIL-7643;DETAIL-7644;DETAIL-7645,206,reachable,https://www.city.fukagawa.lg.jp/cms/section/gakumu/oiemv60000000ve1-att/oiemv60000000vio.pdf,application/pdf,2026-08-09T02:15:27.140Z,
https://www.city.fukagawa.lg.jp/cms/section/gakuspo/ik75k4000000lt5t.html,candidate-venues.csv,CAND-1171,206,reachable,https://www.city.fukagawa.lg.jp/cms/section/gakuspo/ik75k4000000lt5t.html,text/html,2026-08-09T02:15:27.140Z,
https://www.city.fukuchiyama.lg.jp/soshiki/7/2023.html,candidate-venues.csv;venue-details.csv,CAND-514;DETAIL-1834;DETAIL-1835;DETAIL-1836;DETAIL-1837;DETAIL-1838,206,reachable,https://www.city.fukuchiyama.lg.jp/soshiki/7/2023.html,text/html,2026-08-09T02:15:27.140Z,
https://www.city.fukui-sakai.lg.jp/bunka/shisetsu/shisetsu-joho/kanko/heartopia-harue.html,candidate-venues.csv;venue-details.csv,CAND-504;DETAIL-1708;DETAIL-1709;DETAIL-1710;DETAIL-1711;DETAIL-1712;DETAIL-1713;DETAIL-1714;DETAIL-1715;DETAIL-1716;DETAIL-1717;DETAIL-1718;DETAIL-1719;DETAIL-1720;DETAIL-1721;DETAIL-1722;DETAIL-1723;DETAIL-1724;DETAIL-1725,206,reachable,https://www.city.fukui-sakai.lg.jp/bunka/shisetsu/shisetsu-joho/kanko/heartopia-harue.html,text/html,2026-08-09T02:15:27.140Z,
https://www.city.fukui.lg.jp/kyoiku/sports/sisetu/instructions.html,venue-operations.csv,OP-113:booking_source_url,206,reachable,https://www.city.fukui.lg.jp/kyoiku/sports/sisetu/instructions.html,text/html,2026-08-09T02:15:27.140Z,
https://www.city.fukui.lg.jp/kyoiku/sports/sisetu/price_d/fil/chokuei_ryokin.pdf,price-observations.csv,PRICE-409;PRICE-410,206,reachable,https://www.city.fukui.lg.jp/kyoiku/sports/sisetu/price_d/fil/chokuei_ryokin.pdf,application/pdf,2026-08-09T02:15:27.140Z,
https://www.city.fukui.lg.jp/kyoiku/sports/sisetu/sitaiikukann.html,candidate-venues.csv;venue-details.csv;venue-operations.csv,CAND-202;DETAIL-290;OP-113:access_source_url;OP-113:operations_source_url,206,reachable,https://www.city.fukui.lg.jp/kyoiku/sports/sisetu/sitaiikukann.html,text/html,2026-08-09T02:15:27.140Z,
https://www.city.fukui.lg.jp/sisei/plan/sonota/sisetu.html,candidate-venues.csv,CAND-007,206,reachable,https://www.city.fukui.lg.jp/sisei/plan/sonota/sisetu.html,text/html,2026-08-09T02:15:27.140Z,
https://www.city.fukuoka.lg.jp/d1w_reiki/reiki_honbun/q003RG00001474.html,price-observations.csv,PRICE-122;PRICE-123;PRICE-124;PRICE-125;PRICE-126,206,reachable,https://www.city.fukuoka.lg.jp/d1w_reiki/reiki_honbun/q003RG00001474.html,text/html,2026-08-09T02:15:27.140Z,
https://www.city.fukushima-date.lg.jp/site/furusato/33377.html,candidate-venues.csv;venue-details.csv,CAND-606;DETAIL-2462;DETAIL-2463,206,reachable,https://www.city.fukushima-date.lg.jp/site/furusato/33377.html,text/html,2026-08-09T02:15:27.140Z,
https://www.city.fukushima-date.lg.jp/uploaded/attachment/40893.pdf,venue-details.csv,DETAIL-2464;DETAIL-2465;DETAIL-2466;DETAIL-2467;DETAIL-2468,206,reachable,https://www.city.fukushima-date.lg.jp/uploaded/attachment/40893.pdf,application/pdf,2026-08-09T02:15:27.140Z,
https://www.city.fukushima-date.lg.jp/uploaded/attachment/64436.pdf,candidate-venues.csv;venue-details.csv,CAND-607;DETAIL-2469;DETAIL-2470;DETAIL-2471;DETAIL-2472;DETAIL-2473;DETAIL-2474;DETAIL-2475;DETAIL-2476;DETAIL-2477,206,reachable,https://www.city.fukushima-date.lg.jp/uploaded/attachment/64436.pdf,application/pdf,2026-08-09T02:15:27.140Z,
https://www.city.fukushima.fukushima.jp/shisetsu/shogaigakushu-bunka/1613.html,candidate-venues.csv,CAND-286,206,reachable,https://www.city.fukushima.fukushima.jp/shisetsu/shogaigakushu-bunka/1613.html,text/html,2026-08-09T02:15:27.140Z,
https://www.city.fukushima.fukushima.jp/soshiki/19/1092/1092.html,candidate-venues.csv;venue-details.csv,CAND-1009;DETAIL-5651;DETAIL-5652;DETAIL-5653;DETAIL-5654;DETAIL-5655;DETAIL-5656;DETAIL-5657;DETAIL-5658;DETAIL-5659;DETAIL-5660;DETAIL-5661;DETAIL-5662;DETAIL-5663,206,reachable,https://www.city.fukushima.fukushima.jp/soshiki/19/1092/1092.html,text/html,2026-08-09T02:15:27.140Z,
https://www.city.fukuyama.hiroshima.jp/soshiki/r-rose/110464.html,venue-operations.csv,OP-200:booking_source_url,206,reachable,https://www.city.fukuyama.hiroshima.jp/soshiki/r-rose/110464.html,text/html,2026-08-09T02:15:27.140Z,
https://www.city.fukuyama.hiroshima.jp/soshiki/r-rose/4127.html,venue-operations.csv,OP-200:access_source_url,206,reachable,https://www.city.fukuyama.hiroshima.jp/soshiki/r-rose/4127.html,text/html,2026-08-09T02:15:27.140Z,
https://www.city.fukuyama.hiroshima.jp/soshiki/r-rose/4257.html,candidate-venues.csv,CAND-174,206,reachable,https://www.city.fukuyama.hiroshima.jp/soshiki/r-rose/4257.html,text/html,2026-08-09T02:15:27.140Z,
https://www.city.fukuyama.hiroshima.jp/soshiki/sports-shinkou/385255.html,venue-operations.csv,OP-183:operations_source_url,206,reachable,https://www.city.fukuyama.hiroshima.jp/soshiki/sports-shinkou/385255.html,text/html,2026-08-09T02:15:27.140Z,
https://www.city.fukuyama.hiroshima.jp/soshiki/sports/172543.html,candidate-venues.csv;price-observations.csv;venue-details.csv;venue-operations.csv,CAND-100;DETAIL-167;OP-183:access_source_url;OP-183:booking_source_url;PRICE-632;PRICE-633;PRICE-634;PRICE-635;PRICE-636;PRICE-637,206,reachable,https://www.city.fukuyama.hiroshima.jp/soshiki/sports/172543.html,text/html,2026-08-09T02:15:27.140Z,
https://www.city.fukuyama.hiroshima.jp/uploaded/attachment/270450.pdf,venue-operations.csv,OP-200:operations_source_url,206,reachable,https://www.city.fukuyama.hiroshima.jp/uploaded/attachment/270450.pdf,application/pdf,2026-08-09T02:15:27.140Z,
https://www.city.gero.lg.jp/soshiki/39/17707.html,candidate-venues.csv;venue-details.csv,CAND-940;DETAIL-5144;DETAIL-5145;DETAIL-5146;DETAIL-5147;DETAIL-5148;DETAIL-5149;DETAIL-5150;DETAIL-5151,206,reachable,https://www.city.gero.lg.jp/soshiki/39/17707.html,text/html,2026-08-09T02:15:27.140Z,
https://www.city.gifu.lg.jp/_res/projects/default_project/_page_/001/011/044/bosyuuyoukou2-kaigijyo_s.pdf,venue-details.csv,DETAIL-539;DETAIL-540,206,reachable,https://www.city.gifu.lg.jp/_res/projects/default_project/_page_/001/011/044/bosyuuyoukou2-kaigijyo_s.pdf,application/pdf,2026-08-09T02:15:27.140Z,
https://www.city.gifu.lg.jp/info/shisetsu/1009631/1009632.html,candidate-venues.csv;venue-details.csv,CAND-564;DETAIL-2176;DETAIL-2177;DETAIL-2178;DETAIL-2179;DETAIL-2180,206,reachable,https://www.city.gifu.lg.jp/info/shisetsu/1009631/1009632.html,text/html,2026-08-09T02:15:27.140Z,
https://www.city.gifu.lg.jp/info/shisetsu/1009631/1009633.html,candidate-venues.csv;venue-details.csv,CAND-565;DETAIL-2181;DETAIL-2182;DETAIL-2183;DETAIL-2184;DETAIL-2185;DETAIL-2186,206,reachable,https://www.city.gifu.lg.jp/info/shisetsu/1009631/1009633.html,text/html,2026-08-09T02:15:27.140Z,
https://www.city.gifu.lg.jp/kankoubunka/kankou/1005142/1010716.html,candidate-venues.csv;venue-operations.csv,CAND-035;CAND-256;OP-057:access_source_url,206,reachable,https://www.city.gifu.lg.jp/kankoubunka/kankou/1005142/1010716.html,text/html,2026-08-09T02:15:27.140Z,
https://www.city.gobo.lg.jp/material/files/group/3/200912_zentai.pdf,venue-details.csv,DETAIL-1013,206,reachable,https://www.city.gobo.lg.jp/material/files/group/3/200912_zentai.pdf,application/pdf,2026-08-09T02:15:27.140Z,
https://www.city.gobo.lg.jp/material/files/group/7/r6_syuyouseika.pdf,venue-details.csv,DETAIL-1012,206,reachable,https://www.city.gobo.lg.jp/material/files/group/7/r6_syuyouseika.pdf,application/pdf,2026-08-09T02:15:27.140Z,
https://www.city.gobo.lg.jp/sosiki/kyoikuiin/kyoiku/tanto/bunka_shisetu/1383802827623.html,candidate-venues.csv,CAND-407,206,reachable,https://www.city.gobo.lg.jp/sosiki/kyoikuiin/kyoiku/tanto/bunka_shisetu/1383802827623.html,text/html,2026-08-09T02:15:27.140Z,
https://www.city.gojo.lg.jp/soshiki/nishiyoshino/2/1580.html,candidate-venues.csv;venue-details.csv,CAND-647;DETAIL-2677;DETAIL-2678;DETAIL-2679,206,reachable,https://www.city.gojo.lg.jp/soshiki/nishiyoshino/2/1580.html,text/html,2026-08-09T02:15:27.140Z,
https://www.city.gose.nara.jp/0000000562.html,candidate-venues.csv;venue-details.csv,CAND-469;DETAIL-1389;DETAIL-1390;DETAIL-1391;DETAIL-1392,206,reachable,https://www.city.gose.nara.jp/0000000562.html,text/html,2026-08-09T02:15:27.140Z,
https://www.city.gosen.lg.jp/organization/21/3/1738.html,candidate-venues.csv;venue-details.csv,CAND-541;DETAIL-1967;DETAIL-1968;DETAIL-1969,206,reachable,https://www.city.gosen.lg.jp/organization/21/3/1738.html,text/html,2026-08-09T02:15:27.140Z,
https://www.city.gosen.lg.jp/organization/22/4/2/1842.html,candidate-venues.csv;venue-details.csv,CAND-542;DETAIL-1970;DETAIL-1971;DETAIL-1972;DETAIL-1973,206,reachable,https://www.city.gosen.lg.jp/organization/22/4/2/1842.html,text/html,2026-08-09T02:15:27.140Z,
https://www.city.goshogawara.lg.jp/jouhou/shisetsu/chuoukouminkansisetuannai.html,candidate-venues.csv;venue-details.csv,CAND-343;DETAIL-771;DETAIL-772;DETAIL-773;DETAIL-774;DETAIL-775,206,reachable,https://www.city.goshogawara.lg.jp/jouhou/shisetsu/chuoukouminkansisetuannai.html,text/html; charset=UTF-8,2026-08-09T02:15:27.140Z,
https://www.city.goshogawara.lg.jp/kyouiku/bunka/ortensia-main.html,candidate-venues.csv;venue-details.csv,CAND-1093;DETAIL-6634;DETAIL-6635;DETAIL-6636;DETAIL-6637;DETAIL-6638;DETAIL-6639;DETAIL-6640;DETAIL-6641;DETAIL-6642;DETAIL-6643;DETAIL-6644,206,reachable,https://www.city.goshogawara.lg.jp/kyouiku/bunka/ortensia-main.html,text/html; charset=UTF-8,2026-08-09T02:15:27.140Z,
https://www.city.gotemba.lg.jp/kyouiku/d-4/d-4-2/246.html,candidate-venues.csv;venue-details.csv,CAND-463;DETAIL-1350;DETAIL-1351,200,reachable,https://www.city.gotemba.lg.jp/kyouiku/d-4/d-4-2/246.html,text/html; charset=UTF-8,2026-08-09T02:15:27.140Z,
https://www.city.gotemba.lg.jp/kyouiku/kanri/assets/uploads/2021/06/6783f917ba60c96ae473ad4328d833a9.pdf,venue-details.csv,DETAIL-1352;DETAIL-1353;DETAIL-1354;DETAIL-1355;DETAIL-1356;DETAIL-1357;DETAIL-1358;DETAIL-1359;DETAIL-1360;DETAIL-1361,206,reachable,https://www.city.gotemba.lg.jp/kyouiku/kanri/assets/uploads/2021/06/6783f917ba60c96ae473ad4328d833a9.pdf,application/pdf,2026-08-09T02:15:27.140Z,
https://www.city.goto.nagasaki.jp/gotowebbook/010/030/030/020/20190219221049.html,candidate-venues.csv;venue-details.csv,CAND-714;DETAIL-3140;DETAIL-3142,206,reachable,https://www.city.goto.nagasaki.jp/gotowebbook/010/030/030/020/20190219221049.html,text/html; charset=UTF-8,2026-08-09T02:15:27.140Z,
https://www.city.goto.nagasaki.jp/s013/propo/koukyoushisetsu/tourokuyotei.pdf,venue-details.csv,DETAIL-3144,404,client_error,https://www.city.goto.nagasaki.jp/s013/propo/koukyoushisetsu/tourokuyotei.pdf,text/html; charset=UTF-8,2026-08-09T02:15:27.140Z,
https://www.city.goto.nagasaki.jp/s095/010/020/010/010/239_1.pdf,venue-details.csv,DETAIL-3141;DETAIL-3143,206,reachable,https://www.city.goto.nagasaki.jp/s095/010/020/010/010/239_1.pdf,application/pdf,2026-08-09T02:15:27.140Z,
https://www.city.gotsu.lg.jp/uploaded/attachment/4233.pdf,candidate-venues.csv;venue-details.csv,CAND-701;DETAIL-3052;DETAIL-3053;DETAIL-3054;DETAIL-3055;DETAIL-3056,206,reachable,https://www.city.gotsu.lg.jp/uploaded/attachment/4233.pdf,application/pdf,2026-08-09T02:15:27.140Z,
https://www.city.gujo.gifu.jp/life/detail/post-744.html,candidate-venues.csv;venue-details.csv,CAND-748;DETAIL-3377;DETAIL-3378;DETAIL-3379;DETAIL-3380;DETAIL-3381;DETAIL-3382;DETAIL-3383;DETAIL-3384;DETAIL-3385;DETAIL-3386,200,reachable,https://www.city.gujo.gifu.jp/life/detail/post-744.html,text/html; charset=UTF-8,2026-08-09T02:15:27.140Z,
https://www.city.hachimantai.lg.jp/soshiki/machi/1327.html,candidate-venues.csv;venue-details.csv,CAND-594;DETAIL-2382;DETAIL-2383;DETAIL-2384;DETAIL-2385;DETAIL-2386,206,reachable,https://www.city.hachimantai.lg.jp/soshiki/machi/1327.html,text/html,2026-08-09T02:15:27.140Z,
https://www.city.hachinohe.aomori.jp/material/files/group/12/R080701.pdf,price-observations.csv,PRICE-849;PRICE-850;PRICE-851;PRICE-852;PRICE-853;PRICE-854;PRICE-855;PRICE-856;PRICE-857,206,reachable,https://www.city.hachinohe.aomori.jp/material/files/group/12/R080701.pdf,application/pdf,2026-08-09T02:15:27.140Z,
https://www.city.hachinohe.aomori.jp/material/files/group/92/bosyuyoukousai.pdf,venue-details.csv,DETAIL-6616;DETAIL-6617;DETAIL-6618;DETAIL-6619;DETAIL-6620;DETAIL-6621;DETAIL-6622;DETAIL-6623;DETAIL-6624;DETAIL-6625;DETAIL-6626;DETAIL-6627;DETAIL-6628;DETAIL-6629;DETAIL-6630;DETAIL-6631;DETAIL-6632;DETAIL-6633,206,reachable,https://www.city.hachinohe.aomori.jp/material/files/group/92/bosyuyoukousai.pdf,application/pdf,2026-08-09T02:15:27.140Z,
https://www.city.hachinohe.aomori.jp/shisetsuannai/bunka_sports/okunaiskatezyou/18796.html,venue-operations.csv,OP-061:access_source_url,206,reachable,https://www.city.hachinohe.aomori.jp/shisetsuannai/bunka_sports/okunaiskatezyou/18796.html,text/html,2026-08-09T02:15:27.140Z,
https://www.city.hachinohe.aomori.jp/soshikikarasagasu/bunka/bunka/03/1683.html,candidate-venues.csv,CAND-1092,206,reachable,https://www.city.hachinohe.aomori.jp/soshikikarasagasu/bunka/bunka/03/1683.html,text/html,2026-08-09T02:15:27.140Z,
https://www.city.hachinohe.aomori.jp/soshikikarasagasu/naganeokunaiskatejo/bunka_sports/2/14957.html,candidate-venues.csv;venue-details.csv;venue-operations.csv,CAND-076;DETAIL-125;OP-061:booking_source_url;OP-061:operations_source_url,206,reachable,https://www.city.hachinohe.aomori.jp/soshikikarasagasu/naganeokunaiskatejo/bunka_sports/2/14957.html,text/html,2026-08-09T02:15:27.140Z,
https://www.city.hachioji.tokyo.jp/shisetsu/003/p000029.html,candidate-venues.csv,CAND-1108,206,reachable,https://www.city.hachioji.tokyo.jp/shisetsu/003/p000029.html,text/html,2026-08-09T02:15:27.140Z,
https://www.city.hagi.lg.jp/soshiki/19/1621.html,candidate-venues.csv;venue-details.csv,CAND-477;DETAIL-1484;DETAIL-1485;DETAIL-1486;DETAIL-1487;DETAIL-1488;DETAIL-1489;DETAIL-1490;DETAIL-1491;DETAIL-1492,206,reachable,https://www.city.hagi.lg.jp/soshiki/19/1621.html,text/html,2026-08-09T02:15:27.140Z,
https://www.city.hakodate.hokkaido.jp/docs/2014010800107/,venue-websites.csv,VWEB-004:source_url,206,reachable,https://www.city.hakodate.hokkaido.jp/docs/2014010800107/,text/html,2026-08-09T02:15:27.140Z,
https://www.city.hakodate.hokkaido.jp/docs/2014040900082/,candidate-venues.csv;venue-details.csv,CAND-001;DETAIL-034;DETAIL-035,206,reachable,https://www.city.hakodate.hokkaido.jp/docs/2014040900082/,text/html,2026-08-09T02:15:27.140Z,
https://www.city.hakui.lg.jp/kankou/kankoushisetsu/12882.html,candidate-venues.csv;venue-details.csv,CAND-453;DETAIL-1275;DETAIL-1276;DETAIL-1277;DETAIL-1278;DETAIL-1279,206,reachable,https://www.city.hakui.lg.jp/kankou/kankoushisetsu/12882.html,text/html,2026-08-09T02:15:27.140Z,
https://www.city.hamada.shimane.jp/www/contents/1547625853256/simple/52_sekio.pdf,candidate-venues.csv;venue-details.csv,CAND-523;DETAIL-1894;DETAIL-1895;DETAIL-1896;DETAIL-1897,206,reachable,https://www.city.hamada.shimane.jp/www/contents/1547625853256/simple/52_sekio.pdf,application/pdf,2026-08-09T02:15:27.140Z,
https://www.city.hanamaki.iwate.jp/_res/projects/default_project/_page_/001/024/820/uketukekikan4.pdf,venue-operations.csv,OP-159:booking_source_url,206,reachable,https://www.city.hanamaki.iwate.jp/_res/projects/default_project/_page_/001/024/820/uketukekikan4.pdf,application/pdf,2026-08-09T02:15:27.140Z,
https://www.city.hanamaki.iwate.jp/bunkasports/sports/1019891/shisetsu/1001954.html,venue-details.csv,DETAIL-273,206,reachable,https://www.city.hanamaki.iwate.jp/bunkasports/sports/1019891/shisetsu/1001954.html,text/html,2026-08-09T02:15:27.140Z,
https://www.city.hanamaki.iwate.jp/bunkasports/sports/1019891/shisetsu/1001959.html,price-observations.csv;venue-details.csv,DETAIL-425;PRICE-1935;PRICE-1936;PRICE-1937;PRICE-1938;PRICE-1939;PRICE-1940;PRICE-1941;PRICE-1942;PRICE-1943;PRICE-1944;PRICE-1945;PRICE-1946;PRICE-1947;PRICE-1948;PRICE-1949;PRICE-1950;PRICE-1951;PRICE-1952;PRICE-1953;PRICE-1954;PRICE-1955;PRICE-1956;PRICE-1957;PRICE-1958;PRICE-1959;PRICE-1960;PRICE-1961;PRICE-1962;PRICE-1963;PRICE-1964;PRICE-1965;PRICE-1966;PRICE-1967;PRICE-1968;PRICE-1969;PRICE-1970;PRICE-1971;PRICE-1972;PRICE-1973;PRICE-1974;PRICE-1975;PRICE-1976;PRICE-1977;PRICE-1978;PRICE-1979;PRICE-1980;PRICE-1981;PRICE-1982;PRICE-1983;PRICE-1984;PRICE-1985;PRICE-1986;PRICE-1987;PRICE-1988;PRICE-1989;PRICE-1990;PRICE-1991;PRICE-1992;PRICE-1993;PRICE-1994;PRICE-1995;PRICE-1996;PRICE-1997;PRICE-1998;PRICE-1999;PRICE-2000;PRICE-2001;PRICE-2002;PRICE-2003;PRICE-2004;PRICE-2005;PRICE-2006;PRICE-2007;PRICE-2008;PRICE-2009;PRICE-2010;PRICE-2011;PRICE-2012;PRICE-2013;PRICE-2014;PRICE-2015;PRICE-2016;PRICE-2017;PRICE-2018;PRICE-2019;PRICE-2020;PRICE-2021;PRICE-2022;PRICE-2023;PRICE-2024;PRICE-2025;PRICE-2026;PRICE-2027;PRICE-2028;PRICE-2029;PRICE-2030;PRICE-2031;PRICE-2032;PRICE-2033;PRICE-2034;PRICE-2035;PRICE-2036;PRICE-2037;PRICE-2038;PRICE-2039;PRICE-2040;PRICE-2041;PRICE-2042;PRICE-2043;PRICE-2044;PRICE-2045;PRICE-2046;PRICE-2047;PRICE-2048;PRICE-2049;PRICE-2050;PRICE-2051;PRICE-2052;PRICE-2053;PRICE-2054;PRICE-2055,206,reachable,https://www.city.hanamaki.iwate.jp/bunkasports/sports/1019891/shisetsu/1001959.html,text/html,2026-08-09T02:15:27.140Z,
https://www.city.hanno.lg.jp/soshikikarasagasu/shiminseikatsubu/shiminkaikan/2327.html,candidate-venues.csv;venue-details.csv,CAND-617;DETAIL-2537;DETAIL-2538;DETAIL-2539;DETAIL-2540;DETAIL-2541;DETAIL-2542;DETAIL-2543;DETAIL-2544;DETAIL-2545;DETAIL-2546;DETAIL-2547,206,reachable,https://www.city.hanno.lg.jp/soshikikarasagasu/shiminseikatsubu/shiminkaikan/2327.html,text/html,2026-08-09T02:15:27.140Z,
https://www.city.hashima.lg.jp/secure/2513/sanko69.pdf,candidate-venues.csv;venue-details.csv,CAND-403;DETAIL-988;DETAIL-989;DETAIL-990;DETAIL-991;DETAIL-992;DETAIL-993;DETAIL-994;DETAIL-995,206,reachable,https://www.city.hashima.lg.jp/secure/2513/sanko69.pdf,application/pdf,2026-08-09T02:15:27.140Z,
https://www.city.hashimoto.lg.jp/material/files/group/27/20250911teireikaikaigirokudaigo.pdf,venue-details.csv,DETAIL-996,206,reachable,https://www.city.hashimoto.lg.jp/material/files/group/27/20250911teireikaikaigirokudaigo.pdf,application/pdf,2026-08-09T02:15:27.140Z,
https://www.city.hashimoto.lg.jp/section/reiki_honbun/r282RG00001051.html,candidate-venues.csv;venue-details.csv,CAND-404;DETAIL-1000;DETAIL-997;DETAIL-998;DETAIL-999,206,reachable,https://www.city.hashimoto.lg.jp/section/reiki_honbun/r282RG00001051.html,text/html,2026-08-09T02:15:27.140Z,
https://www.city.hekinan.lg.jp/material/files/group/40/r6hekinan.pdf,venue-details.csv,DETAIL-1789;DETAIL-1790;DETAIL-1791;DETAIL-1792;DETAIL-1793;DETAIL-1794;DETAIL-1795;DETAIL-1796;DETAIL-1797;DETAIL-1798;DETAIL-1799;DETAIL-1800;DETAIL-1801,206,reachable,https://www.city.hekinan.lg.jp/material/files/group/40/r6hekinan.pdf,application/pdf,2026-08-09T02:15:27.140Z,
https://www.city.hekinan.lg.jp/soshiki/kyouiku/shogaigakushu/bunkakaikan/12201.html,candidate-venues.csv,CAND-510,206,reachable,https://www.city.hekinan.lg.jp/soshiki/kyouiku/shogaigakushu/bunkakaikan/12201.html,text/html,2026-08-09T02:15:27.140Z,
https://www.city.higashihiroshima.lg.jp/shisetsu/bunka/10889.html,candidate-venues.csv,CAND-572,200,reachable,https://www.city.higashihiroshima.lg.jp/shisetsu/bunka/10889.html,text/html,2026-08-09T02:15:27.140Z,
https://www.city.higashine.yamagata.jp/calendar?years=2026-5,venue-details.csv,DETAIL-3731,200,reachable,https://www.city.higashine.yamagata.jp/calendar?years=2026-5,text/html;charset=utf-8,2026-08-09T02:15:27.140Z,
https://www.city.higashine.yamagata.jp/news/1756,candidate-venues.csv;venue-details.csv,CAND-796;DETAIL-3730;DETAIL-3732;DETAIL-3733,200,reachable,https://www.city.higashine.yamagata.jp/news/1756,text/html;charset=utf-8,2026-08-09T02:15:27.140Z,
https://www.city.higashiomi.shiga.jp/shisetsu/1004266/1004267.html,candidate-venues.csv;venue-details.csv,CAND-1127;DETAIL-7172;DETAIL-7173;DETAIL-7174;DETAIL-7175;DETAIL-7176;DETAIL-7177,206,reachable,https://www.city.higashiomi.shiga.jp/shisetsu/1004266/1004267.html,text/html,2026-08-09T02:15:27.140Z,
https://www.city.hikari.lg.jp/section/reiki_int/reiki_honbun/r051RG00000200.html,candidate-venues.csv;venue-details.csv,CAND-653;DETAIL-2715;DETAIL-2716;DETAIL-2717;DETAIL-2718;DETAIL-2719,206,reachable,https://www.city.hikari.lg.jp/section/reiki_int/reiki_honbun/r051RG00000200.html,text/html,2026-08-09T02:15:27.140Z,
https://www.city.himeji.lg.jp/kanko/0000006638.html,candidate-venues.csv,CAND-041,206,reachable,https://www.city.himeji.lg.jp/kanko/0000006638.html,text/html,2026-08-09T02:15:27.140Z,
https://www.city.hirado.nagasaki.jp/kurashi/bosyu/2023_bosyu/files/bunkasentasiyousyo.pdf,venue-details.csv,DETAIL-830;DETAIL-831;DETAIL-832;DETAIL-833,404,client_error,https://www.city.hirado.nagasaki.jp/kurashi/bosyu/2023_bosyu/files/bunkasentasiyousyo.pdf,text/html,2026-08-09T02:15:27.140Z,
https://www.city.hirado.nagasaki.jp/kurashi/culture/bunka/bunjyo01.html,candidate-venues.csv,CAND-366,206,reachable,https://www.city.hirado.nagasaki.jp/kurashi/culture/bunka/bunjyo01.html,text/html,2026-08-09T02:15:27.140Z,
https://www.city.hirakawa.lg.jp/bunka/bunka/bunkacenter.html,candidate-venues.csv;venue-details.csv,CAND-492;DETAIL-1619;DETAIL-1620;DETAIL-1621;DETAIL-1622;DETAIL-1623;DETAIL-1624;DETAIL-1625;DETAIL-1626;DETAIL-1627;DETAIL-1628;DETAIL-1629;DETAIL-1630;DETAIL-1631;DETAIL-1632;DETAIL-1633;DETAIL-1634,206,reachable,https://www.city.hirakawa.lg.jp/bunka/bunka/bunkacenter.html,text/html,2026-08-09T02:15:27.140Z,
https://www.city.hiratsuka.kanagawa.jp/common/200041061.pdf,price-observations.csv;venue-details.csv,DETAIL-455;DETAIL-456;DETAIL-457;PRICE-2217;PRICE-2218;PRICE-2219;PRICE-2220;PRICE-2221;PRICE-2222;PRICE-2223;PRICE-2224;PRICE-2225;PRICE-2226;PRICE-2227;PRICE-2228;PRICE-2229;PRICE-2230;PRICE-2231;PRICE-2232;PRICE-2233;PRICE-2234;PRICE-2235;PRICE-2236;PRICE-2237;PRICE-2238;PRICE-2239;PRICE-2240;PRICE-2241;PRICE-2242;PRICE-2243;PRICE-2244;PRICE-2245;PRICE-2246;PRICE-2247;PRICE-2248;PRICE-2249;PRICE-2250;PRICE-2251;PRICE-2252;PRICE-2253;PRICE-2254;PRICE-2255;PRICE-2256;PRICE-2257;PRICE-2258;PRICE-2259;PRICE-2260;PRICE-2261;PRICE-2262;PRICE-2263;PRICE-2264;PRICE-2265;PRICE-2266;PRICE-2267;PRICE-2268;PRICE-2269;PRICE-2270;PRICE-2271;PRICE-2272;PRICE-2273;PRICE-2274;PRICE-2275;PRICE-2276;PRICE-2277;PRICE-2278;PRICE-2279;PRICE-2280;PRICE-2281;PRICE-2282;PRICE-2283;PRICE-2284;PRICE-2285;PRICE-2286;PRICE-2287;PRICE-2288;PRICE-2289;PRICE-2290;PRICE-2291;PRICE-2292;PRICE-2293;PRICE-2294;PRICE-2295;PRICE-2296;PRICE-2297;PRICE-2298;PRICE-2299;PRICE-2300;PRICE-2301;PRICE-2302;PRICE-2303;PRICE-2304;PRICE-2305;PRICE-2306;PRICE-2307;PRICE-2308;PRICE-2309;PRICE-2310;PRICE-2311;PRICE-2312;PRICE-2313;PRICE-2314;PRICE-2315;PRICE-2316;PRICE-2317;PRICE-2318;PRICE-2319;PRICE-2320;PRICE-2321;PRICE-2322;PRICE-2323;PRICE-2324;PRICE-2325;PRICE-2326;PRICE-2327;PRICE-2328;PRICE-2329;PRICE-2330;PRICE-2331;PRICE-2332;PRICE-2333;PRICE-2334;PRICE-2335;PRICE-2336;PRICE-2337;PRICE-2338;PRICE-2339;PRICE-2340;PRICE-2341;PRICE-2342;PRICE-2343;PRICE-2344;PRICE-2345;PRICE-2346;PRICE-2347;PRICE-2348,206,reachable,https://www.city.hiratsuka.kanagawa.jp/common/200041061.pdf,application/pdf,2026-08-09T02:15:27.140Z,
https://www.city.hiratsuka.kanagawa.jp/common/200061846.pdf,venue-details.csv,DETAIL-285,404,client_error,https://www.city.hiratsuka.kanagawa.jp/common/200061846.pdf,text/html,2026-08-09T02:15:27.140Z,
https://www.city.hiratsuka.kanagawa.jp/koen/page-c_00806.html,venue-operations.csv,OP-108:access_source_url,200,reachable,https://www.city.hiratsuka.kanagawa.jp/koen/page-c_00806.html,text/html,2026-08-09T02:15:27.140Z,
https://www.city.hiratsuka.kanagawa.jp/koen/page-c_00808.html,price-observations.csv;venue-details.csv,DETAIL-453;PRICE-2216,200,reachable,https://www.city.hiratsuka.kanagawa.jp/koen/page-c_00808.html,text/html,2026-08-09T02:15:27.140Z,
https://www.city.hiratsuka.kanagawa.jp/koen/page-c_00811.html,candidate-venues.csv;price-observations.csv;venue-details.csv;venue-operations.csv,CAND-197;DETAIL-446;DETAIL-447;DETAIL-448;DETAIL-449;DETAIL-452;DETAIL-454;OP-108:operations_source_url;PRICE-2208;PRICE-2209;PRICE-2210;PRICE-2211;PRICE-2212;PRICE-2213;PRICE-2214;PRICE-2215;PRICE-401,200,reachable,https://www.city.hiratsuka.kanagawa.jp/koen/page-c_00811.html,text/html,2026-08-09T02:15:27.140Z,
https://www.city.hiratsuka.kanagawa.jp/koen/page-c_00830.html,venue-details.csv,DETAIL-450;DETAIL-451,200,reachable,https://www.city.hiratsuka.kanagawa.jp/koen/page-c_00830.html,text/html,2026-08-09T02:15:27.140Z,
https://www.city.hiratsuka.kanagawa.jp/shisetu/page-c_02988.html,venue-operations.csv,OP-108:booking_source_url,200,reachable,https://www.city.hiratsuka.kanagawa.jp/shisetu/page-c_02988.html,text/html,2026-08-09T02:15:27.140Z,
https://www.city.hirosaki.aomori.jp/gaiyou/shisetsu/shiminkaikan.html,candidate-venues.csv;venue-details.csv,CAND-1090;DETAIL-6589;DETAIL-6590;DETAIL-6591;DETAIL-6592;DETAIL-6593;DETAIL-6594;DETAIL-6595;DETAIL-6596;DETAIL-6597;DETAIL-6598,206,reachable,https://www.city.hirosaki.aomori.jp/gaiyou/shisetsu/shiminkaikan.html,text/html; charset=UTF-8,2026-08-09T02:15:27.140Z,
https://www.city.hirosaki.aomori.jp/hirosakibunka/bunka_kaijo.html,candidate-venues.csv;venue-details.csv,CAND-341;DETAIL-758;DETAIL-759;DETAIL-760;DETAIL-761;DETAIL-762;DETAIL-763;DETAIL-764,206,reachable,https://www.city.hirosaki.aomori.jp/hirosakibunka/bunka_kaijo.html,text/html; charset=UTF-8,2026-08-09T02:15:27.140Z,
https://www.city.hiroshima.lg.jp/facility/kinrou/1031726.html,candidate-venues.csv;venue-details.csv,CAND-156;DETAIL-237,200,reachable,https://www.city.hiroshima.lg.jp/facility/kinrou/1031726.html,text/html,2026-08-09T02:15:27.140Z,
https://www.city.hiroshima.lg.jp/kikaku/houki/reiki_int/reiki_honbun/r500RG00001193.html,candidate-venues.csv;venue-details.csv,CAND-573;DETAIL-2235;DETAIL-2236,200,reachable,https://www.city.hiroshima.lg.jp/kikaku/houki/reiki_int/reiki_honbun/r500RG00001193.html,text/html,2026-08-09T02:15:27.140Z,
https://www.city.hita.oita.jp/soshiki/28/2221.html,candidate-venues.csv;venue-details.csv,CAND-334;DETAIL-725;DETAIL-726;DETAIL-727;DETAIL-728;DETAIL-729,206,reachable,https://www.city.hita.oita.jp/soshiki/28/2221.html,text/html,2026-08-09T02:15:27.140Z,
https://www.city.hitachinaka.lg.jp/_res/projects/default_project/_page_/001/016/691/taishosisetu.pdf,candidate-venues.csv;venue-details.csv,CAND-291;DETAIL-606;DETAIL-607,206,reachable,https://www.city.hitachinaka.lg.jp/_res/projects/default_project/_page_/001/016/691/taishosisetu.pdf,application/pdf,2026-08-09T02:15:27.140Z,
https://www.city.hitoyoshi.lg.jp/resource.php?e=4ed1e304a1ceafab3df1cfb5d3ee3b4712935cde33ecfe99b80eee20e03115ca238e54d560695d0cbfdd618e5d0bb7ab,candidate-venues.csv;venue-details.csv,CAND-388;DETAIL-920;DETAIL-921;DETAIL-922;DETAIL-923;DETAIL-924,200,reachable,https://www.city.hitoyoshi.lg.jp/resource.php?e=4ed1e304a1ceafab3df1cfb5d3ee3b4712935cde33ecfe99b80eee20e03115ca238e54d560695d0cbfdd618e5d0bb7ab,application/pdf,2026-08-09T02:15:27.140Z,
https://www.city.hokuto.hokkaido.jp/docs/1981.html,candidate-venues.csv;venue-details.csv,CAND-1170;DETAIL-7625;DETAIL-7626;DETAIL-7627;DETAIL-7628;DETAIL-7629;DETAIL-7630;DETAIL-7631;DETAIL-7632;DETAIL-7633;DETAIL-7634;DETAIL-7635;DETAIL-7636;DETAIL-7637;DETAIL-7638;DETAIL-7639;DETAIL-7640,206,reachable,https://www.city.hokuto.hokkaido.jp/docs/1981.html,text/html,2026-08-09T02:15:27.140Z,
https://www.city.hokuto.yamanashi.jp/docs/1642.html,candidate-venues.csv;venue-details.csv,CAND-629;CAND-630;CAND-631;DETAIL-2621;DETAIL-2622;DETAIL-2623,206,reachable,https://www.city.hokuto.yamanashi.jp/docs/1642.html,text/html,2026-08-09T02:15:27.140Z,
https://www.city.honjo.lg.jp/soshiki/kyoikuiinkai/shogaigakusyu/tantoujouhou/seldy/kodamabunkakaikan.html,candidate-venues.csv;venue-details.csv,CAND-812;DETAIL-3872;DETAIL-3873;DETAIL-3874;DETAIL-3875;DETAIL-3876,206,reachable,https://www.city.honjo.lg.jp/soshiki/kyoikuiinkai/shogaigakusyu/tantoujouhou/seldy/kodamabunkakaikan.html,text/html,2026-08-09T02:15:27.140Z,
https://www.city.honjo.lg.jp/soshiki/kyoikuiinkai/shogaigakusyu/tantoujouhou/seldy/shisetsu_annai.html,venue-details.csv,DETAIL-3868;DETAIL-3869;DETAIL-3870;DETAIL-3871,206,reachable,https://www.city.honjo.lg.jp/soshiki/kyoikuiinkai/shogaigakusyu/tantoujouhou/seldy/shisetsu_annai.html,text/html,2026-08-09T02:15:27.140Z,
https://www.city.ibara.okayama.jp/soshiki/35/1395.html,venue-details.csv,DETAIL-880;DETAIL-881;DETAIL-882,206,reachable,https://www.city.ibara.okayama.jp/soshiki/35/1395.html,text/html,2026-08-09T02:15:27.140Z,
https://www.city.ibara.okayama.jp/soshiki/35/1397.html,candidate-venues.csv;venue-details.csv,CAND-380;DETAIL-879,206,reachable,https://www.city.ibara.okayama.jp/soshiki/35/1397.html,text/html,2026-08-09T02:15:27.140Z,
https://www.city.ibaraki-koga.lg.jp/bunrui/shiseimatidukuri/facility_info/8/4369.html,candidate-venues.csv;venue-details.csv,CAND-440;DETAIL-1188;DETAIL-1189;DETAIL-1190,206,reachable,https://www.city.ibaraki-koga.lg.jp/bunrui/shiseimatidukuri/facility_info/8/4369.html,text/html,2026-08-09T02:15:27.140Z,
https://www.city.ibusuki.lg.jp/ibusukikokutai2020/site-list/general/,venue-details.csv,DETAIL-5307,200,reachable,https://www.city.ibusuki.lg.jp/ibusukikokutai2020/site-list/general/,text/html,2026-08-09T02:15:27.140Z,
https://www.city.ibusuki.lg.jp/main/fp/kyoiku/sports/shisetsu/page007020.html,candidate-venues.csv,CAND-965,206,reachable,https://www.city.ibusuki.lg.jp/main/fp/kyoiku/sports/shisetsu/page007020.html,text/html,2026-08-09T02:15:27.140Z,
https://www.city.ibusuki.lg.jp/main/kyoiku/page026022.html,candidate-venues.csv;venue-details.csv,CAND-588;DETAIL-2326;DETAIL-2327;DETAIL-2328;DETAIL-2329;DETAIL-2330;DETAIL-2331;DETAIL-2332,200,reachable,https://www.city.ibusuki.lg.jp/main/kyoiku/page026022.html,text/html,2026-08-09T02:15:27.140Z,
https://www.city.ibusuki.lg.jp/main/uploads/sport/docs/%E4%BD%93%E8%82%B2%E6%96%BD%E8%A8%AD%EF%BC%88%E6%8C%87%E5%AE%BF%E5%9C%B0%E5%9F%9F%EF%BC%89%E3%81%AE%E4%BD%BF%E7%94%A8%E6%96%99.pdf,venue-details.csv,DETAIL-5308;DETAIL-5309;DETAIL-5310;DETAIL-5311,206,reachable,https://www.city.ibusuki.lg.jp/main/uploads/sport/docs/%E4%BD%93%E8%82%B2%E6%96%BD%E8%A8%AD%EF%BC%88%E6%8C%87%E5%AE%BF%E5%9C%B0%E5%9F%9F%EF%BC%89%E3%81%AE%E4%BD%BF%E7%94%A8%E6%96%99.pdf,application/pdf,2026-08-09T02:15:27.140Z,
https://www.city.ibusuki.lg.jp/main/uploads/syakyo/docs/%E6%8C%87%E5%AE%BF%E5%B8%82%E6%B0%91%E4%BC%9A%E9%A4%A8%E6%96%BD%E8%A8%AD%E6%A6%82%E8%A6%81.pdf,venue-details.csv,DETAIL-2325,206,reachable,https://www.city.ibusuki.lg.jp/main/uploads/syakyo/docs/%E6%8C%87%E5%AE%BF%E5%B8%82%E6%B0%91%E4%BC%9A%E9%A4%A8%E6%96%BD%E8%A8%AD%E6%A6%82%E8%A6%81.pdf,application/pdf,2026-08-09T02:15:27.140Z,
https://www.city.ichikawa.lg.jp/page/4949.html,candidate-venues.csv,CAND-301,206,reachable,https://www.city.ichikawa.lg.jp/page/4949.html,text/html,2026-08-09T02:15:27.140Z,
https://www.city.ichinoseki.iwate.jp/index.cfm/7%2C161193%2Cc%2Chtml/161193/20220128-100845.pdf,venue-details.csv,DETAIL-572,404,client_error,https://www.city.ichinoseki.iwate.jp/index.cfm/7%2C161193%2Cc%2Chtml/161193/20220128-100845.pdf,text/html; charset=UTF-8,2026-08-09T02:15:27.140Z,
https://www.city.ichinoseki.iwate.jp/index.cfm/7%2C190433%2Cc%2Chtml/190433/20251209-170821.pdf,candidate-venues.csv;venue-details.csv,CAND-275;DETAIL-571;DETAIL-573;DETAIL-574;DETAIL-575,404,client_error,https://www.city.ichinoseki.iwate.jp/index.cfm/7%2C190433%2Cc%2Chtml/190433/20251209-170821.pdf,text/html; charset=UTF-8,2026-08-09T02:15:27.140Z,
https://www.city.iga.lg.jp/0000004674.html,candidate-venues.csv;venue-details.csv,CAND-232;DETAIL-503,206,reachable,https://www.city.iga.lg.jp/0000004674.html,text/html,2026-08-09T02:15:27.140Z,
https://www.city.iida.lg.jp/site/bunkakaikan/shisetsu-gaiyou.html,candidate-venues.csv;venue-details.csv,CAND-396;DETAIL-954;DETAIL-955,206,reachable,https://www.city.iida.lg.jp/site/bunkakaikan/shisetsu-gaiyou.html,text/html,2026-08-09T02:15:27.140Z,
https://www.city.iida.lg.jp/uploaded/attachment/63934.pdf,venue-details.csv,DETAIL-956;DETAIL-957;DETAIL-958,206,reachable,https://www.city.iida.lg.jp/uploaded/attachment/63934.pdf,application/pdf,2026-08-09T02:15:27.140Z,
https://www.city.iizuka.lg.jp/site/kosodate/2555.html,candidate-venues.csv;venue-details.csv,CAND-529;DETAIL-1930;DETAIL-1931;DETAIL-1932,206,reachable,https://www.city.iizuka.lg.jp/site/kosodate/2555.html,text/html,2026-08-09T02:15:27.140Z,
https://www.city.iki.nagasaki.jp/soshiki/bunkasportssinkou/bunka/15306.html,candidate-venues.csv,CAND-889,206,reachable,https://www.city.iki.nagasaki.jp/soshiki/bunkasportssinkou/bunka/15306.html,text/html,2026-08-09T02:15:27.140Z,
https://www.city.ikoma.lg.jp/cmsfiles/contents/0000038/38690/siryou1.pdf,candidate-venues.csv;venue-details.csv,CAND-318;DETAIL-668;DETAIL-669;DETAIL-670;DETAIL-671,206,reachable,https://www.city.ikoma.lg.jp/cmsfiles/contents/0000038/38690/siryou1.pdf,application/pdf,2026-08-09T02:15:27.140Z,
https://www.city.imabari.ehime.jp/gikai/siseigaiyou/R7/04.pdf,candidate-venues.csv;venue-details.csv,CAND-381;DETAIL-883,206,reachable,https://www.city.imabari.ehime.jp/gikai/siseigaiyou/R7/04.pdf,application/pdf,2026-08-09T02:15:27.140Z,
https://www.city.imari.lg.jp/3963.htm,candidate-venues.csv;venue-details.csv,CAND-268;DETAIL-557;DETAIL-558,206,reachable,https://www.city.imari.lg.jp/3963.htm,text/html; charset=utf-8,2026-08-09T02:15:27.140Z,
https://www.city.imizu.toyama.jp/appupload/EDIT/105/105494.pdf,venue-details.csv,DETAIL-1679;DETAIL-1680;DETAIL-1681;DETAIL-1682;DETAIL-1683;DETAIL-1684;DETAIL-1685;DETAIL-1686;DETAIL-1687;DETAIL-1688;DETAIL-1689;DETAIL-1690,206,reachable,https://www.city.imizu.toyama.jp/appupload/EDIT/105/105494.pdf,application/pdf,2026-08-09T02:15:27.140Z,
https://www.city.imizu.toyama.jp/appupload/EDIT/116/116983.pdf,candidate-venues.csv;venue-details.csv,CAND-500;DETAIL-1676;DETAIL-1677;DETAIL-1678,206,reachable,https://www.city.imizu.toyama.jp/appupload/EDIT/116/116983.pdf,application/pdf,2026-08-09T02:15:27.140Z,
https://www.city.inabe.mie.jp/shisetsu/shikanrenshisetsu/kominkan/1002718.html,candidate-venues.csv;venue-details.csv,CAND-249;DETAIL-527,206,reachable,https://www.city.inabe.mie.jp/shisetsu/shikanrenshisetsu/kominkan/1002718.html,text/html,2026-08-09T02:15:27.140Z,
https://www.city.inashiki.lg.jp/page/page000724.html,venue-details.csv,DETAIL-3770;DETAIL-3771;DETAIL-3772;DETAIL-3773,206,reachable,https://www.city.inashiki.lg.jp/page/page000724.html,text/html,2026-08-09T02:15:27.140Z,
https://www.city.inashiki.lg.jp/page/page007945.html,venue-details.csv,DETAIL-3764;DETAIL-3765,206,reachable,https://www.city.inashiki.lg.jp/page/page007945.html,text/html,2026-08-09T02:15:27.140Z,
https://www.city.inashiki.lg.jp/page/page008050.html,venue-details.csv,DETAIL-3767;DETAIL-3768;DETAIL-3769,206,reachable,https://www.city.inashiki.lg.jp/page/page008050.html,text/html,2026-08-09T02:15:27.140Z,
https://www.city.inashiki.lg.jp/page/page010945.html,candidate-venues.csv;venue-details.csv,CAND-800;DETAIL-3766,206,reachable,https://www.city.inashiki.lg.jp/page/page010945.html,text/html,2026-08-09T02:15:27.140Z,
https://www.city.inazawa.aichi.jp/ica/0000002845.html,candidate-venues.csv;venue-details.csv,CAND-862;DETAIL-4282;DETAIL-4283;DETAIL-4285;DETAIL-4286;DETAIL-4287,206,reachable,https://www.city.inazawa.aichi.jp/ica/0000002845.html,text/html,2026-08-09T02:15:27.140Z,
https://www.city.inazawa.aichi.jp/ica/0000002848.html,venue-details.csv,DETAIL-4284;DETAIL-4288;DETAIL-4289;DETAIL-4290;DETAIL-4291;DETAIL-4292;DETAIL-4293,206,reachable,https://www.city.inazawa.aichi.jp/ica/0000002848.html,text/html,2026-08-09T02:15:27.140Z,
https://www.city.isahaya.nagasaki.jp/uploaded/attachment/18091.pdf,candidate-venues.csv;venue-details.csv,CAND-365;DETAIL-828;DETAIL-829,404,client_error,https://www.city.isahaya.nagasaki.jp/uploaded/attachment/18091.pdf,text/html; charset=UTF-8,2026-08-09T02:15:27.140Z,
https://www.city.isehara.kanagawa.jp/_files/00157919/riyou-annai.pdf,venue-details.csv,DETAIL-5059,206,reachable,https://www.city.isehara.kanagawa.jp/_files/00157919/riyou-annai.pdf,application/pdf,2026-08-09T02:15:27.140Z,
https://www.city.isehara.kanagawa.jp/bunkakaikan/,candidate-venues.csv,CAND-930,206,reachable,https://www.city.isehara.kanagawa.jp/bunkakaikan/,text/html,2026-08-09T02:15:27.140Z,
https://www.city.isehara.kanagawa.jp/bunkakaikan/docs/2007120700023/,venue-details.csv,DETAIL-5046;DETAIL-5047;DETAIL-5048;DETAIL-5049;DETAIL-5050,206,reachable,https://www.city.isehara.kanagawa.jp/bunkakaikan/docs/2007120700023/,text/html,2026-08-09T02:15:27.140Z,
https://www.city.isehara.kanagawa.jp/bunkakaikan/docs/2012072500027/,venue-details.csv,DETAIL-5052;DETAIL-5053,206,reachable,https://www.city.isehara.kanagawa.jp/bunkakaikan/docs/2012072500027/,text/html,2026-08-09T02:15:27.140Z,
https://www.city.isehara.kanagawa.jp/bunkakaikan/docs/2012072500034/,venue-details.csv,DETAIL-5054;DETAIL-5055;DETAIL-5056;DETAIL-5057;DETAIL-5058,206,reachable,https://www.city.isehara.kanagawa.jp/bunkakaikan/docs/2012072500034/,text/html,2026-08-09T02:15:27.140Z,
https://www.city.isehara.kanagawa.jp/bunkakaikan/docs/2025121200021/file_contents/youkyuusuijunsho.pdf,venue-details.csv,DETAIL-5051,206,reachable,https://www.city.isehara.kanagawa.jp/bunkakaikan/docs/2025121200021/file_contents/youkyuusuijunsho.pdf,application/pdf,2026-08-09T02:15:27.140Z,
https://www.city.ishigaki.okinawa.jp/soshiki/kanko_bunka/bunka_shinko/5349.html,candidate-venues.csv;venue-details.csv,CAND-717;DETAIL-3152;DETAIL-3153;DETAIL-3154;DETAIL-3155,206,reachable,https://www.city.ishigaki.okinawa.jp/soshiki/kanko_bunka/bunka_shinko/5349.html,text/html,2026-08-09T02:15:27.140Z,
https://www.city.ishinomaki.lg.jp/cont/20206000/3531/annai.pdf,candidate-venues.csv;venue-details.csv,CAND-391;DETAIL-930;DETAIL-931;DETAIL-932;DETAIL-933;DETAIL-934;DETAIL-935;DETAIL-936;DETAIL-937,206,reachable,https://www.city.ishinomaki.lg.jp/cont/20206000/3531/annai.pdf,application/pdf,2026-08-09T02:15:27.140Z,
https://www.city.itami.lg.jp/SISETU_KIKAN/BUNKA/1392087076623.html,candidate-venues.csv;venue-details.csv,CAND-873;DETAIL-4365;DETAIL-4366;DETAIL-4367;DETAIL-4368;DETAIL-4369;DETAIL-4370,206,reachable,https://www.city.itami.lg.jp/SISETU_KIKAN/BUNKA/1392087076623.html,text/html,2026-08-09T02:15:27.140Z,
https://www.city.itoigawa.lg.jp/page/2168.html,candidate-venues.csv;venue-details.csv,CAND-540;DETAIL-1959;DETAIL-1960;DETAIL-1961;DETAIL-1962;DETAIL-1963;DETAIL-1964;DETAIL-1965;DETAIL-1966,206,reachable,https://www.city.itoigawa.lg.jp/page/2168.html,text/html,2026-08-09T02:15:27.140Z,
https://www.city.itoman.lg.jp/soshiki/21/10065.html,candidate-venues.csv,CAND-370,206,reachable,https://www.city.itoman.lg.jp/soshiki/21/10065.html,text/html,2026-08-09T02:15:27.140Z,
https://www.city.itoman.lg.jp/uploaded/attachment/16063.pdf,venue-details.csv,DETAIL-839;DETAIL-840;DETAIL-841,206,reachable,https://www.city.itoman.lg.jp/uploaded/attachment/16063.pdf,application/pdf,2026-08-09T02:15:27.140Z,
https://www.city.iwade.lg.jp/soshiki/3/2591.html,candidate-venues.csv;venue-details.csv,CAND-569;DETAIL-2224;DETAIL-2225,206,reachable,https://www.city.iwade.lg.jp/soshiki/3/2591.html,text/html,2026-08-09T02:15:27.140Z,
https://www.city.iwade.lg.jp/soshiki/9/1644.html,candidate-venues.csv;venue-details.csv,CAND-570;DETAIL-2226;DETAIL-2227;DETAIL-2228,206,reachable,https://www.city.iwade.lg.jp/soshiki/9/1644.html,text/html,2026-08-09T02:15:27.140Z,
https://www.city.iwaki.lg.jp/www/contents/1475578924917/index.html,candidate-venues.csv;venue-details.csv,CAND-287;DETAIL-596,200,reachable,https://www.city.iwaki.lg.jp/www/contents/1475578924917/index.html,text/html,2026-08-09T02:15:27.140Z,
https://www.city.iwaki.lg.jp/www/contents/1701908013047/simple/H29houkatsu-kekka.pdf,venue-details.csv,DETAIL-598,206,reachable,https://www.city.iwaki.lg.jp/www/contents/1701908013047/simple/H29houkatsu-kekka.pdf,application/pdf,2026-08-09T02:15:27.140Z,
https://www.city.iwakura.aichi.jp/0000000028.html,budget-scenarios.csv;candidate-venues.csv;price-observations.csv;venue-details.csv;venue-operations.csv,CAND-054;DETAIL-052;OP-025:booking_source_url;OP-025:operations_source_url;PRICE-133;PRICE-134;PRICE-135;PRICE-136;SCENARIO-001;SCENARIO-002,206,reachable,https://www.city.iwakura.aichi.jp/0000000028.html,text/html,2026-08-09T02:15:27.140Z,
https://www.city.iwamizawa.hokkaido.jp/soshiki/shogaigakushu_bunka_sportshinkoka/bunka_sport_shogaigakushu/4/3049.html,candidate-venues.csv;venue-details.csv,CAND-735;DETAIL-3281;DETAIL-3282;DETAIL-3283;DETAIL-3284;DETAIL-3285;DETAIL-3286;DETAIL-3287;DETAIL-3288;DETAIL-3289,200,reachable,https://www.city.iwamizawa.hokkaido.jp/soshiki/shogaigakushu_bunka_sportshinkoka/bunka_sport_shogaigakushu/4/3049.html,text/html,2026-08-09T02:15:27.140Z,
https://www.city.iwanuma.miyagi.jp/shisei/shisaku/hoshin/r7dai2kai_sisei.html,candidate-venues.csv;venue-details.csv,CAND-844;DETAIL-4083;DETAIL-4084,206,reachable,https://www.city.iwanuma.miyagi.jp/shisei/shisaku/hoshin/r7dai2kai_sisei.html,text/html,2026-08-09T02:15:27.140Z,
https://www.city.iwata.shizuoka.jp/shisetsu_guide/toshokan_bunka/hall/1010434.html,candidate-venues.csv;venue-details.csv,CAND-461;DETAIL-1337;DETAIL-1338;DETAIL-1339;DETAIL-1340;DETAIL-1341;DETAIL-1342,206,reachable,https://www.city.iwata.shizuoka.jp/shisetsu_guide/toshokan_bunka/hall/1010434.html,text/html,2026-08-09T02:15:27.140Z,
https://www.city.iyo.lg.jp/chousha/shisetsu_kensetsu/lib-hall/index.html,candidate-venues.csv;venue-details.csv,CAND-729;DETAIL-3244;DETAIL-3245;DETAIL-3246;DETAIL-3247;DETAIL-3248;DETAIL-3249;DETAIL-3250,206,reachable,https://www.city.iyo.lg.jp/chousha/shisetsu_kensetsu/lib-hall/index.html,text/html,2026-08-09T02:15:27.140Z,
https://www.city.izumo.shimane.jp/www/contents/1375231014521/html/common/600bba29011.html,candidate-venues.csv;venue-details.csv,CAND-357;DETAIL-810,206,reachable,https://www.city.izumo.shimane.jp/www/contents/1375231014521/html/common/600bba29011.html,text/html,2026-08-09T02:15:27.140Z,
https://www.city.izumo.shimane.jp/www/contents/1436341014316/html/common/6a290cc5017.html,candidate-venues.csv;venue-details.csv,CAND-360;DETAIL-817;DETAIL-818,404,client_error,https://www.city.izumo.shimane.jp/www/contents/1436341014316/html/common/6a290cc5017.html,text/html,2026-08-09T02:15:27.140Z,
https://www.city.izumo.shimane.jp/www/contents/1444295129562/files/bunka.pdf,venue-details.csv,DETAIL-813;DETAIL-814;DETAIL-815,206,reachable,https://www.city.izumo.shimane.jp/www/contents/1444295129562/files/bunka.pdf,application/pdf,2026-08-09T02:15:27.140Z,
https://www.city.izumo.shimane.jp/www/contents/1750992348310/simple/houkoku03.pdf,candidate-venues.csv;venue-details.csv,CAND-359;DETAIL-816,206,reachable,https://www.city.izumo.shimane.jp/www/contents/1750992348310/simple/houkoku03.pdf,application/pdf,2026-08-09T02:15:27.140Z,
https://www.city.izumo.shimane.jp/www/job/1111477917380/index_i.html,venue-details.csv,DETAIL-811,206,reachable,https://www.city.izumo.shimane.jp/www/job/1111477917380/index.html,text/html,2026-08-09T02:15:27.140Z,redirected
https://www.city.izumo.shimane.jp/www/window/index.html,candidate-venues.csv;venue-details.csv,CAND-358;DETAIL-812,206,reachable,https://www.city.izumo.shimane.jp/www/window/index.html,text/html,2026-08-09T02:15:27.140Z,
https://www.city.izunokuni.shizuoka.jp/bunka/manabi/shisetsu/axis/goannai.html,candidate-venues.csv;venue-details.csv,CAND-778;DETAIL-3610;DETAIL-3611;DETAIL-3612;DETAIL-3613;DETAIL-3614;DETAIL-3615;DETAIL-3616,200,reachable,https://www.city.izunokuni.shizuoka.jp/bunka/manabi/shisetsu/axis/goannai.html,text/html,2026-08-09T02:15:27.140Z,
https://www.city.joso.lg.jp/kurashi_gyousei/kurashi/shisetsu_koukyou/facility/shogaigakushucenter.html,candidate-venues.csv;venue-details.csv,CAND-438;DETAIL-1173;DETAIL-1174;DETAIL-1175;DETAIL-1176;DETAIL-1177;DETAIL-1178;DETAIL-1179;DETAIL-1180;DETAIL-1181,206,reachable,https://www.city.joso.lg.jp/kurashi_gyousei/kurashi/shisetsu_koukyou/facility/shogaigakushucenter.html,text/html,2026-08-09T02:15:27.140Z,
https://www.city.joyo.kyoto.jp/0000000733.html,candidate-venues.csv;venue-details.csv,CAND-513;DETAIL-1821;DETAIL-1822;DETAIL-1823;DETAIL-1824;DETAIL-1825;DETAIL-1826;DETAIL-1827;DETAIL-1828;DETAIL-1829;DETAIL-1830;DETAIL-1831;DETAIL-1832;DETAIL-1833,206,reachable,https://www.city.joyo.kyoto.jp/0000000733.html,text/html,2026-08-09T02:15:27.140Z,
https://www.city.kagoshima-izumi.lg.jp/site_data/izumi07/forms/39-1_01.pdf,candidate-venues.csv;venue-details.csv,CAND-420;DETAIL-1064;DETAIL-1065;DETAIL-1066,206,reachable,https://www.city.kagoshima-izumi.lg.jp/site_data/izumi07/forms/39-1_01.pdf,application/pdf,2026-08-09T02:15:27.140Z,
https://www.city.kagoshima.lg.jp/gikai/seimuchousa/shigikai/koho/shisegaiyo/documents/r207-simin.pdf,venue-details.csv,DETAIL-561,206,reachable,https://www.city.kagoshima.lg.jp/gikai/seimuchousa/shigikai/koho/shisegaiyo/documents/r207-simin.pdf,application/pdf,2026-08-09T02:15:27.140Z,
https://www.city.kagoshima.lg.jp/hsa-soumu/shisetsu/kaishin/kaishin.html,candidate-venues.csv;venue-details.csv,CAND-962;DETAIL-5299;DETAIL-5300;DETAIL-5301,206,reachable,https://www.city.kagoshima.lg.jp/hsa-soumu/shisetsu/kaishin/kaishin.html,text/html,2026-08-09T02:15:27.140Z,
https://www.city.kagoshima.lg.jp/kyoiku/kyoiku/syogaigaku/shisetsu/shogai/001.html,candidate-venues.csv;venue-details.csv,CAND-961;DETAIL-5284;DETAIL-5285;DETAIL-5286;DETAIL-5287;DETAIL-5288;DETAIL-5289;DETAIL-5290;DETAIL-5291;DETAIL-5292;DETAIL-5293;DETAIL-5294;DETAIL-5295;DETAIL-5296;DETAIL-5297;DETAIL-5298,206,reachable,https://www.city.kagoshima.lg.jp/kyoiku/kyoiku/syogaigaku/shisetsu/shogai/001.html,text/html,2026-08-09T02:15:27.140Z,
https://www.city.kagoshima.lg.jp/shimin/shiminbunka/bunkashinko/documents/shibun_daitaishisetsu0108.pdf,candidate-venues.csv;venue-details.csv,CAND-960;DETAIL-5271;DETAIL-5279;DETAIL-5280;DETAIL-5281;DETAIL-5282;DETAIL-5283;DETAIL-559;DETAIL-560,404,client_error,https://www.city.kagoshima.lg.jp/shimin/shiminbunka/bunkashinko/documents/shibun_daitaishisetsu0108.pdf,text/html,2026-08-09T02:15:27.140Z,
https://www.city.kagoshima.lg.jp/shimin/shiminbunka/bunkashinko/shisetsu/bunka/002.html,candidate-venues.csv,CAND-269,206,reachable,https://www.city.kagoshima.lg.jp/shimin/shiminbunka/bunkashinko/shisetsu/bunka/002.html,text/html,2026-08-09T02:15:27.140Z,
https://www.city.kahoku.lg.jp/shisetu/010/d000548.html,candidate-venues.csv;venue-details.csv,CAND-626;DETAIL-2604;DETAIL-2605;DETAIL-2606,206,reachable,https://www.city.kahoku.lg.jp/shisetu/010/d000548.html,text/html,2026-08-09T02:15:27.140Z,
https://www.city.kai.yamanashi.jp/page/4967.html,candidate-venues.csv;venue-details.csv,CAND-459;DETAIL-1320;DETAIL-1321;DETAIL-1322;DETAIL-1323;DETAIL-1324;DETAIL-1325,206,reachable,https://www.city.kai.yamanashi.jp/page/4967.html,text/html,2026-08-09T02:15:27.140Z,
https://www.city.kainan.lg.jp/shiseijoho/shiyakusho/sisetusyosai/kouryuusennta/ryokinhyo.html,candidate-venues.csv;venue-details.csv,CAND-568;DETAIL-2212;DETAIL-2213;DETAIL-2214;DETAIL-2215;DETAIL-2216;DETAIL-2217;DETAIL-2218;DETAIL-2219;DETAIL-2220;DETAIL-2221;DETAIL-2222,206,reachable,https://www.city.kainan.lg.jp/shiseijoho/shiyakusho/sisetusyosai/kouryuusennta/ryokinhyo.html,text/html,2026-08-09T02:15:27.140Z,
https://www.city.kainan.lg.jp/shiseijoho/sisetusyosai/kouryuusennta/ryokinhyo.html,venue-details.csv,DETAIL-2223,404,client_error,https://www.city.kainan.lg.jp/shiseijoho/sisetusyosai/kouryuusennta/ryokinhyo.html,text/html,2026-08-09T02:15:27.140Z,
https://www.city.kaizu.lg.jp/html/reiki/reiki_honbun/r157RG00000233.html,candidate-venues.csv;venue-details.csv,CAND-944;DETAIL-5173;DETAIL-5175;DETAIL-5176;DETAIL-5177;DETAIL-5178;DETAIL-5179;DETAIL-5180;DETAIL-5181;DETAIL-5182,206,reachable,https://www.city.kaizu.lg.jp/html/reiki/reiki_honbun/r157RG00000233.html,text/html,2026-08-09T02:15:27.140Z,
https://www.city.kaizu.lg.jp/kurashi/cmsfiles/contents/0000001/1158/R6.4.1.pdf,venue-details.csv,DETAIL-5174,404,client_error,https://www.city.kaizu.lg.jp/kurashi/cmsfiles/contents/0000001/1158/R6.4.1.pdf,text/html,2026-08-09T02:15:27.140Z,
https://www.city.kaizuka.lg.jp/kanko/taiken/kosmossiater.html,candidate-venues.csv,CAND-1178,206,reachable,https://www.city.kaizuka.lg.jp/kanko/taiken/kosmossiater.html,text/html,2026-08-09T02:15:27.140Z,
https://www.city.kakamigahara.lg.jp/kankobunka/1004515/1013390/1013625.html,candidate-venues.csv;venue-details.csv,CAND-746;DETAIL-3352,206,reachable,https://www.city.kakamigahara.lg.jp/kankobunka/1004515/1013390/1013625.html,text/html,2026-08-09T02:15:27.140Z,
https://www.city.kakegawa.shizuoka.jp/fs/8/7/8/2/9/_/H28kyouikukoukoku03.pdf,candidate-venues.csv;venue-details.csv,CAND-638;DETAIL-2654;DETAIL-2655;DETAIL-2656;DETAIL-2657;DETAIL-2658;DETAIL-2659,206,reachable,https://www.city.kakegawa.shizuoka.jp/fs/8/7/8/2/9/_/H28kyouikukoukoku03.pdf,application/pdf,2026-08-09T02:15:27.140Z,
https://www.city.kakuda.lg.jp/soshiki/22/592.html,candidate-venues.csv;venue-details.csv,CAND-843;DETAIL-4066;DETAIL-4067;DETAIL-4068;DETAIL-4069;DETAIL-4070;DETAIL-4071;DETAIL-4072;DETAIL-4073;DETAIL-4074;DETAIL-4075;DETAIL-4076;DETAIL-4077;DETAIL-4078;DETAIL-4079;DETAIL-4080;DETAIL-4081;DETAIL-4082,206,reachable,https://www.city.kakuda.lg.jp/soshiki/22/592.html,text/html,2026-08-09T02:15:27.140Z,
https://www.city.kamaishi.iwate.jp/docs/2017121800097/,candidate-venues.csv,CAND-423,206,reachable,https://www.city.kamaishi.iwate.jp/docs/2017121800097/,text/html,2026-08-09T02:15:27.140Z,
https://www.city.kamaishi.iwate.jp/docs/2017121800097/file_contents/2017121800097_www_city_kamaishi_iwate_jp_tanoshimu_shisetsu_shimin_hall___icsFiles_afieldfile_2017_12_18_shisetu-gaiyou_2.pdf,venue-details.csv,DETAIL-1080;DETAIL-1081;DETAIL-1082;DETAIL-1083;DETAIL-1084;DETAIL-1085;DETAIL-1086,206,reachable,https://www.city.kamaishi.iwate.jp/docs/2017121800097/file_contents/2017121800097_www_city_kamaishi_iwate_jp_tanoshimu_shisetsu_shimin_hall___icsFiles_afieldfile_2017_12_18_shisetu-gaiyou_2.pdf,application/pdf,2026-08-09T02:15:27.140Z,
https://www.city.kameoka.kyoto.jp/soshiki/12/2408.html,candidate-venues.csv;venue-details.csv,CAND-694;DETAIL-3012;DETAIL-3013;DETAIL-3014;DETAIL-3015;DETAIL-3016;DETAIL-3017;DETAIL-3018;DETAIL-3019;DETAIL-3020;DETAIL-3021,206,reachable,https://www.city.kameoka.kyoto.jp/soshiki/12/2408.html,text/html,2026-08-09T02:15:27.140Z,
https://www.city.kami.lg.jp/soshiki/55/riyouannnai.html,candidate-venues.csv;venue-details.csv,CAND-966;DETAIL-5312;DETAIL-5313;DETAIL-5314;DETAIL-5315;DETAIL-5316;DETAIL-5317;DETAIL-5318;DETAIL-5319;DETAIL-5320;DETAIL-5321;DETAIL-5322,206,reachable,https://www.city.kami.lg.jp/soshiki/55/riyouannnai.html,text/html,2026-08-09T02:15:27.140Z,
https://www.city.kamo.niigata.jp/docs/329529.html,candidate-venues.csv;venue-details.csv,CAND-543;DETAIL-1974,206,reachable,https://www.city.kamo.niigata.jp/docs/329529.html,text/html,2026-08-09T02:15:27.140Z,
https://www.city.kamogawa.lg.jp/site/shisetsu/112.html,candidate-venues.csv,CAND-816,206,reachable,https://www.city.kamogawa.lg.jp/site/shisetsu/112.html,text/html,2026-08-09T02:15:27.140Z,
https://www.city.kamogawa.lg.jp/uploaded/attachment/20120.pdf,venue-details.csv,DETAIL-3904;DETAIL-3905,206,reachable,https://www.city.kamogawa.lg.jp/uploaded/attachment/20120.pdf,application/pdf,2026-08-09T02:15:27.140Z,
https://www.city.kanazawa.ishikawa.jp/reiki/reiki_honbun/a400RG00000372.html,price-observations.csv,PRICE-407;PRICE-408,206,reachable,https://www.city.kanazawa.ishikawa.jp/reiki/reiki_honbun/a400RG00000372.html,text/html,2026-08-09T02:15:27.140Z,
https://www.city.kanonji.kagawa.jp/soshiki/43/6735.html,candidate-venues.csv;venue-details.csv,CAND-361;DETAIL-819;DETAIL-820;DETAIL-821;DETAIL-822,206,reachable,https://www.city.kanonji.kagawa.jp/soshiki/43/6735.html,text/html,2026-08-09T02:15:27.140Z,
https://www.city.kanoya.lg.jp/documents/11369/koukikihonnkeikaku.pdf,venue-details.csv,DETAIL-1052;DETAIL-1053,206,reachable,https://www.city.kanoya.lg.jp/documents/11369/koukikihonnkeikaku.pdf,application/pdf,2026-08-09T02:15:27.140Z,
https://www.city.kanuma.tochigi.jp/0466/info-0000003109-0.html,candidate-venues.csv;venue-details.csv,CAND-347;DETAIL-787;DETAIL-788;DETAIL-789;DETAIL-790,206,reachable,https://www.city.kanuma.tochigi.jp/0466/info-0000003109-0.html,text/html,2026-08-09T02:15:27.140Z,
https://www.city.kanzaki.saga.jp/main/464.html,candidate-venues.csv;venue-details.csv,CAND-581;DETAIL-2281;DETAIL-2282;DETAIL-2283;DETAIL-2284;DETAIL-2285;DETAIL-2286;DETAIL-2287,200,reachable,https://www.city.kanzaki.saga.jp/main/464.html,text/html; charset=UTF-8,2026-08-09T02:15:27.140Z,
https://www.city.karatsu.lg.jp/page/1477.html,candidate-venues.csv;venue-details.csv,CAND-979;DETAIL-5398;DETAIL-5399;DETAIL-5400;DETAIL-5401;DETAIL-5402,206,reachable,https://www.city.karatsu.lg.jp/page/1477.html,text/html,2026-08-09T02:15:27.140Z,
https://www.city.karatsu.lg.jp/page/2253.html,candidate-venues.csv;venue-details.csv,CAND-978;DETAIL-5392;DETAIL-5393;DETAIL-5394;DETAIL-5395;DETAIL-5396;DETAIL-5397,206,reachable,https://www.city.karatsu.lg.jp/page/2253.html,text/html,2026-08-09T02:15:27.140Z,
https://www.city.karatsu.lg.jp/page/2865.html,candidate-venues.csv;venue-details.csv,CAND-267;DETAIL-555;DETAIL-556,206,reachable,https://www.city.karatsu.lg.jp/page/2865.html,text/html,2026-08-09T02:15:27.140Z,
https://www.city.kariya.lg.jp/kankobunka/rekishibunka/geijyutsu/1006384.html,candidate-venues.csv,CAND-509,206,reachable,https://www.city.kariya.lg.jp/kankobunka/rekishibunka/geijyutsu/1006384.html,text/html,2026-08-09T02:15:27.140Z,
https://www.city.kasama.lg.jp/page/page001259.html,candidate-venues.csv;venue-details.csv,CAND-292;DETAIL-608,206,reachable,https://www.city.kasama.lg.jp/page/page001259.html,text/html,2026-08-09T02:15:27.140Z,
https://www.city.kasama.lg.jp/page/page001862.html,candidate-venues.csv;venue-details.csv,CAND-611;DETAIL-2495;DETAIL-2496,206,reachable,https://www.city.kasama.lg.jp/page/page001862.html,text/html,2026-08-09T02:15:27.140Z,
https://www.city.kasaoka.okayama.jp/soshiki/39/2503.html,candidate-venues.csv;venue-details.csv,CAND-377;DETAIL-865;DETAIL-866;DETAIL-867;DETAIL-868;DETAIL-869,206,reachable,https://www.city.kasaoka.okayama.jp/soshiki/39/2503.html,text/html,2026-08-09T02:15:27.140Z,
https://www.city.kashiba.lg.jp/uploaded/attachment/25072.pdf,candidate-venues.csv;venue-details.csv,CAND-472;DETAIL-1407;DETAIL-1408;DETAIL-1409;DETAIL-1410;DETAIL-1411;DETAIL-1412;DETAIL-1413;DETAIL-1414;DETAIL-1415,206,reachable,https://www.city.kashiba.lg.jp/uploaded/attachment/25072.pdf,application/pdf,2026-08-09T02:15:27.140Z,
https://www.city.kashiwa.lg.jp/facilities/culture/bunkakaikan.html,candidate-venues.csv;venue-details.csv,CAND-449;DETAIL-1252;DETAIL-1253,206,reachable,https://www.city.kashiwa.lg.jp/facilities/culture/bunkakaikan.html,text/html,2026-08-09T02:15:27.140Z,
https://www.city.kashiwazaki.lg.jp/shisetsuannai_shisetsuyoyaku/shisetsuannai/kyoiku_bunka_sangyo/11032.html,candidate-venues.csv,CAND-899,206,reachable,https://www.city.kashiwazaki.lg.jp/shisetsuannai_shisetsuyoyaku/shisetsuannai/kyoiku_bunka_sangyo/11032.html,text/html,2026-08-09T02:15:27.140Z,
https://www.city.kasuga.fukuoka.jp/shisetsu/bunka/bunka/1005164.html,candidate-venues.csv,CAND-887,206,reachable,https://www.city.kasuga.fukuoka.jp/shisetsu/bunka/bunka/1005164.html,text/html,2026-08-09T02:15:27.140Z,
https://www.city.kasukabe.lg.jp/soshikikarasagasu/gakkosomuka/gyomuannai/4/1/2/6210.html,candidate-venues.csv;venue-details.csv,CAND-1026;DETAIL-5820;DETAIL-5821;DETAIL-5822;DETAIL-5823;DETAIL-5824;DETAIL-5825;DETAIL-5826,206,reachable,https://www.city.kasukabe.lg.jp/soshikikarasagasu/gakkosomuka/gyomuannai/4/1/2/6210.html,text/html,2026-08-09T02:15:27.140Z,
https://www.city.katagami.lg.jp/section/reiki_int/reiki_honbun/r123RG00000184.html,venue-details.csv,DETAIL-3797;DETAIL-3798;DETAIL-3799;DETAIL-3800;DETAIL-3801;DETAIL-3802;DETAIL-3803;DETAIL-3804,206,reachable,https://www.city.katagami.lg.jp/section/reiki_int/reiki_honbun/r123RG00000184.html,text/html,2026-08-09T02:15:27.140Z,
https://www.city.katagami.lg.jp/soshiki/kyoikuiinkai_kyoiku/katagamishiminsenta/index.html,candidate-venues.csv,CAND-804,206,reachable,https://www.city.katagami.lg.jp/soshiki/kyoikuiinkai_kyoiku/katagamishiminsenta/index.html,text/html,2026-08-09T02:15:27.140Z,
https://www.city.kato.lg.jp/material/files/group/11/yasiro_b.pdf,candidate-venues.csv;venue-details.csv,CAND-876;DETAIL-4382;DETAIL-4383;DETAIL-4384;DETAIL-4385;DETAIL-4386;DETAIL-4387;DETAIL-4388;DETAIL-4389;DETAIL-4390;DETAIL-4391;DETAIL-4392;DETAIL-4393;DETAIL-4394,206,reachable,https://www.city.kato.lg.jp/material/files/group/11/yasiro_b.pdf,application/pdf,2026-08-09T02:15:27.140Z,
https://www.city.katsuragi.nara.jp/soshiki/shinjobunkakaikan/3222.html,candidate-venues.csv;venue-details.csv,CAND-646;DETAIL-2674;DETAIL-2675;DETAIL-2676,206,reachable,https://www.city.katsuragi.nara.jp/soshiki/shinjobunkakaikan/3222.html,text/html,2026-08-09T02:15:27.140Z,
https://www.city.katsuragi.nara.jp/soshiki/taimabunkakaikan/3224.html,candidate-venues.csv;venue-details.csv,CAND-645;DETAIL-2666;DETAIL-2667;DETAIL-2668;DETAIL-2669;DETAIL-2670;DETAIL-2671;DETAIL-2672;DETAIL-2673,206,reachable,https://www.city.katsuragi.nara.jp/soshiki/taimabunkakaikan/3224.html,text/html,2026-08-09T02:15:27.140Z,
https://www.city.katsushika.lg.jp/_res/projects/default_project/_page_/001/006/812/riyouryoukinn.r6.04.pdf,venue-details.csv,DETAIL-4171;DETAIL-4172;DETAIL-4173;DETAIL-4174;DETAIL-4175;DETAIL-4176;DETAIL-4177;DETAIL-4178;DETAIL-4179;DETAIL-4180;DETAIL-4181;DETAIL-4182;DETAIL-4183;DETAIL-4184;DETAIL-4185;DETAIL-4186;DETAIL-4187;DETAIL-4188;DETAIL-4189,206,reachable,https://www.city.katsushika.lg.jp/_res/projects/default_project/_page_/001/006/812/riyouryoukinn.r6.04.pdf,application/pdf,2026-08-09T02:15:27.140Z,
https://www.city.kawachinagano.lg.jp/map/lovelyhall.html,candidate-venues.csv;venue-details.csv,CAND-911;DETAIL-4837;DETAIL-4838;DETAIL-4839;DETAIL-4840;DETAIL-4841;DETAIL-4842;DETAIL-4843;DETAIL-4844;DETAIL-4845,206,reachable,https://www.city.kawachinagano.lg.jp/map/lovelyhall.html,text/html,2026-08-09T02:15:27.140Z,
https://www.city.kawagoe.saitama.jp/_res/projects/default_project/_page_/001/008/271/kobetsu-3c.pdf,venue-details.csv,DETAIL-628,404,client_error,https://www.city.kawagoe.saitama.jp/_res/projects/default_project/_page_/001/008/271/kobetsu-3c.pdf,text/html,2026-08-09T02:15:27.140Z,
https://www.city.kawanishi.hyogo.jp/shisetsu/1002909/1007998.html,candidate-venues.csv;venue-details.csv,CAND-874;DETAIL-4371,206,reachable,https://www.city.kawanishi.hyogo.jp/shisetsu/1002909/1007998.html,text/html,2026-08-09T02:15:27.140Z,
https://www.city.kazuno.lg.jp/soshiki/shogaigakushu/bunkanomorikoryukan/gyomu/1/1/1263.html,candidate-venues.csv;venue-details.csv,CAND-279;DETAIL-582,206,reachable,https://www.city.kazuno.lg.jp/soshiki/shogaigakushu/bunkanomorikoryukan/gyomu/1/1/1263.html,text/html,2026-08-09T02:15:27.140Z,
https://www.city.kikuchi.lg.jp/article/view/1022/445.html,candidate-venues.csv;venue-details.csv,CAND-587;DETAIL-2321;DETAIL-2322;DETAIL-2323;DETAIL-2324,206,reachable,https://www.city.kikuchi.lg.jp/article/view/1022/445.html,text/html; charset=UTF-8,2026-08-09T02:15:27.140Z,
https://www.city.kikugawa.shizuoka.jp/shakaikyouiku/bunkakaikan_ael.html,candidate-venues.csv;venue-details.csv,CAND-1048;DETAIL-6108;DETAIL-6109,200,reachable,https://www.city.kikugawa.shizuoka.jp/shakaikyouiku/bunkakaikan_ael.html,text/html,2026-08-09T02:15:27.140Z,
https://www.city.kinokawa.lg.jp/044/01/files/kishigawaryoukinn.10.pdf,candidate-venues.csv;venue-details.csv,CAND-405;DETAIL-1001;DETAIL-1002;DETAIL-1003;DETAIL-1004;DETAIL-1005;DETAIL-1006,206,reachable,https://www.city.kinokawa.lg.jp/044/01/files/kishigawaryoukinn.10.pdf,application/pdf,2026-08-09T02:15:27.140Z,
https://www.city.kiryu.lg.jp/_res/projects/default_project/_page_/001/020/951/shisetsu_besshi1.pdf,candidate-venues.csv;venue-details.csv,CAND-442;DETAIL-1202;DETAIL-1203;DETAIL-1204;DETAIL-1205;DETAIL-1206;DETAIL-1207;DETAIL-1208;DETAIL-1209;DETAIL-1210;DETAIL-1211;DETAIL-1212;DETAIL-1213;DETAIL-1214;DETAIL-1215;DETAIL-1216,206,reachable,https://www.city.kiryu.lg.jp/_res/projects/default_project/_page_/001/020/951/shisetsu_besshi1.pdf,application/pdf,2026-08-09T02:15:27.140Z,
https://www.city.kisarazu.lg.jp/soshiki/shimin/chiikikouryucenter/chuo/1/13822.html,candidate-venues.csv;venue-details.csv,CAND-814;DETAIL-3883;DETAIL-3884;DETAIL-3885;DETAIL-3886;DETAIL-3887;DETAIL-3888;DETAIL-3889;DETAIL-3890,206,reachable,https://www.city.kisarazu.lg.jp/soshiki/shimin/chiikikouryucenter/chuo/1/13822.html,text/html,2026-08-09T02:15:27.140Z,
https://www.city.kita.lg.jp/children-edu/adult-learning/1010206/1010227/1010228.html,candidate-venues.csv;venue-details.csv,CAND-850;DETAIL-4149;DETAIL-4150;DETAIL-4151;DETAIL-4152;DETAIL-4153;DETAIL-4154;DETAIL-4155;DETAIL-4156;DETAIL-4157;DETAIL-4158;DETAIL-4159;DETAIL-4160;DETAIL-4161;DETAIL-4162,206,reachable,https://www.city.kita.lg.jp/children-edu/adult-learning/1010206/1010227/1010228.html,text/html,2026-08-09T02:15:27.140Z,
https://www.city.kitaakita.akita.jp/genre/koukyoushisetu/bunka_hukush/falcon/access,candidate-venues.csv;venue-details.csv,CAND-596;DETAIL-2393;DETAIL-2394;DETAIL-2395;DETAIL-2396,200,reachable,https://www.city.kitaakita.akita.jp/genre/koukyoushisetu/bunka_hukush/falcon/access,text/html; charset=UTF-8,2026-08-09T02:15:27.140Z,
https://www.city.kitahiroshima.hokkaido.jp/hanahall/detail/00133357.html,candidate-venues.csv;venue-details.csv,CAND-736;DETAIL-3290;DETAIL-3291;DETAIL-3292;DETAIL-3293;DETAIL-3294;DETAIL-3295;DETAIL-3296;DETAIL-3297,200,reachable,https://www.city.kitahiroshima.hokkaido.jp/hanahall/detail/00133357.html,text/html; charset=UTF-8,2026-08-09T02:15:27.140Z,
https://www.city.kitakami.iwate.jp/life/search/facility/kyouikubunkashisetu/11638.html,candidate-venues.csv,CAND-274,206,reachable,https://www.city.kitakami.iwate.jp/life/search/facility/kyouikubunkashisetu/11638.html,text/html,2026-08-09T02:15:27.140Z,
https://www.city.kitakyushu.lg.jp/contents/02100115.html,candidate-venues.csv;venue-details.csv,CAND-1153;DETAIL-7464;DETAIL-7465;DETAIL-7466;DETAIL-7467;DETAIL-7468;DETAIL-7469;DETAIL-7470;DETAIL-7471;DETAIL-7472;DETAIL-7473;DETAIL-7474;DETAIL-7475;DETAIL-7476;DETAIL-7477;DETAIL-7478,206,reachable,https://www.city.kitakyushu.lg.jp/contents/02100115.html,text/html,2026-08-09T02:15:27.140Z,
https://www.city.kitami.lg.jp/detail.php?content=9341,candidate-venues.csv;venue-details.csv,CAND-554;DETAIL-2051;DETAIL-2052;DETAIL-2053;DETAIL-2054;DETAIL-2055,200,reachable,https://www.city.kitami.lg.jp/detail.php?content=9341,text/html; charset=UTF-8,2026-08-09T02:15:27.140Z,
https://www.city.kitsuki.lg.jp/soshiki/7/bunka/sports/sports_shisetsu/985.html,candidate-venues.csv;venue-details.csv,CAND-662;DETAIL-2761;DETAIL-2762;DETAIL-2763;DETAIL-2764;DETAIL-2765;DETAIL-2766,206,reachable,https://www.city.kitsuki.lg.jp/soshiki/7/bunka/sports/sports_shisetsu/985.html,text/html,2026-08-09T02:15:27.140Z,
https://www.city.kizugawa.lg.jp/0000001530.html,candidate-venues.csv;venue-details.csv,CAND-695;DETAIL-3022,206,reachable,https://www.city.kizugawa.lg.jp/0000001530.html,text/html,2026-08-09T02:15:27.140Z,
https://www.city.kobayashi.lg.jp/soshikikarasagasu/kyoikubushakaikyoikuka_bunkakaikan/bunka_geijutsu/1695.html,candidate-venues.csv;venue-details.csv,CAND-338;DETAIL-746;DETAIL-747,206,reachable,https://www.city.kobayashi.lg.jp/soshikikarasagasu/kyoikubushakaikyoikuka_bunkakaikan/bunka_geijutsu/1695.html,text/html,2026-08-09T02:15:27.140Z,
https://www.city.kobayashi.lg.jp/soshikikarasagasu/kyoikubushakaikyoikuka_bunkakaikan/bunka_geijutsu/1774.html,venue-details.csv,DETAIL-745;DETAIL-748;DETAIL-756;DETAIL-757,206,reachable,https://www.city.kobayashi.lg.jp/soshikikarasagasu/kyoikubushakaikyoikuka_bunkakaikan/bunka_geijutsu/1774.html,text/html,2026-08-09T02:15:27.140Z,
https://www.city.kochi-konan.lg.jp/soshikikarasagasu/fureai/5301.html,candidate-venues.csv;venue-details.csv,CAND-758;DETAIL-3435;DETAIL-3436;DETAIL-3437;DETAIL-3438;DETAIL-3439;DETAIL-3440;DETAIL-3441;DETAIL-3442;DETAIL-3443;DETAIL-3444;DETAIL-3445;DETAIL-3446,206,reachable,https://www.city.kochi-konan.lg.jp/soshikikarasagasu/fureai/5301.html,text/html,2026-08-09T02:15:27.140Z,
https://www.city.kochi.kochi.jp/soshiki/21/kimura-open.html,candidate-venues.csv;venue-details.csv,CAND-578;DETAIL-2257;DETAIL-2258;DETAIL-2259;DETAIL-2260;DETAIL-2261;DETAIL-2262,206,reachable,https://www.city.kochi.kochi.jp/soshiki/21/kimura-open.html,text/html,2026-08-09T02:15:27.140Z,
https://www.city.kochi.kochi.jp/soshiki/79/harunohituzangattiku.html,candidate-venues.csv;venue-details.csv,CAND-579;DETAIL-2263;DETAIL-2264;DETAIL-2265;DETAIL-2266;DETAIL-2267;DETAIL-2268,206,reachable,https://www.city.kochi.kochi.jp/soshiki/79/harunohituzangattiku.html,text/html,2026-08-09T02:15:27.140Z,
https://www.city.kochi.kochi.jp/soshiki/79/misatobunkakaikan-annai.html,candidate-venues.csv;venue-details.csv,CAND-576;DETAIL-2245;DETAIL-2246;DETAIL-2247;DETAIL-2248;DETAIL-2249,206,reachable,https://www.city.kochi.kochi.jp/soshiki/79/misatobunkakaikan-annai.html,text/html,2026-08-09T02:15:27.140Z,
https://www.city.kochi.kochi.jp/soshiki/79/shisetsuannai.html,candidate-venues.csv;venue-details.csv,CAND-577;DETAIL-2250;DETAIL-2251;DETAIL-2252;DETAIL-2253;DETAIL-2254;DETAIL-2255;DETAIL-2256,206,reachable,https://www.city.kochi.kochi.jp/soshiki/79/shisetsuannai.html,text/html,2026-08-09T02:15:27.140Z,
https://www.city.kodaira.lg.jp/kurashi/006/006354.html,candidate-venues.csv,CAND-1107,,network_error,,,2026-08-09T02:15:27.140Z,fetch failed
https://www.city.koga.fukuoka.jp/cityhall/work/shogaku/035.php,candidate-venues.csv;venue-details.csv,CAND-885;DETAIL-4457;DETAIL-4458;DETAIL-4459;DETAIL-4460;DETAIL-4461;DETAIL-4462;DETAIL-4463;DETAIL-4464;DETAIL-4465;DETAIL-4466;DETAIL-4467;DETAIL-4468;DETAIL-4469;DETAIL-4470;DETAIL-4471;DETAIL-4472;DETAIL-4473;DETAIL-4474;DETAIL-4475;DETAIL-4476;DETAIL-4477;DETAIL-4478;DETAIL-4479,200,reachable,https://www.city.koga.fukuoka.jp/cityhall/work/shogaku/035.php,text/html,2026-08-09T02:15:27.140Z,
https://www.city.koka.lg.jp/2217.htm,candidate-venues.csv;venue-details.csv,CAND-465;DETAIL-1366;DETAIL-1367;DETAIL-1368;DETAIL-1369;DETAIL-1370;DETAIL-1371;DETAIL-1372,200,reachable,https://www.city.koka.lg.jp/2217.htm,text/html; charset=utf-8,2026-08-09T02:15:27.140Z,
https://www.city.komagane.nagano.jp/soshikiichiran/shakaikyoikuka/bunkagakari/2/1/1/4784.html,venue-details.csv,DETAIL-2147;DETAIL-2148;DETAIL-2149;DETAIL-2150;DETAIL-2151,206,reachable,https://www.city.komagane.nagano.jp/soshikiichiran/shakaikyoikuka/bunkagakari/2/1/1/4784.html,text/html,2026-08-09T02:15:27.140Z,
https://www.city.komatsushima.lg.jp/docs/4368863.html,candidate-venues.csv;venue-details.csv,CAND-408;DETAIL-1014;DETAIL-1015;DETAIL-1016,404,client_error,https://www.city.komatsushima.lg.jp/docs/4368863.html,text/html,2026-08-09T02:15:27.140Z,
https://www.city.komoro.lg.jp/soshikikarasagasu/bunkacenter/shisetsuannai/7522.html,candidate-venues.csv;venue-details.csv,CAND-743;DETAIL-3334;DETAIL-3335;DETAIL-3336;DETAIL-3337;DETAIL-3338,206,reachable,https://www.city.komoro.lg.jp/soshikikarasagasu/bunkacenter/shisetsuannai/7522.html,text/html,2026-08-09T02:15:27.140Z,
https://www.city.koriyama.lg.jp/soshiki/43/6952.html,candidate-venues.csv,CAND-285,206,reachable,https://www.city.koriyama.lg.jp/soshiki/43/6952.html,text/html,2026-08-09T02:15:27.140Z,
https://www.city.koriyama.lg.jp/soshiki/44/1662.html,candidate-venues.csv;venue-details.csv;venue-operations.csv,CAND-190;DETAIL-278;OP-173:access_source_url,206,reachable,https://www.city.koriyama.lg.jp/soshiki/44/1662.html,text/html,2026-08-09T02:15:27.140Z,
https://www.city.koriyama.lg.jp/soshiki/44/186527.html,venue-operations.csv,OP-173:operations_source_url,206,reachable,https://www.city.koriyama.lg.jp/soshiki/44/186527.html,text/html,2026-08-09T02:15:27.140Z,
https://www.city.koriyama.lg.jp/soshiki/44/50230.html,venue-operations.csv,OP-173:booking_source_url,206,reachable,https://www.city.koriyama.lg.jp/soshiki/44/50230.html,text/html,2026-08-09T02:15:27.140Z,
https://www.city.koriyama.lg.jp/uploaded/attachment/109350.pdf,price-observations.csv,PRICE-534;PRICE-535;PRICE-536;PRICE-537;PRICE-538,206,reachable,https://www.city.koriyama.lg.jp/uploaded/attachment/109350.pdf,application/pdf,2026-08-09T02:15:27.140Z,
https://www.city.kosai.shizuoka.jp/kosodate_kyoiku/kyoiku_bunka/bunka_shogaigakushu/4335.html,candidate-venues.csv;venue-details.csv,CAND-464;DETAIL-1363;DETAIL-1364;DETAIL-1365,206,reachable,https://www.city.kosai.shizuoka.jp/kosodate_kyoiku/kyoiku_bunka/bunka_shogaigakushu/4335.html,text/html,2026-08-09T02:15:27.140Z,
https://www.city.kosai.shizuoka.jp/material/files/group/1/araichiikicenter_ryokin_20240701.pdf,venue-details.csv,DETAIL-1362,404,client_error,https://www.city.kosai.shizuoka.jp/material/files/group/1/araichiikicenter_ryokin_20240701.pdf,text/html,2026-08-09T02:15:27.140Z,
https://www.city.koshi.lg.jp/kiji00322744/index.html,candidate-venues.csv;venue-details.csv,CAND-584;DETAIL-2297;DETAIL-2298;DETAIL-2299;DETAIL-2300;DETAIL-2301;DETAIL-2302,206,reachable,https://www.city.koshi.lg.jp/kiji00322744/index.html,text/html,2026-08-09T02:15:27.140Z,
https://www.city.koshigaya.saitama.jp/kurashi_shisei/shisei/keikaku/kakushukeikaku/shisei/nankoshisyuhen/files/04gaiyou.pdf,venue-details.csv,DETAIL-2550,206,reachable,https://www.city.koshigaya.saitama.jp/kurashi_shisei/shisei/keikaku/kakushukeikaku/shisei/nankoshisyuhen/files/04gaiyou.pdf,application/pdf,2026-08-09T02:15:27.140Z,
https://www.city.koshigaya.saitama.jp/toiawase/shisetsu/siminkaikan/komisen.html,candidate-venues.csv,CAND-618,206,reachable,https://www.city.koshigaya.saitama.jp/toiawase/shisetsu/siminkaikan/komisen.html,text/html,2026-08-09T02:15:27.140Z,
https://www.city.kuji.lg.jp/kanko_bunka_sports/kujisi_bunka_kaikan/4/2905.html,candidate-venues.csv;venue-details.csv,CAND-422;DETAIL-1072;DETAIL-1073;DETAIL-1074;DETAIL-1075;DETAIL-1076,206,reachable,https://www.city.kuji.lg.jp/kanko_bunka_sports/kujisi_bunka_kaikan/4/2905.html,text/html,2026-08-09T02:15:27.140Z,
https://www.city.kuji.lg.jp/kanko_bunka_sports/kujisi_bunka_kaikan/5/2254.html,venue-details.csv,DETAIL-1077;DETAIL-1078;DETAIL-1079,206,reachable,https://www.city.kuji.lg.jp/kanko_bunka_sports/kujisi_bunka_kaikan/5/2254.html,text/html,2026-08-09T02:15:27.140Z,
https://www.city.kuki.lg.jp/shisei/shisetsu/community_center/1006615.html,candidate-venues.csv;venue-details.csv,CAND-445;DETAIL-1225;DETAIL-1226;DETAIL-1227;DETAIL-1228;DETAIL-1229;DETAIL-1230;DETAIL-1231;DETAIL-1232;DETAIL-1233;DETAIL-1234,206,reachable,https://www.city.kuki.lg.jp/shisei/shisetsu/community_center/1006615.html,text/html,2026-08-09T02:15:27.140Z,
https://www.city.kumamoto.jp/dynamic/info/pub/detail.aspx?c_id=59&id=271,candidate-venues.csv,CAND-981,200,reachable,https://www.city.kumamoto.jp/dynamic/info/pub/detail.aspx?c_id=59&id=271,text/html; charset=utf-8,2026-08-09T02:15:27.140Z,
https://www.city.kumano.lg.jp/news/detail.html?content=857,candidate-venues.csv;venue-details.csv,CAND-239;DETAIL-513,200,reachable,https://www.city.kumano.lg.jp/news/detail.html?content=857,text/html; charset=UTF-8,2026-08-09T02:15:27.140Z,
https://www.city.kunisaki.oita.jp/site/kyouikukage/asuto-kunimsaki.html,candidate-venues.csv;venue-details.csv,CAND-485;DETAIL-1568;DETAIL-1569;DETAIL-1570;DETAIL-1571,206,reachable,https://www.city.kunisaki.oita.jp/site/kyouikukage/asuto-kunimsaki.html,text/html,2026-08-09T02:15:27.140Z,
https://www.city.kurobe.toyama.jp/attach/EDIT/004/004085.pdf,candidate-venues.csv;venue-details.csv,CAND-350;DETAIL-796;DETAIL-797;DETAIL-798;DETAIL-799,206,reachable,https://www.city.kurobe.toyama.jp/attach/EDIT/004/004085.pdf,application/pdf,2026-08-09T02:15:27.140Z,
https://www.city.kuroishi.aomori.jp/shisei/facility/facility/sangyou.html,candidate-venues.csv;venue-details.csv,CAND-837;DETAIL-4037;DETAIL-4038;DETAIL-4039,206,reachable,https://www.city.kuroishi.aomori.jp/shisei/facility/facility/sangyou.html,text/html,2026-08-09T02:15:27.140Z,
https://www.city.kurume.fukuoka.jp/1060manabi/2030shogaigakusyu/3060shisetsu/2009-0517-1644-249.html,candidate-venues.csv;venue-details.csv,CAND-530;DETAIL-1933,206,reachable,https://www.city.kurume.fukuoka.jp/1060manabi/2030shogaigakusyu/3060shisetsu/2009-0517-1644-249.html,text/html,2026-08-09T02:15:27.140Z,
https://www.city.kusatsu.shiga.jp/shisei/seisaku/chosahokoku/keiei20221011.files/amika.pdf,candidate-venues.csv;venue-details.csv,CAND-644;DETAIL-2665,206,reachable,https://www.city.kusatsu.shiga.jp/shisei/seisaku/chosahokoku/keiei20221011.files/amika.pdf,application/pdf,2026-08-09T02:15:27.140Z,
https://www.city.kushiro.lg.jp/bunkasports/shougaigakushuu/1005719/1005720.html,candidate-venues.csv;venue-details.csv,CAND-553;DETAIL-2043;DETAIL-2044;DETAIL-2045;DETAIL-2046;DETAIL-2047;DETAIL-2048;DETAIL-2049;DETAIL-2050,206,reachable,https://www.city.kushiro.lg.jp/bunkasports/shougaigakushuu/1005719/1005720.html,text/html,2026-08-09T02:15:27.140Z,
https://www.city.kuwana.lg.jp/documents/9640/04sshisetugaiyou.pdf,candidate-venues.csv;venue-details.csv,CAND-252;DETAIL-531;DETAIL-532,404,client_error,https://www.city.kuwana.lg.jp/documents/9640/04sshisetugaiyou.pdf,text/html,2026-08-09T02:15:27.140Z,
https://www.city.kuwana.lg.jp/shiminkaikan/bunka/bunkashisetsu/24-11249-235-415.html,candidate-venues.csv;venue-details.csv,CAND-234;DETAIL-505;DETAIL-506,206,reachable,https://www.city.kuwana.lg.jp/shiminkaikan/bunka/bunkashisetsu/24-11249-235-415.html,text/html,2026-08-09T02:15:27.140Z,
https://www.city.kyotanabe.lg.jp/0000008544.html,candidate-venues.csv;venue-details.csv,CAND-871;DETAIL-4353,206,reachable,https://www.city.kyotanabe.lg.jp/0000008544.html,text/html,2026-08-09T02:15:27.140Z,
https://www.city.kyotango.lg.jp/top/kanko_bunka_sports/kominkan/4/5024.html,candidate-venues.csv,CAND-1132,200,reachable,https://www.city.kyotango.lg.jp/top/kanko_bunka_sports/kominkan/4/5024.html,text/html,2026-08-09T02:15:27.140Z,
https://www.city.kyotango.lg.jp/top/soshiki/kensetsu/toshikeikaku/toshitiiki/toshi/22004.html,venue-details.csv,DETAIL-7215,200,reachable,https://www.city.kyotango.lg.jp/top/soshiki/kensetsu/toshikeikaku/toshitiiki/toshi/22004.html,text/html,2026-08-09T02:15:27.140Z,
https://www.city.kyoto.lg.jp/bunshi/cmsfiles/contents/0000351/351243/hodo.pdf,venue-details.csv,DETAIL-297,206,reachable,https://www.city.kyoto.lg.jp/bunshi/cmsfiles/contents/0000351/351243/hodo.pdf,application/pdf,2026-08-09T02:15:27.140Z,
https://www.city.kyoto.lg.jp/bunshi/page/0000351243.html,candidate-venues.csv,CAND-209,206,reachable,https://www.city.kyoto.lg.jp/bunshi/page/0000351243.html,text/html,2026-08-09T02:15:27.140Z,
https://www.city.maebashi.gunma.jp/soshiki/kyoiku/chuokominkan/gyomu/4908.html,candidate-venues.csv;venue-details.csv,CAND-615;DETAIL-2521;DETAIL-2522;DETAIL-2523,206,reachable,https://www.city.maebashi.gunma.jp/soshiki/kyoiku/chuokominkan/gyomu/4908.html,text/html,2026-08-09T02:15:27.140Z,
https://www.city.maibara.lg.jp/soshiki/kyoiku/plaza/facility/3240.html,candidate-venues.csv;venue-details.csv,CAND-865;DETAIL-4310;DETAIL-4311;DETAIL-4312;DETAIL-4313,200,reachable,https://www.city.maibara.lg.jp/soshiki/kyoiku/plaza/facility/3240.html,text/html,2026-08-09T02:15:27.140Z,
https://www.city.maizuru.kyoto.jp/0000008170.html,candidate-venues.csv;venue-details.csv,CAND-512;DETAIL-1805;DETAIL-1806;DETAIL-1807;DETAIL-1808;DETAIL-1809;DETAIL-1810;DETAIL-1811;DETAIL-1812;DETAIL-1813;DETAIL-1814;DETAIL-1815;DETAIL-1816;DETAIL-1817;DETAIL-1818;DETAIL-1819;DETAIL-1820,206,reachable,https://www.city.maizuru.kyoto.jp/0000008170.html,text/html,2026-08-09T02:15:27.140Z,
https://www.city.makinohara.shizuoka.jp/soshiki/34/47293.html,candidate-venues.csv;venue-details.csv,CAND-779;DETAIL-3617;DETAIL-3618;DETAIL-3619;DETAIL-3620;DETAIL-3621;DETAIL-3622;DETAIL-3623,206,reachable,https://www.city.makinohara.shizuoka.jp/soshiki/34/47293.html,text/html,2026-08-09T02:15:27.140Z,
https://www.city.maniwa.lg.jp/site/culturecenter-katsuyama/,candidate-venues.csv;venue-details.csv,CAND-379;DETAIL-874;DETAIL-875;DETAIL-876;DETAIL-877;DETAIL-878,206,reachable,https://www.city.maniwa.lg.jp/site/culturecenter-katsuyama/,text/html,2026-08-09T02:15:27.140Z,
https://www.city.marugame.lg.jp/uploaded/attachment/1579.pdf,candidate-venues.csv;venue-details.csv,CAND-364;DETAIL-827,206,reachable,https://www.city.marugame.lg.jp/uploaded/attachment/1579.pdf,application/pdf,2026-08-09T02:15:27.140Z,
https://www.city.matsue.lg.jp/kanko_bunka_sports/sports/3/8346.html,candidate-venues.csv,CAND-215,206,reachable,https://www.city.matsue.lg.jp/kanko_bunka_sports/sports/3/8346.html,text/html,2026-08-09T02:15:27.140Z,
https://www.city.matsumoto.nagano.jp/soshiki/239/50005.html,venue-operations.csv,OP-033:booking_source_url,206,reachable,https://www.city.matsumoto.nagano.jp/soshiki/239/50005.html,text/html,2026-08-09T02:15:27.140Z,
https://www.city.matsumoto.nagano.jp/soshiki/239/5722.html,candidate-venues.csv;price-observations.csv;venue-details.csv,CAND-034;DETAIL-066;DETAIL-067;PRICE-169;PRICE-170;PRICE-171;PRICE-172;PRICE-173;PRICE-174,200,reachable,https://www.city.matsumoto.nagano.jp/soshiki/239/5722.html,text/html,2026-08-09T02:15:27.140Z,
https://www.city.matsusaka.mie.jp/site/kuragi-hall/kuragaiyou.html,candidate-venues.csv;venue-details.csv,CAND-233;DETAIL-504,206,reachable,https://www.city.matsusaka.mie.jp/site/kuragi-hall/kuragaiyou.html,text/html,2026-08-09T02:15:27.140Z,
https://www.city.matsusaka.mie.jp/site/sports/43.html,candidate-venues.csv;venue-details.csv,CAND-244;DETAIL-519,206,reachable,https://www.city.matsusaka.mie.jp/site/sports/43.html,text/html,2026-08-09T02:15:27.140Z,
https://www.city.matsuyama.ehime.jp/shisei/shiminkatsudo/bunka/arikatakentou.files/1_shiryou3.pdf,venue-details.csv,DETAIL-2003;DETAIL-2004;DETAIL-2005;DETAIL-2006;DETAIL-2007;DETAIL-2008;DETAIL-2009;DETAIL-2010;DETAIL-2011;DETAIL-2012;DETAIL-2013;DETAIL-2014;DETAIL-2015;DETAIL-2016;DETAIL-2017;DETAIL-2018;DETAIL-2019;DETAIL-2020,206,reachable,https://www.city.matsuyama.ehime.jp/shisei/shiminkatsudo/bunka/arikatakentou.files/1_shiryou3.pdf,application/pdf,2026-08-09T02:15:27.140Z,
https://www.city.matsuyama.ehime.jp/shisetsu/bunka/simin.html,candidate-venues.csv,CAND-548,206,reachable,https://www.city.matsuyama.ehime.jp/shisetsu/bunka/simin.html,text/html,2026-08-09T02:15:27.140Z,
https://www.city.matsuyama.ehime.jp/shisetsu/koen/tyuuoukouen.html,venue-operations.csv,OP-185:access_source_url,206,reachable,https://www.city.matsuyama.ehime.jp/shisetsu/koen/tyuuoukouen.html,text/html,2026-08-09T02:15:27.140Z,
https://www.city.midori.gunma.jp/kosodate/1001647/pal/1003398/1003609.html,candidate-venues.csv;venue-details.csv,CAND-444;DETAIL-1220,206,reachable,https://www.city.midori.gunma.jp/kosodate/1001647/pal/1003398/1003609.html,text/html,2026-08-09T02:15:27.140Z,
https://www.city.midori.gunma.jp/kosodate/1001647/pal/1003608.html,venue-details.csv,DETAIL-1221;DETAIL-1222;DETAIL-1223;DETAIL-1224,206,reachable,https://www.city.midori.gunma.jp/kosodate/1001647/pal/1003608.html,text/html,2026-08-09T02:15:27.140Z,
https://www.city.mima.lg.jp/gyosei/docs/29719.html,candidate-venues.csv;venue-details.csv,CAND-264;DETAIL-551,206,reachable,https://www.city.mima.lg.jp/gyosei/docs/29719.html,text/html; charset=UTF-8,2026-08-09T02:15:27.140Z,
https://www.city.mimasaka.lg.jp/soshiki/kyouiku/shakaikyoiku/shinsei/7711.html,candidate-venues.csv;venue-details.csv,CAND-546;DETAIL-1991;DETAIL-1992,206,reachable,https://www.city.mimasaka.lg.jp/soshiki/kyouiku/shakaikyoiku/shinsei/7711.html,text/html,2026-08-09T02:15:27.140Z,
https://www.city.minamata.lg.jp/kiji003307/,candidate-venues.csv;venue-details.csv,CAND-389;DETAIL-925,404,client_error,https://www.city.minamata.lg.jp/dynamic/_error/error404.aspx,text/html; charset=utf-8,2026-08-09T02:15:27.140Z,redirected
https://www.city.minamikyushu.lg.jp/soshikikarasagasu/shakaikyoikuka/bunkashinko/216.html,candidate-venues.csv;venue-details.csv,CAND-766;DETAIL-3490;DETAIL-3491;DETAIL-3492;DETAIL-3493;DETAIL-3494;DETAIL-3495;DETAIL-3496;DETAIL-3497;DETAIL-3498;DETAIL-3499;DETAIL-3500;DETAIL-3501,200,reachable,https://www.city.minamikyushu.lg.jp/soshikikarasagasu/shakaikyoikuka/bunkashinko/216.html,text/html,2026-08-09T02:15:27.140Z,
https://www.city.minamisatsuma.lg.jp/shisei/shisetsujoho/shakai-kyoiku/e015426.html,candidate-venues.csv;venue-details.csv,CAND-765;DETAIL-3484;DETAIL-3485;DETAIL-3486;DETAIL-3487;DETAIL-3488;DETAIL-3489,206,reachable,https://www.city.minamisatsuma.lg.jp/shisei/shisetsujoho/shakai-kyoiku/e015426.html,text/html,2026-08-09T02:15:27.140Z,
https://www.city.minamishimabara.lg.jp/kiji0034208/index.html,candidate-venues.csv;venue-details.csv,CAND-891;DETAIL-4562;DETAIL-4563;DETAIL-4564,206,reachable,https://www.city.minamishimabara.lg.jp/kiji0034208/index.html,text/html,2026-08-09T02:15:27.140Z,
https://www.city.minamisoma.lg.jp/material/files/group/40/R6kyoikuyoran6.pdf,venue-details.csv,DETAIL-599;DETAIL-600,206,reachable,https://www.city.minamisoma.lg.jp/material/files/group/40/R6kyoikuyoran6.pdf,application/pdf,2026-08-09T02:15:27.140Z,
https://www.city.minamisoma.lg.jp/portal/culture/geijutsu_bunka/10875.html,candidate-venues.csv,CAND-288,206,reachable,https://www.city.minamisoma.lg.jp/portal/culture/geijutsu_bunka/10875.html,text/html,2026-08-09T02:15:27.140Z,
https://www.city.minamiuonuma.niigata.jp/docs/883.html,candidate-venues.csv,CAND-900,206,reachable,https://www.city.minamiuonuma.niigata.jp/docs/883.html,text/html,2026-08-09T02:15:27.140Z,
https://www.city.mino.gifu.jp/docs/1685.html,candidate-venues.csv;venue-details.csv,CAND-941;DETAIL-5152;DETAIL-5153;DETAIL-5154;DETAIL-5155;DETAIL-5156;DETAIL-5157;DETAIL-5158;DETAIL-5159,206,reachable,https://www.city.mino.gifu.jp/docs/1685.html,text/html; charset=UTF-8,2026-08-09T02:15:27.140Z,
https://www.city.minoh.lg.jp/halltanto/maple_hall.html,candidate-venues.csv,CAND-1177,206,reachable,https://www.city.minoh.lg.jp/halltanto/maple_hall.html,text/html,2026-08-09T02:15:27.140Z,
https://www.city.misawa.lg.jp/reiki_int/reiki_honbun/c008RG00000289.html,candidate-venues.csv;venue-details.csv,CAND-669;DETAIL-2802;DETAIL-2803;DETAIL-2804;DETAIL-2805;DETAIL-2806;DETAIL-2807;DETAIL-2808;DETAIL-2809;DETAIL-2810;DETAIL-2811;DETAIL-2812;DETAIL-2813;DETAIL-2814;DETAIL-2815;DETAIL-2816,206,reachable,https://www.city.misawa.lg.jp/reiki_int/reiki_honbun/c008RG00000289.html,text/html,2026-08-09T02:15:27.140Z,
https://www.city.mishima.shizuoka.jp/page/1191.html,candidate-venues.csv;venue-details.csv,CAND-636;DETAIL-2643;DETAIL-2644;DETAIL-2645;DETAIL-2646;DETAIL-2647,206,reachable,https://www.city.mishima.shizuoka.jp/page/1191.html,text/html,2026-08-09T02:15:27.140Z,
https://www.city.mito.lg.jp/page/1015.html,venue-operations.csv,OP-170:access_source_url,206,reachable,https://www.city.mito.lg.jp/page/1015.html,text/html; charset=UTF-8,2026-08-09T02:15:27.140Z,
https://www.city.mito.lg.jp/uploaded/attachment/1039.pdf,venue-details.csv;venue-operations.csv,DETAIL-244;DETAIL-245;DETAIL-377;DETAIL-378;DETAIL-379;DETAIL-380;DETAIL-381;DETAIL-382;OP-170:operations_source_url,206,reachable,https://www.city.mito.lg.jp/uploaded/attachment/1039.pdf,application/pdf,2026-08-09T02:15:27.140Z,
https://www.city.mito.lg.jp/uploaded/attachment/61055.pdf,price-observations.csv;venue-details.csv,DETAIL-374;DETAIL-375;DETAIL-376;PRICE-1233;PRICE-1234;PRICE-1235;PRICE-1236;PRICE-1237;PRICE-1238;PRICE-1239;PRICE-1240;PRICE-1241,206,reachable,https://www.city.mito.lg.jp/uploaded/attachment/61055.pdf,application/pdf,2026-08-09T02:15:27.140Z,
https://www.city.mitoyo.lg.jp/material/files/group/43/20260125_kojinenzetushisetsu.pdf,candidate-venues.csv;venue-details.csv,CAND-705;DETAIL-3070;DETAIL-3071;DETAIL-3072;DETAIL-3073;DETAIL-3074;DETAIL-3075;DETAIL-3076;DETAIL-3077;DETAIL-3078;DETAIL-3079;DETAIL-3080;DETAIL-3081;DETAIL-3082,206,reachable,https://www.city.mitoyo.lg.jp/material/files/group/43/20260125_kojinenzetushisetsu.pdf,application/pdf,2026-08-09T02:15:27.140Z,
https://www.city.mitsuke.niigata.jp/uploaded/attachment/15575.pdf,candidate-venues.csv;venue-details.csv,CAND-724;DETAIL-3204;DETAIL-3205;DETAIL-3206,206,reachable,https://www.city.mitsuke.niigata.jp/uploaded/attachment/15575.pdf,application/pdf,2026-08-09T02:15:27.140Z,
https://www.city.miyakojima.lg.jp/soshiki/kyouiku/syougaigakusyu/bunkahall/annai.html,candidate-venues.csv;venue-details.csv,CAND-718;DETAIL-3156;DETAIL-3157;DETAIL-3158;DETAIL-3159;DETAIL-3160;DETAIL-3161;DETAIL-3162;DETAIL-3163,206,reachable,https://www.city.miyakojima.lg.jp/soshiki/kyouiku/syougaigakusyu/bunkahall/annai.html,text/html; charset=UTF-8,2026-08-09T02:15:27.140Z,
https://www.city.miyakonojo.miyazaki.jp/soshiki/20/3982.html,candidate-venues.csv;venue-details.csv,CAND-337;DETAIL-736;DETAIL-737;DETAIL-738;DETAIL-739;DETAIL-740;DETAIL-741;DETAIL-742;DETAIL-743;DETAIL-744,206,reachable,https://www.city.miyakonojo.miyazaki.jp/soshiki/20/3982.html,text/html,2026-08-09T02:15:27.140Z,
https://www.city.miyazaki.miyazaki.jp/fs/8/1/1/9/3/0/_/811930.pdf,venue-details.csv,DETAIL-6560;DETAIL-6561;DETAIL-6562;DETAIL-6563;DETAIL-6564;DETAIL-6565;DETAIL-6566;DETAIL-6567;DETAIL-6568;DETAIL-6569,404,client_error,https://www.city.miyazaki.miyazaki.jp/fs/8/1/1/9/3/0/_/811930.pdf,text/html; charset=UTF-8,2026-08-09T02:15:27.140Z,
https://www.city.miyazaki.miyazaki.jp/fs/8/5/9/3/2/6/_/859326.pdf,price-observations.csv;venue-operations.csv,OP-139:operations_source_url;PRICE-459;PRICE-460;PRICE-461,206,reachable,https://www.city.miyazaki.miyazaki.jp/fs/8/5/9/3/2/6/_/859326.pdf,application/pdf,2026-08-09T02:15:27.140Z,
https://www.city.miyazaki.miyazaki.jp/health/sports/8698.html?code=071518,candidate-venues.csv;venue-details.csv;venue-operations.csv,CAND-228;DETAIL-316;OP-139:booking_source_url,200,reachable,https://www.city.miyazaki.miyazaki.jp/health/sports/8698.html?code=071518,text/html; charset=UTF-8,2026-08-09T02:15:27.140Z,
https://www.city.miyazaki.miyazaki.jp/life/activities/sadowara/405005.html,candidate-venues.csv,CAND-1088,200,reachable,https://www.city.miyazaki.miyazaki.jp/life/activities/sadowara/405005.html,text/html; charset=UTF-8,2026-08-09T02:15:27.140Z,
https://www.city.mizunami.lg.jp/kankou_bunka/bunka_center/1002304.html,candidate-venues.csv;venue-details.csv,CAND-939;DETAIL-5133;DETAIL-5134;DETAIL-5135;DETAIL-5136;DETAIL-5137;DETAIL-5138;DETAIL-5139;DETAIL-5140;DETAIL-5141;DETAIL-5142;DETAIL-5143,206,reachable,https://www.city.mizunami.lg.jp/kankou_bunka/bunka_center/1002304.html,text/html,2026-08-09T02:15:27.140Z,
https://www.city.mobara.chiba.jp/0000000750.html,venue-details.csv,DETAIL-1273,206,reachable,https://www.city.mobara.chiba.jp/0000000750.html,text/html,2026-08-09T02:15:27.140Z,
https://www.city.mobara.chiba.jp/0000000759.html,venue-details.csv,DETAIL-1274,206,reachable,https://www.city.mobara.chiba.jp/0000000759.html,text/html,2026-08-09T02:15:27.140Z,
https://www.city.mobara.chiba.jp/0000000779.html,candidate-venues.csv,CAND-452,206,reachable,https://www.city.mobara.chiba.jp/0000000779.html,text/html,2026-08-09T02:15:27.140Z,
https://www.city.morioka.iwate.jp/kankou/1031454/1049369.html,candidate-venues.csv;venue-details.csv,CAND-273;DETAIL-567;DETAIL-568;DETAIL-569,206,reachable,https://www.city.morioka.iwate.jp/kankou/1031454/1049369.html,text/html,2026-08-09T02:15:27.140Z,
https://www.city.morioka.iwate.jp/shisetsu/sports/gim/1006882.html,candidate-venues.csv;venue-details.csv;venue-operations.csv,CAND-077;DETAIL-126;OP-062:access_source_url,206,reachable,https://www.city.morioka.iwate.jp/shisetsu/sports/gim/1006882.html,text/html,2026-08-09T02:15:27.140Z,
https://www.city.moriyama.lg.jp/_res/projects/default_project/_page_/001/011/098/mrymhkk.pdf,candidate-venues.csv;venue-details.csv,CAND-315;DETAIL-660;DETAIL-661,404,client_error,https://www.city.moriyama.lg.jp/_res/projects/default_project/_page_/001/011/098/mrymhkk.pdf,text/html,2026-08-09T02:15:27.140Z,
https://www.city.motosu.lg.jp/0000001115.html,candidate-venues.csv;venue-details.csv,CAND-402;DETAIL-987,206,reachable,https://www.city.motosu.lg.jp/0000001115.html,text/html,2026-08-09T02:15:27.140Z,
https://www.city.muko.kyoto.jp/site/kaikan/,candidate-venues.csv;venue-details.csv,CAND-872;DETAIL-4356;DETAIL-4357;DETAIL-4358;DETAIL-4359;DETAIL-4360;DETAIL-4361;DETAIL-4362;DETAIL-4363;DETAIL-4364,206,reachable,https://www.city.muko.kyoto.jp/site/kaikan/,text/html,2026-08-09T02:15:27.140Z,
https://www.city.muko.kyoto.jp/site/kaikan/3282.html,venue-details.csv,DETAIL-4354;DETAIL-4355,206,reachable,https://www.city.muko.kyoto.jp/site/kaikan/3282.html,text/html,2026-08-09T02:15:27.140Z,
https://www.city.murakami.lg.jp/soshiki/142/shiteikanri-ichiran2.html,candidate-venues.csv,CAND-902,206,reachable,https://www.city.murakami.lg.jp/soshiki/142/shiteikanri-ichiran2.html,text/html,2026-08-09T02:15:27.140Z,
https://www.city.murayama.lg.jp/kurashi/gakko/bunka/shiminkaikangaiyou.html,candidate-venues.csv;venue-details.csv,CAND-602;DETAIL-2423;DETAIL-2424;DETAIL-2425;DETAIL-2426;DETAIL-2427;DETAIL-2428;DETAIL-2429;DETAIL-2430;DETAIL-2431,206,reachable,https://www.city.murayama.lg.jp/kurashi/gakko/bunka/shiminkaikangaiyou.html,text/html,2026-08-09T02:15:27.140Z,
https://www.city.muroran.lg.jp/culture/?content=1481,candidate-venues.csv;venue-details.csv,CAND-734;DETAIL-3274;DETAIL-3275;DETAIL-3276;DETAIL-3277;DETAIL-3278;DETAIL-3279;DETAIL-3280,200,reachable,https://www.city.muroran.lg.jp/culture/?content=1481,text/html; charset=UTF-8,2026-08-09T02:15:27.140Z,
https://www.city.muroto.kochi.jp/pages/page1569.php,candidate-venues.csv;venue-details.csv,CAND-483;DETAIL-1554;DETAIL-1555;DETAIL-1556,200,reachable,https://www.city.muroto.kochi.jp/pages/page1569.php,text/html; charset=UTF-8,2026-08-09T02:15:27.140Z,
https://www.city.muroto.kochi.jp/pbfile/m001569/pbf20240722172141.pdf,venue-details.csv,DETAIL-1550;DETAIL-1551;DETAIL-1552;DETAIL-1553,206,reachable,https://www.city.muroto.kochi.jp/pbfile/m001569/pbf20240722172141.pdf,application/pdf,2026-08-09T02:15:27.140Z,
https://www.city.mutsu.lg.jp/topics/news/bunkakaikan.html,candidate-venues.csv;venue-details.csv,CAND-494;DETAIL-1645;DETAIL-1646;DETAIL-1647,206,reachable,https://www.city.mutsu.lg.jp/topics/news/bunkakaikan.html,text/html,2026-08-09T02:15:27.140Z,
https://www.city.myoko.niigata.jp/docs/839.html,candidate-venues.csv,CAND-903,206,reachable,https://www.city.myoko.niigata.jp/docs/839.html,text/html,2026-08-09T02:15:27.140Z,
https://www.city.nabari.lg.jp/ct/other000022100/129004950-bosyuuyoukou.pdf,candidate-venues.csv;venue-details.csv,CAND-235;DETAIL-507,206,reachable,https://www.city.nabari.lg.jp/ct/other000022100/129004950-bosyuuyoukou.pdf,application/pdf,2026-08-09T02:15:27.140Z,
https://www.city.nabari.lg.jp/s062/010/380/201502051835.html,candidate-venues.csv;venue-details.csv,CAND-245;DETAIL-520,206,reachable,https://www.city.nabari.lg.jp/s062/010/380/201502051835.html,text/html,2026-08-09T02:15:27.140Z,
https://www.city.nagahama.lg.jp/0000010603.html,candidate-venues.csv;venue-details.csv,CAND-466;CAND-468;DETAIL-1385;DETAIL-1386;DETAIL-1387;DETAIL-1388,206,reachable,https://www.city.nagahama.lg.jp/0000010603.html,text/html,2026-08-09T02:15:27.140Z,
https://www.city.nagahama.lg.jp/cmsfiles/contents/0000016/16153/R7-18bunsupo.pdf,venue-details.csv,DETAIL-1373;DETAIL-1374;DETAIL-1375;DETAIL-1376;DETAIL-1377;DETAIL-1378;DETAIL-1379,206,reachable,https://www.city.nagahama.lg.jp/cmsfiles/contents/0000016/16153/R7-18bunsupo.pdf,application/pdf,2026-08-09T02:15:27.140Z,
https://www.city.nagai.yamagata.jp/material/files/group/36/r2geijutu.pdf,venue-details.csv,DETAIL-2418,206,reachable,https://www.city.nagai.yamagata.jp/material/files/group/36/r2geijutu.pdf,application/pdf,2026-08-09T02:15:27.140Z,
https://www.city.nagai.yamagata.jp/soshiki/kankobunka/104/b2/8744.html,candidate-venues.csv;venue-details.csv,CAND-601;DETAIL-2419;DETAIL-2420;DETAIL-2421;DETAIL-2422,206,reachable,https://www.city.nagai.yamagata.jp/soshiki/kankobunka/104/b2/8744.html,text/html,2026-08-09T02:15:27.140Z,
https://www.city.nagaoka.niigata.jp/shisei/cate05/ao-re/floor_arena.html,candidate-venues.csv;venue-details.csv;venue-operations.csv,CAND-127;DETAIL-209;OP-098:operations_source_url,206,reachable,https://www.city.nagaoka.niigata.jp/shisei/cate05/ao-re/floor_arena.html,text/html,2026-08-09T02:15:27.140Z,
https://www.city.nagaokakyo.lg.jp/0000000693.html,candidate-venues.csv;venue-details.csv,CAND-515;DETAIL-1839;DETAIL-1840;DETAIL-1841;DETAIL-1842;DETAIL-1843;DETAIL-1844;DETAIL-1845;DETAIL-1846;DETAIL-1847;DETAIL-1848;DETAIL-1849;DETAIL-1850;DETAIL-1851;DETAIL-1852,206,reachable,https://www.city.nagaokakyo.lg.jp/0000000693.html,text/html,2026-08-09T02:15:27.140Z,
https://www.city.nagareyama.chiba.jp/institution/1033516/1034261/1034268.html,venue-details.csv,DETAIL-5900;DETAIL-5901;DETAIL-5902;DETAIL-5903;DETAIL-5904;DETAIL-5905;DETAIL-5906;DETAIL-5907;DETAIL-5908;DETAIL-5909;DETAIL-5910,206,reachable,https://www.city.nagareyama.chiba.jp/institution/1033516/1034261/1034268.html,text/html,2026-08-09T02:15:27.140Z,
https://www.city.nagareyama.chiba.jp/life/1001854/index.html,candidate-venues.csv,CAND-1032,206,reachable,https://www.city.nagareyama.chiba.jp/life/1001854/index.html,text/html,2026-08-09T02:15:27.140Z,
https://www.city.nagasaki.lg.jp/page/2100.html,candidate-venues.csv;venue-details.csv,CAND-535;DETAIL-1943;DETAIL-1944;DETAIL-1945;DETAIL-1946;DETAIL-1947;DETAIL-1948;DETAIL-1949,206,reachable,https://www.city.nagasaki.lg.jp/page/2100.html,text/html,2026-08-09T02:15:27.140Z,
https://www.city.nagasaki.lg.jp/page/2823.html,candidate-venues.csv;venue-details.csv,CAND-534;DETAIL-1942,206,reachable,https://www.city.nagasaki.lg.jp/page/2823.html,text/html,2026-08-09T02:15:27.140Z,
https://www.city.nagasaki.lg.jp/page/3781.html,candidate-venues.csv;venue-details.csv,CAND-533;DETAIL-1939,206,reachable,https://www.city.nagasaki.lg.jp/page/3781.html,text/html,2026-08-09T02:15:27.140Z,
https://www.city.nagasaki.lg.jp/uploaded/attachment/48124.pdf,venue-details.csv,DETAIL-1940;DETAIL-1941,404,client_error,https://www.city.nagasaki.lg.jp/uploaded/attachment/48124.pdf,text/html,2026-08-09T02:15:27.140Z,
https://www.city.nagato.yamaguchi.jp/uploaded/life/64182_260524_misc.pdf,candidate-venues.csv;venue-details.csv,CAND-654;DETAIL-2720;DETAIL-2721;DETAIL-2722;DETAIL-2723;DETAIL-2724;DETAIL-2725;DETAIL-2726,206,reachable,https://www.city.nagato.yamaguchi.jp/uploaded/life/64182_260524_misc.pdf,application/pdf,2026-08-09T02:15:27.140Z,
https://www.city.nago.okinawa.jp/articles/2024060500063/file_contents/nagoshiminkaikan_pamphlet.pdf,venue-details.csv,DETAIL-836;DETAIL-837;DETAIL-838,206,reachable,https://www.city.nago.okinawa.jp/articles/2024060500063/file_contents/nagoshiminkaikan_pamphlet.pdf,application/pdf,2026-08-09T02:15:27.140Z,
https://www.city.nago.okinawa.jp/hall,candidate-venues.csv,CAND-369,206,reachable,https://www.city.nago.okinawa.jp/hall,text/html,2026-08-09T02:15:27.140Z,
https://www.city.naha.okinawa.jp/kankou-bunka/bunkasinkou/1007403/1003541.html,candidate-venues.csv;venue-details.csv,CAND-1166;DETAIL-7589;DETAIL-7590;DETAIL-7591;DETAIL-7592;DETAIL-7593;DETAIL-7594;DETAIL-7595;DETAIL-7596,200,reachable,https://www.city.naha.okinawa.jp/kankou-bunka/bunkasinkou/1007403/1003541.html,text/html,2026-08-09T02:15:27.140Z,
https://www.city.naha.okinawa.jp/kurasitetuduki/sankaku-kyoudou/1002706/1002708.html,candidate-venues.csv;venue-details.csv,CAND-537;DETAIL-1952;DETAIL-1953;DETAIL-1954;DETAIL-1955;DETAIL-1956,200,reachable,https://www.city.naha.okinawa.jp/kurasitetuduki/sankaku-kyoudou/1002706/1002708.html,text/html,2026-08-09T02:15:27.140Z,
https://www.city.naha.okinawa.jp/shisetsu/facilities/1007441/1004748.html,candidate-venues.csv;venue-details.csv,CAND-536;DETAIL-1950;DETAIL-1951,200,reachable,https://www.city.naha.okinawa.jp/shisetsu/facilities/1007441/1004748.html,text/html,2026-08-09T02:15:27.140Z,
https://www.city.nakano.nagano.jp/docs/2023102400040/file_contents/tebiki_s.pdf,candidate-venues.csv;venue-details.csv,CAND-562;DETAIL-2152;DETAIL-2153;DETAIL-2154;DETAIL-2155;DETAIL-2156;DETAIL-2157;DETAIL-2158;DETAIL-2159;DETAIL-2160;DETAIL-2161;DETAIL-2162,206,reachable,https://www.city.nakano.nagano.jp/docs/2023102400040/file_contents/tebiki_s.pdf,application/pdf,2026-08-09T02:15:27.140Z,
https://www.city.nakatsugawa.lg.jp/tcs/facility/5/4367.html,candidate-venues.csv;venue-details.csv,CAND-401;DETAIL-980;DETAIL-981;DETAIL-982;DETAIL-983;DETAIL-984;DETAIL-985;DETAIL-986,206,reachable,https://www.city.nakatsugawa.lg.jp/tcs/facility/5/4367.html,text/html,2026-08-09T02:15:27.140Z,
https://www.city.namerikawa.toyama.jp/soshiki/12/merika/nakanamerikawa/nigiwai/8000.html,candidate-venues.csv;venue-details.csv,CAND-352;DETAIL-801,206,reachable,https://www.city.namerikawa.toyama.jp/soshiki/12/merika/nakanamerikawa/nigiwai/8000.html,text/html,2026-08-09T02:15:27.140Z,
https://www.city.nanjo.okinawa.jp/sugarhall/facility/hall/,candidate-venues.csv;venue-details.csv,CAND-372;DETAIL-845;DETAIL-846;DETAIL-847,206,reachable,https://www.city.nanjo.okinawa.jp/sugarhall/facility/hall/,text/html,2026-08-09T02:15:27.140Z,
https://www.city.nankoku.lg.jp/life/life_dtl.php?hdnKey=8476,candidate-venues.csv;venue-details.csv,CAND-482;DETAIL-1538;DETAIL-1539;DETAIL-1540;DETAIL-1541;DETAIL-1542;DETAIL-1543;DETAIL-1544;DETAIL-1545;DETAIL-1546;DETAIL-1547;DETAIL-1548;DETAIL-1549,200,reachable,https://www.city.nankoku.lg.jp/life/life_dtl.php?hdnKey=8476,text/html; charset=UTF-8,2026-08-09T02:15:27.140Z,
https://www.city.nantan.kyoto.jp/www/life/112/014/000/index_85191.html,candidate-venues.csv;venue-details.csv,CAND-696;DETAIL-3023,206,reachable,https://www.city.nantan.kyoto.jp/www/life/112/014/000/index_85191.html,text/html,2026-08-09T02:15:27.140Z,
https://www.city.nanto.toyama.jp/kanko-bunka-sports/bunka-geijutsu/2/3530.html,candidate-venues.csv;venue-details.csv,CAND-349;DETAIL-794;DETAIL-795,206,reachable,https://www.city.nanto.toyama.jp/kanko-bunka-sports/bunka-geijutsu/2/3530.html,text/html,2026-08-09T02:15:27.140Z,
https://www.city.nara.lg.jp/soshiki/22/135162.html,venue-operations.csv,OP-123:operations_source_url,206,reachable,https://www.city.nara.lg.jp/soshiki/22/135162.html,text/html,2026-08-09T02:15:27.140Z,
https://www.city.nara.lg.jp/soshiki/22/5383.html,candidate-venues.csv;venue-operations.csv,CAND-212;OP-123:access_source_url,206,reachable,https://www.city.nara.lg.jp/soshiki/22/5383.html,text/html,2026-08-09T02:15:27.140Z,
https://www.city.nara.lg.jp/soshiki/22/6592.html,venue-operations.csv,OP-123:booking_source_url,206,reachable,https://www.city.nara.lg.jp/soshiki/22/6592.html,text/html,2026-08-09T02:15:27.140Z,
https://www.city.nara.lg.jp/uploaded/attachment/161221.pdf,price-observations.csv,PRICE-427;PRICE-428,206,reachable,https://www.city.nara.lg.jp/uploaded/attachment/161221.pdf,application/pdf,2026-08-09T02:15:27.140Z,
https://www.city.nara.lg.jp/uploaded/attachment/185959.pdf,venue-details.csv,DETAIL-300,404,client_error,https://www.city.nara.lg.jp/uploaded/attachment/185959.pdf,text/html,2026-08-09T02:15:27.140Z,
https://www.city.nasukarasuyama.lg.jp/city-administration/city-facilities/education-culture-facilities/page001350.html,candidate-venues.csv,CAND-680,206,reachable,https://www.city.nasukarasuyama.lg.jp/city-administration/city-facilities/education-culture-facilities/page001350.html,text/html,2026-08-09T02:15:27.140Z,
https://www.city.nasukarasuyama.lg.jp/data/doc/1744252682_doc_45_0.pdf,venue-details.csv,DETAIL-2874,404,client_error,https://www.city.nasukarasuyama.lg.jp/data/doc/1744252682_doc_45_0.pdf,text/html; charset=UTF-8,2026-08-09T02:15:27.140Z,
https://www.city.nasukarasuyama.lg.jp/data/doc/1776647943_doc_45_0.pdf,venue-details.csv,DETAIL-2875;DETAIL-2876;DETAIL-2877;DETAIL-2878;DETAIL-2879,206,reachable,https://www.city.nasukarasuyama.lg.jp/data/doc/1776647943_doc_45_0.pdf,application/pdf,2026-08-09T02:15:27.140Z,
https://www.city.nasushiobara.tochigi.jp/soshikikarasagasu/shogaigakushuka/kominkan_bunka_shogaigakushushisetsu/1/TaiShoDokuroisomilchhall/2553.html,candidate-venues.csv;venue-details.csv,CAND-496;DETAIL-1653;DETAIL-1654,206,reachable,https://www.city.nasushiobara.tochigi.jp/soshikikarasagasu/shogaigakushuka/kominkan_bunka_shogaigakushushisetsu/1/TaiShoDokuroisomilchhall/2553.html,text/html,2026-08-09T02:15:27.140Z,
https://www.city.natori.miyagi.jp/uploaded/attachment/21215.pdf,candidate-venues.csv;venue-details.csv,CAND-390;DETAIL-926;DETAIL-927;DETAIL-928;DETAIL-929,206,reachable,https://www.city.natori.miyagi.jp/uploaded/attachment/21215.pdf,application/pdf,2026-08-09T02:15:27.140Z,
https://www.city.nichinan.lg.jp/soshikikarasagasu/shogaigakushuka/1/3/2/749.html,candidate-venues.csv,CAND-488,200,reachable,https://www.city.nichinan.lg.jp/soshikikarasagasu/shogaigakushuka/1/3/2/749.html,text/html,2026-08-09T02:15:27.140Z,
https://www.city.nihonmatsu.lg.jp/kurashi_tetsuduki/shisetsu_yoyaku/koukyo_yoyaku/koukyo_ichiran/page002377.html,candidate-venues.csv;venue-details.csv,CAND-435;DETAIL-1149,206,reachable,https://www.city.nihonmatsu.lg.jp/kurashi_tetsuduki/shisetsu_yoyaku/koukyo_yoyaku/koukyo_ichiran/page002377.html,text/html,2026-08-09T02:15:27.140Z,
https://www.city.niigata.lg.jp/akiha/shisetsu/yoka/bunka/akiha_bunkakaikan.html,candidate-venues.csv;venue-details.csv,CAND-906;DETAIL-4740;DETAIL-4741;DETAIL-4742;DETAIL-4743;DETAIL-4744;DETAIL-4745;DETAIL-4746,206,reachable,https://www.city.niigata.lg.jp/akiha/shisetsu/yoka/bunka/akiha_bunkakaikan.html,text/html,2026-08-09T02:15:27.140Z,
https://www.city.niigata.lg.jp/konan/shisetsu/yoka/bunka/bunkakaikan.html,candidate-venues.csv;venue-details.csv,CAND-905;DETAIL-4728;DETAIL-4729;DETAIL-4730;DETAIL-4731;DETAIL-4732;DETAIL-4733;DETAIL-4734;DETAIL-4735;DETAIL-4736;DETAIL-4737;DETAIL-4738;DETAIL-4739,206,reachable,https://www.city.niigata.lg.jp/konan/shisetsu/yoka/bunka/bunkakaikan.html,text/html,2026-08-09T02:15:27.140Z,
https://www.city.niihama.lg.jp/gikai7/r0709-07.html,candidate-venues.csv;venue-details.csv,CAND-732;DETAIL-3269;DETAIL-3270,206,reachable,https://www.city.niihama.lg.jp/gikai7/r0709-07.html,text/html,2026-08-09T02:15:27.140Z,
https://www.city.niiza.lg.jp/map/shiminkaikan.html,venue-details.csv,DETAIL-3843,206,reachable,https://www.city.niiza.lg.jp/map/shiminkaikan.html,text/html,2026-08-09T02:15:27.140Z,
https://www.city.niiza.lg.jp/site/bunkashisetuyoyaku-top/shiminkaikan-info.html,candidate-venues.csv;venue-details.csv,CAND-809;DETAIL-3833;DETAIL-3834;DETAIL-3835;DETAIL-3836;DETAIL-3837;DETAIL-3838;DETAIL-3839;DETAIL-3840;DETAIL-3841;DETAIL-3842,206,reachable,https://www.city.niiza.lg.jp/site/bunkashisetuyoyaku-top/shiminkaikan-info.html,text/html,2026-08-09T02:15:27.140Z,
https://www.city.nikaho.akita.jp/material/files/group/35/R8susume.pdf,candidate-venues.csv;venue-details.csv,CAND-598;DETAIL-2402;DETAIL-2403;DETAIL-2404;DETAIL-2405;DETAIL-2406;DETAIL-2407;DETAIL-2408;DETAIL-2409,206,reachable,https://www.city.nikaho.akita.jp/material/files/group/35/R8susume.pdf,application/pdf,2026-08-09T02:15:27.140Z,
https://www.city.nikko.lg.jp/kosodate_kyoiku/kominkan/3/10416.html,candidate-venues.csv;venue-details.csv,CAND-846;DETAIL-4096;DETAIL-4097;DETAIL-4098;DETAIL-4099;DETAIL-4100;DETAIL-4101;DETAIL-4102;DETAIL-4103;DETAIL-4104;DETAIL-4105,206,reachable,https://www.city.nikko.lg.jp/kosodate_kyoiku/kominkan/3/10416.html,text/html,2026-08-09T02:15:27.140Z,
https://www.city.ninohe.lg.jp/info/137,candidate-venues.csv;venue-details.csv,CAND-592;DETAIL-2357;DETAIL-2358;DETAIL-2359;DETAIL-2360;DETAIL-2361;DETAIL-2362;DETAIL-2363,200,reachable,https://www.city.ninohe.lg.jp/info/137,text/html; charset=utf-8,2026-08-09T02:15:27.140Z,
https://www.city.nishinoomote.lg.jp/admin/kosodate_kyoiku/koukyousisetsu/3073.html,candidate-venues.csv;venue-details.csv,CAND-768;DETAIL-3515,206,reachable,https://www.city.nishinoomote.lg.jp/admin/kosodate_kyoiku/koukyousisetsu/3073.html,text/html,2026-08-09T02:15:27.140Z,
https://www.city.nishinoomote.lg.jp/material/files/group/43/ryoukin.pdf,venue-details.csv,DETAIL-3516;DETAIL-3517;DETAIL-3518;DETAIL-3519;DETAIL-3520;DETAIL-3521;DETAIL-3522;DETAIL-3523,206,reachable,https://www.city.nishinoomote.lg.jp/material/files/group/43/ryoukin.pdf,application/pdf,2026-08-09T02:15:27.140Z,
https://www.city.nishio.aichi.jp/shisetsu/yoyaku/1001567/1009179/index.html,candidate-venues.csv;venue-details.csv,CAND-691;DETAIL-2979;DETAIL-2980;DETAIL-2981;DETAIL-2982;DETAIL-2983;DETAIL-2984;DETAIL-2985;DETAIL-2986;DETAIL-2987;DETAIL-2988;DETAIL-2989;DETAIL-2990;DETAIL-2991;DETAIL-2992,200,reachable,https://www.city.nishio.aichi.jp/shisetsu/yoyaku/1001567/1009179/index.html,text/html,2026-08-09T02:15:27.140Z,
https://www.city.noda.chiba.jp/_res/projects/default_project/_page_/001/041/305/R6/02_bunka_siyou.pdf,venue-details.csv,DETAIL-3877;DETAIL-3878;DETAIL-3879;DETAIL-3880;DETAIL-3881;DETAIL-3882,404,client_error,https://www.city.noda.chiba.jp/_res/projects/default_project/_page_/001/041/305/R6/02_bunka_siyou.pdf,text/html,2026-08-09T02:15:27.140Z,
https://www.city.noda.chiba.jp/shisetsu/shiyakusho/1001043.html,candidate-venues.csv,CAND-813,206,reachable,https://www.city.noda.chiba.jp/shisetsu/shiyakusho/1001043.html,text/html,2026-08-09T02:15:27.140Z,
https://www.city.nomi.lg.jp/docs/822.html,candidate-venues.csv;venue-details.csv,CAND-455;DETAIL-1287;DETAIL-1288;DETAIL-1289;DETAIL-1290;DETAIL-1291;DETAIL-1292;DETAIL-1293;DETAIL-1294;DETAIL-1295;DETAIL-1296,206,reachable,https://www.city.nomi.lg.jp/docs/822.html,text/html,2026-08-09T02:15:27.140Z,
https://www.city.nonoichi.lg.jp/uploaded/attachment/11367.pdf,venue-details.csv,DETAIL-2585;DETAIL-2586;DETAIL-2587,404,client_error,https://www.city.nonoichi.lg.jp/uploaded/attachment/11367.pdf,text/html,2026-08-09T02:15:27.140Z,
https://www.city.noshiro.lg.jp/section/kyoiku/bunka-kaikan/1609,candidate-venues.csv;venue-details.csv,CAND-597;DETAIL-2397;DETAIL-2398;DETAIL-2399;DETAIL-2400;DETAIL-2401,206,reachable,https://www.city.noshiro.lg.jp/section/kyoiku/bunka-kaikan/1609,text/html,2026-08-09T02:15:27.140Z,
https://www.city.numata.gunma.jp/kanko/bunka/1010473/1010475.html,candidate-venues.csv;venue-details.csv,CAND-614;DETAIL-2520,206,reachable,https://www.city.numata.gunma.jp/kanko/bunka/1010473/1010475.html,text/html,2026-08-09T02:15:27.140Z,
https://www.city.obanazawa.yamagata.jp/shisei/shisetsu/salnert/,candidate-venues.csv,CAND-431,206,reachable,https://www.city.obanazawa.yamagata.jp/shisei/shisetsu/salnert/,text/html;charset=utf-8,2026-08-09T02:15:27.140Z,
https://www.city.obihiro.hokkaido.jp/bunka/sports/shisetsu/1007571/,venue-details.csv,DETAIL-319,206,reachable,https://www.city.obihiro.hokkaido.jp/bunka/sports/shisetsu/1007571/,text/html,2026-08-09T02:15:27.140Z,
https://www.city.odate.lg.jp/city/koukyoushisetsu/annai/kyoiku_bunka/shukai,candidate-venues.csv,CAND-280,200,reachable,https://www.city.odate.lg.jp/city/koukyoushisetsu/annai/kyoiku_bunka/shukai,text/html; charset=UTF-8,2026-08-09T02:15:27.140Z,
https://www.city.odate.lg.jp/uploads/public/pages_0000003657_00/R4%E5%B8%82%E6%94%BF%E3%81%AE%E6%A6%82%E8%A6%81/04shisei_14_02kyouikubunka_shisetsu.pdf,venue-details.csv,DETAIL-583,206,reachable,https://www.city.odate.lg.jp/uploads/public/pages_0000003657_00/R4%E5%B8%82%E6%94%BF%E3%81%AE%E6%A6%82%E8%A6%81/04shisei_14_02kyouikubunka_shisetsu.pdf,application/pdf,2026-08-09T02:15:27.140Z,
https://www.city.ofunato.iwate.jp/genre/organization/machizukuri/civichall,candidate-venues.csv;venue-details.csv,CAND-595;DETAIL-2387;DETAIL-2388;DETAIL-2389;DETAIL-2390;DETAIL-2391;DETAIL-2392,200,reachable,https://www.city.ofunato.iwate.jp/genre/organization/machizukuri/civichall,text/html; charset=UTF-8,2026-08-09T02:15:27.140Z,
https://www.city.oga.akita.jp/soshik/shimimbunkakaikan/ogashimimbunkakaikan/1231.html,candidate-venues.csv;venue-details.csv,CAND-426;DETAIL-1100;DETAIL-1101;DETAIL-1102;DETAIL-1103;DETAIL-1104;DETAIL-1105;DETAIL-1106,206,reachable,https://www.city.oga.akita.jp/soshik/shimimbunkakaikan/ogashimimbunkakaikan/1231.html,text/html,2026-08-09T02:15:27.140Z,
https://www.city.ogaki.lg.jp/0000000637.html,candidate-venues.csv;venue-details.csv,CAND-567;DETAIL-2208;DETAIL-2210;DETAIL-2211,206,reachable,https://www.city.ogaki.lg.jp/0000000637.html,text/html,2026-08-09T02:15:27.140Z,
https://www.city.ogaki.lg.jp/0000009542.html,venue-operations.csv,OP-115:access_source_url,206,reachable,https://www.city.ogaki.lg.jp/0000009542.html,text/html,2026-08-09T02:15:27.140Z,
https://www.city.ogaki.lg.jp/0000068042.html,venue-details.csv,DETAIL-2209,206,reachable,https://www.city.ogaki.lg.jp/0000068042.html,text/html,2026-08-09T02:15:27.140Z,
https://www.city.ogi.lg.jp/main/2415.html,candidate-venues.csv;venue-details.csv,CAND-582;DETAIL-2288;DETAIL-2289;DETAIL-2290;DETAIL-2291,206,reachable,https://www.city.ogi.lg.jp/main/2415.html,text/html; charset=UTF-8,2026-08-09T02:15:27.140Z,
https://www.city.ogori.fukuoka.jp/204/272/1794,candidate-venues.csv;price-observations.csv;venue-details.csv,CAND-888;DETAIL-4527;DETAIL-4528;DETAIL-4529;DETAIL-4530;DETAIL-4531;DETAIL-4532;DETAIL-4533;DETAIL-4534;PRICE-2843;PRICE-2844,200,reachable,https://www.city.ogori.fukuoka.jp/204/272/1794,text/html; charset=UTF-8,2026-08-09T02:15:27.140Z,
https://www.city.ohtawara.tochigi.jp/docs/2013082764805/,candidate-venues.csv;venue-details.csv,CAND-499;DETAIL-1675,206,reachable,https://www.city.ohtawara.tochigi.jp/docs/2013082764805/,text/html,2026-08-09T02:15:27.140Z,
https://www.city.ohtawara.tochigi.jp/docs/2013082771117/,candidate-venues.csv;price-observations.csv;venue-details.csv,CAND-1102;DETAIL-6808;DETAIL-6809;DETAIL-6810;PRICE-2878;PRICE-2879;PRICE-2880;PRICE-2881,206,reachable,https://www.city.ohtawara.tochigi.jp/docs/2013082771117/,text/html,2026-08-09T02:15:27.140Z,
https://www.city.oita.oita.jp/o210/bunkasports/bunka/bijutsukan/1299737215966/kanrenshisetsu/comon_zitsushitsu.html,candidate-venues.csv;price-observations.csv;venue-details.csv,CAND-1081;DETAIL-6488;DETAIL-6489;DETAIL-6490;PRICE-2876;PRICE-2877,404,client_error,https://www.city.oita.oita.jp/o210/bunkasports/bunka/bijutsukan/1299737215966/kanrenshisetsu/comon_zitsushitsu.html,text/html,2026-08-09T02:15:27.140Z,
https://www.city.ojiya.niigata.jp/site/shisetsu/shiminn-kaikan.html,candidate-venues.csv;venue-details.csv,CAND-375;DETAIL-856;DETAIL-857;DETAIL-858;DETAIL-859,206,reachable,https://www.city.ojiya.niigata.jp/site/shisetsu/shiminn-kaikan.html,text/html,2026-08-09T02:15:27.140Z,
https://www.city.okayama.jp/life/0000040886.html,venue-details.csv,DETAIL-7495;DETAIL-7496;DETAIL-7497;DETAIL-7498;DETAIL-7499;DETAIL-7500;DETAIL-7501;DETAIL-7502;DETAIL-7503;DETAIL-7504;DETAIL-7505;DETAIL-7506;DETAIL-7507,206,reachable,https://www.city.okayama.jp/life/0000040886.html,text/html,2026-08-09T02:15:27.140Z,
https://www.city.okayama.jp/okayama-city-museum/0000022328.html,candidate-venues.csv;venue-details.csv,CAND-1157;DETAIL-7516,206,reachable,https://www.city.okayama.jp/okayama-city-museum/0000022328.html,text/html,2026-08-09T02:15:27.140Z,
https://www.city.okazaki.lg.jp/1300/1303/1323/p021409_d/fil/2keikaku.pdf,candidate-venues.csv;venue-details.csv,CAND-689;DETAIL-2956;DETAIL-2957;DETAIL-2958;DETAIL-2959;DETAIL-2960;DETAIL-2961;DETAIL-2962;DETAIL-2963;DETAIL-2964;DETAIL-2965,404,client_error,https://www.city.okazaki.lg.jp/1300/1303/1323/p021409_d/fil/2keikaku.pdf,text/html,2026-08-09T02:15:27.140Z,
https://www.city.okinawa.okinawa.jp/k003/tokushuuichiran/okinawaarena.html,candidate-venues.csv;venue-details.csv,CAND-091;DETAIL-155,206,reachable,https://www.city.okinawa.okinawa.jp/k003/tokushuuichiran/okinawaarena.html,text/html,2026-08-09T02:15:27.140Z,
https://www.city.okinawa.okinawa.jp/k009/shiseijouhou/gaiyou/shisetsu/shisetsuannai/sportsshisetsu/1093.html,venue-operations.csv,OP-077:booking_source_url,206,reachable,https://www.city.okinawa.okinawa.jp/k009/shiseijouhou/gaiyou/shisetsu/shisetsuannai/sportsshisetsu/1093.html,text/html,2026-08-09T02:15:27.140Z,
https://www.city.omachi.nagano.jp/00024000/00024100/R%EF%BC%95%E5%B9%B4%E5%BA%A6%E6%95%99%E8%82%B2%E8%A6%81%E8%A6%A7%E7%B5%90%E5%90%88.pdf,venue-details.csv,DETAIL-5103;DETAIL-5104;DETAIL-5105;DETAIL-5106;DETAIL-5107;DETAIL-5108;DETAIL-5109;DETAIL-5110;DETAIL-5111;DETAIL-5112;DETAIL-5113;DETAIL-5114;DETAIL-5115;DETAIL-5116;DETAIL-5117,410,client_error,https://www.city.omachi.nagano.jp/00024000/00024100/R%EF%BC%95%E5%B9%B4%E5%BA%A6%E6%95%99%E8%82%B2%E8%A6%81%E8%A6%A7%E7%B5%90%E5%90%88.pdf,text/html,2026-08-09T02:15:27.140Z,
https://www.city.omachi.nagano.jp/events/iy8jpreakl4631gg70gyusui,candidate-venues.csv,CAND-936,206,reachable,https://www.city.omachi.nagano.jp/events/iy8jpreakl4631gg70gyusui,text/html; charset=utf-8,2026-08-09T02:15:27.140Z,
https://www.city.omihachiman.lg.jp/material/files/group/104/daihallzasekinew.pdf,venue-details.csv,DETAIL-662,206,reachable,https://www.city.omihachiman.lg.jp/material/files/group/104/daihallzasekinew.pdf,application/pdf,2026-08-09T02:15:27.140Z,
https://www.city.omihachiman.lg.jp/soshiki/kaikan/2/1231.html,candidate-venues.csv,CAND-316,200,reachable,https://www.city.omihachiman.lg.jp/soshiki/kaikan/2/1231.html,text/html,2026-08-09T02:15:27.140Z,
https://www.city.omitama.lg.jp/manage/contents/upload/61f5e742e7747.pdf,venue-details.csv,DETAIL-3735;DETAIL-3736;DETAIL-3737;DETAIL-3738;DETAIL-3739;DETAIL-3740,206,reachable,https://www.city.omitama.lg.jp/manage/contents/upload/61f5e742e7747.pdf,application/pdf,2026-08-09T02:15:27.140Z,
https://www.city.omura.nagasaki.jp/bunka/kyoiku/bunka/shisetsu/sea-hat.html,candidate-venues.csv;venue-details.csv,CAND-532;DETAIL-1935;DETAIL-1936;DETAIL-1937;DETAIL-1938,206,reachable,https://www.city.omura.nagasaki.jp/bunka/kyoiku/bunka/shisetsu/sea-hat.html,text/html,2026-08-09T02:15:27.140Z,
https://www.city.ono.fukui.jp/kurashi/chiikidukuri/chiiki-kouryu-center/info/shisetsu-info.html,candidate-venues.csv;venue-details.csv,CAND-860;DETAIL-4271;DETAIL-4272;DETAIL-4273,206,reachable,https://www.city.ono.fukui.jp/kurashi/chiikidukuri/chiiki-kouryu-center/info/shisetsu-info.html,text/html,2026-08-09T02:15:27.140Z,
https://www.city.ono.fukui.jp/shisei/seisaku-keikaku/sonota/bunkakaikan.files/0021_20240501.pdf,candidate-venues.csv;venue-details.csv,CAND-355;CAND-356;DETAIL-808;DETAIL-809,206,reachable,https://www.city.ono.fukui.jp/shisei/seisaku-keikaku/sonota/bunkakaikan.files/0021_20240501.pdf,application/pdf,2026-08-09T02:15:27.140Z,
https://www.city.onojo.fukuoka.jp/kiji0035392/index.html,candidate-venues.csv;venue-details.csv,CAND-886;DETAIL-4480;DETAIL-4481;DETAIL-4482;DETAIL-4483;DETAIL-4484;DETAIL-4485;DETAIL-4486;DETAIL-4487;DETAIL-4488;DETAIL-4489;DETAIL-4490;DETAIL-4491,206,reachable,https://www.city.onojo.fukuoka.jp/kiji0035392/index.html,text/html,2026-08-09T02:15:27.140Z,
https://www.city.onomichi.hiroshima.jp/soshiki/7/18493.html,candidate-venues.csv;venue-details.csv,CAND-575;DETAIL-2242;DETAIL-2243;DETAIL-2244,206,reachable,https://www.city.onomichi.hiroshima.jp/soshiki/7/18493.html,text/html; charset=UTF-8,2026-08-09T02:15:27.140Z,
https://www.city.osaki.miyagi.jp/shisei/shiseijoho/shogaigakushu/3/5/4303.html,candidate-venues.csv;venue-details.csv,CAND-392;DETAIL-938,206,reachable,https://www.city.osaki.miyagi.jp/shisei/shiseijoho/shogaigakushu/3/5/4303.html,text/html,2026-08-09T02:15:27.140Z,
https://www.city.oshu.iwate.jp/material/files/group/77/01234567.pdf,candidate-venues.csv;venue-details.csv,CAND-276;DETAIL-576;DETAIL-577,404,client_error,https://www.city.oshu.iwate.jp/material/files/group/77/01234567.pdf,text/html,2026-08-09T02:15:27.140Z,
https://www.city.otake.hiroshima.jp/soshiki/kyoikuiinkai/shogai/syogaigakusyu_shisetsu/1456272992789.html,candidate-venues.csv;venue-details.csv,CAND-755;DETAIL-3414;DETAIL-3415;DETAIL-3416;DETAIL-3417;DETAIL-3418;DETAIL-3419;DETAIL-3420;DETAIL-3421;DETAIL-3422;DETAIL-3423;DETAIL-3424,200,reachable,https://www.city.otake.hiroshima.jp/soshiki/kyoikuiinkai/shogai/syogaigakusyu_shisetsu/1456272992789.html,text/html,2026-08-09T02:15:27.140Z,
https://www.city.otsuki.yamanashi.jp/bunka/shisetsu/shiminkaikan_shisetukasidashi.html,candidate-venues.csv;venue-details.csv,CAND-458;DETAIL-1304;DETAIL-1305;DETAIL-1306;DETAIL-1307;DETAIL-1308;DETAIL-1309;DETAIL-1310;DETAIL-1311;DETAIL-1312;DETAIL-1313;DETAIL-1314;DETAIL-1315;DETAIL-1316;DETAIL-1317;DETAIL-1318;DETAIL-1319,206,reachable,https://www.city.otsuki.yamanashi.jp/bunka/shisetsu/shiminkaikan_shisetukasidashi.html,text/html,2026-08-09T02:15:27.140Z,
https://www.city.owase.lg.jp/cmsfiles/contents/0000023/23481/bosyuuyoukou.pdf,candidate-venues.csv;venue-details.csv,CAND-236;DETAIL-508;DETAIL-509,404,client_error,https://www.city.owase.lg.jp/cmsfiles/contents/0000023/23481/bosyuuyoukou.pdf,text/html,2026-08-09T02:15:27.140Z,
https://www.city.oyabe.toyama.jp/bunkasports/1003003/1002423/1002425.html,candidate-venues.csv;venue-details.csv,CAND-501;DETAIL-1691;DETAIL-1692;DETAIL-1693;DETAIL-1694;DETAIL-1695;DETAIL-1696;DETAIL-1697;DETAIL-1698;DETAIL-1699;DETAIL-1700;DETAIL-1701;DETAIL-1702;DETAIL-1703,206,reachable,https://www.city.oyabe.toyama.jp/bunkasports/1003003/1002423/1002425.html,text/html,2026-08-09T02:15:27.140Z,
https://www.city.oyama.tochigi.jp/data/doc/1705049206_doc_41_0.pdf,candidate-venues.csv;venue-details.csv,CAND-346;DETAIL-784;DETAIL-785;DETAIL-786,200,reachable,https://www.city.oyama.tochigi.jp/data/doc/1705049206_doc_41_0.pdf,application/pdf,2026-08-09T02:15:27.140Z,
https://www.city.ozu.ehime.jp/soshiki/zaisei/0178.html,candidate-venues.csv;venue-details.csv,CAND-384;DETAIL-894;DETAIL-895;DETAIL-896;DETAIL-897;DETAIL-898,206,reachable,https://www.city.ozu.ehime.jp/soshiki/zaisei/0178.html,text/html,2026-08-09T02:15:27.140Z,
https://www.city.rikuzentakata.iwate.jp/machizukuri_sangyo/kisekinoippommatsu/3630.html,candidate-venues.csv;venue-details.csv,CAND-593;DETAIL-2364;DETAIL-2365;DETAIL-2366;DETAIL-2367;DETAIL-2368;DETAIL-2369;DETAIL-2370;DETAIL-2371;DETAIL-2372;DETAIL-2373;DETAIL-2374;DETAIL-2375;DETAIL-2376;DETAIL-2377;DETAIL-2378;DETAIL-2379;DETAIL-2380;DETAIL-2381,206,reachable,https://www.city.rikuzentakata.iwate.jp/machizukuri_sangyo/kisekinoippommatsu/3630.html,text/html,2026-08-09T02:15:27.140Z,
https://www.city.sado.niigata.jp/site/amuse-sado/12015.html,candidate-venues.csv;venue-details.csv,CAND-373;DETAIL-848;DETAIL-849;DETAIL-850;DETAIL-851,206,reachable,https://www.city.sado.niigata.jp/site/amuse-sado/12015.html,text/html,2026-08-09T02:15:27.140Z,
https://www.city.saga-kashima.lg.jp/main/18066.html,candidate-venues.csv;venue-details.csv,CAND-413;DETAIL-1036,206,reachable,https://www.city.saga-kashima.lg.jp/main/18066.html,text/html; charset=UTF-8,2026-08-09T02:15:27.140Z,
https://www.city.saga-kashima.lg.jp/site_files/file/soumuka/siminkaikan/%E9%B9%BF%E5%B3%B6%E5%B8%82%E6%B0%91%E6%96%87%E5%8C%96%E3%83%9B%E3%83%BC%E3%83%AB%E5%AE%8C%E6%88%90%E8%A8%98%E5%BF%B5%E8%AA%8C%EF%BC%88%E5%AF%84%E9%99%84%E8%80%85%E6%8E%B2%E8%BC%89%E7%89%88%EF%BC%89.pdf,venue-details.csv,DETAIL-1037;DETAIL-1038,206,reachable,https://www.city.saga-kashima.lg.jp/site_files/file/soumuka/siminkaikan/%E9%B9%BF%E5%B3%B6%E5%B8%82%E6%B0%91%E6%96%87%E5%8C%96%E3%83%9B%E3%83%BC%E3%83%AB%E5%AE%8C%E6%88%90%E8%A8%98%E5%BF%B5%E8%AA%8C%EF%BC%88%E5%AF%84%E9%99%84%E8%80%85%E6%8E%B2%E8%BC%89%E7%89%88%EF%BC%89.pdf,application/pdf,2026-08-09T02:15:27.140Z,
https://www.city.saga.lg.jp/bunka-sports/bunka-geijutsu/3/2852.html,candidate-venues.csv;venue-details.csv,CAND-265;DETAIL-552;DETAIL-553,206,reachable,https://www.city.saga.lg.jp/bunka-sports/bunka-geijutsu/3/2852.html,text/html,2026-08-09T02:15:27.140Z,
https://www.city.saga.lg.jp/sangyo-machizukuri/sangyo-rodo/1/2/2254.html,candidate-venues.csv;venue-details.csv,CAND-977;DETAIL-5388;DETAIL-5389;DETAIL-5390;DETAIL-5391,206,reachable,https://www.city.saga.lg.jp/sangyo-machizukuri/sangyo-rodo/1/2/2254.html,text/html,2026-08-09T02:15:27.140Z,
https://www.city.sagae.yamagata.jp/kurashi/shisetsu/bunkashogaigakusyu/shiminbunka.html,candidate-venues.csv;venue-details.csv,CAND-600;DETAIL-2412;DETAIL-2413;DETAIL-2414;DETAIL-2415;DETAIL-2416;DETAIL-2417,206,reachable,https://www.city.sagae.yamagata.jp/kurashi/shisetsu/bunkashogaigakusyu/shiminbunka.html,text/html,2026-08-09T02:15:27.140Z,
https://www.city.sagamihara.kanagawa.jp/kurashi/shisetsu/bunka_shakai/hall/1002739.html,candidate-venues.csv;venue-details.csv,CAND-738;DETAIL-3309;DETAIL-3310;DETAIL-3311;DETAIL-3312;DETAIL-3313,206,reachable,https://www.city.sagamihara.kanagawa.jp/kurashi/shisetsu/bunka_shakai/hall/1002739.html,text/html,2026-08-09T02:15:27.140Z,
https://www.city.saikai.nagasaki.jp/material/files/group/29/dainikisaikaisikyouikusinnkoukihonnkeikakukaiteiban.pdf,candidate-venues.csv;venue-details.csv,CAND-715;DETAIL-3145;DETAIL-3146;DETAIL-3147;DETAIL-3148,206,reachable,https://www.city.saikai.nagasaki.jp/material/files/group/29/dainikisaikaisikyouikusinnkoukihonnkeikakukaiteiban.pdf,application/pdf,2026-08-09T02:15:27.140Z,
https://www.city.saitama.lg.jp/004/006/003/001/p077482.html,candidate-venues.csv;price-observations.csv;venue-details.csv;venue-operations.csv,CAND-194;DETAIL-282;OP-105:access_source_url;OP-105:booking_source_url;OP-105:operations_source_url;PRICE-395;PRICE-396;PRICE-397,206,reachable,https://www.city.saitama.lg.jp/004/006/003/001/p077482.html,text/html,2026-08-09T02:15:27.140Z,
https://www.city.saitama.lg.jp/008/003/001/p086297.html,candidate-venues.csv;venue-details.csv,CAND-1024;DETAIL-5808;DETAIL-5809;DETAIL-5810;DETAIL-5811;DETAIL-5812;DETAIL-5813;DETAIL-5814,206,reachable,https://www.city.saitama.lg.jp/008/003/001/p086297.html,text/html,2026-08-09T02:15:27.140Z,
https://www.city.saito.lg.jp/kanko_bunka/culture/post_1759.html,candidate-venues.csv;venue-details.csv,CAND-340;DETAIL-753;DETAIL-754;DETAIL-755,200,reachable,https://www.city.saito.lg.jp/kanko_bunka/culture/post_1759.html,text/html,2026-08-09T02:15:27.140Z,
https://www.city.sakado.lg.jp/soshiki/15/477.html,candidate-venues.csv;venue-details.csv,CAND-811;DETAIL-3854;DETAIL-3855;DETAIL-3856;DETAIL-3857;DETAIL-3858;DETAIL-3859;DETAIL-3860;DETAIL-3861;DETAIL-3862;DETAIL-3863;DETAIL-3864;DETAIL-3865;DETAIL-3866;DETAIL-3867,206,reachable,https://www.city.sakado.lg.jp/soshiki/15/477.html,text/html,2026-08-09T02:15:27.140Z,
https://www.city.sakaide.lg.jp/soshiki/bunkashinkou/siminhall.html,candidate-venues.csv;venue-details.csv,CAND-362;DETAIL-823;DETAIL-824,206,reachable,https://www.city.sakaide.lg.jp/soshiki/bunkashinkou/siminhall.html,text/html,2026-08-09T02:15:27.140Z,
https://www.city.sakaide.lg.jp/soshiki/syougaigakusyu/fureai.html,candidate-venues.csv;venue-details.csv,CAND-363;DETAIL-825;DETAIL-826,206,reachable,https://www.city.sakaide.lg.jp/soshiki/syougaigakusyu/fureai.html,text/html,2026-08-09T02:15:27.140Z,
https://www.city.sakata.lg.jp/bunka/geijyutsu/siinkaikanuketuke.files/0401siyousyo.pdf,candidate-venues.csv;venue-details.csv,CAND-283;DETAIL-587;DETAIL-588,206,reachable,https://www.city.sakata.lg.jp/404.html,text/html,2026-08-09T02:15:27.140Z,redirected
https://www.city.saku.nagano.jp/bunka/sakubun/cosmohall.html,candidate-venues.csv;venue-details.csv,CAND-398;DETAIL-963;DETAIL-964;DETAIL-965,200,reachable,https://www.city.saku.nagano.jp/bunka/sakubun/cosmohall.html,text/html,2026-08-09T02:15:27.140Z,
https://www.city.sakura.lg.jp/material/files/group/71/gaiyou2.pdf,venue-details.csv,DETAIL-634,206,reachable,https://www.city.sakura.lg.jp/material/files/group/71/gaiyou2.pdf,application/pdf,2026-08-09T02:15:27.140Z,
https://www.city.sakura.lg.jp/soshiki/shiminongakuhall/index.html,candidate-venues.csv,CAND-304,206,reachable,https://www.city.sakura.lg.jp/soshiki/shiminongakuhall/index.html,text/html,2026-08-09T02:15:27.140Z,
https://www.city.sakura.lg.jp/soshiki/shiminongakuhall/shiseturiyou/4864.html,venue-details.csv,DETAIL-635;DETAIL-636,206,reachable,https://www.city.sakura.lg.jp/soshiki/shiminongakuhall/shiseturiyou/4864.html,text/html,2026-08-09T02:15:27.140Z,
https://www.city.sanda.lg.jp/material/files/group/16/shisetugaiyo02.pdf,candidate-venues.csv;venue-details.csv,CAND-697;DETAIL-3024;DETAIL-3025;DETAIL-3026;DETAIL-3027;DETAIL-3028;DETAIL-3029;DETAIL-3030;DETAIL-3031,206,reachable,https://www.city.sanda.lg.jp/material/files/group/16/shisetugaiyo02.pdf,application/pdf,2026-08-09T02:15:27.140Z,
https://www.city.sanjo.niigata.jp/kosodate_kyoiku/kosodate_site/mokuteki/odekake_spot/1/16638.html,candidate-venues.csv;venue-details.csv,CAND-722;DETAIL-3188;DETAIL-3189;DETAIL-3190;DETAIL-3191;DETAIL-3192;DETAIL-3193;DETAIL-3194,206,reachable,https://www.city.sanjo.niigata.jp/kosodate_kyoiku/kosodate_site/mokuteki/odekake_spot/1/16638.html,text/html,2026-08-09T02:15:27.140Z,
https://www.city.sanuki.lg.jp/soshiki/shogaigakushu/gyomu/1/3/1344.html,candidate-venues.csv;venue-details.csv,CAND-526;DETAIL-1922,206,reachable,https://www.city.sanuki.lg.jp/soshiki/shogaigakushu/gyomu/1/3/1344.html,text/html,2026-08-09T02:15:27.140Z,
https://www.city.sanyo-onoda.lg.jp/site/bunka-kaikan/dai-hall.html,venue-details.csv,DETAIL-1504,206,reachable,https://www.city.sanyo-onoda.lg.jp/site/bunka-kaikan/dai-hall.html,text/html,2026-08-09T02:15:27.140Z,
https://www.city.sanyo-onoda.lg.jp/site/bunka-kaikan/list23.html,candidate-venues.csv,CAND-479,206,reachable,https://www.city.sanyo-onoda.lg.jp/site/bunka-kaikan/list23.html,text/html,2026-08-09T02:15:27.140Z,
https://www.city.sanyo-onoda.lg.jp/site/bunka-kaikan/shou-hall.html,venue-details.csv,DETAIL-1505,206,reachable,https://www.city.sanyo-onoda.lg.jp/site/bunka-kaikan/shou-hall.html,text/html,2026-08-09T02:15:27.140Z,
https://www.city.sanyo-onoda.lg.jp/site/bunka-kaikan/siyouryou20190415.html,price-observations.csv,PRICE-2823;PRICE-2824;PRICE-2825,206,reachable,https://www.city.sanyo-onoda.lg.jp/site/bunka-kaikan/siyouryou20190415.html,text/html,2026-08-09T02:15:27.140Z,
https://www.city.sapporo.jp/sports/sisetsu/institution/gym/chuo.html,candidate-venues.csv;venue-details.csv;venue-operations.csv,CAND-138;DETAIL-223;OP-154:access_source_url;OP-154:booking_source_url,206,reachable,https://www.city.sapporo.jp/sports/sisetsu/institution/gym/chuo.html,text/html,2026-08-09T02:15:27.140Z,
https://www.city.sasebo.lg.jp/bunsupo/sports/taikukan.html,candidate-venues.csv;venue-details.csv;venue-operations.csv,CAND-144;DETAIL-229;DETAIL-389;DETAIL-390;OP-156:access_source_url;OP-156:operations_source_url,206,reachable,https://www.city.sasebo.lg.jp/bunsupo/sports/taikukan.html,text/html,2026-08-09T02:15:27.140Z,
https://www.city.sasebo.lg.jp/documents/2764/06taikubunkakan.pdf,price-observations.csv;venue-details.csv,DETAIL-391;DETAIL-392;DETAIL-393;DETAIL-394;PRICE-1368;PRICE-1369;PRICE-1370;PRICE-1371;PRICE-1372;PRICE-1373;PRICE-1374;PRICE-1375;PRICE-1376;PRICE-1377;PRICE-1378;PRICE-1379;PRICE-1380;PRICE-1381;PRICE-1382;PRICE-1383;PRICE-1384;PRICE-1385;PRICE-1386;PRICE-1387;PRICE-1388;PRICE-1389;PRICE-1390;PRICE-1391;PRICE-1392;PRICE-1393;PRICE-1394;PRICE-1395;PRICE-1396;PRICE-1397;PRICE-1398;PRICE-1399;PRICE-1400;PRICE-1401;PRICE-1402;PRICE-1403;PRICE-1404;PRICE-1405;PRICE-1406;PRICE-1407;PRICE-1408;PRICE-1409;PRICE-1410;PRICE-1411;PRICE-1412;PRICE-1413;PRICE-1414;PRICE-1415;PRICE-1416;PRICE-1417;PRICE-1418;PRICE-1419;PRICE-1420;PRICE-1421;PRICE-1422;PRICE-1423;PRICE-1424;PRICE-1425;PRICE-1426;PRICE-1427;PRICE-1428;PRICE-1429;PRICE-1430;PRICE-1431;PRICE-1432;PRICE-1433;PRICE-1434;PRICE-1435;PRICE-1436;PRICE-1437;PRICE-1438;PRICE-1439;PRICE-1440;PRICE-1441;PRICE-1442;PRICE-1443;PRICE-1444;PRICE-1445;PRICE-1446;PRICE-1447;PRICE-1448;PRICE-1449;PRICE-1450;PRICE-1451;PRICE-1452;PRICE-1453;PRICE-1454;PRICE-1455;PRICE-1456;PRICE-1457;PRICE-1458;PRICE-1459;PRICE-1460;PRICE-1461;PRICE-1462;PRICE-1463;PRICE-1464;PRICE-1465;PRICE-1466;PRICE-1467;PRICE-1468;PRICE-1469;PRICE-1470;PRICE-1471;PRICE-1472;PRICE-1473;PRICE-1474;PRICE-1475;PRICE-1476;PRICE-1477;PRICE-1478;PRICE-1479;PRICE-1480;PRICE-1481;PRICE-1482;PRICE-1483;PRICE-1484;PRICE-1485;PRICE-1486;PRICE-1487;PRICE-1488;PRICE-1489;PRICE-1490;PRICE-1491;PRICE-379,206,reachable,https://www.city.sasebo.lg.jp/documents/2764/06taikubunkakan.pdf,application/pdf,2026-08-09T02:15:27.140Z,
https://www.city.sasebo.lg.jp/gyokeikai/gyomane/shisetsuichiran.html,venue-operations.csv,OP-156:booking_source_url,404,client_error,https://www.city.sasebo.lg.jp/gyokeikai/gyomane/shisetsuichiran.html,text/html,2026-08-09T02:15:27.140Z,
https://www.city.satsumasendai.lg.jp/gyoseijoho/kocho/7/15720.html,venue-details.csv,DETAIL-5302;DETAIL-5303;DETAIL-5304;DETAIL-5306,200,reachable,https://www.city.satsumasendai.lg.jp/gyoseijoho/kocho/7/15720.html,text/html,2026-08-09T02:15:27.140Z,
https://www.city.satsumasendai.lg.jp/gyoseijoho/shiteikanrishaseido/1/12765.html,candidate-venues.csv,CAND-963,200,reachable,https://www.city.satsumasendai.lg.jp/gyoseijoho/shiteikanrishaseido/1/12765.html,text/html,2026-08-09T02:15:27.140Z,
https://www.city.satsumasendai.lg.jp/kanko_bunka_sports/sports/2/9053.html,candidate-venues.csv;venue-details.csv;venue-operations.csv,CAND-229;DETAIL-317;OP-140:access_source_url,200,reachable,https://www.city.satsumasendai.lg.jp/kanko_bunka_sports/sports/2/9053.html,text/html,2026-08-09T02:15:27.140Z,
https://www.city.satsumasendai.lg.jp/soshiki/1023/2/9/1050.html,venue-operations.csv,OP-140:booking_source_url,200,reachable,https://www.city.satsumasendai.lg.jp/soshiki/1023/2/9/1050.html,text/html,2026-08-09T02:15:27.140Z,
https://www.city.satsumasendai.lg.jp/soshiki/1043/1/2/3164.html,candidate-venues.csv;venue-details.csv,CAND-964;DETAIL-5305,200,reachable,https://www.city.satsumasendai.lg.jp/soshiki/1043/1/2/3164.html,text/html,2026-08-09T02:15:27.140Z,
https://www.city.sayama.saitama.jp/shisei/shisetsu/bunkashisetsu/shiminkaikan/index.html,candidate-venues.csv;venue-details.csv,CAND-616;DETAIL-2524,206,reachable,https://www.city.sayama.saitama.jp/shisei/shisetsu/bunkashisetsu/shiminkaikan/index.html,text/html,2026-08-09T02:15:27.140Z,
https://www.city.seiyo.ehime.jp/material/files/group/91/bunkatsu3.pdf,candidate-venues.csv;venue-details.csv,CAND-731;DETAIL-3263;DETAIL-3264;DETAIL-3265;DETAIL-3266;DETAIL-3267;DETAIL-3268,206,reachable,https://www.city.seiyo.ehime.jp/material/files/group/91/bunkatsu3.pdf,application/pdf,2026-08-09T02:15:27.140Z,
https://www.city.semboku.akita.jp/facility_sys/shiminkaikan.html,candidate-venues.csv;venue-details.csv,CAND-425;DETAIL-1096;DETAIL-1097;DETAIL-1098;DETAIL-1099,206,reachable,https://www.city.semboku.akita.jp/facility_sys/shiminkaikan.html,text/html,2026-08-09T02:15:27.140Z,
https://www.city.seto.aichi.jp/docs/2014/08/22/00065/index.html,candidate-venues.csv;venue-details.csv,CAND-864;DETAIL-4309,206,reachable,https://www.city.seto.aichi.jp/docs/2014/08/22/00065/index.html,text/html,2026-08-09T02:15:27.140Z,
https://www.city.setouchi.lg.jp/soshiki/59/146585.html,candidate-venues.csv;venue-details.csv,CAND-378;DETAIL-870;DETAIL-871;DETAIL-872;DETAIL-873,206,reachable,https://www.city.setouchi.lg.jp/soshiki/59/146585.html,text/html,2026-08-09T02:15:27.140Z,
https://www.city.shibata.lg.jp/_res/projects/default_project/_page_/001/005/000/r3panf.pdf,venue-details.csv,DETAIL-3184;DETAIL-3185;DETAIL-3186;DETAIL-3187,206,reachable,https://www.city.shibata.lg.jp/_res/projects/default_project/_page_/001/005/000/r3panf.pdf,application/pdf,2026-08-09T02:15:27.140Z,
https://www.city.shibata.lg.jp/_res/projects/default_project/_page_/001/005/000/sisetuannai1.pdf,venue-details.csv,DETAIL-3183,404,client_error,https://www.city.shibata.lg.jp/_res/projects/default_project/_page_/001/005/000/sisetuannai1.pdf,text/html,2026-08-09T02:15:27.140Z,
https://www.city.shibata.lg.jp/shisetsu/kyoiku/1005000.html,candidate-venues.csv,CAND-721,206,reachable,https://www.city.shibata.lg.jp/shisetsu/kyoiku/1005000.html,text/html,2026-08-09T02:15:27.140Z,
https://www.city.shibetsu.lg.jp/soshikikarasagasu/chuokominkan/1093.html,candidate-venues.csv;venue-details.csv,CAND-1172;DETAIL-7646;DETAIL-7647;DETAIL-7648;DETAIL-7649;DETAIL-7650;DETAIL-7651;DETAIL-7652;DETAIL-7653;DETAIL-7654;DETAIL-7655;DETAIL-7656;DETAIL-7657;DETAIL-7658;DETAIL-7659;DETAIL-7660;DETAIL-7661;DETAIL-7662;DETAIL-7663;DETAIL-7664;DETAIL-7665;DETAIL-7666;DETAIL-7667,206,reachable,https://www.city.shibetsu.lg.jp/soshikikarasagasu/chuokominkan/1093.html,text/html,2026-08-09T02:15:27.140Z,
https://www.city.shibukawa.lg.jp/shisetsu/000351/p001042.html,candidate-venues.csv;venue-details.csv,CAND-443;DETAIL-1217;DETAIL-1218;DETAIL-1219,200,reachable,https://www.city.shibukawa.lg.jp/shisetsu/000351/p001042.html,text/html,2026-08-09T02:15:27.140Z,
https://www.city.shiga-konan.lg.jp/soshiki/kyoiku_iinkai/syougaigakusyu/bunkahall/shisetugaiyou/40153.html,candidate-venues.csv;venue-details.csv,CAND-866;DETAIL-4314;DETAIL-4315;DETAIL-4316;DETAIL-4317;DETAIL-4318;DETAIL-4319,200,reachable,https://www.city.shiga-konan.lg.jp/soshiki/kyoiku_iinkai/syougaigakusyu/bunkahall/shisetugaiyou/40153.html,text/html,2026-08-09T02:15:27.140Z,
https://www.city.shikokuchuo.ehime.jp/map/7530.html,candidate-venues.csv;venue-details.csv,CAND-382;DETAIL-884;DETAIL-885;DETAIL-886;DETAIL-887;DETAIL-888,206,reachable,https://www.city.shikokuchuo.ehime.jp/map/7530.html,text/html,2026-08-09T02:15:27.140Z,
https://www.city.shima.mie.jp/kakuka/kyouiku/syogaigakusyusportska/bunkashisetsunogoannai/1454320302241.html,candidate-venues.csv;venue-details.csv,CAND-247;DETAIL-523;DETAIL-524,206,reachable,https://www.city.shima.mie.jp/kakuka/kyouiku/syogaigakusyusportska/bunkashisetsunogoannai/1454320302241.html,text/html,2026-08-09T02:15:27.140Z,
https://www.city.shimabara.lg.jp/common/UploadFileOutput.ashx?c_id=3&flid=61173&id=19281&sub_id=2,venue-details.csv,DETAIL-3133;DETAIL-3134;DETAIL-3135;DETAIL-3136;DETAIL-3137;DETAIL-3138;DETAIL-3139,206,reachable,https://www.city.shimabara.lg.jp/common/UploadFileOutput.ashx?c_id=3&flid=61173&id=19281&sub_id=2,application/pdf,2026-08-09T02:15:27.140Z,
https://www.city.shimabara.lg.jp/hpkiji/pub/List.aspx?c_id=3&class_id=326&class_set_id=1,candidate-venues.csv,CAND-713,206,reachable,https://www.city.shimabara.lg.jp/hpkiji/pub/List.aspx?c_id=3&class_id=326&class_set_id=1,text/html; charset=utf-8,2026-08-09T02:15:27.140Z,
https://www.city.shimada.shizuoka.jp/gyosei-docs/879038973.html,candidate-venues.csv;venue-details.csv,CAND-639;DETAIL-2660,206,reachable,https://www.city.shimada.shizuoka.jp/gyosei-docs/879038973.html,text/html,2026-08-09T02:15:27.140Z,
https://www.city.shimanto.lg.jp/uploaded/attachment/9061.pdf,candidate-venues.csv;venue-details.csv,CAND-332;DETAIL-718,206,reachable,https://www.city.shimanto.lg.jp/uploaded/attachment/9061.pdf,application/pdf,2026-08-09T02:15:27.140Z,
https://www.city.shimotsuke.lg.jp/2029/info-0000002424-3.html,candidate-venues.csv;venue-details.csv,CAND-677;DETAIL-2859,200,reachable,https://www.city.shimotsuke.lg.jp/2029/info-0000002424-3.html,text/html,2026-08-09T02:15:27.140Z,
https://www.city.shimotsuma.lg.jp/reiki_int/reiki_honbun/e010RG00000719.html,venue-details.csv,DETAIL-2490;DETAIL-2491,206,reachable,https://www.city.shimotsuma.lg.jp/reiki_int/reiki_honbun/e010RG00000719.html,text/html,2026-08-09T02:15:27.140Z,
https://www.city.shimotsuma.lg.jp/reiki_int/reiki_honbun/e010RG00000802.html,candidate-venues.csv;venue-details.csv,CAND-609;DETAIL-2487;DETAIL-2488;DETAIL-2489,206,reachable,https://www.city.shimotsuma.lg.jp/reiki_int/reiki_honbun/e010RG00000802.html,text/html,2026-08-09T02:15:27.140Z,
https://www.city.shimotsuma.lg.jp/shogaigakushu-bunka-sports/library/gaiyo/page002080.html,candidate-venues.csv;venue-details.csv,CAND-610;DETAIL-2492;DETAIL-2493;DETAIL-2494,206,reachable,https://www.city.shimotsuma.lg.jp/shogaigakushu-bunka-sports/library/gaiyo/page002080.html,text/html,2026-08-09T02:15:27.140Z,
https://www.city.shingu.lg.jp/div/bunka-1/pdf/tankakuHALL/toiawase.pdf,candidate-venues.csv;venue-details.csv,CAND-260;DETAIL-546,206,reachable,https://www.city.shingu.lg.jp/div/bunka-1/pdf/tankakuHALL/toiawase.pdf,application/pdf,2026-08-09T02:15:27.140Z,
https://www.city.shinjo.yamagata.jp/li/030/020/030/index.html,candidate-venues.csv;venue-details.csv,CAND-284;DETAIL-590,206,reachable,https://www.city.shinjo.yamagata.jp/li/030/020/030/index.html,text/html; charset=UTF-8,2026-08-09T02:15:27.140Z,
https://www.city.shinjo.yamagata.jp/s025/030/20150301150229.html,venue-details.csv,DETAIL-589,206,reachable,https://www.city.shinjo.yamagata.jp/s025/030/20150301150229.html,text/html; charset=UTF-8,2026-08-09T02:15:27.140Z,
https://www.city.shiroi.chiba.jp/manabu/bunka/b02/1421991956867.html,venue-details.csv,DETAIL-2582,206,reachable,https://www.city.shiroi.chiba.jp/manabu/bunka/b02/1421991956867.html,text/html,2026-08-09T02:15:27.140Z,
https://www.city.shiroi.chiba.jp/material/files/group/49/01daikibokaisyuukihonkeikakusaundhinguzissiyouryou.pdf,candidate-venues.csv;venue-details.csv,CAND-623;DETAIL-2581;DETAIL-2583;DETAIL-2584,206,reachable,https://www.city.shiroi.chiba.jp/material/files/group/49/01daikibokaisyuukihonkeikakusaundhinguzissiyouryou.pdf,application/pdf,2026-08-09T02:15:27.140Z,
https://www.city.shiroishi.miyagi.jp/soshiki/17/15.html,candidate-venues.csv;venue-details.csv,CAND-841;DETAIL-4058;DETAIL-4059;DETAIL-4060;DETAIL-4061;DETAIL-4062;DETAIL-4063,206,reachable,https://www.city.shiroishi.miyagi.jp/soshiki/17/15.html,text/html,2026-08-09T02:15:27.140Z,
https://www.city.soja.okayama.jp/soshiki/17/21659.html,price-observations.csv,PRICE-435,206,reachable,https://www.city.soja.okayama.jp/soshiki/17/21659.html,text/html,2026-08-09T02:15:27.140Z,
https://www.city.soja.okayama.jp/soshiki/17/2692.html,candidate-venues.csv,CAND-216,206,reachable,https://www.city.soja.okayama.jp/soshiki/17/2692.html,text/html,2026-08-09T02:15:27.140Z,
https://www.city.soma.fukushima.jp/kankosite/bunka/shimin_kaikan/gaiyou/4175.html,venue-details.csv,DETAIL-2455,206,reachable,https://www.city.soma.fukushima.jp/kankosite/bunka/shimin_kaikan/gaiyou/4175.html,text/html,2026-08-09T02:15:27.140Z,
https://www.city.soma.fukushima.jp/kankosite/bunka/shimin_kaikan/gaiyou/index.html,candidate-venues.csv;venue-details.csv,CAND-605;DETAIL-2456;DETAIL-2457;DETAIL-2458;DETAIL-2459;DETAIL-2460;DETAIL-2461,206,reachable,https://www.city.soma.fukushima.jp/kankosite/bunka/shimin_kaikan/gaiyou/index.html,text/html,2026-08-09T02:15:27.140Z,
https://www.city.soo.kagoshima.jp/kurashi/koukyousisetu/bunnkasihisetu/sueyoshisougou.html,candidate-venues.csv;venue-details.csv,CAND-589;DETAIL-2333,206,reachable,https://www.city.soo.kagoshima.jp/kurashi/koukyousisetu/bunnkasihisetu/sueyoshisougou.html,text/html,2026-08-09T02:15:27.140Z,
https://www.city.suita.osaka.jp/_res/projects/default_project/_page_/001/002/358/1191910474.pdf,venue-operations.csv,OP-202:operations_source_url,404,client_error,https://www.city.suita.osaka.jp/_res/projects/default_project/_page_/001/002/358/1191910474.pdf,text/html,2026-08-09T02:15:27.140Z,
https://www.city.suita.osaka.jp/_res/projects/default_project/_page_/001/012/932/1201216121557.pdf,price-observations.csv,PRICE-773;PRICE-774;PRICE-775;PRICE-776;PRICE-777,404,client_error,https://www.city.suita.osaka.jp/_res/projects/default_project/_page_/001/012/932/1201216121557.pdf,text/html,2026-08-09T02:15:27.140Z,
https://www.city.suita.osaka.jp/bunka/1018347/1021077/1018351/,candidate-venues.csv;venue-details.csv;venue-operations.csv,CAND-146;DETAIL-231;OP-202:booking_source_url,206,reachable,https://www.city.suita.osaka.jp/bunka/1018347/1021077/1018351/,text/html,2026-08-09T02:15:27.140Z,
https://www.city.suita.osaka.jp/shisei/shisetsu/1019118/1020483.html,venue-operations.csv,OP-202:access_source_url,206,reachable,https://www.city.suita.osaka.jp/shisei/shisetsu/1019118/1020483.html,text/html,2026-08-09T02:15:27.140Z,
https://www.city.suwa.lg.jp/soshiki/41/,candidate-venues.csv;venue-details.csv,CAND-397;DETAIL-959;DETAIL-960;DETAIL-961;DETAIL-962,206,reachable,https://www.city.suwa.lg.jp/soshiki/41/,text/html,2026-08-09T02:15:27.140Z,
https://www.city.suzu.lg.jp/site/laporte-suzu/1365.html,candidate-venues.csv;venue-details.csv,CAND-454;DETAIL-1280;DETAIL-1281;DETAIL-1282;DETAIL-1283;DETAIL-1284;DETAIL-1285;DETAIL-1286,206,reachable,https://www.city.suzu.lg.jp/site/laporte-suzu/1365.html,text/html,2026-08-09T02:15:27.140Z,
https://www.city.suzuka.lg.jp/shisei/shisetsu/1004371/1004372.html,candidate-venues.csv;venue-details.csv,CAND-231;DETAIL-501;DETAIL-502,206,reachable,https://www.city.suzuka.lg.jp/shisei/shisetsu/1004371/1004372.html,text/html,2026-08-09T02:15:27.140Z,
https://www.city.tainai.niigata.jp/kurashi/kyoiku/bunka-sports/sangyoubunka/sisetu.html,candidate-venues.csv;venue-details.csv,CAND-723;DETAIL-3195;DETAIL-3196;DETAIL-3197;DETAIL-3198;DETAIL-3199;DETAIL-3200;DETAIL-3201;DETAIL-3202;DETAIL-3203,206,reachable,https://www.city.tainai.niigata.jp/kurashi/kyoiku/bunka-sports/sangyoubunka/sisetu.html,text/html,2026-08-09T02:15:27.140Z,
https://www.city.tajimi.lg.jp/gyose/koho/benri/documents/010-022.pdf,candidate-venues.csv;venue-details.csv,CAND-400;DETAIL-972;DETAIL-973;DETAIL-974;DETAIL-975;DETAIL-976;DETAIL-977;DETAIL-978;DETAIL-979,404,client_error,https://www.city.tajimi.lg.jp/gyose/koho/benri/documents/010-022.pdf,text/html,2026-08-09T02:15:27.140Z,
https://www.city.takahashi.lg.jp/site/bunkakaikan/usage-fee.html,candidate-venues.csv;venue-details.csv,CAND-727;DETAIL-3226;DETAIL-3227;DETAIL-3228;DETAIL-3229;DETAIL-3230;DETAIL-3231;DETAIL-3232,206,reachable,https://www.city.takahashi.lg.jp/site/bunkakaikan/usage-fee.html,text/html,2026-08-09T02:15:27.140Z,
https://www.city.takamatsu.kagawa.jp/kurashi/kosodate/shougai_gakushu/manabican/gaiyou.html,candidate-venues.csv,CAND-1145,206,reachable,https://www.city.takamatsu.kagawa.jp/kurashi/kosodate/shougai_gakushu/manabican/gaiyou.html,text/html,2026-08-09T02:15:27.140Z,
https://www.city.takamatsu.kagawa.jp/kurashi/kosodate/shougai_gakushu/manabican/map.html,venue-details.csv,DETAIL-7340;DETAIL-7341;DETAIL-7342;DETAIL-7343;DETAIL-7344;DETAIL-7345;DETAIL-7346;DETAIL-7347;DETAIL-7348,206,reachable,https://www.city.takamatsu.kagawa.jp/kurashi/kosodate/shougai_gakushu/manabican/map.html,text/html,2026-08-09T02:15:27.140Z,
https://www.city.takaoka.toyama.jp/gyosei/kanko_bunka_sports/sports/5/9/9384.html,candidate-venues.csv;venue-details.csv;venue-operations.csv,CAND-200;DETAIL-471;OP-111:booking_source_url;OP-111:operations_source_url,206,reachable,https://www.city.takaoka.toyama.jp/gyosei/kanko_bunka_sports/sports/5/9/9384.html,text/html,2026-08-09T02:15:27.140Z,
https://www.city.takaoka.toyama.jp/material/files/group/59/shiryou45.pdf,venue-details.csv,DETAIL-288,206,reachable,https://www.city.takaoka.toyama.jp/material/files/group/59/shiryou45.pdf,application/pdf,2026-08-09T02:15:27.140Z,
https://www.city.takaoka.toyama.jp/material/files/group/61/10-takehiramemorialgym.pdf,price-observations.csv;venue-details.csv,DETAIL-472;DETAIL-473;DETAIL-474;PRICE-2574;PRICE-2575;PRICE-2576;PRICE-2577;PRICE-2578;PRICE-2579;PRICE-2580;PRICE-2581;PRICE-2582;PRICE-2583;PRICE-2584;PRICE-2585;PRICE-2586;PRICE-2587;PRICE-2588;PRICE-2589;PRICE-2590;PRICE-2591;PRICE-2592;PRICE-2593;PRICE-2594;PRICE-2595;PRICE-2596;PRICE-2597;PRICE-2598;PRICE-2599;PRICE-2600;PRICE-2601;PRICE-2602;PRICE-2603;PRICE-2604;PRICE-2605;PRICE-2606;PRICE-2607;PRICE-2608;PRICE-2609;PRICE-2610;PRICE-2611;PRICE-2612;PRICE-2613;PRICE-2614;PRICE-2615;PRICE-2616;PRICE-2617;PRICE-2618;PRICE-2619;PRICE-2620;PRICE-2621;PRICE-2622;PRICE-2623;PRICE-2624;PRICE-2625;PRICE-2626;PRICE-2627;PRICE-2628;PRICE-2629;PRICE-2630;PRICE-2631;PRICE-2632;PRICE-2633;PRICE-2634;PRICE-406,206,reachable,https://www.city.takaoka.toyama.jp/material/files/group/61/10-takehiramemorialgym.pdf,application/pdf,2026-08-09T02:15:27.140Z,
https://www.city.takaoka.toyama.jp/soshiki/kyosomachizukurika/3/5/2/4188.html,candidate-venues.csv;venue-details.csv,CAND-684;DETAIL-2918;DETAIL-2919;DETAIL-2920;DETAIL-2921;DETAIL-2922;DETAIL-2923;DETAIL-2924;DETAIL-2925;DETAIL-2926;DETAIL-2927,206,reachable,https://www.city.takaoka.toyama.jp/soshiki/kyosomachizukurika/3/5/2/4188.html,text/html,2026-08-09T02:15:27.140Z,
https://www.city.takashima.lg.jp/soshiki/bunkasports/takashimashiminkaikan/1_1/3/10287.html,candidate-venues.csv;venue-details.csv,CAND-467;DETAIL-1380;DETAIL-1381;DETAIL-1382;DETAIL-1383;DETAIL-1384,206,reachable,https://www.city.takashima.lg.jp/soshiki/bunkasports/takashimashiminkaikan/1_1/3/10287.html,text/html,2026-08-09T02:15:27.140Z,
https://www.city.takayama.lg.jp/shisetsu/1004139/1000042/1001700.html,candidate-venues.csv;venue-details.csv,CAND-255;DETAIL-537;DETAIL-538,206,reachable,https://www.city.takayama.lg.jp/shisetsu/1004139/1000042/1001700.html,text/html,2026-08-09T02:15:27.140Z,
https://www.city.takehara.lg.jp/kurashi_tetsuzuki/shiminkatsudo_community_kyodo/tiikisisetsu/3121.html,candidate-venues.csv;venue-details.csv,CAND-952;DETAIL-5224;DETAIL-5225,200,reachable,https://www.city.takehara.lg.jp/kurashi_tetsuzuki/shiminkatsudo_community_kyodo/tiikisisetsu/3121.html,text/html,2026-08-09T02:15:27.140Z,
https://www.city.takehara.lg.jp/soshikikarasagasu/kikakuseisakuka/gyomuannai/10/1414.html,venue-details.csv,DETAIL-5226;DETAIL-5227;DETAIL-5228,200,reachable,https://www.city.takehara.lg.jp/soshikikarasagasu/kikakuseisakuka/gyomuannai/10/1414.html,text/html,2026-08-09T02:15:27.140Z,
https://www.city.takeo.lg.jp/kyouiku/cat29/,candidate-venues.csv;venue-details.csv,CAND-580;DETAIL-2269;DETAIL-2270;DETAIL-2271;DETAIL-2272;DETAIL-2273;DETAIL-2274;DETAIL-2275;DETAIL-2276;DETAIL-2277;DETAIL-2278;DETAIL-2279;DETAIL-2280,206,reachable,https://www.city.takeo.lg.jp/kyouiku/cat29/,text/html; charset=UTF-8,2026-08-09T02:15:27.140Z,
https://www.city.taketa.oita.jp/soshiki/sogobunkahoru/3/727.html,venue-details.csv,DETAIL-2768,206,reachable,https://www.city.taketa.oita.jp/soshiki/sogobunkahoru/3/727.html,text/html,2026-08-09T02:15:27.140Z,
https://www.city.taketa.oita.jp/soshiki/sogobunkahoru/3/729.html,candidate-venues.csv;venue-details.csv,CAND-663;DETAIL-2767,206,reachable,https://www.city.taketa.oita.jp/soshiki/sogobunkahoru/3/729.html,text/html,2026-08-09T02:15:27.140Z,
https://www.city.takikawa.lg.jp/site/syakaikyouiku/2818.html,candidate-venues.csv;venue-details.csv,CAND-926;DETAIL-4992;DETAIL-4993;DETAIL-4994;DETAIL-4995;DETAIL-4996;DETAIL-4997;DETAIL-4998;DETAIL-4999,206,reachable,https://www.city.takikawa.lg.jp/site/syakaikyouiku/2818.html,text/html,2026-08-09T02:15:27.140Z,
https://www.city.takizawa.iwate.jp/kurashi/kyodo-sankaku/koryukyoten-fukugoshisetsu,candidate-venues.csv,CAND-789,200,reachable,https://www.city.takizawa.iwate.jp/kurashi/kyodo-sankaku/koryukyoten-fukugoshisetsu,text/html; charset=UTF-8,2026-08-09T02:15:27.140Z,
https://www.city.takizawa.iwate.jp/uploads/contents/pages_0000002619_00/116822174839.pdf,venue-details.csv,DETAIL-3687,206,reachable,https://www.city.takizawa.iwate.jp/uploads/contents/pages_0000002619_00/116822174839.pdf,application/pdf,2026-08-09T02:15:27.140Z,
https://www.city.taku.lg.jp/map/map3.html,candidate-venues.csv;venue-details.csv,CAND-583;DETAIL-2292;DETAIL-2293;DETAIL-2294;DETAIL-2295;DETAIL-2296,206,reachable,https://www.city.taku.lg.jp/map/map3.html,text/html,2026-08-09T02:15:27.140Z,
https://www.city.tamana.lg.jp/dl?q=180868_filelib_575d9f90d59717bedf70c1c4ec663881.pdf,venue-details.csv,DETAIL-3455;DETAIL-3456;DETAIL-3457;DETAIL-3458;DETAIL-3459;DETAIL-3460;DETAIL-3461;DETAIL-3462;DETAIL-3463;DETAIL-3464;DETAIL-3465;DETAIL-3466;DETAIL-3467;DETAIL-3468,200,reachable,https://www.city.tamana.lg.jp/dl?q=180868_filelib_575d9f90d59717bedf70c1c4ec663881.pdf,application/pdf,2026-08-09T02:15:27.140Z,
https://www.city.tamana.lg.jp/q/aview/429/1259.html,candidate-venues.csv,CAND-761,200,reachable,https://www.city.tamana.lg.jp/q/aview/429/1259.html,text/html,2026-08-09T02:15:27.140Z,
https://www.city.tamba.lg.jp/kanko_bunka/tamba_shisetsu/bunkahoru/1/6638.html,candidate-venues.csv;venue-details.csv,CAND-519;DETAIL-1875,206,reachable,https://www.city.tamba.lg.jp/kanko_bunka/tamba_shisetsu/bunkahoru/1/6638.html,text/html,2026-08-09T02:15:27.140Z,
https://www.city.tambasasayama.lg.jp/denen/facility/21381.html,candidate-venues.csv;venue-details.csv,CAND-1138;DETAIL-7260;DETAIL-7261;DETAIL-7262;DETAIL-7263,206,reachable,https://www.city.tambasasayama.lg.jp/denen/facility/21381.html,text/html,2026-08-09T02:15:27.140Z,
https://www.city.tamura.lg.jp/soshiki/32/bunka-top.html,candidate-venues.csv;venue-details.csv,CAND-604;DETAIL-2445;DETAIL-2446;DETAIL-2447;DETAIL-2448;DETAIL-2449;DETAIL-2450;DETAIL-2451;DETAIL-2452;DETAIL-2453;DETAIL-2454,206,reachable,https://www.city.tamura.lg.jp/soshiki/32/bunka-top.html,text/html; charset=UTF-8,2026-08-09T02:15:27.140Z,
https://www.city.tanabe.lg.jp/bunshin/files/DK_KOUSOU.pdf,candidate-venues.csv;venue-details.csv,CAND-259;DETAIL-544;DETAIL-545,404,client_error,https://www.city.tanabe.lg.jp/bunshin/files/DK_KOUSOU.pdf,text/html,2026-08-09T02:15:27.140Z,
https://www.city.tarumizu.lg.jp/bunka/shisetsu/kyoiku-bunka-sports/15.html,candidate-venues.csv;venue-details.csv,CAND-418;DETAIL-1054;DETAIL-1055;DETAIL-1056;DETAIL-1057;DETAIL-1058;DETAIL-1059,206,reachable,https://www.city.tarumizu.lg.jp/bunka/shisetsu/kyoiku-bunka-sports/15.html,text/html,2026-08-09T02:15:27.140Z,
https://www.city.tatebayashi.gunma.jp/sp003/020/010/20210107181415.html,venue-details.csv,DETAIL-613,206,reachable,https://www.city.tatebayashi.gunma.jp/sp003/020/010/20210107181415.html,text/html,2026-08-09T02:15:27.140Z,
https://www.city.tatebayashi.gunma.jp/sp003/020/030/20210107175456.html,candidate-venues.csv;venue-details.csv,CAND-294;DETAIL-612;DETAIL-614,206,reachable,https://www.city.tatebayashi.gunma.jp/sp003/020/030/20210107175456.html,text/html,2026-08-09T02:15:27.140Z,
https://www.city.tateyama.chiba.jp/shisei/page100030.html,candidate-venues.csv;venue-details.csv,CAND-815;DETAIL-3891;DETAIL-3892;DETAIL-3893;DETAIL-3894;DETAIL-3895;DETAIL-3896;DETAIL-3897;DETAIL-3898;DETAIL-3899;DETAIL-3900;DETAIL-3901;DETAIL-3902;DETAIL-3903,200,reachable,https://www.city.tateyama.chiba.jp/shisei/page100030.html,text/html,2026-08-09T02:15:27.140Z,
https://www.city.tatsuno.lg.jp/soshiki/akatonbo/1492.html,candidate-venues.csv,CAND-875,206,reachable,https://www.city.tatsuno.lg.jp/soshiki/akatonbo/1492.html,text/html,2026-08-09T02:15:27.140Z,
https://www.city.tenri.nara.jp/shisetsu/kyouikubunkacommunity/bunkacenter/1390958001066.html,candidate-venues.csv;venue-details.csv,CAND-470;DETAIL-1393;DETAIL-1394;DETAIL-1395;DETAIL-1396;DETAIL-1397;DETAIL-1398;DETAIL-1399,206,reachable,https://www.city.tenri.nara.jp/shisetsu/kyouikubunkacommunity/bunkacenter/1390958001066.html,text/html,2026-08-09T02:15:27.140Z,
https://www.city.toba.mie.jp/shisetsuannai/4852.html,candidate-venues.csv;venue-details.csv,CAND-246;DETAIL-522,206,reachable,https://www.city.toba.mie.jp/shisetsuannai/4852.html,text/html,2026-08-09T02:15:27.140Z,
https://www.city.toba.mie.jp/soshiki/k_sports/gyomu/shisetsu_annai/1944.html,venue-details.csv,DETAIL-521,206,reachable,https://www.city.toba.mie.jp/soshiki/k_sports/gyomu/shisetsu_annai/1944.html,text/html,2026-08-09T02:15:27.140Z,
https://www.city.tochigi-sakura.lg.jp/education/000038/000233/p002468.html,candidate-venues.csv;venue-details.csv,CAND-498;DETAIL-1662;DETAIL-1663;DETAIL-1664;DETAIL-1665;DETAIL-1666;DETAIL-1667;DETAIL-1668;DETAIL-1669;DETAIL-1670;DETAIL-1671;DETAIL-1672;DETAIL-1673;DETAIL-1674,206,reachable,https://www.city.tochigi-sakura.lg.jp/education/000038/000233/p002468.html,text/html,2026-08-09T02:15:27.140Z,
https://www.city.tochigi.lg.jp/uploaded/attachment/54064.pdf,candidate-venues.csv;venue-details.csv,CAND-345;DETAIL-782;DETAIL-783,206,reachable,https://www.city.tochigi.lg.jp/uploaded/attachment/54064.pdf,application/pdf,2026-08-09T02:15:27.140Z,
https://www.city.tochigi.lg.jp/uploaded/attachment/57168.pdf,candidate-venues.csv;venue-details.csv,CAND-1103;DETAIL-6811;DETAIL-6812;DETAIL-6813,404,client_error,https://www.city.tochigi.lg.jp/uploaded/attachment/57168.pdf,text/html,2026-08-09T02:15:27.140Z,
https://www.city.toda.saitama.jp/uploaded/attachment/14807.pdf,venue-details.csv,DETAIL-3847;DETAIL-3848;DETAIL-3849;DETAIL-3850;DETAIL-3851;DETAIL-3852;DETAIL-3853,206,reachable,https://www.city.toda.saitama.jp/uploaded/attachment/14807.pdf,application/pdf,2026-08-09T02:15:27.140Z,
https://www.city.toda.saitama.jp/uploaded/attachment/75241.pdf,candidate-venues.csv;venue-details.csv,CAND-810;DETAIL-3844;DETAIL-3845;DETAIL-3846,206,reachable,https://www.city.toda.saitama.jp/uploaded/attachment/75241.pdf,application/pdf,2026-08-09T02:15:27.140Z,
https://www.city.togane.chiba.jp/cmsfiles/contents/0000000/749/R4.5guidebook.pdf,candidate-venues.csv;venue-details.csv,CAND-621;DETAIL-2573;DETAIL-2574,404,client_error,https://www.city.togane.chiba.jp/cmsfiles/contents/0000000/749/R4.5guidebook.pdf,text/html,2026-08-09T02:15:27.140Z,
https://www.city.togane.chiba.jp/reiki/d1w_reiki/H362902100005/H362902100005_j.html,venue-details.csv,DETAIL-2575;DETAIL-2576;DETAIL-2577;DETAIL-2578,206,reachable,https://www.city.togane.chiba.jp/reiki/d1w_reiki/H362902100005/H362902100005_j.html,text/html,2026-08-09T02:15:27.140Z,
https://www.city.tokai.aichi.jp/_res/projects/default_project/_page_/001/003/357/10kyouiku07.pdf,venue-details.csv,DETAIL-4294;DETAIL-4295;DETAIL-4296;DETAIL-4297;DETAIL-4298;DETAIL-4299;DETAIL-4300;DETAIL-4301;DETAIL-4302;DETAIL-4303;DETAIL-4304;DETAIL-4305;DETAIL-4306;DETAIL-4307;DETAIL-4308,206,reachable,https://www.city.tokai.aichi.jp/_res/projects/default_project/_page_/001/003/357/10kyouiku07.pdf,application/pdf,2026-08-09T02:15:27.140Z,
https://www.city.tokai.aichi.jp/bunka/1002738/1002753/1002757/1002758.html,candidate-venues.csv,CAND-863,206,reachable,https://www.city.tokai.aichi.jp/bunka/1002738/1002753/1002757/1002758.html,text/html,2026-08-09T02:15:27.140Z,
https://www.city.tokamachi.lg.jp/soshiki/kyoikuiinkai_bunkasportsbu/shogaigakushuka/1/event/1470704243957.html,candidate-venues.csv;venue-details.csv,CAND-376;DETAIL-860;DETAIL-861;DETAIL-862;DETAIL-863;DETAIL-864,206,reachable,https://www.city.tokamachi.lg.jp/soshiki/kyoikuiinkai_bunkasportsbu/shogaigakushuka/1/event/1470704243957.html,text/html,2026-08-09T02:15:27.140Z,
https://www.city.tokushima.tokushima.jp/shisei/machi_keikaku/publicfacility/shitei_kanri/sentei/sentei2024/20190703105231778.files/02_s1_itiran.pdf,venue-details.csv,DETAIL-307,206,reachable,https://www.city.tokushima.tokushima.jp/shisei/machi_keikaku/publicfacility/shitei_kanri/sentei/sentei2024/20190703105231778.files/02_s1_itiran.pdf,application/pdf,2026-08-09T02:15:27.140Z,
https://www.city.tome.miyagi.jp/reiki_int/reiki_honbun/r234RG00000085.html,candidate-venues.csv;venue-details.csv,CAND-842;DETAIL-4064;DETAIL-4065,206,reachable,https://www.city.tome.miyagi.jp/reiki_int/reiki_honbun/r234RG00000085.html,text/html,2026-08-09T02:15:27.140Z,
https://www.city.tomigusuku.lg.jp/material/files/group/30/6_syougaigakusyuR7.pdf,venue-details.csv,DETAIL-7597;DETAIL-7598;DETAIL-7599;DETAIL-7600;DETAIL-7601;DETAIL-7602;DETAIL-7603;DETAIL-7604;DETAIL-7605;DETAIL-7606;DETAIL-7607;DETAIL-7608,206,reachable,https://www.city.tomigusuku.lg.jp/material/files/group/30/6_syougaigakusyuR7.pdf,application/pdf,2026-08-09T02:15:27.140Z,
https://www.city.tomigusuku.lg.jp/soshiki/8/1033/gyomuannai/8/1/319.html,candidate-venues.csv;venue-details.csv,CAND-1167;DETAIL-7609,206,reachable,https://www.city.tomigusuku.lg.jp/soshiki/8/1033/gyomuannai/8/1/319.html,text/html,2026-08-09T02:15:27.140Z,
https://www.city.tomioka.lg.jp/www/contents/1395971689497/,candidate-venues.csv;venue-details.csv,CAND-295;DETAIL-615;DETAIL-616,206,reachable,https://www.city.tomioka.lg.jp/www/contents/1395971689497/,text/html,2026-08-09T02:15:27.140Z,
https://www.city.tonami.lg.jp/info/82634p/,venue-details.csv,DETAIL-1707,200,reachable,https://www.city.tonami.lg.jp/info/82634p/,text/html; charset=UTF-8,2026-08-09T02:15:27.140Z,
https://www.city.tonami.lg.jp/section/1654p/,candidate-venues.csv,CAND-503,200,reachable,https://www.city.tonami.lg.jp/section/1654p/,text/html; charset=UTF-8,2026-08-09T02:15:27.140Z,
https://www.city.tono.iwate.jp/index.cfm/45%2C14160%2C254%2Chtml,candidate-venues.csv;venue-details.csv,CAND-424;DETAIL-1087;DETAIL-1088;DETAIL-1089;DETAIL-1090;DETAIL-1091;DETAIL-1092;DETAIL-1093;DETAIL-1094;DETAIL-1095,200,reachable,https://www.city.tono.iwate.jp/index.cfm/45%2C14160%2C254%2Chtml,text/html;charset=UTF-8,2026-08-09T02:15:27.140Z,
https://www.city.tosa.lg.jp/tsuna-de/info/detail.php?hdnKey=3905,venue-details.csv,DETAIL-1524;DETAIL-1525;DETAIL-1526;DETAIL-1527;DETAIL-1528;DETAIL-1529;DETAIL-1530;DETAIL-1531;DETAIL-1532;DETAIL-1533;DETAIL-1534;DETAIL-1535;DETAIL-1536;DETAIL-1537,200,reachable,https://www.city.tosa.lg.jp/tsuna-de/info/detail.php?hdnKey=3905,text/html,2026-08-09T02:15:27.140Z,
https://www.city.tosa.lg.jp/tsuna-de/info/status.php,candidate-venues.csv;venue-details.csv,CAND-481;DETAIL-1517;DETAIL-1518;DETAIL-1519;DETAIL-1520;DETAIL-1521;DETAIL-1522;DETAIL-1523,200,reachable,https://www.city.tosa.lg.jp/tsuna-de/info/status.php,text/html,2026-08-09T02:15:27.140Z,
https://www.city.tosu.lg.jp/soshiki/11/3273.html,candidate-venues.csv;venue-details.csv,CAND-266;DETAIL-554,206,reachable,https://www.city.tosu.lg.jp/soshiki/11/3273.html,text/html,2026-08-09T02:15:27.140Z,
https://www.city.towada.lg.jp/shisei/shisetsu/shisetsu.html,candidate-venues.csv;venue-details.csv,CAND-342;DETAIL-765;DETAIL-766;DETAIL-767;DETAIL-768;DETAIL-769;DETAIL-770,206,reachable,https://www.city.towada.lg.jp/shisei/shisetsu/shisetsu.html,text/html,2026-08-09T02:15:27.140Z,
https://www.city.toyoake.lg.jp/item/7600.htm,candidate-venues.csv;venue-details.csv,CAND-861;DETAIL-4274;DETAIL-4275;DETAIL-4276;DETAIL-4277;DETAIL-4278;DETAIL-4279;DETAIL-4280;DETAIL-4281,200,reachable,https://www.city.toyoake.lg.jp/item/7600.htm,text/html; charset=utf-8,2026-08-09T02:15:27.140Z,
https://www.city.toyohashi.lg.jp/secure/101467/ryoukin%28soutai%29.pdf,price-observations.csv,PRICE-416;PRICE-417,206,reachable,https://www.city.toyohashi.lg.jp/secure/101467/ryoukin%28soutai%29.pdf,application/pdf,2026-08-09T02:15:27.140Z,
https://www.city.toyokawa.lg.jp/shisetsu/bunka_kyoiku/6/4/16293.html,candidate-venues.csv;venue-details.csv,CAND-508;DETAIL-1756;DETAIL-1757;DETAIL-1758;DETAIL-1759;DETAIL-1760;DETAIL-1761;DETAIL-1762;DETAIL-1763;DETAIL-1764;DETAIL-1765;DETAIL-1766;DETAIL-1767;DETAIL-1768,206,reachable,https://www.city.toyokawa.lg.jp/shisetsu/bunka_kyoiku/6/4/16293.html,text/html,2026-08-09T02:15:27.140Z,
https://www.city.toyooka.lg.jp/shisei/nyusatsu/kobo/1006384/1033845.html,candidate-venues.csv;venue-details.csv,CAND-699;DETAIL-3035;DETAIL-3036;DETAIL-3037;DETAIL-3038;DETAIL-3039;DETAIL-3040;DETAIL-3041;DETAIL-3042;DETAIL-3043;DETAIL-3044,206,reachable,https://www.city.toyooka.lg.jp/shisei/nyusatsu/kobo/1006384/1033845.html,text/html,2026-08-09T02:15:27.140Z,
https://www.city.toyota.aichi.jp/shisei/shisetsu/sports/skyhalltoyota/1005799.html,price-observations.csv,PRICE-605;PRICE-606;PRICE-607;PRICE-608,206,reachable,https://www.city.toyota.aichi.jp/shisei/shisetsu/sports/skyhalltoyota/1005799.html,text/html,2026-08-09T02:15:27.140Z,
https://www.city.tsubame.niigata.jp/bunka/bunka/1/1/1/16959.html,candidate-venues.csv;venue-details.csv,CAND-374;DETAIL-852;DETAIL-853;DETAIL-854;DETAIL-855,206,reachable,https://www.city.tsubame.niigata.jp/bunka/bunka/1/1/1/16959.html,text/html,2026-08-09T02:15:27.140Z,
https://www.city.tsuchiura.lg.jp/kanko-bunka-sports/geijutsu-bunka/craftcivichall-tsuchiura/page000748.html,candidate-venues.csv;venue-details.csv,CAND-798;DETAIL-3741;DETAIL-3742;DETAIL-3743;DETAIL-3744;DETAIL-3745;DETAIL-3746;DETAIL-3747;DETAIL-3748;DETAIL-3749;DETAIL-3750;DETAIL-3751;DETAIL-3752;DETAIL-3753;DETAIL-3754;DETAIL-3755,206,reachable,https://www.city.tsuchiura.lg.jp/kanko-bunka-sports/geijutsu-bunka/craftcivichall-tsuchiura/page000748.html,text/html,2026-08-09T02:15:27.140Z,
https://www.city.tsugaru.aomori.jp/soshiki/kyoiku/shakaikyouikusupotu/syougaku/6149.html,candidate-venues.csv;venue-details.csv,CAND-344;DETAIL-776;DETAIL-777;DETAIL-778;DETAIL-779;DETAIL-780;DETAIL-781,206,reachable,https://www.city.tsugaru.aomori.jp/soshiki/kyoiku/shakaikyouikusupotu/syougaku/6149.html,text/html,2026-08-09T02:15:27.140Z,
https://www.city.tsukumi.oita.jp/soshiki/25/10525.html,candidate-venues.csv;venue-details.csv,CAND-661;DETAIL-2753;DETAIL-2754;DETAIL-2755;DETAIL-2756;DETAIL-2757;DETAIL-2758;DETAIL-2759;DETAIL-2760,206,reachable,https://www.city.tsukumi.oita.jp/soshiki/25/10525.html,text/html,2026-08-09T02:15:27.140Z,
https://www.city.tsuru.yamanashi.jp/material/files/group/2/2015-02-06.pdf,venue-details.csv,DETAIL-652,206,reachable,https://www.city.tsuru.yamanashi.jp/material/files/group/2/2015-02-06.pdf,application/pdf,2026-08-09T02:15:27.140Z,
https://www.city.tsuruga.lg.jp/about_city/mayor/shityohenomail.files/0012_20251203.pdf,venue-details.csv,DETAIL-802,404,client_error,https://www.city.tsuruga.lg.jp/about_city/mayor/shityohenomail.files/0012_20251203.pdf,text/html,2026-08-09T02:15:27.140Z,
https://www.city.tsuruga.lg.jp/page/4005.html,candidate-venues.csv;venue-details.csv,CAND-353;DETAIL-803;DETAIL-804,206,reachable,https://www.city.tsuruga.lg.jp/page/4005.html,text/html,2026-08-09T02:15:27.140Z,
https://www.city.tsuruga.lg.jp/page/4014.html,candidate-venues.csv;venue-details.csv,CAND-354;DETAIL-806;DETAIL-807,206,reachable,https://www.city.tsuruga.lg.jp/page/4014.html,text/html,2026-08-09T02:15:27.140Z,
https://www.city.tsuruga.lg.jp/soshiki/94/,venue-details.csv,DETAIL-805,206,reachable,https://www.city.tsuruga.lg.jp/soshiki/94/,text/html,2026-08-09T02:15:27.140Z,
https://www.city.tsuruoka.lg.jp/shisei/shiyakusyo/zaisei/zaimutact.files/R05_tact_gaiyo.pdf,candidate-venues.csv;venue-details.csv,CAND-282;DETAIL-585;DETAIL-586,404,client_error,https://www.city.tsuruoka.lg.jp/shisei/shiyakusyo/zaisei/zaimutact.files/R05_tact_gaiyo.pdf,text/html; charset=iso-8859-1,2026-08-09T02:15:27.140Z,
https://www.city.tsushima.nagasaki.jp/gyousei/kurashi/download/sisetsu/1354.html,candidate-venues.csv,CAND-1164,206,reachable,https://www.city.tsushima.nagasaki.jp/gyousei/kurashi/download/sisetsu/1354.html,text/html,2026-08-09T02:15:27.140Z,
https://www.city.tsushima.nagasaki.jp/section/reiki_int/reiki_honbun/r013RG00000232.html,venue-details.csv,DETAIL-7577;DETAIL-7578;DETAIL-7579;DETAIL-7580;DETAIL-7581,206,reachable,https://www.city.tsushima.nagasaki.jp/section/reiki_int/reiki_honbun/r013RG00000232.html,text/html,2026-08-09T02:15:27.140Z,
https://www.city.tsushima.nagasaki.jp/section/reiki_int/reiki_honbun/r013RG00000234.html,candidate-venues.csv;venue-details.csv,CAND-1165;DETAIL-7582;DETAIL-7583;DETAIL-7584;DETAIL-7585;DETAIL-7586;DETAIL-7587;DETAIL-7588,206,reachable,https://www.city.tsushima.nagasaki.jp/section/reiki_int/reiki_honbun/r013RG00000234.html,text/html,2026-08-09T02:15:27.140Z,
https://www.city.tsuyama.lg.jp/index.cfm/21%2C40138%2C193%2Chtml/index.html,candidate-venues.csv;venue-details.csv,CAND-545;DETAIL-1988;DETAIL-1989;DETAIL-1990,206,reachable,https://www.city.tsuyama.lg.jp/index.cfm/21%2C40138%2C193%2Chtml/index.html,text/html,2026-08-09T02:15:27.140Z,
https://www.city.ube.yamaguchi.jp/koukyouannai/bunkakyouiku/shisetsu_bunka/1009937/1009938.html,candidate-venues.csv;venue-details.csv,CAND-1070;DETAIL-6415;DETAIL-6416;DETAIL-6417;DETAIL-6418;DETAIL-6419;DETAIL-6420;DETAIL-6421;DETAIL-6422,206,reachable,https://www.city.ube.yamaguchi.jp/koukyouannai/bunkakyouiku/shisetsu_bunka/1009937/1009938.html,text/html,2026-08-09T02:15:27.140Z,
https://www.city.ube.yamaguchi.jp/kyouyou/bunka/kanrenshisetsu/1004728/1004730.html,candidate-venues.csv;venue-details.csv,CAND-327;DETAIL-704;DETAIL-705;DETAIL-706,206,reachable,https://www.city.ube.yamaguchi.jp/kyouyou/bunka/kanrenshisetsu/1004728/1004730.html,text/html,2026-08-09T02:15:27.140Z,
https://www.city.uda.nara.jp/g-keiei/documents/udasikoukyousisetukannrikeikaku.pdf,candidate-venues.csv;venue-details.csv,CAND-471;DETAIL-1400;DETAIL-1401;DETAIL-1402;DETAIL-1403;DETAIL-1404;DETAIL-1405;DETAIL-1406,,network_error,,,2026-08-09T02:15:27.140Z,fetch failed
https://www.city.ueda.nagano.jp/soshiki/santomyuze/3413.html,candidate-venues.csv;venue-details.csv,CAND-744;DETAIL-3339;DETAIL-3340,206,reachable,https://www.city.ueda.nagano.jp/soshiki/santomyuze/3413.html,text/html,2026-08-09T02:15:27.140Z,
https://www.city.ueda.nagano.jp/uploaded/attachment/7636.pdf,venue-details.csv,DETAIL-3341,206,reachable,https://www.city.ueda.nagano.jp/uploaded/attachment/7636.pdf,application/pdf,2026-08-09T02:15:27.140Z,
https://www.city.uenohara.yamanashi.jp/site/kyoiku/1183.html,candidate-venues.csv;venue-details.csv,CAND-628;DETAIL-2609;DETAIL-2610;DETAIL-2611;DETAIL-2612;DETAIL-2613;DETAIL-2614;DETAIL-2615;DETAIL-2616;DETAIL-2617;DETAIL-2618;DETAIL-2619;DETAIL-2620,206,reachable,https://www.city.uenohara.yamanashi.jp/site/kyoiku/1183.html,text/html,2026-08-09T02:15:27.140Z,
https://www.city.uji.kyoto.jp/site/bunkakatsudou/5819.html,candidate-venues.csv;venue-details.csv,CAND-693;DETAIL-3006;DETAIL-3007;DETAIL-3008;DETAIL-3009;DETAIL-3010;DETAIL-3011,206,reachable,https://www.city.uji.kyoto.jp/site/bunkakatsudou/5819.html,text/html,2026-08-09T02:15:27.140Z,
https://www.city.unnan.shimane.jp/unnan/kankou/bunkasports/bunka/2026-0129-1144-104.html,candidate-venues.csv,CAND-522,206,reachable,https://www.city.unnan.shimane.jp/unnan/kankou/bunkasports/bunka/2026-0129-1144-104.html,text/html; charset=UTF-8,2026-08-09T02:15:27.140Z,
https://www.city.unzen.nagasaki.jp/kiji0032000/index.html,candidate-venues.csv;venue-details.csv,CAND-367;CAND-368;DETAIL-835,206,reachable,https://www.city.unzen.nagasaki.jp/kiji0032000/index.html,text/html,2026-08-09T02:15:27.140Z,
https://www.city.unzen.nagasaki.jp/kiji0038361/index.html,venue-details.csv,DETAIL-834,404,client_error,https://www.city.unzen.nagasaki.jp/dynamic/_error/error404.aspx,text/html; charset=utf-8,2026-08-09T02:15:27.140Z,redirected
https://www.city.uonuma.lg.jp/page/2584.html,candidate-venues.csv,CAND-901,206,reachable,https://www.city.uonuma.lg.jp/page/2584.html,text/html,2026-08-09T02:15:27.140Z,
https://www.city.uozu.toyama.jp/guide/svGuideDtl.aspx?servno=1774,candidate-venues.csv;venue-details.csv,CAND-351;DETAIL-800,200,reachable,https://www.city.uozu.toyama.jp/guide/svGuideDtl.aspx?servno=1774,text/html; charset=shift_jis,2026-08-09T02:15:27.140Z,
https://www.city.urayasu.lg.jp/_res/projects/default_project/_page_/001/040/935/sennteikekka.pdf,venue-details.csv,DETAIL-2561;DETAIL-2562;DETAIL-2563;DETAIL-2564;DETAIL-2565;DETAIL-2566;DETAIL-2567;DETAIL-2568;DETAIL-2569;DETAIL-2570;DETAIL-2571;DETAIL-2572,206,reachable,https://www.city.urayasu.lg.jp/_res/projects/default_project/_page_/001/040/935/sennteikekka.pdf,application/pdf,2026-08-09T02:15:27.140Z,
https://www.city.urayasu.lg.jp/shisetsu/bunka/bunka/1005588.html,candidate-venues.csv,CAND-620,206,reachable,https://www.city.urayasu.lg.jp/shisetsu/bunka/bunka/1005588.html,text/html,2026-08-09T02:15:27.140Z,
https://www.city.ureshino.lg.jp/shisetsu/liberty/_23949.html,candidate-venues.csv;venue-details.csv,CAND-414;DETAIL-1039;DETAIL-1040;DETAIL-1041;DETAIL-1042;DETAIL-1043,206,reachable,https://www.city.ureshino.lg.jp/shisetsu/liberty/_23949.html,text/html; charset=UTF-8,2026-08-09T02:15:27.140Z,
https://www.city.uruma.lg.jp/3001007000/contents/p000060.html,candidate-venues.csv;venue-details.csv,CAND-538;CAND-539;DETAIL-1957;DETAIL-1958,200,reachable,https://www.city.uruma.lg.jp/3001007000/contents/p000060.html,text/html,2026-08-09T02:15:27.140Z,
https://www.city.uruma.lg.jp/3001007000/shisetsu/p000121.html,candidate-venues.csv;venue-details.csv,CAND-371;DETAIL-844,200,reachable,https://www.city.uruma.lg.jp/3001007000/shisetsu/p000121.html,text/html,2026-08-09T02:15:27.140Z,
https://www.city.uruma.lg.jp/documents/6665/sigei.pdf,venue-details.csv,DETAIL-842;DETAIL-843,206,reachable,https://www.city.uruma.lg.jp/documents/6665/sigei.pdf,application/pdf,2026-08-09T02:15:27.140Z,
https://www.city.usa.oita.jp/sougo/bunka_sports_shogai/bunka_rekishi/5/5533.html,candidate-venues.csv;venue-details.csv,CAND-484;DETAIL-1557;DETAIL-1558;DETAIL-1559;DETAIL-1560;DETAIL-1561;DETAIL-1562;DETAIL-1563;DETAIL-1564;DETAIL-1565;DETAIL-1566;DETAIL-1567,206,reachable,https://www.city.usa.oita.jp/sougo/bunka_sports_shogai/bunka_rekishi/5/5533.html,text/html,2026-08-09T02:15:27.140Z,
https://www.city.ushiku.lg.jp/page/page000327.html,candidate-venues.csv;venue-details.csv,CAND-1016;DETAIL-5740;DETAIL-5741;DETAIL-5742;DETAIL-5743;DETAIL-5744;DETAIL-5745;DETAIL-5746;DETAIL-5747;DETAIL-5748,206,reachable,https://www.city.ushiku.lg.jp/page/page000327.html,text/html,2026-08-09T02:15:27.140Z,
https://www.city.usuki.oita.jp/docs/2014013000146/,candidate-venues.csv;venue-details.csv,CAND-664;DETAIL-2769;DETAIL-2770;DETAIL-2771;DETAIL-2772;DETAIL-2773;DETAIL-2774;DETAIL-2775;DETAIL-2776,206,reachable,https://www.city.usuki.oita.jp/docs/2014013000146/,text/html,2026-08-09T02:15:27.140Z,
https://www.city.uwajima.ehime.jp/info/nanbun-kouzisinntyoku.html,candidate-venues.csv;venue-details.csv,CAND-550;DETAIL-2036,206,reachable,https://www.city.uwajima.ehime.jp/info/nanbun-kouzisinntyoku.html,text/html,2026-08-09T02:15:27.140Z,
https://www.city.uwajima.ehime.jp/soshiki/1/sisetu11.html,candidate-venues.csv;venue-details.csv,CAND-551;DETAIL-2037,206,reachable,https://www.city.uwajima.ehime.jp/soshiki/1/sisetu11.html,text/html,2026-08-09T02:15:27.140Z,
https://www.city.wajima.ishikawa.jp/shougai/wajimasports/establish/wajima_staiikukan.html,candidate-venues.csv;venue-details.csv,CAND-820;DETAIL-3926,206,reachable,https://www.city.wajima.ishikawa.jp/shougai/wajimasports/establish/wajima_staiikukan.html,text/html,2026-08-09T02:15:27.140Z,
https://www.city.wakayama.wakayama.jp/shisetsu/kouen_sp_shisetsu/1006086/1000981.html,candidate-venues.csv;price-observations.csv;venue-details.csv;venue-operations.csv,CAND-213;DETAIL-301;OP-124:access_source_url;OP-124:booking_source_url;OP-124:operations_source_url;PRICE-429;PRICE-430,206,reachable,https://www.city.wakayama.wakayama.jp/shisetsu/kouen_sp_shisetsu/1006086/1000981.html,text/html,2026-08-09T02:15:27.140Z,
https://www.city.wakkanai.hokkaido.jp/kyoiku/kakusyushisetsu/bunkacenter.html,candidate-venues.csv;price-observations.csv;venue-details.csv,CAND-923;DETAIL-4950;DETAIL-4951;DETAIL-4952;DETAIL-4953;DETAIL-4954;DETAIL-4955;DETAIL-4956;DETAIL-4957;DETAIL-4958;DETAIL-4959;DETAIL-4960;DETAIL-4961;PRICE-2860;PRICE-2861;PRICE-2862;PRICE-2863;PRICE-2864,206,reachable,https://www.city.wakkanai.hokkaido.jp/kyoiku/kakusyushisetsu/bunkacenter.html,text/html,2026-08-09T02:15:27.140Z,
https://www.city.yachiyo.lg.jp/soshiki/79/4802.html,candidate-venues.csv;venue-details.csv,CAND-450;DETAIL-1254;DETAIL-1255;DETAIL-1256;DETAIL-1257;DETAIL-1258;DETAIL-1259;DETAIL-1260;DETAIL-1261;DETAIL-1262;DETAIL-1263;DETAIL-1264;DETAIL-1265;DETAIL-1266,206,reachable,https://www.city.yachiyo.lg.jp/soshiki/79/4802.html,text/html,2026-08-09T02:15:27.140Z,
https://www.city.yaizu.lg.jp/documents/8101/02_bunka.pdf,candidate-venues.csv;venue-details.csv,CAND-637;DETAIL-2648;DETAIL-2649;DETAIL-2650;DETAIL-2651;DETAIL-2652;DETAIL-2653,206,reachable,https://www.city.yaizu.lg.jp/documents/8101/02_bunka.pdf,application/pdf,2026-08-09T02:15:27.140Z,
https://www.city.yamaga.kumamoto.jp/kiji0035/index.html,candidate-venues.csv;venue-details.csv,CAND-586;DETAIL-2313;DETAIL-2314;DETAIL-2315;DETAIL-2316;DETAIL-2317;DETAIL-2318;DETAIL-2319;DETAIL-2320,206,reachable,https://www.city.yamaga.kumamoto.jp/kiji0035/index.html,text/html,2026-08-09T02:15:27.140Z,
https://www.city.yamagata-yamagata.lg.jp/shisetsu/bunkasports/kominkan/1005004.html,candidate-venues.csv;venue-details.csv,CAND-999;DETAIL-5562;DETAIL-5563;DETAIL-5564;DETAIL-5565;DETAIL-5566;DETAIL-5567;DETAIL-5568;DETAIL-5569;DETAIL-5570;DETAIL-5571;DETAIL-5572;DETAIL-5573;DETAIL-5574;DETAIL-5575;DETAIL-5576;DETAIL-5577;DETAIL-5578;DETAIL-5579;DETAIL-5580;DETAIL-5581;DETAIL-5582;DETAIL-5583,206,reachable,https://www.city.yamagata-yamagata.lg.jp/shisetsu/bunkasports/kominkan/1005004.html,text/html,2026-08-09T02:15:27.140Z,
https://www.city.yamagata-yamagata.lg.jp/shisetsu/bunkasports/sports/1008406/1002024.html,venue-operations.csv,OP-168:booking_source_url,206,reachable,https://www.city.yamagata-yamagata.lg.jp/shisetsu/bunkasports/sports/1008406/1002024.html,text/html,2026-08-09T02:15:27.140Z,
https://www.city.yamagata.gifu.jp/soshiki/hanasaki/1530.html,candidate-venues.csv;venue-details.csv,CAND-942;DETAIL-5160;DETAIL-5161;DETAIL-5162;DETAIL-5163,206,reachable,https://www.city.yamagata.gifu.jp/soshiki/hanasaki/1530.html,text/html,2026-08-09T02:15:27.140Z,
https://www.city.yamanashi.yamanashi.jp/soshiki/25/1734.html,candidate-venues.csv,CAND-457,206,reachable,https://www.city.yamanashi.yamanashi.jp/soshiki/25/1734.html,text/html,2026-08-09T02:15:27.140Z,
https://www.city.yamanashi.yamanashi.jp/uploaded/attachment/6931.pdf,venue-details.csv,DETAIL-1301;DETAIL-1302;DETAIL-1303,404,client_error,https://www.city.yamanashi.yamanashi.jp/uploaded/attachment/6931.pdf,text/html,2026-08-09T02:15:27.140Z,
https://www.city.yamatotakada.nara.jp/sazankahall/shisetsunogoannai/sonohokanokannaishisetsu/2495.html,candidate-venues.csv;venue-details.csv,CAND-317;DETAIL-664,206,reachable,https://www.city.yamatotakada.nara.jp/sazankahall/shisetsunogoannai/sonohokanokannaishisetsu/2495.html,text/html,2026-08-09T02:15:27.140Z,
https://www.city.yamatotakada.nara.jp/sazankahall/shisetsunogoannai/sonohokanokannaishisetsu/2501.html,venue-details.csv,DETAIL-665,206,reachable,https://www.city.yamatotakada.nara.jp/sazankahall/shisetsunogoannai/sonohokanokannaishisetsu/2501.html,text/html,2026-08-09T02:15:27.140Z,
https://www.city.yamatotakada.nara.jp/sazankahall/shisetsunogoannai/sonohokanokannaishisetsu/2630.html,venue-details.csv,DETAIL-666;DETAIL-667,206,reachable,https://www.city.yamatotakada.nara.jp/sazankahall/shisetsunogoannai/sonohokanokannaishisetsu/2630.html,text/html,2026-08-09T02:15:27.140Z,
https://www.city.yatsushiro.lg.jp/kiji0031002/index.html,candidate-venues.csv;venue-details.csv,CAND-385;DETAIL-899;DETAIL-900;DETAIL-901;DETAIL-902,206,reachable,https://www.city.yatsushiro.lg.jp/kiji0031002/index.html,text/html,2026-08-09T02:15:27.140Z,
https://www.city.yawata.kyoto.jp/0000000712.html,candidate-venues.csv;venue-details.csv,CAND-870;DETAIL-4345;DETAIL-4346;DETAIL-4347;DETAIL-4348;DETAIL-4349;DETAIL-4350;DETAIL-4351;DETAIL-4352,206,reachable,https://www.city.yawata.kyoto.jp/0000000712.html,text/html,2026-08-09T02:15:27.140Z,
https://www.city.yawatahama.ehime.jp/doc/2022011300021/,candidate-venues.csv;venue-details.csv,CAND-383;DETAIL-889;DETAIL-890;DETAIL-891;DETAIL-892;DETAIL-893,206,reachable,https://www.city.yawatahama.ehime.jp/doc/2022011300021/,text/html,2026-08-09T02:15:27.140Z,
https://www.city.yokkaichi.lg.jp/www/contents/1514445275515/simple/430jourei058.pdf,price-observations.csv,PRICE-418,206,reachable,https://www.city.yokkaichi.lg.jp/www/contents/1514445275515/simple/430jourei058.pdf,application/pdf,2026-08-09T02:15:27.140Z,
https://www.city.yokkaichi.lg.jp/www/contents/1746690057275/index.html,candidate-venues.csv,CAND-207,206,reachable,https://www.city.yokkaichi.lg.jp/www/contents/1746690057275/index.html,text/html,2026-08-09T02:15:27.140Z,
https://www.city.yokkaichi.lg.jp/www/contents/1746690057275/simple/youkou.pdf,venue-details.csv,DETAIL-295,206,reachable,https://www.city.yokkaichi.lg.jp/www/contents/1746690057275/simple/youkou.pdf,application/pdf,2026-08-09T02:15:27.140Z,
https://www.city.yokkaichi.mie.jp/asakeplaza/gaiyo.html,candidate-venues.csv;venue-details.csv,CAND-251;DETAIL-529;DETAIL-530,206,reachable,https://www.city.yokkaichi.mie.jp/asakeplaza/gaiyo.html,text/html,2026-08-09T02:15:27.140Z,
https://www.city.yokosuka.kanagawa.jp/2120/sisetu/fc00000024.html,candidate-venues.csv;venue-details.csv,CAND-737;DETAIL-3298;DETAIL-3299;DETAIL-3300;DETAIL-3301;DETAIL-3302;DETAIL-3303;DETAIL-3304;DETAIL-3305;DETAIL-3306;DETAIL-3307;DETAIL-3308,206,reachable,https://www.city.yokosuka.kanagawa.jp/2120/sisetu/fc00000024.html,text/html,2026-08-09T02:15:27.140Z,
https://www.city.yokote.lg.jp/shisetsu/1005521/1005099.html,candidate-venues.csv;venue-details.csv,CAND-277;DETAIL-578,206,reachable,https://www.city.yokote.lg.jp/shisetsu/1005521/1005099.html,text/html; charset=utf-8,2026-08-09T02:15:27.140Z,
https://www.city.yoshinogawa.lg.jp/docs/2013090400016/,candidate-venues.csv;venue-details.csv,CAND-409;DETAIL-1017;DETAIL-1018;DETAIL-1019;DETAIL-1020;DETAIL-1021,206,reachable,https://www.city.yoshinogawa.lg.jp/docs/2013090400016/,text/html,2026-08-09T02:15:27.140Z,
https://www.city.yotsukaido.chiba.jp/kurashi/shisetsu/yakushopub/bunka.html,candidate-venues.csv;venue-details.csv,CAND-1031;DETAIL-5890;DETAIL-5891;DETAIL-5892;DETAIL-5893;DETAIL-5894,206,reachable,https://www.city.yotsukaido.chiba.jp/kurashi/shisetsu/yakushopub/bunka.html,text/html,2026-08-09T02:15:27.140Z,
https://www.city.yufu.oita.jp/kouminkan/miraikan/,candidate-venues.csv;venue-details.csv,CAND-832;DETAIL-4012;DETAIL-4013;DETAIL-4014;DETAIL-4015;DETAIL-4016;DETAIL-4017;DETAIL-4018;DETAIL-4019;DETAIL-4020;DETAIL-4021;DETAIL-4022;DETAIL-4023;DETAIL-4024,200,reachable,https://www.city.yufu.oita.jp/kouminkan/miraikan/,text/html; charset=UTF-8,2026-08-09T02:15:27.140Z,
https://www.city.yuki.lg.jp/kosodate-kyouiku/shougaigakushuu/page002073.html,candidate-venues.csv;venue-details.csv,CAND-289;DETAIL-601;DETAIL-602;DETAIL-603;DETAIL-604,206,reachable,https://www.city.yuki.lg.jp/kosodate-kyouiku/shougaigakushuu/page002073.html,text/html,2026-08-09T02:15:27.140Z,
https://www.city.yurihonjo.lg.jp/_res/projects/default_project/_page_/001/009/228/1009228.2502.pdf,venue-details.csv,DETAIL-275,206,reachable,https://www.city.yurihonjo.lg.jp/_res/projects/default_project/_page_/001/009/228/1009228.2502.pdf,application/pdf,2026-08-09T02:15:27.140Z,
https://www.city.yurihonjo.lg.jp/1001503/1002095/1002108/1003651.html,candidate-venues.csv,CAND-187,206,reachable,https://www.city.yurihonjo.lg.jp/1001503/1002095/1002108/1003651.html,text/html,2026-08-09T02:15:27.140Z,
https://www.city.zama.kanagawa.jp/shisetsu/kyoiku/harmony/1003925.html,candidate-venues.csv;price-observations.csv;venue-details.csv,CAND-928;DETAIL-5022;DETAIL-5023;DETAIL-5024;DETAIL-5025;DETAIL-5026;DETAIL-5027;DETAIL-5028;DETAIL-5029;DETAIL-5030;DETAIL-5031;DETAIL-5032;DETAIL-5033;PRICE-2865;PRICE-2866;PRICE-2867;PRICE-2868;PRICE-2869;PRICE-2870;PRICE-2871;PRICE-2872,206,reachable,https://www.city.zama.kanagawa.jp/shisetsu/kyoiku/harmony/1003925.html,text/html,2026-08-09T02:15:27.140Z,
https://www.city.zentsuji.kagawa.jp/soshiki/57/shiminkaikantop20.html,candidate-venues.csv;venue-details.csv,CAND-524;DETAIL-1898;DETAIL-1899;DETAIL-1900;DETAIL-1901;DETAIL-1902;DETAIL-1903;DETAIL-1904;DETAIL-1905;DETAIL-1906;DETAIL-1907;DETAIL-1908,206,reachable,https://www.city.zentsuji.kagawa.jp/soshiki/57/shiminkaikantop20.html,text/html,2026-08-09T02:15:27.140Z,
https://www.civic-center.jp/rent/,candidate-venues.csv;venue-details.csv,CAND-1071;DETAIL-6423;DETAIL-6424;DETAIL-6425;DETAIL-6426;DETAIL-6427;DETAIL-6428;DETAIL-6429;DETAIL-6430;DETAIL-6431,200,reachable,https://www.civic-center.jp/rent/,text/html; charset=UTF-8,2026-08-09T02:15:27.140Z,
https://www.compalhall.jp/sisetu/,candidate-venues.csv;venue-details.csv,CAND-1078;DETAIL-6476;DETAIL-6477,200,reachable,https://www.compalhall.jp/sisetu/,text/html; charset=UTF-8,2026-08-09T02:15:27.140Z,
https://www.compalhall.jp/sisetu/bunkahall/,venue-details.csv,DETAIL-6471;DETAIL-6472;DETAIL-6473;DETAIL-6474,200,reachable,https://www.compalhall.jp/sisetu/bunkahall/,text/html; charset=UTF-8,2026-08-09T02:15:27.140Z,
https://www.compalhall.jp/sisetu/taiikukan/,venue-details.csv,DETAIL-6478,200,reachable,https://www.compalhall.jp/sisetu/taiikukan/,text/html; charset=UTF-8,2026-08-09T02:15:27.140Z,
https://www.compalhall.jp/sisetu/tamokuteki/,venue-details.csv,DETAIL-6475,200,reachable,https://www.compalhall.jp/sisetu/tamokuteki/,text/html; charset=UTF-8,2026-08-09T02:15:27.140Z,
https://www.compalhall.jp/wp-content/uploads/2026/04/details-B1-ongaku.pdf,venue-details.csv,DETAIL-6479,206,reachable,https://www.compalhall.jp/wp-content/uploads/2026/04/details-B1-ongaku.pdf,application/pdf,2026-08-09T02:15:27.140Z,
https://www.convention.or.jp/bigwing/access/,venue-operations.csv,OP-015:access_source_url,200,reachable,https://www.convention.or.jp/bigwing/access/,text/html,2026-08-09T02:15:27.140Z,
https://www.convention.or.jp/bigwing/dl/data/tenji_syouboutodoke.pdf,venue-operations.csv,OP-015:operations_source_url,206,reachable,https://www.convention.or.jp/bigwing/dl/data/tenji_syouboutodoke.pdf,application/pdf,2026-08-09T02:15:27.140Z,
https://www.convention.or.jp/bigwing/riyou/,venue-operations.csv,OP-015:booking_source_url,200,reachable,https://www.convention.or.jp/bigwing/riyou/,text/html,2026-08-09T02:15:27.140Z,
https://www.convention.or.jp/bigwing/riyou/index.html,venue-operations.csv,OP-063:access_source_url;OP-063:booking_source_url;OP-063:operations_source_url,200,reachable,https://www.convention.or.jp/bigwing/riyou/index.html,text/html,2026-08-09T02:15:27.140Z,
https://www.convention.or.jp/bigwing/ryokin/,price-observations.csv,PRICE-080;PRICE-081;PRICE-082;PRICE-083;PRICE-084;PRICE-326,200,reachable,https://www.convention.or.jp/bigwing/ryokin/,text/html,2026-08-09T02:15:27.140Z,
https://www.convention.or.jp/bigwing/shisetsu/,candidate-venues.csv;venue-details.csv,CAND-024;DETAIL-037;DETAIL-127;DETAIL-128;DETAIL-129;DETAIL-130;DETAIL-131,200,reachable,https://www.convention.or.jp/bigwing/shisetsu/,text/html,2026-08-09T02:15:27.140Z,
https://www.convention.or.jp/facility/_data_1.html,venue-details.csv,DETAIL-036,200,reachable,https://www.convention.or.jp/facility/_data_1.html,text/html,2026-08-09T02:15:27.140Z,
https://www.convex-okayama.co.jp/about/,venue-operations.csv,OP-180:operations_source_url,200,reachable,https://www.convex-okayama.co.jp/about/,text/html; charset=UTF-8,2026-08-09T02:15:27.140Z,
https://www.convex-okayama.co.jp/access/,venue-operations.csv,OP-180:access_source_url,200,reachable,https://www.convex-okayama.co.jp/access/,text/html; charset=UTF-8,2026-08-09T02:15:27.140Z,
https://www.convex-okayama.co.jp/direction/charge/,price-observations.csv;venue-details.csv,DETAIL-323;DETAIL-324;PRICE-372;PRICE-619;PRICE-620;PRICE-621;PRICE-622;PRICE-623;PRICE-624;PRICE-625,200,reachable,https://www.convex-okayama.co.jp/direction/charge/,text/html; charset=UTF-8,2026-08-09T02:15:27.140Z,
https://www.convex-okayama.co.jp/facility/,candidate-venues.csv;venue-details.csv,CAND-135;DETAIL-218;DETAIL-219;DETAIL-220,200,reachable,https://www.convex-okayama.co.jp/facility/,text/html; charset=UTF-8,2026-08-09T02:15:27.140Z,
https://www.convex-okayama.co.jp/wp-content/uploads/2026/04/flow20260409.pdf,venue-operations.csv,OP-180:booking_source_url,206,reachable,https://www.convex-okayama.co.jp/wp-content/uploads/2026/04/flow20260409.pdf,application/pdf,2026-08-09T02:15:27.140Z,
https://www.cul-shimane.jp/hall/,candidate-venues.csv;venue-details.csv,CAND-1139;DETAIL-7264;DETAIL-7265;DETAIL-7266;DETAIL-7267;DETAIL-7268;DETAIL-7269;DETAIL-7270;DETAIL-7271;DETAIL-7272;DETAIL-7273;DETAIL-7274,,network_error,,,2026-08-09T02:15:27.140Z,fetch failed
https://www.cul-spo.or.jp/comcen/,candidate-venues.csv,CAND-014,200,reachable,https://www.cul-spo.or.jp/comcen/,text/html; charset=UTF-8,2026-08-09T02:15:27.140Z,
https://www.cul-spo.or.jp/comcen/fac_bunka_list/,venue-details.csv,DETAIL-072,200,reachable,https://www.cul-spo.or.jp/comcen/fac_bunka_list/,text/html; charset=UTF-8,2026-08-09T02:15:27.140Z,
https://www.cul-spo.or.jp/comcen/fac_bunka/,venue-operations.csv,OP-036:booking_source_url;OP-036:operations_source_url,200,reachable,https://www.cul-spo.or.jp/comcen/fac_bunka/,text/html; charset=UTF-8,2026-08-09T02:15:27.140Z,
https://www.cul-spo.or.jp/comcen/fac_taiiku/,venue-details.csv;venue-operations.csv,DETAIL-070;DETAIL-071;OP-035:booking_source_url;OP-035:operations_source_url,200,reachable,https://www.cul-spo.or.jp/comcen/fac_taiiku/,text/html; charset=UTF-8,2026-08-09T02:15:27.140Z,
https://www.cul-spo.or.jp/wp2017/wp-content/uploads/2025/03/bunkahalltou_kihon-1.pdf,price-observations.csv,PRICE-184;PRICE-185,206,reachable,https://www.cul-spo.or.jp/wp2017/wp-content/uploads/2025/03/bunkahalltou_kihon-1.pdf,application/pdf,2026-08-09T02:15:27.140Z,
https://www.cul-spo.or.jp/wp2017/wp-content/uploads/2025/03/taiikukan_kojinandsenyou-1.pdf,price-observations.csv,PRICE-179;PRICE-180;PRICE-181;PRICE-182;PRICE-183,206,reachable,https://www.cul-spo.or.jp/wp2017/wp-content/uploads/2025/03/taiikukan_kojinandsenyou-1.pdf,application/pdf,2026-08-09T02:15:27.140Z,
https://www.culture-suzaka.or.jp/mesena/facility/index.html,candidate-venues.csv;venue-details.csv,CAND-563;DETAIL-2163;DETAIL-2164;DETAIL-2165;DETAIL-2166;DETAIL-2167;DETAIL-2168;DETAIL-2169;DETAIL-2170;DETAIL-2171;DETAIL-2172;DETAIL-2173;DETAIL-2174;DETAIL-2175,206,reachable,https://www.culture-suzaka.or.jp/mesena/facility/index.html,text/html,2026-08-09T02:15:27.140Z,
https://www.daisen.jp/chosei/9/2/access/nakayama/,candidate-venues.csv;venue-details.csv,CAND-1064;DETAIL-6321;DETAIL-6322;DETAIL-6323;DETAIL-6324;DETAIL-6325;DETAIL-6326,206,reachable,https://www.daisen.jp/chosei/9/2/access/nakayama/,text/html; charset=utf-8,2026-08-09T02:15:27.140Z,
https://www.ebetsu-c-hall.jp/guide.html,candidate-venues.csv,CAND-925,206,reachable,https://www.ebetsu-c-hall.jp/guide.html,text/html,2026-08-09T02:15:27.140Z,
https://www.ebina-bunka.jp/about/hall/,venue-details.csv,DETAIL-3318,200,reachable,https://www.ebina-bunka.jp/about/hall/,text/html; charset=UTF-8,2026-08-09T02:15:27.140Z,
https://www.ebina-bunka.jp/about/other/,candidate-venues.csv;venue-details.csv,CAND-740;DETAIL-3319;DETAIL-3320;DETAIL-3321;DETAIL-3322,200,reachable,https://www.ebina-bunka.jp/about/other/,text/html; charset=UTF-8,2026-08-09T02:15:27.140Z,
https://www.ecopa.jp/access/,venue-operations.csv,OP-092:access_source_url,200,reachable,https://www.ecopa.jp/access/,text/html; charset=UTF-8,2026-08-09T02:15:27.140Z,
https://www.ecopa.jp/facility/arena/,candidate-venues.csv;venue-details.csv;venue-operations.csv,CAND-111;DETAIL-184;DETAIL-185;OP-092:operations_source_url,200,reachable,https://www.ecopa.jp/facility/arena/,text/html; charset=UTF-8,2026-08-09T02:15:27.140Z,
https://www.ecopa.jp/organizer/charge/arena.php,price-observations.csv;venue-operations.csv,OP-092:booking_source_url;PRICE-358,200,reachable,https://www.ecopa.jp/organizer/charge/arena.php,text/html; charset=UTF-8,2026-08-09T02:15:27.140Z,
https://www.ehime-joseizaidan.com/site/ehime-danzyo-center/sisetukasikanriyou.html,candidate-venues.csv;venue-details.csv,CAND-1161;DETAIL-7551;DETAIL-7552;DETAIL-7553;DETAIL-7554;DETAIL-7555;DETAIL-7556;DETAIL-7557;DETAIL-7558;DETAIL-7559;DETAIL-7560;DETAIL-7561,404,client_error,https://www.ehime-joseizaidan.com/site/ehime-danzyo-center/sisetukasikanriyou.html,text/html,2026-08-09T02:15:27.140Z,
https://www.enisshall.jp/page/page000035.html,venue-details.csv,DETAIL-4106;DETAIL-4107;DETAIL-4108;DETAIL-4109;DETAIL-4110;DETAIL-4111;DETAIL-4112;DETAIL-4113;DETAIL-4114;DETAIL-4115;DETAIL-4116;DETAIL-4117,206,reachable,https://www.enisshall.jp/page/page000035.html,text/html,2026-08-09T02:15:27.140Z,
https://www.f-open.or.jp/support/event/guide_multipurposehall4F.html,candidate-venues.csv;venue-details.csv,CAND-1008;DETAIL-5648;DETAIL-5649;DETAIL-5650,200,reachable,https://www.f-open.or.jp/support/event/guide_multipurposehall4F.html,text/html; charset=UTF-8,2026-08-09T02:15:27.140Z,
https://www.f-shinkoukousha.or.jp/ongakudou/hall/,venue-details.csv,DETAIL-592;DETAIL-593,200,reachable,https://www.f-shinkoukousha.or.jp/ongakudou/hall/,text/html; charset=UTF-8,2026-08-09T02:15:27.140Z,
https://www.fcp.or.jp/culture/facility/,candidate-venues.csv;venue-details.csv,CAND-1005;DETAIL-5623;DETAIL-5624;DETAIL-5625;DETAIL-5626;DETAIL-5627;DETAIL-5628;DETAIL-5629;DETAIL-5630;DETAIL-5631;DETAIL-5632;DETAIL-5633;DETAIL-5634;DETAIL-5635;DETAIL-5636;DETAIL-5637,206,reachable,https://www.fcp.or.jp/culture/facility/,text/html,2026-08-09T02:15:27.140Z,
https://www.fenice-sacay.jp/about/basic-info/,candidate-venues.csv;venue-details.csv,CAND-914;DETAIL-4870;DETAIL-4871;DETAIL-4872;DETAIL-4873;DETAIL-4874;DETAIL-4875;DETAIL-4876;DETAIL-4877;DETAIL-4878;DETAIL-4879;DETAIL-4880;DETAIL-4881;DETAIL-4882;DETAIL-4883;DETAIL-4884;DETAIL-4885,200,reachable,https://www.fenice-sacay.jp/about/basic-info/,text/html; charset=UTF-8,2026-08-09T02:15:27.140Z,
https://www.festivalhall.jp/about/,candidate-venues.csv;venue-details.csv,CAND-152;DETAIL-235,200,reachable,https://www.festivalhall.jp/about/,text/html,2026-08-09T02:15:27.140Z,
https://www.forest.minokamo.gifu.jp/bunkakaikan/outline/index.html,candidate-venues.csv;venue-details.csv,CAND-745;DETAIL-3342;DETAIL-3343;DETAIL-3344;DETAIL-3345;DETAIL-3346;DETAIL-3347;DETAIL-3348;DETAIL-3349;DETAIL-3350;DETAIL-3351,206,reachable,https://www.forest.minokamo.gifu.jp/bunkakaikan/outline/index.html,text/html,2026-08-09T02:15:27.140Z,
https://www.fukui-iic.or.jp/office/equipment.html,venue-details.csv,DETAIL-6997;DETAIL-6998,200,reachable,https://www.fukui-iic.or.jp/office/equipment.html,text/html; charset=UTF-8,2026-08-09T02:15:27.140Z,
https://www.fukui-iic.or.jp/rental/,candidate-venues.csv;venue-details.csv,CAND-1117;DETAIL-6990;DETAIL-6991;DETAIL-6992;DETAIL-6993;DETAIL-6994;DETAIL-6995;DETAIL-6996,200,reachable,https://www.fukui-iic.or.jp/rental/,text/html; charset=UTF-8,2026-08-09T02:15:27.140Z,
https://www.fukuoka-city-arena.jp/about/index.html,candidate-venues.csv;venue-details.csv,CAND-122;DETAIL-202;DETAIL-203,206,reachable,https://www.fukuoka-city-arena.jp/about/index.html,text/html,2026-08-09T02:15:27.140Z,
https://www.fukuoka-city-arena.jp/about/price.html,price-observations.csv,PRICE-365;PRICE-480;PRICE-481;PRICE-482,206,reachable,https://www.fukuoka-city-arena.jp/about/price.html,text/html,2026-08-09T02:15:27.140Z,
https://www.fukuoka-city-arena.jp/about/use.html,venue-operations.csv,OP-146:booking_source_url;OP-146:operations_source_url,206,reachable,https://www.fukuoka-city-arena.jp/about/use.html,text/html,2026-08-09T02:15:27.140Z,
https://www.fukuoka-city-arena.jp/contact/access.html,venue-operations.csv,OP-146:access_source_url,206,reachable,https://www.fukuoka-city-arena.jp/contact/access.html,text/html,2026-08-09T02:15:27.140Z,
https://www.fukuoka-civic-hall.jp/facility/,candidate-venues.csv,CAND-1149,200,reachable,https://www.fukuoka-civic-hall.jp/facility/,text/html; charset=UTF-8,2026-08-09T02:15:27.140Z,
https://www.fukuoka-civic-hall.jp/facility/hall1/,venue-details.csv,DETAIL-7375;DETAIL-7376;DETAIL-7377;DETAIL-7378;DETAIL-7379,200,reachable,https://www.fukuoka-civic-hall.jp/facility/hall1/,text/html; charset=UTF-8,2026-08-09T02:15:27.140Z,
https://www.fukuoka-civic-hall.jp/facility/hall2/,venue-details.csv,DETAIL-7380;DETAIL-7381;DETAIL-7382;DETAIL-7383,200,reachable,https://www.fukuoka-civic-hall.jp/facility/hall2/,text/html; charset=UTF-8,2026-08-09T02:15:27.140Z,
https://www.fukuoka-civic-hall.jp/facility/hall3/,venue-details.csv,DETAIL-7384;DETAIL-7385,200,reachable,https://www.fukuoka-civic-hall.jp/facility/hall3/,text/html; charset=UTF-8,2026-08-09T02:15:27.140Z,
https://www.fukuoka-civic-hall.jp/facility/rehearsal/,venue-details.csv,DETAIL-7386;DETAIL-7387;DETAIL-7388;DETAIL-7389,200,reachable,https://www.fukuoka-civic-hall.jp/facility/rehearsal/,text/html; charset=UTF-8,2026-08-09T02:15:27.140Z,
https://www.fukuokacity-kagakukan.jp/use/lending_facility.html,candidate-venues.csv;venue-details.csv,CAND-1152;DETAIL-7461;DETAIL-7462;DETAIL-7463,206,reachable,https://www.fukuokacity-kagakukan.jp/use/lending_facility.html,text/html; charset=UTF-8,2026-08-09T02:15:27.140Z,
https://www.fukuyamabunkahall.jp/r-rose/facility/,venue-details.csv,DETAIL-262,200,reachable,https://www.fukuyamabunkahall.jp/r-rose/facility/,text/html; charset=UTF-8,2026-08-09T02:15:27.140Z,
https://www.fureai-plaza.jp/facility/,candidate-venues.csv;venue-details.csv,CAND-1015;DETAIL-5724;DETAIL-5725;DETAIL-5726;DETAIL-5727;DETAIL-5728;DETAIL-5729;DETAIL-5730,206,reachable,https://www.fureai-plaza.jp/facility/,text/html,2026-08-09T02:15:27.140Z,
https://www.fureai-plaza.jp/facility/ichiran/,venue-details.csv,DETAIL-5723,206,reachable,https://www.fureai-plaza.jp/facility/ichiran/,text/html,2026-08-09T02:15:27.140Z,
https://www.fureai-plaza.jp/facility/kaigi/,venue-details.csv,DETAIL-5731,206,reachable,https://www.fureai-plaza.jp/facility/kaigi/,text/html,2026-08-09T02:15:27.140Z,
https://www.fureai-plaza.jp/facility/keiundou/,venue-details.csv,DETAIL-5735,206,reachable,https://www.fureai-plaza.jp/facility/keiundou/,text/html,2026-08-09T02:15:27.140Z,
https://www.fureai-plaza.jp/facility/ken12/,venue-details.csv,DETAIL-5732;DETAIL-5733,206,reachable,https://www.fureai-plaza.jp/facility/ken12/,text/html,2026-08-09T02:15:27.140Z,
https://www.fureai-plaza.jp/facility/kenb1/,venue-details.csv,DETAIL-5736;DETAIL-5737,206,reachable,https://www.fureai-plaza.jp/facility/kenb1/,text/html,2026-08-09T02:15:27.140Z,
https://www.fureai-plaza.jp/facility/kenc123/,venue-details.csv,DETAIL-5738;DETAIL-5739,206,reachable,https://www.fureai-plaza.jp/facility/kenc123/,text/html,2026-08-09T02:15:27.140Z,
https://www.fureai-plaza.jp/facility/sityoukaku/,venue-details.csv,DETAIL-5734,206,reachable,https://www.fureai-plaza.jp/facility/sityoukaku/,text/html,2026-08-09T02:15:27.140Z,
https://www.furitutaiikukaikan.ne.jp/access.php,venue-operations.csv,OP-184:access_source_url,200,reachable,https://www.furitutaiikukaikan.ne.jp/access.php,text/html; charset=UTF-8,2026-08-09T02:15:27.140Z,
https://www.furitutaiikukaikan.ne.jp/facilities.php,candidate-venues.csv;venue-details.csv,CAND-131;DETAIL-214,200,reachable,https://www.furitutaiikukaikan.ne.jp/facilities.php,text/html; charset=UTF-8,2026-08-09T02:15:27.140Z,
https://www.furitutaiikukaikan.ne.jp/guide.php,venue-operations.csv,OP-184:booking_source_url,200,reachable,https://www.furitutaiikukaikan.ne.jp/guide.php,text/html; charset=UTF-8,2026-08-09T02:15:27.140Z,
https://www.furitutaiikukaikan.ne.jp/info/wp-content/uploads/2025/09/482a55655e6a7afeb68807ce163c93b3.pdf,venue-operations.csv,OP-184:operations_source_url,206,reachable,https://www.furitutaiikukaikan.ne.jp/info/wp-content/uploads/2025/09/482a55655e6a7afeb68807ce163c93b3.pdf,application/pdf,2026-08-09T02:15:27.140Z,
https://www.fuse-sportspark.com/access/,venue-operations.csv,OP-125:access_source_url,200,reachable,https://www.fuse-sportspark.com/access/,text/html; charset=UTF-8,2026-08-09T02:15:27.140Z,
https://www.fuse-sportspark.com/facility-information/prefectural-gymnasium/,candidate-venues.csv;venue-details.csv;venue-operations.csv,CAND-214;DETAIL-302;OP-125:booking_source_url;OP-125:operations_source_url,200,reachable,https://www.fuse-sportspark.com/facility-information/prefectural-gymnasium/,text/html; charset=UTF-8,2026-08-09T02:15:27.140Z,
https://www.fuse-sportspark.com/wp-content/uploads/2024/04/%E9%B3%A5%E5%8F%96%E7%9C%8B%E7%AB%8B%E5%B8%83%E5%8B%A2%E7%B7%8F%E5%90%88%E9%81%8B%E5%8B%95%E5%85%AC%E5%9C%92%E6%96%99%E9%87%91%E8%A1%A8R6.4.1%EF%BD%9E.pdf,price-observations.csv,PRICE-431;PRICE-432,404,client_error,https://www.fuse-sportspark.com/wp-content/uploads/2024/04/%E9%B3%A5%E5%8F%96%E7%9C%8B%E7%AB%8B%E5%B8%83%E5%8B%A2%E7%B7%8F%E5%90%88%E9%81%8B%E5%8B%95%E5%85%AC%E5%9C%92%E6%96%99%E9%87%91%E8%A1%A8R6.4.1%EF%BD%9E.pdf,text/html; charset=UTF-8,2026-08-09T02:15:27.140Z,
https://www.g-messe-gunma.jp/data/gmesse-support_240501.pdf,price-observations.csv,PRICE-022;PRICE-023,206,reachable,https://www.g-messe-gunma.jp/data/gmesse-support_240501.pdf,application/pdf,2026-08-09T02:15:27.140Z,
https://www.g-messe-gunma.jp/organizer-price.html,price-observations.csv,PRICE-014;PRICE-015;PRICE-016;PRICE-017;PRICE-018;PRICE-019;PRICE-020;PRICE-021,206,reachable,https://www.g-messe-gunma.jp/organizer-price.html,text/html,2026-08-09T02:15:27.140Z,
https://www.g-messe-gunma.jp/organizer-terms.html,venue-operations.csv,OP-001:booking_source_url,206,reachable,https://www.g-messe-gunma.jp/organizer-terms.html,text/html,2026-08-09T02:15:27.140Z,
https://www.g-messe-gunma.jp/visitor-access.html,venue-operations.csv,OP-001:access_source_url,206,reachable,https://www.g-messe-gunma.jp/visitor-access.html,text/html,2026-08-09T02:15:27.140Z,
https://www.g-messe-gunma.jp/visitor-facilities-exhibitionhall.html,venue-details.csv;venue-operations.csv,DETAIL-010;OP-001:operations_source_url,206,reachable,https://www.g-messe-gunma.jp/visitor-facilities-exhibitionhall.html,text/html,2026-08-09T02:15:27.140Z,
https://www.g-messe-gunma.jp/visitor-facilities-mainhall.html,venue-details.csv,DETAIL-011,206,reachable,https://www.g-messe-gunma.jp/visitor-facilities-mainhall.html,text/html,2026-08-09T02:15:27.140Z,
https://www.g-messe-gunma.jp/visitor-facilities-outline.html,candidate-venues.csv,CAND-027,206,reachable,https://www.g-messe-gunma.jp/visitor-facilities-outline.html,text/html,2026-08-09T02:15:27.140Z,
https://www.g-ncc.jp/facilities/main-hall-2/,price-observations.csv;venue-details.csv,DETAIL-117;PRICE-312;PRICE-313;PRICE-314,200,reachable,https://www.g-ncc.jp/facilities/main-hall-2/,text/html; charset=UTF-8,2026-08-09T02:15:27.140Z,
https://www.g-ncc.jp/organizer/usage/guidance-precaution/,venue-operations.csv,OP-057:booking_source_url;OP-057:operations_source_url,200,reachable,https://www.g-ncc.jp/organizer/usage/guidance-precaution/,text/html; charset=UTF-8,2026-08-09T02:15:27.140Z,
https://www.gco.co.jp/facilities/,venue-details.csv,DETAIL-234,200,reachable,https://www.gco.co.jp/facilities/,text/html; charset=UTF-8,2026-08-09T02:15:27.140Z,
https://www.gco.co.jp/facilities/3f/,venue-details.csv,DETAIL-233;DETAIL-329;DETAIL-330;DETAIL-331;DETAIL-332;DETAIL-333;DETAIL-334,200,reachable,https://www.gco.co.jp/facilities/3f/,text/html; charset=UTF-8,2026-08-09T02:15:27.140Z,
https://www.gco.co.jp/facilities/5f/,candidate-venues.csv,CAND-151,200,reachable,https://www.gco.co.jp/facilities/5f/,text/html; charset=UTF-8,2026-08-09T02:15:27.140Z,
https://www.gco.co.jp/guide/,venue-operations.csv,OP-187:booking_source_url,200,reachable,https://www.gco.co.jp/guide/,text/html; charset=UTF-8,2026-08-09T02:15:27.140Z,
https://www.gco.co.jp/service/,venue-operations.csv,OP-187:operations_source_url,200,reachable,https://www.gco.co.jp/service/,text/html; charset=UTF-8,2026-08-09T02:15:27.140Z,
https://www.gco.co.jp/visitor/access/,venue-operations.csv,OP-187:access_source_url,200,reachable,https://www.gco.co.jp/visitor/access/,text/html; charset=UTF-8,2026-08-09T02:15:27.140Z,
https://www.gco.co.jp/wp02/wp-content/themes/gco/assets/img/organizer/price/events_exhibitions_2508.pdf,price-observations.csv,PRICE-648;PRICE-649;PRICE-650;PRICE-651;PRICE-652;PRICE-653;PRICE-654;PRICE-655;PRICE-656;PRICE-657,206,reachable,https://www.gco.co.jp/wp02/wp-content/themes/gco/assets/img/organizer/price/events_exhibitions_2508.pdf,application/pdf,2026-08-09T02:15:27.140Z,
https://www.geisou-toyama.jp/guide/,candidate-venues.csv,CAND-1112,200,reachable,https://www.geisou-toyama.jp/guide/,text/html,2026-08-09T02:15:27.140Z,
https://www.geisou-toyama.jp/room/,venue-details.csv,DETAIL-6912;DETAIL-6913;DETAIL-6914;DETAIL-6915;DETAIL-6916;DETAIL-6917;DETAIL-6918;DETAIL-6919;DETAIL-6920;DETAIL-6921;DETAIL-6922;DETAIL-6923;DETAIL-6924;DETAIL-6925;DETAIL-6926;DETAIL-6927;DETAIL-6928;DETAIL-6929;DETAIL-6930;DETAIL-6931;DETAIL-6932;DETAIL-6933;DETAIL-6934;DETAIL-6935;DETAIL-6936;DETAIL-6937;DETAIL-6938;DETAIL-6939;DETAIL-6940;DETAIL-6941;DETAIL-6942;DETAIL-6943;DETAIL-6944;DETAIL-6945;DETAIL-6946;DETAIL-6947;DETAIL-6948;DETAIL-6949;DETAIL-6950;DETAIL-6951;DETAIL-6952;DETAIL-6953;DETAIL-6954;DETAIL-6955;DETAIL-6956;DETAIL-6957;DETAIL-6958,200,reachable,https://www.geisou-toyama.jp/room/,text/html; charset=UTF-8,2026-08-09T02:15:27.140Z,
https://www.gekito.jp/?pg=1723857507,candidate-venues.csv;price-observations.csv;venue-details.csv,CAND-064;DETAIL-106;PRICE-288,200,reachable,https://www.gekito.jp/?pg=1723857507,text/html,2026-08-09T02:15:27.140Z,
https://www.gloken.net/jp/blog/202208031131/,historical-events.csv,KWC-2022,200,reachable,https://www.gloken.net/jp/blog/202208031131/,text/html; charset=UTF-8,2026-08-09T02:15:27.140Z,
https://www.gloken.net/jp/blog/202408021508/,historical-events.csv,KWC-2024,200,reachable,https://www.gloken.net/jp/blog/202408021508/,text/html; charset=UTF-8,2026-08-09T02:15:27.140Z,
https://www.gloken.net/jp/blog/202511171033/,historical-events.csv,KWC-2025,200,reachable,https://www.gloken.net/jp/blog/202511171033/,text/html; charset=UTF-8,2026-08-09T02:15:27.140Z,
https://www.gloken.net/jp/w-cup/201506031225/,historical-events.csv,KWC-2015,200,reachable,https://www.gloken.net/jp/w-cup/201506031225/,text/html; charset=UTF-8,2026-08-09T02:15:27.140Z,
https://www.gloken.net/jp/wp-content/themes/gloken_ja/pdf/KWC2023_gaiyou.pdf,historical-events.csv,KWC-2023,206,reachable,https://www.gloken.net/jp/wp-content/themes/gloken_ja/pdf/KWC2023_gaiyou.pdf,application/pdf,2026-08-09T02:15:27.140Z,
https://www.grandmesse.jp/kiji00310/index.html,candidate-venues.csv;venue-details.csv,CAND-104;DETAIL-173,206,reachable,https://www.grandmesse.jp/kiji00310/index.html,text/html,2026-08-09T02:15:27.140Z,
https://www.grandmesse.jp/kiji00318/index.html,price-observations.csv;venue-operations.csv,OP-085:operations_source_url;PRICE-354,206,reachable,https://www.grandmesse.jp/kiji00318/index.html,text/html,2026-08-09T02:15:27.140Z,
https://www.grandmesse.jp/kiji00320/index.html,venue-operations.csv,OP-085:booking_source_url,206,reachable,https://www.grandmesse.jp/kiji00320/index.html,text/html,2026-08-09T02:15:27.140Z,
https://www.grandmesse.jp/kiji0035/index.html,venue-operations.csv,OP-085:access_source_url,206,reachable,https://www.grandmesse.jp/kiji0035/index.html,text/html,2026-08-09T02:15:27.140Z,
https://www.grandtoit.jp/about/,candidate-venues.csv;venue-details.csv,CAND-520;DETAIL-1876;DETAIL-1877;DETAIL-1878;DETAIL-1880;DETAIL-1881,200,reachable,https://www.grandtoit.jp/about/,text/html; charset=UTF-8,2026-08-09T02:15:27.140Z,
https://www.grandtoit.jp/floorguide/multi-purpose-gallery/,venue-details.csv,DETAIL-1879,200,reachable,https://www.grandtoit.jp/floorguide/multi-purpose-gallery/,text/html; charset=UTF-8,2026-08-09T02:15:27.140Z,
https://www.granship.or.jp/,candidate-venues.csv,CAND-009,200,reachable,https://www.granship.or.jp/,text/html; charset=UTF-8,2026-08-09T02:15:27.140Z,
https://www.gsz-eastarea.com/access,venue-operations.csv,OP-169:access_source_url,200,reachable,https://www.gsz-eastarea.com/access,text/html; charset=UTF-8,2026-08-09T02:15:27.140Z,
https://www.gsz-eastarea.com/assets/pdf/price_list.pdf,price-observations.csv,PRICE-575;PRICE-576;PRICE-577;PRICE-578;PRICE-579;PRICE-580;PRICE-581,206,reachable,https://www.gsz-eastarea.com/assets/pdf/price_list.pdf,application/pdf,2026-08-09T02:15:27.140Z,
https://www.gsz-eastarea.com/faq,venue-operations.csv,OP-169:operations_source_url,200,reachable,https://www.gsz-eastarea.com/faq,text/html; charset=UTF-8,2026-08-09T02:15:27.140Z,
https://www.gsz-eastarea.com/howto/,venue-operations.csv,OP-169:booking_source_url,200,reachable,https://www.gsz-eastarea.com/howto,text/html; charset=UTF-8,2026-08-09T02:15:27.140Z,redirected
https://www.gunma-sports.or.jp/sportscenter/arena/pdf/02yoyakusystem_henkou.pdf,venue-operations.csv,OP-153:booking_source_url,404,client_error,https://www.gunma-sports.or.jp/sportscenter/arena/pdf/02yoyakusystem_henkou.pdf,text/html; charset=iso-8859-1,2026-08-09T02:15:27.140Z,
https://www.hall-ecole.org/files/libs/641/202401111622502130.pdf,candidate-venues.csv;price-observations.csv;venue-details.csv;venue-operations.csv,CAND-053;DETAIL-051;OP-024:access_source_url;OP-024:booking_source_url;OP-024:operations_source_url;PRICE-131;PRICE-132,206,reachable,https://www.hall-ecole.org/files/libs/641/202401111622502130.pdf,image/gif,2026-08-09T02:15:27.140Z,
https://www.hamada-sports.com/toyohashi-sports/shisetsu/general-gym/,candidate-venues.csv;venue-details.csv;venue-operations.csv,CAND-206;DETAIL-294;OP-117:access_source_url;OP-117:booking_source_url;OP-117:operations_source_url,200,reachable,https://www.hamada-sports.com/toyohashi-sports/shisetsu/general-gym/,text/html; charset=UTF-8,2026-08-09T02:15:27.140Z,
https://www.hamamatsu-arena.jp/,venue-operations.csv,OP-175:access_source_url;OP-175:operations_source_url,206,reachable,https://www.hamamatsu-arena.jp/,text/html,2026-08-09T02:15:27.140Z,
https://www.hamayamakoen.jp/pdf/20201111_Leaflet.pdf,venue-operations.csv,OP-201:access_source_url,,network_error,,,2026-08-09T02:15:27.140Z,fetch failed
https://www.hamayamakoen.jp/pdf/20260401_riyouryou.pdf,price-observations.csv,PRICE-750;PRICE-751;PRICE-752;PRICE-753;PRICE-754;PRICE-755;PRICE-756;PRICE-757;PRICE-758;PRICE-759;PRICE-760;PRICE-761;PRICE-762;PRICE-763,,network_error,,,2026-08-09T02:15:27.140Z,fetch failed
https://www.hamayamakoen.jp/pdf/riyoutyousei/R7_PointsToNote.pdf,venue-operations.csv,OP-201:booking_source_url,,network_error,,,2026-08-09T02:15:27.140Z,fetch failed
https://www.hanasaka-stadium.jp/access/,venue-operations.csv,OP-215:access_source_url,200,reachable,https://www.hanasaka-stadium.jp/access/,text/html; charset=UTF-8,2026-08-09T02:15:27.140Z,
https://www.hanasaka-stadium.jp/department/rental/,price-observations.csv;venue-details.csv,DETAIL-355;DETAIL-356;DETAIL-357;DETAIL-358;DETAIL-359;DETAIL-360;PRICE-831;PRICE-832;PRICE-833;PRICE-834;PRICE-835;PRICE-836;PRICE-837;PRICE-838;PRICE-839;PRICE-840;PRICE-841;PRICE-842;PRICE-843;PRICE-844;PRICE-845;PRICE-846;PRICE-847;PRICE-848,200,reachable,https://www.hanasaka-stadium.jp/department/rental/,text/html; charset=UTF-8,2026-08-09T02:15:27.140Z,
https://www.hanasaka-stadium.jp/guide/,candidate-venues.csv;venue-details.csv,CAND-150;DETAIL-354,200,reachable,https://www.hanasaka-stadium.jp/guide/,text/html; charset=UTF-8,2026-08-09T02:15:27.140Z,
https://www.hanasaka-stadium.jp/guide/sports.html,venue-operations.csv,OP-215:booking_source_url;OP-215:operations_source_url,200,reachable,https://www.hanasaka-stadium.jp/guide/sports.html,text/html; charset=UTF-8,2026-08-09T02:15:27.140Z,
https://www.heartycenter.jp/02_sisetu.html,candidate-venues.csv;venue-details.csv,CAND-868;DETAIL-4331;DETAIL-4332;DETAIL-4333;DETAIL-4334;DETAIL-4335;DETAIL-4336;DETAIL-4337;DETAIL-4338;DETAIL-4339;DETAIL-4340,206,reachable,https://www.heartycenter.jp/02_sisetu.html,text/html,2026-08-09T02:15:27.140Z,
https://www.hhf.jp/facilities/floor_map/facility_info,candidate-venues.csv;venue-details.csv,CAND-1114;DETAIL-6966;DETAIL-6967,200,reachable,https://www.hhf.jp/facilities/floor_map/facility_info,text/html; charset=UTF-8,2026-08-09T02:15:27.140Z,
https://www.hhf.jp/rental/hall/,venue-details.csv,DETAIL-6974,200,reachable,https://www.hhf.jp/rental/hall/,text/html; charset=UTF-8,2026-08-09T02:15:27.140Z,
https://www.hhf.jp/rental/practice_room/,venue-details.csv,DETAIL-6968;DETAIL-6969;DETAIL-6970;DETAIL-6971;DETAIL-6972;DETAIL-6973,200,reachable,https://www.hhf.jp/rental/practice_room/,text/html; charset=UTF-8,2026-08-09T02:15:27.140Z,
https://www.hida-center.jp/facilities/facility-art.html,venue-details.csv,DETAIL-536,200,reachable,https://www.hida-center.jp/facilities/facility-art.html,text/html; charset=UTF-8,2026-08-09T02:15:27.140Z,
https://www.hida-center.jp/facilities/facility-conventionhall.html,candidate-venues.csv;venue-details.csv,CAND-254;DETAIL-535,200,reachable,https://www.hida-center.jp/facilities/facility-conventionhall.html,text/html; charset=UTF-8,2026-08-09T02:15:27.140Z,
https://www.hiezu.jp/%E5%90%84%E8%AA%B2%E4%B8%80%E8%A6%A7/%E3%83%B4%E3%82%A3%E3%83%AC%E3%82%B9%E3%83%86%E3%81%B2%E3%81%88%E3%81%A5/%E3%83%B4%E3%82%A3%E3%83%AC%E3%82%B9%E3%83%86%E3%81%B2%E3%81%88%E3%81%A5-%E6%96%BD%E8%A8%AD%E6%A1%88%E5%86%85/,venue-details.csv,DETAIL-6309;DETAIL-6310;DETAIL-6311;DETAIL-6318;DETAIL-6319;DETAIL-6320,200,reachable,https://www.hiezu.jp/%E5%90%84%E8%AA%B2%E4%B8%80%E8%A6%A7/%E3%83%B4%E3%82%A3%E3%83%AC%E3%82%B9%E3%83%86%E3%81%B2%E3%81%88%E3%81%A5/%E3%83%B4%E3%82%A3%E3%83%AC%E3%82%B9%E3%83%86%E3%81%B2%E3%81%88%E3%81%A5-%E6%96%BD%E8%A8%AD%E6%A1%88%E5%86%85/,text/html; charset=UTF-8,2026-08-09T02:15:27.140Z,
https://www.hiezu.jp/%E6%96%BD%E8%A8%AD%E3%81%AE%E5%88%A9%E7%94%A8%E3%81%AB%E3%81%A4%E3%81%84%E3%81%A6/,candidate-venues.csv,CAND-1063,200,reachable,https://www.hiezu.jp/%E6%96%BD%E8%A8%AD%E3%81%AE%E5%88%A9%E7%94%A8%E3%81%AB%E3%81%A4%E3%81%84%E3%81%A6/,text/html; charset=UTF-8,2026-08-09T02:15:27.140Z,
https://www.hiezu.jp/list/villasta/u150/c152/,venue-details.csv,DETAIL-6308,404,client_error,https://www.hiezu.jp/list/villasta/u150/c152/,text/html; charset=UTF-8,2026-08-09T02:15:27.140Z,
https://www.hiezu.jp/list/villasta/u150/g168/,venue-details.csv,DETAIL-6313;DETAIL-6314,404,client_error,https://www.hiezu.jp/list/villasta/u150/g168/,text/html; charset=UTF-8,2026-08-09T02:15:27.140Z,
https://www.hiezu.jp/list/villasta/u150/s147/,venue-details.csv,DETAIL-6312,404,client_error,https://www.hiezu.jp/list/villasta/u150/s147/,text/html; charset=UTF-8,2026-08-09T02:15:27.140Z,
https://www.hiezu.jp/list/villasta/u150/z150/,venue-details.csv,DETAIL-6315;DETAIL-6316;DETAIL-6317,404,client_error,https://www.hiezu.jp/list/villasta/u150/z150/,text/html; charset=UTF-8,2026-08-09T02:15:27.140Z,
https://www.higashikagawa-kouryuplaza.com/institution/,candidate-venues.csv;venue-details.csv,CAND-525;DETAIL-1909;DETAIL-1910;DETAIL-1911;DETAIL-1912;DETAIL-1913;DETAIL-1914;DETAIL-1915;DETAIL-1916;DETAIL-1917;DETAIL-1918;DETAIL-1919;DETAIL-1920;DETAIL-1921,200,reachable,https://www.higashikagawa-kouryuplaza.com/institution/,text/html; charset=UTF-8,2026-08-09T02:15:27.140Z,
https://www.himeji-ccc.jp/access.html,venue-operations.csv,OP-013:access_source_url,206,reachable,https://www.himeji-ccc.jp/access.html,text/html,2026-08-09T02:15:27.140Z,
https://www.himeji-ccc.jp/img/pdf/usage_guide.pdf,venue-operations.csv,OP-013:booking_source_url,206,reachable,https://www.himeji-ccc.jp/img/pdf/usage_guide.pdf,application/pdf,2026-08-09T02:15:27.140Z,
https://www.himeji-ccc.jp/organizer/conference.html,venue-details.csv,DETAIL-1444;DETAIL-1445;DETAIL-1446;DETAIL-1447;DETAIL-1448;DETAIL-1449;DETAIL-1450;DETAIL-1451;DETAIL-1452;DETAIL-1453;DETAIL-1454;DETAIL-1455,206,reachable,https://www.himeji-ccc.jp/organizer/conference.html,text/html,2026-08-09T02:15:27.140Z,
https://www.himeji-ccc.jp/organizer/exhibition.html,venue-details.csv,DETAIL-031;DETAIL-032;DETAIL-1438;DETAIL-1439,206,reachable,https://www.himeji-ccc.jp/organizer/exhibition.html,text/html,2026-08-09T02:15:27.140Z,
https://www.himeji-ccc.jp/organizer/fee.html,price-observations.csv,PRICE-070;PRICE-071;PRICE-072;PRICE-073;PRICE-074,206,reachable,https://www.himeji-ccc.jp/organizer/fee.html,text/html,2026-08-09T02:15:27.140Z,
https://www.himeji-ccc.jp/organizer/large_hall.html,venue-details.csv,DETAIL-1436,206,reachable,https://www.himeji-ccc.jp/organizer/large_hall.html,text/html,2026-08-09T02:15:27.140Z,
https://www.himeji-ccc.jp/organizer/middle_hall.html,venue-details.csv,DETAIL-033,206,reachable,https://www.himeji-ccc.jp/organizer/middle_hall.html,text/html,2026-08-09T02:15:27.140Z,
https://www.himeji-ccc.jp/organizer/policy.html,venue-operations.csv,OP-013:operations_source_url,206,reachable,https://www.himeji-ccc.jp/organizer/policy.html,text/html,2026-08-09T02:15:27.140Z,
https://www.himeji-ccc.jp/organizer/small_hall.html,venue-details.csv,DETAIL-1437,206,reachable,https://www.himeji-ccc.jp/organizer/small_hall.html,text/html,2026-08-09T02:15:27.140Z,
https://www.himeji-ccc.jp/organizer/studio.html,venue-details.csv,DETAIL-1440;DETAIL-1441;DETAIL-1442;DETAIL-1443,206,reachable,https://www.himeji-ccc.jp/organizer/studio.html,text/html,2026-08-09T02:15:27.140Z,
https://www.himi-bunka.or.jp/info/,candidate-venues.csv;venue-details.csv,CAND-681;DETAIL-2880;DETAIL-2881;DETAIL-2882;DETAIL-2883;DETAIL-2884;DETAIL-2885;DETAIL-2886;DETAIL-2887;DETAIL-2888;DETAIL-2889;DETAIL-2890;DETAIL-2891;DETAIL-2892;DETAIL-2893;DETAIL-2894,206,reachable,https://www.himi-bunka.or.jp/info/,text/html,2026-08-09T02:15:27.140Z,
https://www.hiroshima-stadiumpark.jp/peacewing/asset/img/rental/attached_ep.jpg?v6,price-observations.csv,PRICE-786;PRICE-787;PRICE-788;PRICE-789;PRICE-790;PRICE-791;PRICE-792,206,reachable,https://www.hiroshima-stadiumpark.jp/peacewing/asset/img/rental/attached_ep.jpg?v6,image/jpeg,2026-08-09T02:15:27.140Z,
https://www.hiroshima-stadiumpark.jp/peacewing/asset/img/rental/field_stand.jpg?v2,price-observations.csv,PRICE-778;PRICE-779;PRICE-780;PRICE-781;PRICE-782;PRICE-783;PRICE-784;PRICE-785,206,reachable,https://www.hiroshima-stadiumpark.jp/peacewing/asset/img/rental/field_stand.jpg?v2,image/jpeg,2026-08-09T02:15:27.140Z,
https://www.hiroshima-stadiumpark.jp/peacewing/rental/,price-observations.csv;venue-operations.csv,OP-206:booking_source_url;PRICE-793,206,reachable,https://www.hiroshima-stadiumpark.jp/peacewing/rental/,text/html; charset=UTF-8,2026-08-09T02:15:27.140Z,
https://www.hiroshima-stadiumpark.jp/peacewing/rental/detail/,venue-details.csv,DETAIL-236,206,reachable,https://www.hiroshima-stadiumpark.jp/peacewing/rental/detail/,text/html; charset=UTF-8,2026-08-09T02:15:27.140Z,
https://www.hiroshima-sunplaza.or.jp/access/,venue-operations.csv,OP-216:access_source_url,200,reachable,https://www.hiroshima-sunplaza.or.jp/access/,text/html; charset=UTF-8,2026-08-09T02:15:27.140Z,
https://www.hiroshima-sunplaza.or.jp/hall/document.pdf?210401=,venue-operations.csv,OP-216:booking_source_url;OP-216:operations_source_url,206,reachable,https://www.hiroshima-sunplaza.or.jp/hall/document.pdf?210401=,application/pdf,2026-08-09T02:15:27.140Z,
https://www.hitachiota-palty.jp/,candidate-venues.csv,CAND-1014,200,reachable,https://www.hitachiota-palty.jp/,text/html; charset=UTF-8,2026-08-09T02:15:27.140Z,
https://www.hitachiota-palty.jp/about/hall_small/,venue-details.csv,DETAIL-5713,200,reachable,https://www.hitachiota-palty.jp/about/hall_small/,text/html; charset=UTF-8,2026-08-09T02:15:27.140Z,
https://www.hitachiota-palty.jp/about/hall/,venue-details.csv,DETAIL-5712;DETAIL-5714;DETAIL-5715;DETAIL-5716;DETAIL-5717;DETAIL-5718,200,reachable,https://www.hitachiota-palty.jp/about/hall/,text/html; charset=UTF-8,2026-08-09T02:15:27.140Z,
https://www.hitachiota-palty.jp/about/meeting/,venue-details.csv,DETAIL-5719;DETAIL-5720;DETAIL-5721;DETAIL-5722,200,reachable,https://www.hitachiota-palty.jp/about/meeting/,text/html; charset=UTF-8,2026-08-09T02:15:27.140Z,
https://www.hm-sendai.jp/siminc/sisetu/miyagino02.html,venue-details.csv,DETAIL-6683;DETAIL-6684;DETAIL-6685;DETAIL-6686;DETAIL-6687;DETAIL-6688;DETAIL-6689;DETAIL-6690;DETAIL-6691;DETAIL-6692;DETAIL-6693;DETAIL-6694;DETAIL-6695,200,reachable,https://www.hm-sendai.jp/siminc/sisetu/miyagino02.html,text/html; charset=utf-8,2026-08-09T02:15:27.140Z,
https://www.hm-sendai.jp/siminc/sisetu/taihaku01.html,venue-details.csv,DETAIL-6652;DETAIL-6653;DETAIL-6654;DETAIL-6655;DETAIL-6656;DETAIL-6657;DETAIL-6658;DETAIL-6659;DETAIL-6660;DETAIL-6661;DETAIL-6662,200,reachable,https://www.hm-sendai.jp/siminc/sisetu/taihaku01.html,text/html; charset=utf-8,2026-08-09T02:15:27.140Z,
https://www.hm-sendai.jp/siminc/sisetu/wakabayashi01.html,venue-details.csv,DETAIL-6665;DETAIL-6666;DETAIL-6667;DETAIL-6668;DETAIL-6669;DETAIL-6670;DETAIL-6671;DETAIL-6672;DETAIL-6673;DETAIL-6674;DETAIL-6675;DETAIL-6676;DETAIL-6677;DETAIL-6678;DETAIL-6679,200,reachable,https://www.hm-sendai.jp/siminc/sisetu/wakabayashi01.html,text/html; charset=utf-8,2026-08-09T02:15:27.140Z,
https://www.hm-sendai.jp/sisetu/taihaku/riyo.html,candidate-venues.csv;venue-details.csv,CAND-1094;DETAIL-6645;DETAIL-6646;DETAIL-6647;DETAIL-6648;DETAIL-6649;DETAIL-6650;DETAIL-6651,206,reachable,https://www.hm-sendai.jp/sisetu/taihaku/riyo.html,text/html; charset=utf8,2026-08-09T02:15:27.140Z,
https://www.hodatsushimizu.jp/soshiki/shogaigakushuka/17/15/1109.html,candidate-venues.csv;venue-details.csv,CAND-818;DETAIL-3917;DETAIL-3918;DETAIL-3919;DETAIL-3920,206,reachable,https://www.hodatsushimizu.jp/soshiki/shogaigakushuka/17/15/1109.html,text/html,2026-08-09T02:15:27.140Z,
https://www.hokuroku.jp/about/37,candidate-venues.csv;price-observations.csv;venue-details.csv,CAND-198;DETAIL-286;PRICE-402;PRICE-403,200,reachable,https://www.hokuroku.jp/about/37,text/html; charset=UTF-8,2026-08-09T02:15:27.140Z,
https://www.hokuroku.jp/about/40,venue-operations.csv,OP-109:operations_source_url,200,reachable,https://www.hokuroku.jp/about/40,text/html; charset=UTF-8,2026-08-09T02:15:27.140Z,
https://www.hokuroku.jp/accessmap,venue-operations.csv,OP-109:access_source_url,200,reachable,https://www.hokuroku.jp/accessmap,text/html; charset=UTF-8,2026-08-09T02:15:27.140Z,
https://www.hokuroku.jp/guide/408,venue-operations.csv,OP-109:booking_source_url,200,reachable,https://www.hokuroku.jp/guide/408,text/html; charset=UTF-8,2026-08-09T02:15:27.140Z,
https://www.horutohall-oita.jp/guide/,candidate-venues.csv,CAND-1077,200,reachable,https://www.horutohall-oita.jp/guide/,text/html; charset=UTF-8,2026-08-09T02:15:27.140Z,
https://www.hos-arena.com/access/,venue-operations.csv,OP-121:access_source_url,200,reachable,https://www.hos-arena.com/access/,text/html,2026-08-09T02:15:27.140Z,
https://www.hos-arena.com/facilities/,candidate-venues.csv;venue-details.csv,CAND-210;DETAIL-298,200,reachable,https://www.hos-arena.com/facilities/,text/html,2026-08-09T02:15:27.140Z,
https://www.hos-arena.com/gymnasium/fee.html,price-observations.csv,PRICE-424,200,reachable,https://www.hos-arena.com/gymnasium/fee.html,text/html,2026-08-09T02:15:27.140Z,
https://www.hos-arena.com/gymnasium/reserve.html,venue-operations.csv,OP-121:booking_source_url,200,reachable,https://www.hos-arena.com/gymnasium/reserve.html,text/html,2026-08-09T02:15:27.140Z,
https://www.hos-arena.com/gymnasium/use.html,price-observations.csv;venue-operations.csv,OP-121:operations_source_url;PRICE-423,200,reachable,https://www.hos-arena.com/gymnasium/use.html,text/html,2026-08-09T02:15:27.140Z,
https://www.houki-town.jp/new1/10/20/v323/7/4/,candidate-venues.csv;venue-details.csv,CAND-781;DETAIL-3641;DETAIL-3642;DETAIL-3643;DETAIL-3644,200,reachable,https://www.houki-town.jp/new1/10/20/v323/7/4/,text/html; charset=utf-8,2026-08-09T02:15:27.140Z,
https://www.houzanhall.com/facilities/,candidate-venues.csv;venue-details.csv,CAND-270;DETAIL-562,200,reachable,https://www.houzanhall.com/facilities/,text/html; charset=UTF-8,2026-08-09T02:15:27.140Z,
https://www.hyugahall.jp/shisetsu.php,candidate-venues.csv;venue-details.csv,CAND-339;DETAIL-749;DETAIL-750;DETAIL-751;DETAIL-752,200,reachable,https://www.hyugahall.jp/shisetsu.php,text/html; charset=UTF-8,2026-08-09T02:15:27.140Z,
https://www.i-manabi.jp/about/kenmin.php,venue-details.csv,DETAIL-7526;DETAIL-7527;DETAIL-7528;DETAIL-7529;DETAIL-7530;DETAIL-7531,200,reachable,https://www.i-manabi.jp/about/kenmin.php,text/html; charset=UTF-8,2026-08-09T02:15:27.140Z,
https://www.i-manabi.jp/center/guidance.php,candidate-venues.csv;venue-details.csv,CAND-1159;DETAIL-7532;DETAIL-7533;DETAIL-7534;DETAIL-7535;DETAIL-7536;DETAIL-7537;DETAIL-7538;DETAIL-7539;DETAIL-7540;DETAIL-7541;DETAIL-7542,200,reachable,https://www.i-manabi.jp/center/guidance.php,text/html; charset=UTF-8,2026-08-09T02:15:27.140Z,
https://www.i-masaki.jp/center/facility/,candidate-venues.csv;venue-details.csv,CAND-920;DETAIL-4908;DETAIL-4909;DETAIL-4910;DETAIL-4911;DETAIL-4912;DETAIL-4913;DETAIL-4914;DETAIL-4915;DETAIL-4916;DETAIL-4917;DETAIL-4918;DETAIL-4919;DETAIL-4920;DETAIL-4921,,network_error,,,2026-08-09T02:15:27.140Z,fetch failed
https://www.i-masaki.jp/center/fee/,price-observations.csv,PRICE-2845;PRICE-2846;PRICE-2847;PRICE-2848;PRICE-2849;PRICE-2850;PRICE-2851;PRICE-2852;PRICE-2853;PRICE-2854;PRICE-2855,,network_error,,,2026-08-09T02:15:27.140Z,fetch failed
https://www.ibarakiken-bunkacenter.com/facilities/,candidate-venues.csv;venue-details.csv,CAND-1011;DETAIL-5667;DETAIL-5668;DETAIL-5669;DETAIL-5670;DETAIL-5671;DETAIL-5672;DETAIL-5673;DETAIL-5674;DETAIL-5675;DETAIL-5676;DETAIL-5677;DETAIL-5678;DETAIL-5679;DETAIL-5680;DETAIL-5681;DETAIL-5682;DETAIL-5683;DETAIL-5684;DETAIL-5685;DETAIL-5686;DETAIL-5687;DETAIL-5688;DETAIL-5689;DETAIL-5690;DETAIL-5691;DETAIL-5692,206,reachable,https://www.ibarakiken-bunkacenter.com/facilities/,text/html,2026-08-09T02:15:27.140Z,
https://www.ig-arena.jp/access/,venue-operations.csv,OP-079:access_source_url,206,reachable,https://www.ig-arena.jp/access/,text/html; charset=UTF-8,2026-08-09T02:15:27.140Z,
https://www.ig-arena.jp/eventuse/005/,candidate-venues.csv;venue-operations.csv,CAND-093;OP-079:booking_source_url,206,reachable,https://www.ig-arena.jp/eventuse/005/,text/html; charset=UTF-8,2026-08-09T02:15:27.140Z,
https://www.ig-arena.jp/uploads/2026/03/riyouannai_260301.pdf,venue-details.csv;venue-operations.csv,DETAIL-158;DETAIL-159;OP-079:operations_source_url,206,reachable,https://www.ig-arena.jp/uploads/2026/03/riyouannai_260301.pdf,application/pdf,2026-08-09T02:15:27.140Z,
https://www.ig-arena.jp/uploads/2026/03/riyouryoukin_260301.pdf,price-observations.csv,PRICE-351;PRICE-352,206,reachable,https://www.ig-arena.jp/uploads/2026/03/riyouryoukin_260301.pdf,application/pdf,2026-08-09T02:15:27.140Z,
https://www.info.city.tsu.mie.jp/shisetsu/sonotanoshisetsu/1004451.html,candidate-venues.csv;venue-operations.csv,CAND-037;OP-059:access_source_url,206,reachable,https://www.info.city.tsu.mie.jp/shisetsu/sonotanoshisetsu/1004451.html,text/html,2026-08-09T02:15:27.140Z,
https://www.intex-osaka.com/jp/access/train/,venue-operations.csv,OP-010:access_source_url,200,reachable,https://www.intex-osaka.com/jp/access/train/,text/html; charset=UTF-8,2026-08-09T02:15:27.140Z,
https://www.intex-osaka.com/jp/organizer/contact/,venue-operations.csv,OP-010:booking_source_url,200,reachable,https://www.intex-osaka.com/jp/organizer/contact/,text/html; charset=UTF-8,2026-08-09T02:15:27.140Z,
https://www.intex-osaka.com/jp/organizer/guide/download/file/hall_5ab_detail.pdf,venue-details.csv;venue-operations.csv,DETAIL-023;DETAIL-024;OP-010:operations_source_url,206,reachable,https://www.intex-osaka.com/jp/organizer/guide/download/file/hall_5ab_detail.pdf,application/pdf,2026-08-09T02:15:27.140Z,
https://www.intex-osaka.com/jp/organizer/guide/price/,price-observations.csv,PRICE-052;PRICE-053;PRICE-054;PRICE-055;PRICE-056;PRICE-057,200,reachable,https://www.intex-osaka.com/jp/organizer/guide/price/,text/html; charset=UTF-8,2026-08-09T02:15:27.140Z,
https://www.intex-osaka.com/jp/organizer/hall/conference/,candidate-venues.csv,CAND-040,200,reachable,https://www.intex-osaka.com/jp/organizer/hall/conference/,text/html; charset=UTF-8,2026-08-09T02:15:27.140Z,
https://www.inzai-bunka.jp/about/hall/,venue-details.csv,DETAIL-5918,200,reachable,https://www.inzai-bunka.jp/about/hall/,text/html; charset=UTF-8,2026-08-09T02:15:27.140Z,
https://www.inzai-bunka.jp/guide/subscribe/,candidate-venues.csv;venue-details.csv,CAND-1034;DETAIL-5919;DETAIL-5920;DETAIL-5921;DETAIL-5922;DETAIL-5923;DETAIL-5924;DETAIL-5925;DETAIL-5926;DETAIL-5927,200,reachable,https://www.inzai-bunka.jp/guide/subscribe/,text/html; charset=UTF-8,2026-08-09T02:15:27.140Z,
https://www.ise-kanbun.jp/about/hall_big/,candidate-venues.csv;venue-details.csv,CAND-243;DETAIL-518,200,reachable,https://www.ise-kanbun.jp/about/hall_big/,text/html; charset=UTF-8,2026-08-09T02:15:27.140Z,
https://www.ishikawa-spc.jp/access/index.html,venue-operations.csv,OP-149:access_source_url,206,reachable,https://www.ishikawa-spc.jp/access/index.html,text/html,2026-08-09T02:15:27.140Z,
https://www.ishikawa-spc.jp/facilities/main-arina.html,candidate-venues.csv;venue-details.csv,CAND-182;DETAIL-270,206,reachable,https://www.ishikawa-spc.jp/facilities/main-arina.html,text/html,2026-08-09T02:15:27.140Z,
https://www.ishikawa-spc.jp/first/taikai.html,venue-operations.csv,OP-149:operations_source_url,206,reachable,https://www.ishikawa-spc.jp/first/taikai.html,text/html,2026-08-09T02:15:27.140Z,
https://www.ishikawa-spc.jp/useguide/index.html,price-observations.csv,PRICE-389;PRICE-491;PRICE-492;PRICE-493;PRICE-494;PRICE-495,206,reachable,https://www.ishikawa-spc.jp/useguide/index.html,text/html,2026-08-09T02:15:27.140Z,
https://www.ishin100.com/main/access/,venue-operations.csv,OP-167:access_source_url,200,reachable,https://www.ishin100.com/main/access/,text/html; charset=UTF-8,2026-08-09T02:15:27.140Z,
https://www.ishin100.com/main/guide/,venue-operations.csv,OP-167:operations_source_url,200,reachable,https://www.ishin100.com/main/guide/,text/html; charset=UTF-8,2026-08-09T02:15:27.140Z,
https://www.ishin100.com/main/guide/gu-arena/,candidate-venues.csv;venue-details.csv,CAND-178;DETAIL-266;DETAIL-431,200,reachable,https://www.ishin100.com/main/guide/gu-arena/,text/html; charset=UTF-8,2026-08-09T02:15:27.140Z,
https://www.ishin100.com/main/guide/gu-lecture/,venue-details.csv,DETAIL-426,200,reachable,https://www.ishin100.com/main/guide/gu-lecture/,text/html; charset=UTF-8,2026-08-09T02:15:27.140Z,
https://www.ishin100.com/main/guide/gu-meeting/,venue-details.csv,DETAIL-427;DETAIL-428;DETAIL-429;DETAIL-430,200,reachable,https://www.ishin100.com/main/guide/gu-meeting/,text/html; charset=UTF-8,2026-08-09T02:15:27.140Z,
https://www.ishin100.com/main/guide/gu-user/,venue-operations.csv,OP-167:booking_source_url,200,reachable,https://www.ishin100.com/main/guide/gu-user/,text/html; charset=UTF-8,2026-08-09T02:15:27.140Z,
https://www.ishin100.com/main/wp-content/uploads/7_%E3%82%A2%E3%83%AA%E3%83%BC%E3%83%8A%E6%96%99%E9%87%91%E8%A1%A8_20250407.pdf,price-observations.csv;venue-details.csv,DETAIL-432;DETAIL-433;DETAIL-434;PRICE-2056;PRICE-2057;PRICE-2058;PRICE-2059;PRICE-2060;PRICE-2061;PRICE-2062;PRICE-2063;PRICE-2064;PRICE-2065;PRICE-2066;PRICE-2067;PRICE-2068;PRICE-2069;PRICE-2070;PRICE-2071;PRICE-2072;PRICE-2073;PRICE-2074;PRICE-2075;PRICE-2076;PRICE-2077;PRICE-2078;PRICE-2079;PRICE-2080;PRICE-2081;PRICE-2082;PRICE-2083;PRICE-2084;PRICE-2085;PRICE-2086;PRICE-2087;PRICE-2088;PRICE-2089;PRICE-2090;PRICE-2091;PRICE-2092;PRICE-2093;PRICE-2094;PRICE-2095;PRICE-2096;PRICE-2097;PRICE-2098;PRICE-2099;PRICE-2100;PRICE-2101;PRICE-2102;PRICE-2103;PRICE-2104;PRICE-2105;PRICE-2106;PRICE-2107;PRICE-2108;PRICE-2109;PRICE-2110;PRICE-2111;PRICE-2112;PRICE-2113;PRICE-2114;PRICE-2115;PRICE-2116;PRICE-2117;PRICE-2118;PRICE-2119;PRICE-2120;PRICE-2121;PRICE-2122;PRICE-2123;PRICE-2124;PRICE-2125;PRICE-2126;PRICE-2127;PRICE-2128,206,reachable,https://www.ishin100.com/main/wp-content/uploads/7_%E3%82%A2%E3%83%AA%E3%83%BC%E3%83%8A%E6%96%99%E9%87%91%E8%A1%A8_20250407.pdf,application/pdf,2026-08-09T02:15:27.140Z,
https://www.iwami.gr.jp/secure/6748/%E3%83%AA%E3%83%BC%E3%83%95%E3%83%AC%E3%83%83%E3%83%88.pdf,candidate-venues.csv;venue-details.csv,CAND-473;DETAIL-1416;DETAIL-1417;DETAIL-1418;DETAIL-1419;DETAIL-1420;DETAIL-1421;DETAIL-1422;DETAIL-1423;DETAIL-1424;DETAIL-1425;DETAIL-1426;DETAIL-1427,206,reachable,https://www.iwami.gr.jp/secure/6748/%E3%83%AA%E3%83%BC%E3%83%95%E3%83%AC%E3%83%83%E3%83%88.pdf,application/pdf,2026-08-09T02:15:27.140Z,
https://www.iwate-kenmin.jp/facility/,candidate-venues.csv,CAND-022,200,reachable,https://www.iwate-kenmin.jp/facility/,text/html; charset=UTF-8,2026-08-09T02:15:27.140Z,
https://www.jinsekigun.jp/town/formation/mirai/oshirase/s_sogo/,candidate-venues.csv;venue-details.csv,CAND-957;DETAIL-5268;DETAIL-5269,200,reachable,https://www.jinsekigun.jp/town/formation/mirai/oshirase/s_sogo/,text/html; charset=utf-8,2026-08-09T02:15:27.140Z,
https://www.jpnsport.go.jp/yoyogi/access/tabid/88/default.aspx,venue-operations.csv,OP-142:access_source_url,200,reachable,https://www.jpnsport.go.jp/yoyogi/access/tabid/88/default.aspx,text/html; charset=utf-8,2026-08-09T02:15:27.140Z,
https://www.jpnsport.go.jp/yoyogi/Default.aspx?TabId=70,candidate-venues.csv;venue-details.csv,CAND-114;DETAIL-188,200,reachable,https://www.jpnsport.go.jp/yoyogi/Default.aspx?TabId=70,text/html; charset=utf-8,2026-08-09T02:15:27.140Z,
https://www.jpnsport.go.jp/yoyogi/Portals/0/images/contents/syusaisya/riyoannai.260401.pdf,venue-operations.csv,OP-142:booking_source_url;OP-142:operations_source_url,206,reachable,https://www.jpnsport.go.jp/yoyogi/Portals/0/images/contents/syusaisya/riyoannai.260401.pdf,application/pdf,2026-08-09T02:15:27.140Z,
https://www.jpnsport.go.jp/yoyogi/Portals/0/yoyogi/pdf/riyouannnai/202604_yoyogi_riyouannai%282026%E3%83%BB2027%29.pdf,price-observations.csv,PRICE-360,206,reachable,https://www.jpnsport.go.jp/yoyogi/Portals/0/yoyogi/pdf/riyouannnai/202604_yoyogi_riyouannai%282026%E3%83%BB2027%29.pdf,application/pdf,2026-08-09T02:15:27.140Z,
https://www.juggling.jp/jjf/2016/jp/,historical-events.csv,JJF-2016,200,reachable,https://www.juggling.jp/jjf/2016/jp/,text/html,2026-08-09T02:15:27.140Z,
https://www.juggling.jp/jjf/2017/jp/,historical-events.csv,JJF-2017,200,reachable,https://www.juggling.jp/jjf/2017/jp/,text/html,2026-08-09T02:15:27.140Z,
https://www.juggling.jp/jjf/2018/jp/,historical-events.csv,JJF-2018,200,reachable,https://www.juggling.jp/jjf/2018/jp/,text/html,2026-08-09T02:15:27.140Z,
https://www.juggling.jp/jjf/2019/jp/,historical-events.csv,JJF-2019,200,reachable,https://www.juggling.jp/jjf/2019/jp/,text/html,2026-08-09T02:15:27.140Z,
https://www.juggling.jp/jjf/2020/jp/,historical-events.csv,JJF-2020,206,reachable,https://www.juggling.jp/jjf/2020/jp/,text/html,2026-08-09T02:15:27.140Z,
https://www.juggling.jp/jjf/2021/jp/,historical-events.csv,JJF-2021,206,reachable,https://www.juggling.jp/jjf/2021/jp/,text/html,2026-08-09T02:15:27.140Z,
https://www.juggling.jp/jjf/2022/jp/,historical-events.csv,JJF-2022,206,reachable,https://www.juggling.jp/jjf/2022/jp/,text/html,2026-08-09T02:15:27.140Z,
https://www.juggling.jp/jjf/2023/jp/,historical-events.csv,JJF-2023,206,reachable,https://www.juggling.jp/jjf/2023/jp/,text/html,2026-08-09T02:15:27.140Z,
https://www.juggling.jp/jjf/2024/jp/,historical-events.csv,JJF-2024,206,reachable,https://www.juggling.jp/jjf/2024/jp/,text/html,2026-08-09T02:15:27.140Z,
https://www.juggling.jp/jjf/2025/jp/,historical-events.csv,JJF-2025,206,reachable,https://www.juggling.jp/jjf/2025/jp/,text/html,2026-08-09T02:15:27.140Z,
https://www.juggling.jp/jjf/2026/jp/,historical-events.csv,JJF-2026,206,reachable,https://www.juggling.jp/jjf/2026/jp/,text/html,2026-08-09T02:15:27.140Z,
https://www.juggling.jp/jjf/jjf1999/,historical-events.csv,JJF-1999,206,reachable,https://www.juggling.jp/jjf/jjf1999/,text/html,2026-08-09T02:15:27.140Z,
https://www.juggling.jp/jjf/jjf2000/,historical-events.csv,JJF-2000,206,reachable,https://www.juggling.jp/jjf/jjf2000/,text/html,2026-08-09T02:15:27.140Z,
https://www.juggling.jp/jjf/jjf2001/,historical-events.csv,JJF-2001,206,reachable,https://www.juggling.jp/jjf/jjf2001/,text/html,2026-08-09T02:15:27.140Z,
https://www.juggling.jp/jjf/jjf2002/,historical-events.csv,JJF-2002,206,reachable,https://www.juggling.jp/jjf/jjf2002/,text/html,2026-08-09T02:15:27.140Z,
https://www.juggling.jp/jjf/jjf2003/,historical-events.csv,JJF-2003,206,reachable,https://www.juggling.jp/jjf/jjf2003/,text/html,2026-08-09T02:15:27.140Z,
https://www.juggling.jp/jjf/jjf2004/,historical-events.csv,JJF-2004,206,reachable,https://www.juggling.jp/jjf/jjf2004/,text/html,2026-08-09T02:15:27.140Z,
https://www.juggling.jp/jjf/jjf2005/,historical-events.csv,JJF-2005,206,reachable,https://www.juggling.jp/jjf/jjf2005/,text/html,2026-08-09T02:15:27.140Z,
https://www.juggling.jp/jjf/jjf2006/,historical-events.csv,JJF-2006,206,reachable,https://www.juggling.jp/jjf/jjf2006/,text/html,2026-08-09T02:15:27.140Z,
https://www.juggling.jp/jjf/jjf2007/,historical-events.csv,JJF-2007,206,reachable,https://www.juggling.jp/jjf/jjf2007/,text/html,2026-08-09T02:15:27.140Z,
https://www.juggling.jp/jjf/jjf2008/,historical-events.csv,JJF-2008,403,access_limited,https://www.juggling.jp/jjf/jjf2008/,text/html; charset=iso-8859-1,2026-08-09T02:15:27.140Z,
https://www.juggling.jp/jjf/jjf2009/,historical-events.csv,JJF-2009,403,access_limited,https://www.juggling.jp/jjf/jjf2009/,text/html; charset=iso-8859-1,2026-08-09T02:15:27.140Z,
https://www.juggling.jp/jjf/jjf2010/,historical-events.csv,JJF-2010,403,access_limited,https://www.juggling.jp/jjf/jjf2010/,text/html; charset=iso-8859-1,2026-08-09T02:15:27.140Z,
https://www.juggling.jp/jjf/jjf2011/,historical-events.csv,JJF-2011,403,access_limited,https://www.juggling.jp/jjf/jjf2011/,text/html; charset=iso-8859-1,2026-08-09T02:15:27.140Z,
https://www.juggling.jp/jjf/jjf2012/,historical-events.csv,JJF-2012,403,access_limited,https://www.juggling.jp/jjf/jjf2012/,text/html; charset=iso-8859-1,2026-08-09T02:15:27.140Z,
https://www.juggling.jp/jjf/jjf2013/,historical-events.csv,JJF-2013,403,access_limited,https://www.juggling.jp/jjf/jjf2013/,text/html; charset=iso-8859-1,2026-08-09T02:15:27.140Z,
https://www.juggling.jp/jjf/jjf2014/,historical-events.csv,JJF-2014,403,access_limited,https://www.juggling.jp/jjf/jjf2014/,text/html; charset=iso-8859-1,2026-08-09T02:15:27.140Z,
https://www.juggling.jp/jjf/jjf2015/,historical-events.csv,JJF-2015,403,access_limited,https://www.juggling.jp/jjf/jjf2015/,text/html; charset=iso-8859-1,2026-08-09T02:15:27.140Z,
https://www.jyyf.org/,historical-events.csv,JUNIOR-2026;REG-2022-NJ;REG-2023-CJ;REG-2023-EJ;REG-2023-NJ;REG-2023-SJ;REG-2023-WJ;REG-2025-CJ;REG-2025-EJ1;REG-2025-EJ2;REG-2025-SJ;REG-2025-WJ;REG-2026-CJ;REG-2026-EJ1;REG-2026-EJ2;REG-2026-SJ;REG-2026-WJ;WYYC-2024,200,reachable,https://www.jyyf.org/,text/html; charset=UTF-8,2026-08-09T02:15:27.140Z,
https://www.jyyf.org/2010jn/,historical-events.csv,JN-2010,206,reachable,https://www.jyyf.org/2010jn/,text/html,2026-08-09T02:15:27.140Z,
https://www.jyyf.org/2011jl/,historical-events.csv,REG-2011-CJ;REG-2011-EJ;REG-2011-NJ;REG-2011-SJ;REG-2011-WJ,206,reachable,https://www.jyyf.org/2011jl/,text/html,2026-08-09T02:15:27.140Z,
https://www.jyyf.org/2011jn/,historical-events.csv,JN-2011,206,reachable,https://www.jyyf.org/2011jn/,text/html,2026-08-09T02:15:27.140Z,
https://www.jyyf.org/2012jl/,historical-events.csv,REG-2012-CJ;REG-2012-EJA;REG-2012-EJB;REG-2012-NJ;REG-2012-SJ;REG-2012-WJ,206,reachable,https://www.jyyf.org/2012jl/,text/html,2026-08-09T02:15:27.140Z,
https://www.jyyf.org/2012jn/,historical-events.csv,JN-2012,206,reachable,https://www.jyyf.org/2012jn/,text/html,2026-08-09T02:15:27.140Z,
https://www.jyyf.org/2013jl/,historical-events.csv,JN-2013;REG-2013-CJ;REG-2013-EJA;REG-2013-EJB;REG-2013-NJ;REG-2013-SJ;REG-2013-WJ,206,reachable,https://www.jyyf.org/2013jl/,text/html,2026-08-09T02:15:27.140Z,
https://www.jyyf.org/2014jl/,historical-events.csv,REG-2014-CJ;REG-2014-EJA;REG-2014-EJB;REG-2014-NJ;REG-2014-SJ;REG-2014-WJ,200,reachable,https://jyyf.org/2014jl/,text/html; charset=UTF-8,2026-08-09T02:15:27.140Z,redirected
https://www.jyyf.org/2014jn/,historical-events.csv,JN-2014,200,reachable,https://jyyf.org/2014jn/,text/html; charset=UTF-8,2026-08-09T02:15:27.140Z,redirected
https://www.jyyf.org/2015jn/,historical-events.csv,JN-2015,200,reachable,https://jyyf.org/2015jn/,text/html; charset=UTF-8,2026-08-09T02:15:27.140Z,redirected
https://www.jyyf.org/2016jl/,historical-events.csv,REG-2016-CJ;REG-2016-EJA;REG-2016-EJB;REG-2016-NJ;REG-2016-SJ;REG-2016-WJ,200,reachable,https://www.jyyf.org/2016jl/,text/html; charset=UTF-8,2026-08-09T02:15:27.140Z,
https://www.jyyf.org/2016jn/,historical-events.csv,JN-2016,200,reachable,https://www.jyyf.org/2016jn/,text/html; charset=UTF-8,2026-08-09T02:15:27.140Z,
https://www.jyyf.org/2017jn/,historical-events.csv,JN-2017,200,reachable,https://jyyf.org/2017jn/,text/html; charset=UTF-8,2026-08-09T02:15:27.140Z,redirected
https://www.jyyf.org/2018jl/,historical-events.csv,REG-2018-CJ;REG-2018-EJ;REG-2018-NJ;REG-2018-SJ;REG-2018-WJ,200,reachable,https://jyyf.org/2018jl/,text/html; charset=UTF-8,2026-08-09T02:15:27.140Z,redirected
https://www.jyyf.org/2018jn/,historical-events.csv,JN-2018,200,reachable,https://jyyf.org/2018jn/,text/html; charset=UTF-8,2026-08-09T02:15:27.140Z,redirected
https://www.jyyf.org/2019jl/,historical-events.csv,REG-2019-CJ;REG-2019-EJ;REG-2019-NJ;REG-2019-SJ;REG-2019-WJ,200,reachable,https://jyyf.org/2019jl/,text/html; charset=UTF-8,2026-08-09T02:15:27.140Z,redirected
https://www.jyyf.org/2019jn/,historical-events.csv,JN-2019,200,reachable,https://jyyf.org/2019jn/,text/html; charset=UTF-8,2026-08-09T02:15:27.140Z,redirected
https://www.jyyf.org/2020jl/,historical-events.csv,REG-2020-CJ;REG-2020-EJ;REG-2020-NJ;REG-2020-SJ;REG-2020-WJ,200,reachable,https://jyyf.org/2020jl/,text/html; charset=UTF-8,2026-08-09T02:15:27.140Z,redirected
https://www.jyyf.org/2020jn/,historical-events.csv,JN-2020,200,reachable,https://jyyf.org/2020jn/,text/html; charset=UTF-8,2026-08-09T02:15:27.140Z,redirected
https://www.jyyf.org/2021jn/,historical-events.csv,JN-2021,200,reachable,https://www.jyyf.org/news/4107,text/html; charset=UTF-8,2026-08-09T02:15:27.140Z,redirected
https://www.jyyf.org/2022jn/,historical-events.csv,JN-2022,200,reachable,https://www.jyyf.org/news/4431,text/html; charset=UTF-8,2026-08-09T02:15:27.140Z,redirected
https://www.jyyf.org/contest/2007/index.php,historical-events.csv,REG-2007-CJ;REG-2007-EJ;REG-2007-NJ;REG-2007-SJ;REG-2007-WJ,200,reachable,https://www.jyyf.org/contest/2007/index.php,text/html; charset=UTF-8,2026-08-09T02:15:27.140Z,
https://www.jyyf.org/contest/2007/jn.php,historical-events.csv,JN-2007,200,reachable,https://www.jyyf.org/contest/2007/jn.php,text/html; charset=UTF-8,2026-08-09T02:15:27.140Z,
https://www.jyyf.org/contest/2008/index.php,historical-events.csv,REG-2008-CJ;REG-2008-EJ;REG-2008-NJ;REG-2008-SJ;REG-2008-WJ,200,reachable,https://www.jyyf.org/contest/2008/index.php,text/html; charset=UTF-8,2026-08-09T02:15:27.140Z,
https://www.jyyf.org/contest/2008/jn.php,historical-events.csv,JN-2008,200,reachable,https://www.jyyf.org/contest/2008/jn.php,text/html; charset=UTF-8,2026-08-09T02:15:27.140Z,
https://www.jyyf.org/contest/2009/,historical-events.csv,REG-2009-CJ;REG-2009-EJ;REG-2009-SJ;REG-2009-WJ,200,reachable,https://www.jyyf.org/contest/2009/,text/html; charset=UTF-8,2026-08-09T02:15:27.140Z,
https://www.jyyf.org/contest/2009/jn.php,historical-events.csv,JN-2009,200,reachable,https://www.jyyf.org/contest/2009/jn.php,text/html; charset=UTF-8,2026-08-09T02:15:27.140Z,
https://www.jyyf.org/contest/2009/nj.php,historical-events.csv,REG-2009-NJ,200,reachable,https://www.jyyf.org/contest/2009/nj.php,text/html; charset=UTF-8,2026-08-09T02:15:27.140Z,
https://www.jyyf.org/contest/2010/,historical-events.csv,REG-2010-CJ;REG-2010-EJ;REG-2010-NJ;REG-2010-SJ;REG-2010-WJ,200,reachable,https://www.jyyf.org/contest/2010/,text/html; charset=UTF-8,2026-08-09T02:15:27.140Z,
https://www.jyyf.org/news/2196,historical-events.csv,WYYC-2018,200,reachable,https://www.jyyf.org/news/2196,text/html; charset=UTF-8,2026-08-09T02:15:27.140Z,
https://www.jyyf.org/news/294,historical-events.csv,WYYC-2015,200,reachable,https://www.jyyf.org/news/294,text/html; charset=UTF-8,2026-08-09T02:15:27.140Z,
https://www.jyyf.org/news/3598,historical-events.csv,REG-2021-CJ;REG-2021-EJ;REG-2021-NJ;REG-2021-SJ;REG-2021-WJ,200,reachable,https://www.jyyf.org/news/3598,text/html; charset=UTF-8,2026-08-09T02:15:27.140Z,
https://www.jyyf.org/news/4255,historical-events.csv,REG-2022-CJ;REG-2022-EJ;REG-2022-SJ;REG-2022-WJ,200,reachable,https://www.jyyf.org/news/4255,text/html; charset=UTF-8,2026-08-09T02:15:27.140Z,
https://www.jyyf.org/news/4665,historical-events.csv,JN-2023,200,reachable,https://www.jyyf.org/news/4665,text/html; charset=UTF-8,2026-08-09T02:15:27.140Z,
https://www.kagekiza.gr.jp/facilities/back-room,venue-details.csv,DETAIL-5945;DETAIL-5946;DETAIL-5947;DETAIL-5948;DETAIL-5949;DETAIL-5950;DETAIL-5951;DETAIL-5952,200,reachable,https://www.kagekiza.gr.jp/facilities/back-room,text/html; charset=UTF-8,2026-08-09T02:15:27.140Z,
https://www.kagekiza.gr.jp/facilities/common-room,venue-details.csv,DETAIL-5942,200,reachable,https://www.kagekiza.gr.jp/facilities/common-room,text/html; charset=UTF-8,2026-08-09T02:15:27.140Z,
https://www.kagekiza.gr.jp/facilities/conference-hall,venue-details.csv,DETAIL-5929;DETAIL-5930;DETAIL-5931,200,reachable,https://www.kagekiza.gr.jp/facilities/conference-hall,text/html; charset=UTF-8,2026-08-09T02:15:27.140Z,
https://www.kagekiza.gr.jp/facilities/conference-room,venue-details.csv,DETAIL-5932;DETAIL-5933;DETAIL-5934;DETAIL-5935;DETAIL-5936;DETAIL-5937;DETAIL-5938;DETAIL-5939;DETAIL-5940;DETAIL-5941,200,reachable,https://www.kagekiza.gr.jp/facilities/conference-room,text/html; charset=UTF-8,2026-08-09T02:15:27.140Z,
https://www.kagekiza.gr.jp/facilities/hall,candidate-venues.csv;venue-details.csv,CAND-1035;DETAIL-5928,200,reachable,https://www.kagekiza.gr.jp/facilities/hall,text/html; charset=UTF-8,2026-08-09T02:15:27.140Z,
https://www.kagekiza.gr.jp/facilities/practice-room,venue-details.csv,DETAIL-5943;DETAIL-5944,200,reachable,https://www.kagekiza.gr.jp/facilities/practice-room,text/html; charset=UTF-8,2026-08-09T02:15:27.140Z,
https://www.kakogawa-sports.jp/access/index.html,venue-operations.csv,OP-145:access_source_url,206,reachable,https://www.kakogawa-sports.jp/access/index.html,text/html,2026-08-09T02:15:27.140Z,
https://www.kakogawa-sports.jp/facilities/gym/index.html,candidate-venues.csv;venue-details.csv;venue-operations.csv,CAND-121;DETAIL-200;DETAIL-201;OP-145:booking_source_url;OP-145:operations_source_url,206,reachable,https://www.kakogawa-sports.jp/facilities/gym/index.html,text/html,2026-08-09T02:15:27.140Z,
https://www.kakogawa-sports.jp/facilities/gym/pdf/price.pdf,price-observations.csv,PRICE-364,206,reachable,https://www.kakogawa-sports.jp/facilities/gym/pdf/price.pdf,application/pdf,2026-08-09T02:15:27.140Z,
https://www.kamisu-arena.com/?mode=k&s=1&type=ga_02&v=20260214,price-observations.csv;venue-operations.csv,OP-104:operations_source_url;PRICE-392;PRICE-393,200,reachable,https://www.kamisu-arena.com/?mode=k&s=1&type=ga_02&v=20260214,application/pdf,2026-08-09T02:15:27.140Z,
https://www.kamisu-arena.com/access/,venue-operations.csv,OP-104:access_source_url,200,reachable,https://www.kamisu-arena.com/access/,text/html; charset=UTF-8,2026-08-09T02:15:27.140Z,
https://www.kamisu-arena.com/concept/,candidate-venues.csv;venue-details.csv,CAND-191;DETAIL-279,200,reachable,https://www.kamisu-arena.com/concept/,text/html; charset=UTF-8,2026-08-09T02:15:27.140Z,
https://www.kamisu-arena.com/group/,venue-operations.csv,OP-104:booking_source_url,200,reachable,https://www.kamisu-arena.com/group/,text/html; charset=UTF-8,2026-08-09T02:15:27.140Z,
https://www.kanazawa-sports.jp/use/search/433/,candidate-venues.csv;venue-details.csv;venue-operations.csv,CAND-201;DETAIL-289;OP-112:access_source_url;OP-112:booking_source_url;OP-112:operations_source_url,206,reachable,https://www.kanazawa-sports.jp/use/search/433/,text/html,2026-08-09T02:15:27.140Z,
https://www.kanko-miyazaki.jp/arena/2530,venue-details.csv,DETAIL-264,200,reachable,https://www.kanko-miyazaki.jp/arena/2530,text/html; charset=UTF-8,2026-08-09T02:15:27.140Z,
https://www.kanko-miyazaki.jp/business/mice/venue,venue-details.csv,DETAIL-1600,200,reachable,https://www.kanko-miyazaki.jp/business/mice/venue,text/html; charset=UTF-8,2026-08-09T02:15:27.140Z,
https://www.kariya-bunka.jp/,venue-details.csv,DETAIL-1776,200,reachable,https://www.kariya-bunka.jp/,text/html; charset=UTF-8,2026-08-09T02:15:27.140Z,
https://www.kariya-bunka.jp/about/hall/,venue-details.csv,DETAIL-1769;DETAIL-1770;DETAIL-1771;DETAIL-1772;DETAIL-1773;DETAIL-1774;DETAIL-1775,200,reachable,https://www.kariya-bunka.jp/about/hall/,text/html; charset=UTF-8,2026-08-09T02:15:27.140Z,
https://www.kariya-bunka.jp/about/leaningcenter/,venue-details.csv,DETAIL-1779;DETAIL-1780;DETAIL-1781;DETAIL-1782;DETAIL-1783;DETAIL-1784;DETAIL-1785;DETAIL-1786;DETAIL-1787;DETAIL-1788,200,reachable,https://www.kariya-bunka.jp/about/leaningcenter/,text/html; charset=UTF-8,2026-08-09T02:15:27.140Z,
https://www.kariya-bunka.jp/about/rehearsal/,venue-details.csv,DETAIL-1777;DETAIL-1778,200,reachable,https://www.kariya-bunka.jp/about/rehearsal/,text/html; charset=UTF-8,2026-08-09T02:15:27.140Z,
https://www.kasai-shimin.jp/about/bunka-hall/,venue-details.csv,DETAIL-7230;DETAIL-7231;DETAIL-7233;DETAIL-7234;DETAIL-7235;DETAIL-7236;DETAIL-7237,200,reachable,https://www.kasai-shimin.jp/about/bunka-hall/,text/html; charset=UTF-8,2026-08-09T02:15:27.140Z,
https://www.kasai-shimin.jp/about/hall_small/,venue-details.csv,DETAIL-7232,200,reachable,https://www.kasai-shimin.jp/about/hall_small/,text/html; charset=UTF-8,2026-08-09T02:15:27.140Z,
https://www.kasai-shimin.jp/about/other/,venue-details.csv,DETAIL-7238;DETAIL-7239;DETAIL-7240;DETAIL-7241;DETAIL-7242;DETAIL-7243;DETAIL-7244;DETAIL-7245;DETAIL-7246;DETAIL-7247;DETAIL-7248;DETAIL-7249;DETAIL-7250,200,reachable,https://www.kasai-shimin.jp/about/other/,text/html; charset=UTF-8,2026-08-09T02:15:27.140Z,
https://www.kasai-shimin.jp/about/outline/,candidate-venues.csv,CAND-1136,200,reachable,https://www.kasai-shimin.jp/about/outline/,text/html; charset=UTF-8,2026-08-09T02:15:27.140Z,
https://www.kasuga-fureai.jp/about/hall_spring/,venue-details.csv,DETAIL-4492;DETAIL-4520;DETAIL-4521;DETAIL-4522;DETAIL-4523;DETAIL-4524,200,reachable,https://www.kasuga-fureai.jp/about/hall_spring/,text/html; charset=UTF-8,2026-08-09T02:15:27.140Z,
https://www.kasuga-fureai.jp/about/hall_sun/,venue-details.csv,DETAIL-4493;DETAIL-4525;DETAIL-4526,200,reachable,https://www.kasuga-fureai.jp/about/hall_sun/,text/html; charset=UTF-8,2026-08-09T02:15:27.140Z,
https://www.kasuga-fureai.jp/about/other/,venue-details.csv,DETAIL-4494;DETAIL-4495;DETAIL-4496;DETAIL-4497;DETAIL-4498;DETAIL-4499;DETAIL-4500;DETAIL-4501;DETAIL-4502;DETAIL-4503;DETAIL-4504;DETAIL-4505;DETAIL-4506;DETAIL-4507;DETAIL-4508;DETAIL-4509;DETAIL-4510;DETAIL-4511;DETAIL-4512;DETAIL-4513;DETAIL-4514;DETAIL-4515;DETAIL-4516;DETAIL-4517;DETAIL-4518;DETAIL-4519,200,reachable,https://www.kasuga-fureai.jp/about/other/,text/html; charset=UTF-8,2026-08-09T02:15:27.140Z,
https://www.kasuga-fureai.jp/guide/price/,price-observations.csv,PRICE-2839;PRICE-2840;PRICE-2841;PRICE-2842,200,reachable,https://www.kasuga-fureai.jp/guide/price/,text/html; charset=UTF-8,2026-08-09T02:15:27.140Z,
https://www.kcf.or.jp/sunamachi/access/,venue-operations.csv,OP-026:access_source_url,200,reachable,https://www.kcf.or.jp/sunamachi/access/,text/html; charset=UTF-8,2026-08-09T02:15:27.140Z,
https://www.kcf.or.jp/sunamachi/shisetsu/apply/,venue-operations.csv,OP-026:booking_source_url,200,reachable,https://www.kcf.or.jp/sunamachi/shisetsu/apply/,text/html; charset=UTF-8,2026-08-09T02:15:27.140Z,
https://www.kcf.or.jp/sunamachi/shisetsu/ichiran/detail/?id=123,budget-scenarios.csv;candidate-venues.csv;price-observations.csv;venue-details.csv;venue-operations.csv,CAND-055;DETAIL-053;OP-026:operations_source_url;PRICE-137;PRICE-138;PRICE-139;PRICE-140;PRICE-141;PRICE-142;SCENARIO-003;SCENARIO-004,200,reachable,https://www.kcf.or.jp/sunamachi/shisetsu/ichiran/detail/?id=123,text/html; charset=UTF-8,2026-08-09T02:15:27.140Z,
https://www.keio.co.jp/news/update/news_release/news_release2025/pdf/nr20250425_keioarenatokyo.pdf,venue-details.csv;venue-operations.csv,DETAIL-164;DETAIL-165;OP-083:operations_source_url,206,reachable,https://www.keio.co.jp/news/update/news_release/news_release2025/pdf/nr20250425_keioarenatokyo.pdf,application/pdf,2026-08-09T02:15:27.140Z,
https://www.kenbun.jp/access/,venue-operations.csv,OP-196:access_source_url,200,reachable,https://www.kenbun.jp/access/,text/html; charset=UTF-8,2026-08-09T02:15:27.140Z,
https://www.kenbun.jp/facility/facility02/,candidate-venues.csv;venue-details.csv,CAND-169;DETAIL-256,200,reachable,https://www.kenbun.jp/facility/facility02/,text/html; charset=UTF-8,2026-08-09T02:15:27.140Z,
https://www.kenbun.jp/news/3155/,venue-operations.csv,OP-196:operations_source_url,200,reachable,https://www.kenbun.jp/news/3155/,text/html; charset=UTF-8,2026-08-09T02:15:27.140Z,
https://www.kenbun.jp/rent/,venue-operations.csv,OP-196:booking_source_url,200,reachable,https://www.kenbun.jp/rent/,text/html; charset=UTF-8,2026-08-09T02:15:27.140Z,
https://www.kenbun.jp/rent/price/,price-observations.csv,PRICE-387;PRICE-702;PRICE-703;PRICE-704;PRICE-705;PRICE-706;PRICE-707;PRICE-708;PRICE-709;PRICE-710,200,reachable,https://www.kenbun.jp/rent/price/,text/html; charset=UTF-8,2026-08-09T02:15:27.140Z,
https://www.kengeki.or.jp/promoter,candidate-venues.csv,CAND-980,200,reachable,https://www.kengeki.or.jp/promoter,text/html; charset=UTF-8,2026-08-09T02:15:27.140Z,
https://www.kengeki.or.jp/promoter/about_concerthall,venue-details.csv,DETAIL-5403;DETAIL-5404;DETAIL-5405;DETAIL-5406;DETAIL-5407;DETAIL-5408;DETAIL-5409,200,reachable,https://www.kengeki.or.jp/promoter/about_concerthall,text/html; charset=UTF-8,2026-08-09T02:15:27.140Z,
https://www.kengeki.or.jp/promoter/conference_room,venue-details.csv,DETAIL-5417;DETAIL-5418,200,reachable,https://www.kengeki.or.jp/promoter/conference_room,text/html; charset=UTF-8,2026-08-09T02:15:27.140Z,
https://www.kengeki.or.jp/promoter/practice_room,venue-details.csv,DETAIL-5419;DETAIL-5420;DETAIL-5421;DETAIL-5422;DETAIL-5423,200,reachable,https://www.kengeki.or.jp/promoter/practice_room,text/html; charset=UTF-8,2026-08-09T02:15:27.140Z,
https://www.kengeki.or.jp/promoter/theater,venue-details.csv,DETAIL-5410;DETAIL-5411;DETAIL-5412;DETAIL-5413;DETAIL-5414;DETAIL-5415;DETAIL-5416,200,reachable,https://www.kengeki.or.jp/promoter/theater,text/html; charset=UTF-8,2026-08-09T02:15:27.140Z,
https://www.kesennuma.miyagi.jp/edu/s175/1329378202067.html,candidate-venues.csv;venue-details.csv,CAND-674;DETAIL-2840;DETAIL-2841;DETAIL-2842;DETAIL-2843;DETAIL-2844;DETAIL-2845;DETAIL-2846;DETAIL-2847;DETAIL-2848;DETAIL-2849;DETAIL-2850;DETAIL-2851,206,reachable,https://www.kesennuma.miyagi.jp/edu/s175/1329378202067.html,text/html,2026-08-09T02:15:27.140Z,
https://www.kih.co.jp/s/kokusaihall/facilities/index,candidate-venues.csv;venue-details.csv,CAND-154;DETAIL-240,200,reachable,https://www.kih.co.jp/s/kokusaihall/facilities/index,text/html; charset=UTF-8,2026-08-09T02:15:27.140Z,
https://www.kih.co.jp/theme/kih/images/kokusaihall/rentalhall/pdf/rental_price.pdf,price-observations.csv,PRICE-382,206,reachable,https://www.kih.co.jp/theme/kih/images/kokusaihall/rentalhall/pdf/rental_price.pdf,application/pdf,2026-08-09T02:15:27.140Z,
https://www.kimibun.jp/guide/,candidate-venues.csv;venue-details.csv,CAND-1030;DETAIL-5875;DETAIL-5876;DETAIL-5877;DETAIL-5878;DETAIL-5879;DETAIL-5880;DETAIL-5881;DETAIL-5882;DETAIL-5883;DETAIL-5884;DETAIL-5885;DETAIL-5886;DETAIL-5887;DETAIL-5888;DETAIL-5889,200,reachable,https://www.kimibun.jp/guide/,text/html; charset=UTF-8,2026-08-09T02:15:27.140Z,
https://www.kiriri.org/about/hall/,candidate-venues.csv;venue-details.csv,CAND-753;DETAIL-3401;DETAIL-3402;DETAIL-3403;DETAIL-3404;DETAIL-3405;DETAIL-3406;DETAIL-3407;DETAIL-3408;DETAIL-3409;DETAIL-3410,200,reachable,https://www.kiriri.org/about/hall/,text/html; charset=UTF-8,2026-08-09T02:15:27.140Z,
https://www.kisela-kp.jp/facility/floor-map/,venue-details.csv,DETAIL-4372;DETAIL-4373;DETAIL-4374;DETAIL-4375,200,reachable,https://www.kisela-kp.jp/facility/floor-map/,text/html; charset=UTF-8,2026-08-09T02:15:27.140Z,
https://www.kitakataplaza.jp/facility/,candidate-venues.csv;venue-details.csv,CAND-773;DETAIL-3548;DETAIL-3549;DETAIL-3550;DETAIL-3551;DETAIL-3552;DETAIL-3553;DETAIL-3554;DETAIL-3555;DETAIL-3556;DETAIL-3557;DETAIL-3558;DETAIL-3559,,network_error,,,2026-08-09T02:15:27.140Z,fetch failed
https://www.kitakataplaza.jp/facility/bighall.php,venue-details.csv,DETAIL-3546,,network_error,,,2026-08-09T02:15:27.140Z,fetch failed
https://www.kitakataplaza.jp/facility/smallhall.php,venue-details.csv,DETAIL-3547,,network_error,,,2026-08-09T02:15:27.140Z,fetch failed
https://www.kitayell.jp/access/,venue-operations.csv,OP-060:access_source_url,200,reachable,https://www.kitayell.jp/access/,text/html; charset=UTF-8,2026-08-09T02:15:27.140Z,
https://www.kitayell.jp/facilities/overview/,candidate-venues.csv,CAND-075,200,reachable,https://www.kitayell.jp/facilities/overview/,text/html; charset=UTF-8,2026-08-09T02:15:27.140Z,
https://www.kitayell.jp/facilities/sports/main-arena/,venue-details.csv,DETAIL-123,200,reachable,https://www.kitayell.jp/facilities/sports/main-arena/,text/html; charset=UTF-8,2026-08-09T02:15:27.140Z,
https://www.kitayell.jp/facilities/sports/sub-arena/,venue-details.csv,DETAIL-124,200,reachable,https://www.kitayell.jp/facilities/sports/sub-arena/,text/html; charset=UTF-8,2026-08-09T02:15:27.140Z,
https://www.kitayell.jp/use/howto/,venue-operations.csv,OP-060:booking_source_url;OP-060:operations_source_url,200,reachable,https://www.kitayell.jp/use/howto/,text/html; charset=UTF-8,2026-08-09T02:15:27.140Z,
https://www.kitayell.jp/wpky2408/wp-content/uploads/2026/03/39b22f87de59619c0f0d0f44810bd363.pdf,price-observations.csv,PRICE-322;PRICE-323;PRICE-324;PRICE-325,206,reachable,https://www.kitayell.jp/wpky2408/wp-content/uploads/2026/03/39b22f87de59619c0f0d0f44810bd363.pdf,application/pdf,2026-08-09T02:15:27.140Z,
https://www.kiyotake-bunka.jp/about/hall_hankyu/,venue-details.csv,DETAIL-6548;DETAIL-6550,200,reachable,https://www.kiyotake-bunka.jp/about/hall_hankyu/,text/html; charset=UTF-8,2026-08-09T02:15:27.140Z,
https://www.kiyotake-bunka.jp/about/hall_small/,venue-details.csv,DETAIL-6549;DETAIL-6551,200,reachable,https://www.kiyotake-bunka.jp/about/hall_small/,text/html; charset=UTF-8,2026-08-09T02:15:27.140Z,
https://www.kiyotake-bunka.jp/about/other/,venue-details.csv,DETAIL-6552;DETAIL-6553;DETAIL-6554;DETAIL-6555;DETAIL-6556;DETAIL-6557;DETAIL-6558;DETAIL-6559,200,reachable,https://www.kiyotake-bunka.jp/about/other/,text/html; charset=UTF-8,2026-08-09T02:15:27.140Z,
https://www.kiyotake-bunka.jp/about/outline/,candidate-venues.csv,CAND-1087,200,reachable,https://www.kiyotake-bunka.jp/about/outline/,text/html; charset=UTF-8,2026-08-09T02:15:27.140Z,
https://www.kmuseum.pref.kagawa.lg.jp/rental-building/,candidate-venues.csv;venue-details.csv,CAND-1148;DETAIL-7372;DETAIL-7373;DETAIL-7374,200,reachable,https://www.kmuseum.pref.kagawa.lg.jp/rental-building/,text/html; charset=UTF-8,2026-08-09T02:15:27.140Z,
https://www.kobe-spokyo.jp/world-kobe/access_guide2,venue-operations.csv,OP-074:access_source_url,200,reachable,https://www.kobe-spokyo.jp/world-kobe/access_guide2,text/html; charset=UTF-8,2026-08-09T02:15:27.140Z,
https://www.kobe-spokyo.jp/worldsp-kobe/about/gaiyou,candidate-venues.csv;venue-details.csv,CAND-088;DETAIL-151,200,reachable,https://www.kobe-spokyo.jp/worldsp-kobe/about/gaiyou,text/html; charset=UTF-8,2026-08-09T02:15:27.140Z,
https://www.kobe-spokyo.jp/worldsp-kobe/riyou/charge,price-observations.csv,PRICE-347,200,reachable,https://www.kobe-spokyo.jp/worldsp-kobe/riyou/charge,text/html; charset=UTF-8,2026-08-09T02:15:27.140Z,
https://www.kobe-spokyo.jp/worldsp-kobe/riyou/moushikomi,venue-operations.csv,OP-074:booking_source_url;OP-074:operations_source_url,200,reachable,https://www.kobe-spokyo.jp/worldsp-kobe/riyou/moushikomi,text/html; charset=UTF-8,2026-08-09T02:15:27.140Z,
https://www.kochi-haruno.org/access,venue-operations.csv,OP-133:access_source_url,200,reachable,https://www.kochi-haruno.org/access,text/html; charset=UTF-8,2026-08-09T02:15:27.140Z,
https://www.kochi-haruno.org/faci/gymnasium,candidate-venues.csv;price-observations.csv;venue-details.csv,CAND-222;DETAIL-310;PRICE-446;PRICE-447,200,reachable,https://www.kochi-haruno.org/faci/gymnasium,text/html; charset=UTF-8,2026-08-09T02:15:27.140Z,
https://www.kochi-haruno.org/info/lot,venue-operations.csv,OP-133:booking_source_url,200,reachable,https://www.kochi-haruno.org/info/lot,text/html; charset=UTF-8,2026-08-09T02:15:27.140Z,
https://www.kochi-haruno.org/wp-content/uploads/2020/04/tyuijikou.pdf,venue-operations.csv,OP-133:operations_source_url,206,reachable,https://www.kochi-haruno.org/wp-content/uploads/2020/04/tyuijikou.pdf,application/pdf,2026-08-09T02:15:27.140Z,
https://www.kochi-kenmin.org/access/,venue-operations.csv,OP-155:access_source_url,200,reachable,https://www.kochi-kenmin.org/access/,text/html; charset=UTF-8,2026-08-09T02:15:27.140Z,
https://www.kochi-kenmin.org/faci_1/,candidate-venues.csv;venue-details.csv,CAND-143;DETAIL-228,200,reachable,https://www.kochi-kenmin.org/faci_1/,text/html; charset=UTF-8,2026-08-09T02:15:27.140Z,
https://www.kochi-kenmin.org/reservation/,venue-operations.csv,OP-155:booking_source_url,200,reachable,https://www.kochi-kenmin.org/reservation/,text/html; charset=UTF-8,2026-08-09T02:15:27.140Z,
https://www.kochi-kenmin.org/studium/,price-observations.csv;venue-operations.csv,OP-155:operations_source_url;PRICE-516;PRICE-517;PRICE-518;PRICE-519;PRICE-520,200,reachable,https://www.kochi-kenmin.org/studium/,text/html; charset=UTF-8,2026-08-09T02:15:27.140Z,
https://www.kochi-kenmin.org/wp-content/uploads/2024/12/arena_noama_charge.pdf,price-observations.csv,PRICE-378,206,reachable,https://www.kochi-kenmin.org/wp-content/uploads/2024/12/arena_noama_charge.pdf,application/pdf,2026-08-09T02:15:27.140Z,
https://www.komagane-bunka.jp/hall/guidance.html,candidate-venues.csv;venue-details.csv,CAND-561;DETAIL-2146,200,reachable,https://www.komagane-bunka.jp/hall/guidance.html,text/html; charset=UTF-8,2026-08-09T02:15:27.140Z,
https://www.kose-sp.pref.yamanashi.jp/access/,venue-operations.csv,OP-157:access_source_url,200,reachable,https://www.kose-sp.pref.yamanashi.jp/access/,text/html; charset=UTF-8,2026-08-09T02:15:27.140Z,
https://www.kose-sp.pref.yamanashi.jp/guide/739/,candidate-venues.csv;price-observations.csv;venue-details.csv;venue-operations.csv,CAND-180;DETAIL-268;OP-157:booking_source_url;OP-157:operations_source_url;PRICE-388;PRICE-521;PRICE-522;PRICE-523;PRICE-524,200,reachable,https://www.kose-sp.pref.yamanashi.jp/guide/739/,text/html; charset=UTF-8,2026-08-09T02:15:27.140Z,
https://www.kouminkan.town.ryuoh.shiga.jp/annai.html,candidate-venues.csv;venue-details.csv,CAND-1128;DETAIL-7178;DETAIL-7179;DETAIL-7180;DETAIL-7181;DETAIL-7182;DETAIL-7183;DETAIL-7184;DETAIL-7185;DETAIL-7186;DETAIL-7187,200,reachable,https://www.kouminkan.town.ryuoh.shiga.jp/annai.html,text/html,2026-08-09T02:15:27.140Z,
https://www.kouryu-c.com/,candidate-venues.csv,CAND-943,200,reachable,https://www.kouryu-c.com/,text/html,2026-08-09T02:15:27.140Z,
https://www.kouryu-c.com/facility/bighall/index.html,venue-details.csv,DETAIL-5164;DETAIL-5166,206,reachable,https://www.kouryu-c.com/facility/bighall/index.html,text/html,2026-08-09T02:15:27.140Z,
https://www.kouryu-c.com/facility/practice/index.html,venue-details.csv,DETAIL-5167;DETAIL-5168;DETAIL-5169;DETAIL-5170;DETAIL-5171;DETAIL-5172,206,reachable,https://www.kouryu-c.com/facility/practice/index.html,text/html,2026-08-09T02:15:27.140Z,
https://www.kouryu-c.com/facility/smallhall/index.html,venue-details.csv,DETAIL-5165,206,reachable,https://www.kouryu-c.com/facility/smallhall/index.html,text/html,2026-08-09T02:15:27.140Z,
https://www.kspa.or.jp/park_charge/,candidate-venues.csv;price-observations.csv;venue-details.csv;venue-operations.csv,CAND-141;DETAIL-226;DETAIL-338;OP-190:booking_source_url;PRICE-679;PRICE-680;PRICE-681;PRICE-682,200,reachable,https://www.kspa.or.jp/park_charge/,text/html; charset=UTF-8,2026-08-09T02:15:27.140Z,
https://www.kspa.or.jp/park_map/,venue-operations.csv,OP-190:access_source_url,200,reachable,https://www.kspa.or.jp/park_map/,text/html; charset=UTF-8,2026-08-09T02:15:27.140Z,
https://www.kspa.or.jp/sougou_taiku_charge/,candidate-venues.csv;price-observations.csv;venue-details.csv;venue-operations.csv,CAND-124;DETAIL-205;DETAIL-206;DETAIL-386;DETAIL-387;DETAIL-388;OP-095:access_source_url;OP-095:booking_source_url;OP-095:operations_source_url;PRICE-1329;PRICE-1330;PRICE-1331;PRICE-1332;PRICE-1333;PRICE-1334;PRICE-1335;PRICE-1336;PRICE-1337;PRICE-1338;PRICE-1339;PRICE-1340;PRICE-1341;PRICE-1342;PRICE-1343;PRICE-1344;PRICE-1345;PRICE-1346;PRICE-1347;PRICE-1348;PRICE-1349;PRICE-1350;PRICE-1351;PRICE-1352;PRICE-1353;PRICE-1354;PRICE-1355;PRICE-1356;PRICE-1357;PRICE-1358;PRICE-1359;PRICE-1360;PRICE-1361;PRICE-1362;PRICE-1363;PRICE-1364;PRICE-1365;PRICE-1366;PRICE-1367;PRICE-366,200,reachable,https://www.kspa.or.jp/sougou_taiku_charge/,text/html; charset=UTF-8,2026-08-09T02:15:27.140Z,
https://www.kspa.or.jp/wordpress/wp-content/themes/kumasports/data/park02.pdf,venue-operations.csv,OP-190:operations_source_url,206,reachable,https://www.kspa.or.jp/wordpress/wp-content/themes/kumasports/data/park02.pdf,application/pdf,2026-08-09T02:15:27.140Z,
https://www.kuki-bunka.jp/amigo/,candidate-venues.csv,CAND-1028,200,reachable,https://www.kuki-bunka.jp/amigo/,text/html; charset=UTF-8,2026-08-09T02:15:27.140Z,
https://www.kuki-bunka.jp/amigo/hall/,venue-details.csv,DETAIL-5855;DETAIL-5856;DETAIL-5857;DETAIL-5858,200,reachable,https://www.kuki-bunka.jp/amigo/hall/,text/html; charset=UTF-8,2026-08-09T02:15:27.140Z,
https://www.kuki-bunka.jp/amigo/other/,venue-details.csv,DETAIL-5859;DETAIL-5860;DETAIL-5861;DETAIL-5862;DETAIL-5863;DETAIL-5864;DETAIL-5865,200,reachable,https://www.kuki-bunka.jp/amigo/other/,text/html; charset=UTF-8,2026-08-09T02:15:27.140Z,
https://www.kumakogen.jp/site/education/3371.html,candidate-venues.csv;price-observations.csv;venue-details.csv,CAND-921;DETAIL-4922;DETAIL-4923;DETAIL-4924;DETAIL-4925;DETAIL-4926;DETAIL-4927;DETAIL-4928;DETAIL-4929;DETAIL-4930;DETAIL-4931;DETAIL-4932;PRICE-2856;PRICE-2857;PRICE-2858;PRICE-2859,206,reachable,https://www.kumakogen.jp/site/education/3371.html,text/html,2026-08-09T02:15:27.140Z,
https://www.kumamoto-jo-hall.jp/access/,venue-operations.csv,OP-037:access_source_url;OP-038:access_source_url,200,reachable,https://www.kumamoto-jo-hall.jp/access/,text/html,2026-08-09T02:15:27.140Z,
https://www.kumamoto-jo-hall.jp/facility/,candidate-venues.csv,CAND-017,200,reachable,https://www.kumamoto-jo-hall.jp/facility/,text/html,2026-08-09T02:15:27.140Z,
https://www.kumamoto-jo-hall.jp/organizer/fee.html,price-observations.csv,PRICE-186;PRICE-187;PRICE-188;PRICE-189;PRICE-190;PRICE-191;PRICE-192;PRICE-193,200,reachable,https://www.kumamoto-jo-hall.jp/organizer/fee.html,text/html,2026-08-09T02:15:27.140Z,
https://www.kumamoto-jo-hall.jp/organizer/guidance.html,venue-operations.csv,OP-037:booking_source_url;OP-038:booking_source_url,200,reachable,https://www.kumamoto-jo-hall.jp/organizer/guidance.html,text/html,2026-08-09T02:15:27.140Z,
https://www.kumamoto-jo-hall.jp/organizer/loading.html,venue-operations.csv,OP-037:operations_source_url;OP-038:operations_source_url,200,reachable,https://www.kumamoto-jo-hall.jp/organizer/loading.html,text/html,2026-08-09T02:15:27.140Z,
https://www.kumamoto-jo-hall.jp/organizer/spec_civic.html,venue-details.csv,DETAIL-074,200,reachable,https://www.kumamoto-jo-hall.jp/organizer/spec_civic.html,text/html,2026-08-09T02:15:27.140Z,
https://www.kumamoto-jo-hall.jp/organizer/spec_exhibition.html,venue-details.csv,DETAIL-073,200,reachable,https://www.kumamoto-jo-hall.jp/organizer/spec_exhibition.html,text/html,2026-08-09T02:15:27.140Z,
https://www.kumamoto-jo-hall.jp/organizer/spec_main.html,venue-details.csv,DETAIL-075,200,reachable,https://www.kumamoto-jo-hall.jp/organizer/spec_main.html,text/html,2026-08-09T02:15:27.140Z,
https://www.kunibikimesse.jp/access/,venue-operations.csv,OP-019:access_source_url,200,reachable,https://www.kunibikimesse.jp/access/,text/html;charset=utf-8,2026-08-09T02:15:27.140Z,
https://www.kunibikimesse.jp/facilitys/floorguide_u/1,candidate-venues.csv;venue-details.csv,CAND-012;DETAIL-003,200,reachable,https://www.kunibikimesse.jp/facilitys/floorguide_u/1,text/html;charset=utf-8,2026-08-09T02:15:27.140Z,
https://www.kunibikimesse.jp/facilitys/floorguide_u/2,venue-details.csv,DETAIL-004,200,reachable,https://www.kunibikimesse.jp/facilitys/floorguide_u/2,text/html;charset=utf-8,2026-08-09T02:15:27.140Z,
https://www.kunibikimesse.jp/files/original/202603021358199212d38bca3.pdf,price-observations.csv,PRICE-110;PRICE-111,206,reachable,https://www.kunibikimesse.jp/files/original/202603021358199212d38bca3.pdf,application/pdf,2026-08-09T02:15:27.140Z,
https://www.kunibikimesse.jp/organizer/organizer-guide/,venue-operations.csv,OP-019:booking_source_url,200,reachable,https://www.kunibikimesse.jp/organizer/organizer-guide/,text/html;charset=utf-8,2026-08-09T02:15:27.140Z,
https://www.kunibikimesse.jp/organizer/organizer-guide/fixtures/,venue-operations.csv,OP-019:operations_source_url,200,reachable,https://www.kunibikimesse.jp/organizer/organizer-guide/fixtures/,text/html;charset=utf-8,2026-08-09T02:15:27.140Z,
https://www.kunibikimesse.jp/organizer/organizer-guide/price/,price-observations.csv,PRICE-101;PRICE-102;PRICE-103;PRICE-104;PRICE-105;PRICE-106;PRICE-107;PRICE-108;PRICE-109,200,reachable,https://www.kunibikimesse.jp/organizer/organizer-guide/price/,text/html;charset=utf-8,2026-08-09T02:15:27.140Z,
https://www.kuriharacity.jp/w067/020/020/010/shistsugaiyo.pdf,candidate-venues.csv;venue-details.csv,CAND-673;DETAIL-2829;DETAIL-2830;DETAIL-2831;DETAIL-2832;DETAIL-2833;DETAIL-2834;DETAIL-2835;DETAIL-2836;DETAIL-2837;DETAIL-2838;DETAIL-2839,404,client_error,https://www.kuriharacity.jp/w067/020/020/010/shistsugaiyo.pdf,text/html,2026-08-09T02:15:27.140Z,
https://www.kusanagi-sportscomplex.jp/access/,venue-operations.csv,OP-151:access_source_url,206,reachable,https://www.kusanagi-sportscomplex.jp/access/,text/html; charset=utf-8,2026-08-09T02:15:27.140Z,
https://www.kusanagi-sportscomplex.jp/flow/,venue-operations.csv,OP-151:booking_source_url;OP-151:operations_source_url,206,reachable,https://www.kusanagi-sportscomplex.jp/flow/,text/html; charset=utf-8,2026-08-09T02:15:27.140Z,
https://www.kusanagi-sportscomplex.jp/images/3349.pdf,candidate-venues.csv;price-observations.csv;venue-details.csv,CAND-165;DETAIL-252;PRICE-385;PRICE-500;PRICE-501;PRICE-502,206,reachable,https://www.kusanagi-sportscomplex.jp/images/3349.pdf,application/pdf,2026-08-09T02:15:27.140Z,
https://www.kuste.jp/facilities/,candidate-venues.csv,CAND-1033,206,reachable,https://www.kuste.jp/facilities/,text/html,2026-08-09T02:15:27.140Z,
https://www.kuste.jp/facilities/hall.html,venue-details.csv,DETAIL-5911;DETAIL-5912;DETAIL-5913,206,reachable,https://www.kuste.jp/facilities/hall.html,text/html,2026-08-09T02:15:27.140Z,
https://www.kuste.jp/facilities/meetingroom.html,venue-details.csv,DETAIL-5914;DETAIL-5915;DETAIL-5916;DETAIL-5917,206,reachable,https://www.kuste.jp/facilities/meetingroom.html,text/html,2026-08-09T02:15:27.140Z,
https://www.kyoceradome-osaka.jp/access/,venue-operations.csv,OP-102:access_source_url,200,reachable,https://www.kyoceradome-osaka.jp/access/,text/html; charset=UTF-8,2026-08-09T02:15:27.140Z,
https://www.kyoceradome-osaka.jp/use_guide/,venue-operations.csv,OP-102:booking_source_url;OP-102:operations_source_url,200,reachable,https://www.kyoceradome-osaka.jp/use_guide/,text/html; charset=UTF-8,2026-08-09T02:15:27.140Z,
https://www.kyoceradome-osaka.jp/use_guide/arena/,candidate-venues.csv;price-observations.csv;venue-details.csv,CAND-136;DETAIL-221;PRICE-373,200,reachable,https://www.kyoceradome-osaka.jp/use_guide/arena/,text/html; charset=UTF-8,2026-08-09T02:15:27.140Z,
https://www.kyoto-furitutaiikukan.jp/3sisetuannai.html,candidate-venues.csv;venue-details.csv,CAND-103;DETAIL-171;DETAIL-172,,network_error,,,2026-08-09T02:15:27.140Z,fetch failed
https://www.kyoto-furitutaiikukan.jp/pdf/R70401Fuzokusetubi.pdf,price-observations.csv,PRICE-970;PRICE-971;PRICE-972;PRICE-973;PRICE-974;PRICE-975;PRICE-976;PRICE-977;PRICE-978;PRICE-979;PRICE-980;PRICE-981;PRICE-982,,network_error,,,2026-08-09T02:15:27.140Z,fetch failed
https://www.kyoto-furitutaiikukan.jp/pdf/R70401kyougijyoukaigisitu.pdf,price-observations.csv,PRICE-950;PRICE-951;PRICE-952;PRICE-953;PRICE-954;PRICE-955;PRICE-956;PRICE-957;PRICE-958;PRICE-959;PRICE-960;PRICE-961;PRICE-962;PRICE-963;PRICE-964;PRICE-965;PRICE-966;PRICE-967;PRICE-968;PRICE-969,,network_error,,,2026-08-09T02:15:27.140Z,fetch failed
https://www.kyoto-ongeibun.jp/contents/fc_kuretake/files/%E6%96%BD%E8%A8%AD%E5%88%A5%E5%88%A9%E7%94%A8%E5%AE%9A%E5%93%A1%E4%B8%80%E8%A6%A7%20R5.3.13%E3%80%90%E5%91%89%E7%AB%B9%E3%80%91.pdf,venue-details.csv,DETAIL-7195;DETAIL-7196;DETAIL-7197;DETAIL-7198;DETAIL-7199;DETAIL-7200;DETAIL-7201;DETAIL-7202;DETAIL-7203,206,reachable,https://www.kyoto-ongeibun.jp/contents/fc_kuretake/files/%E6%96%BD%E8%A8%AD%E5%88%A5%E5%88%A9%E7%94%A8%E5%AE%9A%E5%93%A1%E4%B8%80%E8%A6%A7%20R5.3.13%E3%80%90%E5%91%89%E7%AB%B9%E3%80%91.pdf,application/pdf,2026-08-09T02:15:27.140Z,
https://www.kyoto-ongeibun.jp/kuretake/,candidate-venues.csv,CAND-1130,200,reachable,https://www.kyoto-ongeibun.jp/kuretake/,text/html; charset=UTF-8,2026-08-09T02:15:27.140Z,
https://www.kyoto-ongeibun.jp/kuretake/facilities/hall.php,venue-details.csv,DETAIL-7194;DETAIL-7204;DETAIL-7205;DETAIL-7206;DETAIL-7207;DETAIL-7208,200,reachable,https://www.kyoto-ongeibun.jp/kuretake/facilities/hall.php,text/html; charset=UTF-8,2026-08-09T02:15:27.140Z,
https://www.kyoto-sports.or.jp/confirmation/,venue-operations.csv,OP-120:operations_source_url,200,reachable,https://www.kyoto-sports.or.jp/confirmation/,text/html; charset=UTF-8,2026-08-09T02:15:27.140Z,
https://www.kyoto-sports.or.jp/facilities/detail.php?id=4,venue-operations.csv,OP-120:access_source_url,200,reachable,https://www.kyoto-sports.or.jp/facilities/detail.php?id=4,text/html; charset=UTF-8,2026-08-09T02:15:27.140Z,
https://www.kyoto-sports.or.jp/wp-content/themes/kyoto_sports/do_sports/image/pdf/riyou_2026_4.pdf,price-observations.csv;venue-operations.csv,OP-120:booking_source_url;PRICE-421;PRICE-422,206,reachable,https://www.kyoto-sports.or.jp/wp-content/themes/kyoto_sports/do_sports/image/pdf/riyou_2026_4.pdf,application/pdf,2026-08-09T02:15:27.140Z,
https://www.kyotoconcerthall.org/access/,venue-operations.csv,OP-199:access_source_url,200,reachable,https://www.kyotoconcerthall.org/access/,text/html; charset=UTF-8,2026-08-09T02:15:27.140Z,
https://www.kyotoconcerthall.org/application/,venue-operations.csv,OP-199:booking_source_url,200,reachable,https://www.kyotoconcerthall.org/application/,text/html; charset=UTF-8,2026-08-09T02:15:27.140Z,
https://www.kyotoconcerthall.org/facilities/,candidate-venues.csv;venue-details.csv,CAND-173;DETAIL-261,200,reachable,https://www.kyotoconcerthall.org/facilities/,text/html; charset=UTF-8,2026-08-09T02:15:27.140Z,
https://www.kyotoconcerthall.org/flow/,venue-operations.csv,OP-199:operations_source_url,200,reachable,https://www.kyotoconcerthall.org/flow/,text/html; charset=UTF-8,2026-08-09T02:15:27.140Z,
https://www.kyotoconcerthall.org/price/,price-observations.csv,PRICE-737;PRICE-738;PRICE-739;PRICE-740;PRICE-741;PRICE-742;PRICE-743;PRICE-744;PRICE-745;PRICE-746;PRICE-747;PRICE-748;PRICE-749,200,reachable,https://www.kyotoconcerthall.org/price/,text/html; charset=UTF-8,2026-08-09T02:15:27.140Z,
https://www.kyoubun.or.jp/riyo.html,candidate-venues.csv;venue-details.csv,CAND-261;DETAIL-547;DETAIL-548,206,reachable,https://www.kyoubun.or.jp/riyo.html,text/html,2026-08-09T02:15:27.140Z,
https://www.lamer-unnan.com/,venue-details.csv,DETAIL-1889;DETAIL-1890;DETAIL-1891;DETAIL-1892;DETAIL-1893,200,reachable,https://www.lamer-unnan.com/,text/html; charset=UTF-8,2026-08-09T02:15:27.140Z,
https://www.lib.pref.yamanashi.jp/kaijo_yoyaku/,candidate-venues.csv;venue-details.csv,CAND-1043;DETAIL-6063,206,reachable,https://www.lib.pref.yamanashi.jp/kaijo_yoyaku/,text/html,2026-08-09T02:15:27.140Z,
https://www.lib.pref.yamanashi.jp/R6yoran.pdf,venue-details.csv,DETAIL-6064,206,reachable,https://www.lib.pref.yamanashi.jp/R6yoran.pdf,application/pdf,2026-08-09T02:15:27.140Z,
https://www.lib.pref.yamanashi.jp/riyo/kannai_annai.html,venue-details.csv,DETAIL-6065;DETAIL-6066;DETAIL-6067;DETAIL-6068;DETAIL-6069;DETAIL-6070,206,reachable,https://www.lib.pref.yamanashi.jp/riyo/kannai_annai.html,text/html,2026-08-09T02:15:27.140Z,
https://www.library.pref.nara.jp/guide_floor/1f,venue-details.csv,DETAIL-6223;DETAIL-6224;DETAIL-6225,200,reachable,https://www.library.pref.nara.jp/guide_floor/1f,text/html; charset=UTF-8,2026-08-09T02:15:27.140Z,
https://www.library.pref.nara.jp/guide_payroom/info,candidate-venues.csv;venue-details.csv,CAND-1056;DETAIL-6226;DETAIL-6227;DETAIL-6228,200,reachable,https://www.library.pref.nara.jp/guide_payroom/info,text/html; charset=UTF-8,2026-08-09T02:15:27.140Z,
https://www.m-base.okinawa/introduction/,candidate-venues.csv;venue-details.csv,CAND-068;DETAIL-110,200,reachable,https://www.m-base.okinawa/introduction/,text/html; charset=UTF-8,2026-08-09T02:15:27.140Z,
https://www.m-base.okinawa/rental/,price-observations.csv,PRICE-292;PRICE-293;PRICE-294;PRICE-295;PRICE-296,200,reachable,https://www.m-base.okinawa/rental/,text/html; charset=UTF-8,2026-08-09T02:15:27.140Z,
https://www.m-messe.co.jp/access/?hl=ja,venue-operations.csv,OP-006:access_source_url;OP-007:access_source_url,200,reachable,https://www.m-messe.co.jp/access/?hl=ja,text/html,2026-08-09T02:15:27.140Z,
https://www.m-messe.co.jp/organizers/application/,venue-operations.csv,OP-006:booking_source_url;OP-007:booking_source_url,200,reachable,https://www.m-messe.co.jp/organizers/application/,text/html,2026-08-09T02:15:27.140Z,
https://www.m-messe.co.jp/organizers/guide/,candidate-venues.csv,CAND-028,200,reachable,https://www.m-messe.co.jp/organizers/guide/,text/html,2026-08-09T02:15:27.140Z,
https://www.m-messe.co.jp/organizers/guide/conferencehall/guide_conference,venue-details.csv,DETAIL-019,200,reachable,https://www.m-messe.co.jp/organizers/guide/conferencehall/guide_conference,text/html,2026-08-09T02:15:27.140Z,
https://www.m-messe.co.jp/organizers/guide/eventhall/guide_eventhall?newwindow=true,venue-details.csv;venue-operations.csv,DETAIL-018;OP-007:operations_source_url,200,reachable,https://www.m-messe.co.jp/organizers/guide/eventhall/guide_eventhall?newwindow=true,text/html,2026-08-09T02:15:27.140Z,
https://www.m-messe.co.jp/organizers/guide/exhibitionhall/guide_exibition9-11,venue-details.csv;venue-operations.csv,DETAIL-017;OP-006:operations_source_url,200,reachable,https://www.m-messe.co.jp/organizers/guide/exhibitionhall/guide_exibition9-11,text/html,2026-08-09T02:15:27.140Z,
https://www.m-messe.co.jp/saved/files/document/pdf/1021/1/Price%20List%20202604-_InternationalExhibitionHall_J.pdf,price-observations.csv,PRICE-035;PRICE-036,206,reachable,https://www.m-messe.co.jp/saved/files/document/pdf/1021/1/Price%20List%20202604-_InternationalExhibitionHall_J.pdf,application/pdf,2026-08-09T02:15:27.140Z,
https://www.m-messe.co.jp/saved/files/document/pdf/1068/1/Price%20List202604-_MakuhariEventHall_J.pdf,price-observations.csv,PRICE-037;PRICE-038;PRICE-039;PRICE-040;PRICE-041;PRICE-042;PRICE-043,206,reachable,https://www.m-messe.co.jp/saved/files/document/pdf/1068/1/Price%20List202604-_MakuhariEventHall_J.pdf,application/pdf,2026-08-09T02:15:27.140Z,
https://www.mamakari.net/,candidate-venues.csv,CAND-011,200,reachable,https://www.mamakari.net/,text/html; charset=utf-8,2026-08-09T02:15:27.140Z,
https://www.mamakari.net/access/,venue-operations.csv,OP-050:access_source_url,200,reachable,https://www.mamakari.net/access/,text/html; charset=UTF-8,2026-08-09T02:15:27.140Z,
https://www.mamakari.net/company/download/174,price-observations.csv,PRICE-276,200,reachable,https://www.mamakari.net/company/download/174,application/pdf,2026-08-09T02:15:27.140Z,
https://www.mamakari.net/facility/conventionhall.php,venue-details.csv,DETAIL-100,200,reachable,https://www.mamakari.net/facility/conventionhall.php,text/html; charset=UTF-8,2026-08-09T02:15:27.140Z,
https://www.mamakari.net/facility/eventhall.php,price-observations.csv;venue-details.csv;venue-operations.csv,DETAIL-099;OP-050:operations_source_url;PRICE-270;PRICE-271;PRICE-272;PRICE-273,200,reachable,https://www.mamakari.net/facility/eventhall.php,text/html; charset=UTF-8,2026-08-09T02:15:27.140Z,
https://www.mamakari.net/flow/guide.php,venue-operations.csv,OP-050:booking_source_url,200,reachable,https://www.mamakari.net/flow/guide.php,text/html; charset=UTF-8,2026-08-09T02:15:27.140Z,
https://www.mamakari.net/price/equipment.php,price-observations.csv,PRICE-274;PRICE-275;PRICE-277,200,reachable,https://www.mamakari.net/price/equipment.php,text/html; charset=UTF-8,2026-08-09T02:15:27.140Z,
https://www.manabi.pref.fukui.jp/manabi/shisetsu/22952.html,venue-operations.csv,OP-065:access_source_url,200,reachable,https://www.manabi.pref.fukui.jp/manabi/shisetsu/22952.html,text/html; charset=UTF-8,2026-08-09T02:15:27.140Z,
https://www.marinart.jp/spec/index.html,candidate-venues.csv;venue-details.csv,CAND-1047;DETAIL-6102;DETAIL-6103;DETAIL-6104;DETAIL-6105;DETAIL-6106;DETAIL-6107,200,reachable,https://www.marinart.jp/spec/index.html,text/html; charset=UTF-8,2026-08-09T02:15:27.140Z,
https://www.marinemesse.or.jp/download/document/document_dl.php?document_no=1&id=38,venue-details.csv;venue-operations.csv,DETAIL-048;DETAIL-049;OP-022:booking_source_url;OP-022:operations_source_url,403,access_limited,https://www.marinemesse.or.jp/download/document/document_dl.php?document_no=1&id=38,text/html; charset=UTF-8,2026-08-09T02:15:27.140Z,
https://www.marinemesse.or.jp/kokusai/,candidate-venues.csv;venue-operations.csv,CAND-140;OP-186:access_source_url,200,reachable,https://www.marinemesse.or.jp/kokusai/,text/html;charset=utf-8,2026-08-09T02:15:27.140Z,
https://www.marinemesse.or.jp/kokusai/organizer/material,venue-details.csv;venue-operations.csv,DETAIL-225;OP-186:booking_source_url;OP-186:operations_source_url,200,reachable,https://www.marinemesse.or.jp/kokusai/organizer/material,text/html;charset=utf-8,2026-08-09T02:15:27.140Z,
https://www.marinemesse.or.jp/messe/,candidate-venues.csv;venue-operations.csv,CAND-051;OP-022:access_source_url,200,reachable,https://www.marinemesse.or.jp/messe/,text/html;charset=utf-8,2026-08-09T02:15:27.140Z,
https://www.marronnierplaza.jp/access/?k3ad=FORM,venue-operations.csv,OP-188:access_source_url,200,reachable,https://www.marronnierplaza.jp/access/?k3ad=FORM,text/html; charset=UTF-8,2026-08-09T02:15:27.140Z,
https://www.marronnierplaza.jp/assets/pdf/other/price/price.pdf,price-observations.csv,PRICE-658;PRICE-659;PRICE-660;PRICE-661;PRICE-662;PRICE-663;PRICE-664;PRICE-665;PRICE-666;PRICE-667;PRICE-668,206,reachable,https://www.marronnierplaza.jp/assets/pdf/other/price/price.pdf,application/pdf,2026-08-09T02:15:27.140Z,
https://www.marronnierplaza.jp/facility/large-exhibition.html,candidate-venues.csv;venue-details.csv;venue-operations.csv,CAND-161;DETAIL-246;DETAIL-326;DETAIL-327;DETAIL-328;OP-188:operations_source_url,200,reachable,https://www.marronnierplaza.jp/facility/large-exhibition.html,text/html; charset=UTF-8,2026-08-09T02:15:27.140Z,
https://www.marronnierplaza.jp/guide/,venue-operations.csv,OP-188:booking_source_url,200,reachable,https://www.marronnierplaza.jp/guide/,text/html; charset=UTF-8,2026-08-09T02:15:27.140Z,
https://www.matsubun.jp/access/,venue-operations.csv,OP-034:access_source_url,200,reachable,https://www.matsubun.jp/access/,text/html; charset=UTF-8,2026-08-09T02:15:27.140Z,
https://www.matsubun.jp/guide/,venue-operations.csv,OP-034:booking_source_url;OP-034:operations_source_url,200,reachable,https://www.matsubun.jp/guide/,text/html; charset=UTF-8,2026-08-09T02:15:27.140Z,
https://www.matsubun.jp/guide/pdf/price_shisetsu.pdf,price-observations.csv,PRICE-175;PRICE-176;PRICE-177;PRICE-178,206,reachable,https://www.matsubun.jp/guide/pdf/price_shisetsu.pdf,application/pdf,2026-08-09T02:15:27.140Z,
https://www.matsubun.jp/outline/,venue-details.csv,DETAIL-068;DETAIL-069,200,reachable,https://www.matsubun.jp/outline/,text/html; charset=UTF-8,2026-08-09T02:15:27.140Z,
https://www.matsue-sposhin.jp/business/gymnasium/,venue-details.csv,DETAIL-303,200,reachable,https://www.matsue-sposhin.jp/business/gymnasium/,text/html; charset=UTF-8,2026-08-09T02:15:27.140Z,
https://www.matsue-terrsa.jp/%E8%B2%B8%E4%BC%9A%E8%AD%B0%E5%AE%A4%E7%AD%89/%E3%83%86%E3%83%AB%E3%82%B5%E3%83%9B%E3%83%BC%E3%83%AB/,candidate-venues.csv;venue-details.csv,CAND-1141;DETAIL-7285;DETAIL-7286;DETAIL-7287;DETAIL-7288,200,reachable,https://www.matsue-terrsa.jp/%E8%B2%B8%E4%BC%9A%E8%AD%B0%E5%AE%A4%E7%AD%89/%E3%83%86%E3%83%AB%E3%82%B5%E3%83%9B%E3%83%BC%E3%83%AB/,text/html; charset=UTF-8,2026-08-09T02:15:27.140Z,
https://www.matsue-terrsa.jp/%E8%B2%B8%E4%BC%9A%E8%AD%B0%E5%AE%A4%E7%AD%89/%E4%BC%9A%E8%AD%B0%E7%A0%94%E4%BF%AE%E5%AE%A4/,venue-details.csv,DETAIL-7289;DETAIL-7290;DETAIL-7291;DETAIL-7292;DETAIL-7293;DETAIL-7294,200,reachable,https://www.matsue-terrsa.jp/%E8%B2%B8%E4%BC%9A%E8%AD%B0%E5%AE%A4%E7%AD%89/%E4%BC%9A%E8%AD%B0%E7%A0%94%E4%BF%AE%E5%AE%A4/,text/html; charset=UTF-8,2026-08-09T02:15:27.140Z,
https://www.mediadome.jp/about.html,candidate-venues.csv;venue-details.csv,CAND-113;DETAIL-187,206,reachable,https://www.mediadome.jp/about.html,text/html,2026-08-09T02:15:27.140Z,
https://www.mediadome.jp/access/bytrain.html,venue-operations.csv,OP-094:access_source_url,206,reachable,https://www.mediadome.jp/access/bytrain.html,text/html,2026-08-09T02:15:27.140Z,
https://www.mediadome.jp/rental/howtouse/index.html,venue-operations.csv,OP-094:booking_source_url;OP-094:operations_source_url,206,reachable,https://www.mediadome.jp/rental/howtouse/index.html,text/html,2026-08-09T02:15:27.140Z,
https://www.mediadome.jp/rental/pricelist/index.html,price-observations.csv,PRICE-359,206,reachable,https://www.mediadome.jp/rental/pricelist/index.html,text/html,2026-08-09T02:15:27.140Z,
https://www.mfi.or.jp/~fcpa/guide.htm,venue-details.csv,DETAIL-6061;DETAIL-6062,206,reachable,https://www.mfi.or.jp/~fcpa/guide.htm,text/html,2026-08-09T02:15:27.140Z,
https://www.mfi.or.jp/~fcpa/hall_m.htm,venue-details.csv,DETAIL-6054,206,reachable,https://www.mfi.or.jp/~fcpa/hall_m.htm,text/html,2026-08-09T02:15:27.140Z,
https://www.mfi.or.jp/~fcpa/hall_s.htm,venue-details.csv,DETAIL-6055,206,reachable,https://www.mfi.or.jp/~fcpa/hall_s.htm,text/html,2026-08-09T02:15:27.140Z,
https://www.mfi.or.jp/~fcpa/kaigi.htm,venue-details.csv,DETAIL-6058;DETAIL-6059;DETAIL-6060,206,reachable,https://www.mfi.or.jp/~fcpa/kaigi.htm,text/html,2026-08-09T02:15:27.140Z,
https://www.mfi.or.jp/~fcpa/rehearsal.htm,venue-details.csv,DETAIL-6056;DETAIL-6057,206,reachable,https://www.mfi.or.jp/~fcpa/rehearsal.htm,text/html,2026-08-09T02:15:27.140Z,
https://www.mitsuifudosan.co.jp/corporate/news/2024/0408/,venue-details.csv,DETAIL-156,200,reachable,https://www.mitsuifudosan.co.jp/corporate/news/2024/0408/,text/html,2026-08-09T02:15:27.140Z,
https://www.miyakomesse.jp/access/,venue-operations.csv,OP-043:access_source_url,200,reachable,https://www.miyakomesse.jp/access/,text/html,2026-08-09T02:15:27.140Z,
https://www.miyakomesse.jp/planner/,candidate-venues.csv,CAND-039,200,reachable,https://www.miyakomesse.jp/planner/,text/html,2026-08-09T02:15:27.140Z,
https://www.miyakomesse.jp/planner/information/exhibition-hall1/,price-observations.csv;venue-details.csv,DETAIL-084;PRICE-219;PRICE-220;PRICE-221;PRICE-222,200,reachable,https://www.miyakomesse.jp/planner/information/exhibition-hall1/,text/html,2026-08-09T02:15:27.140Z,
https://www.miyakomesse.jp/planner/information/exhibition-hall3/,price-observations.csv;venue-details.csv,DETAIL-083;PRICE-215;PRICE-216;PRICE-217;PRICE-218,200,reachable,https://www.miyakomesse.jp/planner/information/exhibition-hall3/,text/html,2026-08-09T02:15:27.140Z,
https://www.miyakomesse.jp/planner/price/carry/,venue-operations.csv,OP-043:operations_source_url,200,reachable,https://www.miyakomesse.jp/planner/price/carry/,text/html,2026-08-09T02:15:27.140Z,
https://www.miyakomesse.jp/planner/rules/,venue-operations.csv,OP-043:booking_source_url,200,reachable,https://www.miyakomesse.jp/planner/rules/,text/html,2026-08-09T02:15:27.140Z,
https://www.miyazaki-pcf.jp/facility/kushima,venue-details.csv,DETAIL-1596;DETAIL-1597;DETAIL-1598;DETAIL-1599,,network_error,,,2026-08-09T02:15:27.140Z,fetch failed
https://www.miyazaki-spokyo.jp/nobeoka-arena/access.php,venue-operations.csv,OP-164:access_source_url,200,reachable,https://www.miyazaki-spokyo.jp/nobeoka-arena/access.php,text/html,2026-08-09T02:15:27.140Z,
https://www.miyazaki-spokyo.jp/nobeoka-arena/index.php,candidate-venues.csv,CAND-176,200,reachable,https://www.miyazaki-spokyo.jp/nobeoka-arena/index.php,text/html,2026-08-09T02:15:27.140Z,
https://www.miyazaki-spokyo.jp/nobeoka-arena/outline.php,venue-operations.csv,OP-164:booking_source_url;OP-164:operations_source_url,200,reachable,https://www.miyazaki-spokyo.jp/nobeoka-arena/outline.php,text/html,2026-08-09T02:15:27.140Z,
https://www.miyazaki-spokyo.jp/nobeoka-arena/pdf/price202604.pdf,price-observations.csv,PRICE-549;PRICE-550;PRICE-551;PRICE-552;PRICE-553;PRICE-554,206,reachable,https://www.miyazaki-spokyo.jp/nobeoka-arena/pdf/price202604.pdf,application/pdf,2026-08-09T02:15:27.140Z,
https://www.miyazakibunkahall.jp/facilities,candidate-venues.csv;venue-details.csv,CAND-1083;DETAIL-6509,200,reachable,https://www.miyazakibunkahall.jp/facilities,text/html; charset=UTF-8,2026-08-09T02:15:27.140Z,
https://www.miyazakibunkahall.jp/facilities/conferenceroom,venue-details.csv,DETAIL-6506,200,reachable,https://www.miyazakibunkahall.jp/facilities/conferenceroom,text/html; charset=UTF-8,2026-08-09T02:15:27.140Z,
https://www.miyazakibunkahall.jp/facilities/eventhall,venue-details.csv,DETAIL-6499;DETAIL-6502,200,reachable,https://www.miyazakibunkahall.jp/facilities/eventhall,text/html; charset=UTF-8,2026-08-09T02:15:27.140Z,
https://www.miyazakibunkahall.jp/facilities/mainhall,venue-details.csv,DETAIL-6498;DETAIL-6500;DETAIL-6501,200,reachable,https://www.miyazakibunkahall.jp/facilities/mainhall,text/html; charset=UTF-8,2026-08-09T02:15:27.140Z,
https://www.miyazakibunkahall.jp/facilities/practiceroom,venue-details.csv,DETAIL-6503;DETAIL-6504;DETAIL-6505,200,reachable,https://www.miyazakibunkahall.jp/facilities/practiceroom,text/html; charset=UTF-8,2026-08-09T02:15:27.140Z,
https://www.miyazakibunkahall.jp/facilities/washitsu,venue-details.csv,DETAIL-6507;DETAIL-6508,200,reachable,https://www.miyazakibunkahall.jp/facilities/washitsu,text/html; charset=UTF-8,2026-08-09T02:15:27.140Z,
https://www.miyoshi.i-tokushima.jp/reiki/reiki_int/reiki_honbun/r257RG00000244.html,candidate-venues.csv;venue-details.csv,CAND-787;DETAIL-3671;DETAIL-3672;DETAIL-3673;DETAIL-3674;DETAIL-3675;DETAIL-3676;DETAIL-3677;DETAIL-3678,200,reachable,https://www.miyoshi.i-tokushima.jp/reiki/reiki_int/reiki_honbun/r257RG00000244.html,text/html,2026-08-09T02:15:27.140Z,
https://www.moka-ichigohall.jp/about/hall_big/,candidate-venues.csv;venue-details.csv,CAND-497;DETAIL-1655;DETAIL-1657;DETAIL-1658;DETAIL-1659;DETAIL-1660;DETAIL-1661,200,reachable,https://www.moka-ichigohall.jp/about/hall_big/,text/html; charset=UTF-8,2026-08-09T02:15:27.140Z,
https://www.moka-ichigohall.jp/faq/,venue-details.csv,DETAIL-1656,200,reachable,https://www.moka-ichigohall.jp/faq/,text/html; charset=UTF-8,2026-08-09T02:15:27.140Z,
https://www.morinohall21.com/hall21/,candidate-venues.csv,CAND-302,206,reachable,https://www.morinohall21.com/hall21/,text/html,2026-08-09T02:15:27.140Z,
https://www.morinohall21.com/hall21/hall_l.html,venue-details.csv,DETAIL-631,206,reachable,https://www.morinohall21.com/hall21/hall_l.html,text/html,2026-08-09T02:15:27.140Z,
https://www.morinohall21.com/hall21/hall_s.html,venue-details.csv,DETAIL-632,206,reachable,https://www.morinohall21.com/hall21/hall_s.html,text/html,2026-08-09T02:15:27.140Z,
https://www.mspf.jp/grande21/,venue-operations.csv,OP-089:booking_source_url,200,reachable,https://www.mspf.jp/grande21/,text/html; charset=EUC-JP,2026-08-09T02:15:27.140Z,
https://www.mspf.jp/grande21/index.php?action=other_attention,venue-operations.csv,OP-089:operations_source_url,200,reachable,https://www.mspf.jp/grande21/index.php?action=other_attention,text/html; charset=EUC-JP,2026-08-09T02:15:27.140Z,
https://www.mspf.jp/grande21/index.php?action=sisetu_shoukai_arena,candidate-venues.csv;venue-details.csv,CAND-108;DETAIL-178;DETAIL-179,200,reachable,https://www.mspf.jp/grande21/index.php?action=sisetu_shoukai_arena,text/html; charset=EUC-JP,2026-08-09T02:15:27.140Z,
https://www.mspf.jp/grande21/index.php?action=sisetu_traffic_index,venue-operations.csv,OP-089:access_source_url,200,reachable,https://www.mspf.jp/grande21/index.php?action=sisetu_traffic_index,text/html; charset=EUC-JP,2026-08-09T02:15:27.140Z,
https://www.mspf.jp/grande21/pdfa/arena_ryokinhyo_20250401.pdf,price-observations.csv,PRICE-475;PRICE-476;PRICE-477;PRICE-478;PRICE-479,206,reachable,https://www.mspf.jp/grande21/pdfa/arena_ryokinhyo_20250401.pdf,application/pdf,2026-08-09T02:15:27.140Z,
https://www.musashino.or.jp/bunka/1002094/1002099.html,venue-details.csv,DETAIL-6838;DETAIL-6841;DETAIL-6842;DETAIL-6843;DETAIL-6844;DETAIL-6845;DETAIL-6846;DETAIL-6847,206,reachable,https://www.musashino.or.jp/bunka/1002094/1002099.html,text/html,2026-08-09T02:15:27.140Z,
https://www.musashino.or.jp/bunka/1002094/1002100.html,venue-details.csv,DETAIL-6839;DETAIL-6840;DETAIL-6848;DETAIL-6849,206,reachable,https://www.musashino.or.jp/bunka/1002094/1002100.html,text/html,2026-08-09T02:15:27.140Z,
https://www.musashino.or.jp/bunka/1002094/1002102.html,venue-details.csv,DETAIL-6850,206,reachable,https://www.musashino.or.jp/bunka/1002094/1002102.html,text/html,2026-08-09T02:15:27.140Z,
https://www.musashino.or.jp/bunka/1002094/1002103.html,venue-details.csv,DETAIL-6851;DETAIL-6852,206,reachable,https://www.musashino.or.jp/bunka/1002094/1002103.html,text/html,2026-08-09T02:15:27.140Z,
https://www.musashino.or.jp/bunka/1002094/1002104.html,venue-details.csv,DETAIL-6855,206,reachable,https://www.musashino.or.jp/bunka/1002094/1002104.html,text/html,2026-08-09T02:15:27.140Z,
https://www.musashino.or.jp/bunka/1002094/1002105.html,venue-details.csv,DETAIL-6853;DETAIL-6854,206,reachable,https://www.musashino.or.jp/bunka/1002094/1002105.html,text/html,2026-08-09T02:15:27.140Z,
https://www.musashino.or.jp/bunka/1002094/1002635.html,candidate-venues.csv,CAND-1106,206,reachable,https://www.musashino.or.jp/bunka/1002094/1002635.html,text/html,2026-08-09T02:15:27.140Z,
https://www.muse-tokorozawa.or.jp/facility/ark.php,venue-details.csv,DETAIL-620,200,reachable,https://www.muse-tokorozawa.or.jp/facility/ark.php,text/html; charset=UTF-8,2026-08-09T02:15:27.140Z,
https://www.muse-tokorozawa.or.jp/facility/marquee,venue-details.csv,DETAIL-621,200,reachable,https://www.muse-tokorozawa.or.jp/facility/marquee,text/html; charset=UTF-8,2026-08-09T02:15:27.140Z,
https://www.muse-tokorozawa.or.jp/guide/,candidate-venues.csv;venue-details.csv,CAND-298;DETAIL-623,200,reachable,https://www.muse-tokorozawa.or.jp/guide/,text/html; charset=UTF-8,2026-08-09T02:15:27.140Z,
https://www.nagano-mwave.co.jp/bighat/about/,candidate-venues.csv;venue-details.csv;venue-operations.csv,CAND-112;DETAIL-186;DETAIL-498;OP-093:operations_source_url,200,reachable,https://www.nagano-mwave.co.jp/bighat/about/,text/html,2026-08-09T02:15:27.140Z,
https://www.nagano-mwave.co.jp/bighat/event_organizer/,venue-details.csv,DETAIL-491;DETAIL-492;DETAIL-493;DETAIL-494;DETAIL-495;DETAIL-496;DETAIL-497;DETAIL-499;DETAIL-500,200,reachable,https://www.nagano-mwave.co.jp/bighat/event_organizer/,text/html,2026-08-09T02:15:27.140Z,
https://www.nagano-mwave.co.jp/bighat/event_organizer/medias/uploads/arena-fee-2019.pdf,price-observations.csv,PRICE-2749;PRICE-2750;PRICE-2751;PRICE-2752;PRICE-2753;PRICE-2754;PRICE-2755;PRICE-2756;PRICE-2757;PRICE-2758;PRICE-2759;PRICE-2760;PRICE-2761;PRICE-2762;PRICE-2763;PRICE-2764;PRICE-2765;PRICE-2766;PRICE-2767;PRICE-2768;PRICE-2769;PRICE-2770;PRICE-2771;PRICE-2772;PRICE-2773;PRICE-2774;PRICE-2775;PRICE-2776;PRICE-2777;PRICE-2778;PRICE-2779;PRICE-2780;PRICE-2781;PRICE-2782;PRICE-2783;PRICE-2784;PRICE-2785;PRICE-2786;PRICE-2787;PRICE-2788;PRICE-2789;PRICE-2790;PRICE-2791;PRICE-2792;PRICE-2793;PRICE-2794;PRICE-2795;PRICE-2796;PRICE-2797;PRICE-2798;PRICE-2799;PRICE-2800;PRICE-2801;PRICE-2802;PRICE-2803;PRICE-2804;PRICE-2805;PRICE-2806;PRICE-2807;PRICE-2808,206,reachable,https://www.nagano-mwave.co.jp/bighat/event_organizer/medias/uploads/arena-fee-2019.pdf,application/pdf,2026-08-09T02:15:27.140Z,
https://www.nagano-mwave.co.jp/bighat/riyou_arena2024.pdf,venue-operations.csv,OP-093:booking_source_url,404,client_error,https://www.nagano-mwave.co.jp/bighat/riyou_arena2024.pdf,text/html; charset=iso-8859-1,2026-08-09T02:15:27.140Z,
https://www.nagano-mwave.co.jp/m_wave/,venue-operations.csv,OP-191:access_source_url,200,reachable,https://www.nagano-mwave.co.jp/m_wave/,text/html,2026-08-09T02:15:27.140Z,
https://www.nagano-mwave.co.jp/m_wave/about/,candidate-venues.csv,CAND-162,200,reachable,https://www.nagano-mwave.co.jp/m_wave/about/,text/html,2026-08-09T02:15:27.140Z,
https://www.nagano-mwave.co.jp/m_wave/event_organizer/,venue-operations.csv,OP-191:booking_source_url,200,reachable,https://www.nagano-mwave.co.jp/m_wave/event_organizer/,text/html,2026-08-09T02:15:27.140Z,
https://www.nagano-mwave.co.jp/m_wave/event_organizer/medias/uploads/202604_11arena-manual.pdf,venue-details.csv;venue-operations.csv,DETAIL-247;OP-191:operations_source_url,206,reachable,https://www.nagano-mwave.co.jp/m_wave/event_organizer/medias/uploads/202604_11arena-manual.pdf,application/pdf,2026-08-09T02:15:27.140Z,
https://www.nagasakistadiumcity.com/access/,venue-operations.csv,OP-069:access_source_url,200,reachable,https://www.nagasakistadiumcity.com/access/,text/html; charset=UTF-8,2026-08-09T02:15:27.140Z,
https://www.nagasakistadiumcity.com/project_outline/,candidate-venues.csv;venue-details.csv;venue-operations.csv,CAND-083;DETAIL-142;OP-069:operations_source_url,200,reachable,https://www.nagasakistadiumcity.com/project_outline/,text/html; charset=UTF-8,2026-08-09T02:15:27.140Z,
https://www.nagoya.conventionhall.jp/facility.html,candidate-venues.csv;venue-details.csv,CAND-1121;DETAIL-7089;DETAIL-7090;DETAIL-7091;DETAIL-7092;DETAIL-7093;DETAIL-7094;DETAIL-7095;DETAIL-7096;DETAIL-7097;DETAIL-7098;DETAIL-7099;DETAIL-7100;DETAIL-7101;DETAIL-7102;DETAIL-7103;DETAIL-7104;DETAIL-7105;DETAIL-7106;DETAIL-7107;DETAIL-7108;DETAIL-7109;DETAIL-7110;DETAIL-7111;DETAIL-7112;DETAIL-7113;DETAIL-7114,206,reachable,https://www.nagoya.conventionhall.jp/facility.html,text/html,2026-08-09T02:15:27.140Z,
https://www.naka-lab.jp/facilities/nakano-zero,candidate-venues.csv,CAND-1105,200,reachable,https://www.naka-lab.jp/facilities/nakano-zero,text/html; charset=UTF-8,2026-08-09T02:15:27.140Z,
https://www.naka-lab.jp/space-rooms,venue-details.csv,DETAIL-6822;DETAIL-6823;DETAIL-6824;DETAIL-6825;DETAIL-6826;DETAIL-6827;DETAIL-6828;DETAIL-6829;DETAIL-6830;DETAIL-6831;DETAIL-6832;DETAIL-6833;DETAIL-6834;DETAIL-6835;DETAIL-6836;DETAIL-6837,200,reachable,https://www.naka-lab.jp/space-rooms,text/html; charset=UTF-8,2026-08-09T02:15:27.140Z,
https://www.namihayadome.gr.jp/access.html,venue-operations.csv,OP-193:access_source_url;OP-220:access_source_url;OP-221:access_source_url;OP-222:access_source_url,,network_error,,,2026-08-09T02:15:27.140Z,fetch failed
https://www.namihayadome.gr.jp/kojinriyou.html,price-observations.csv;venue-details.csv;venue-operations.csv,DETAIL-420;OP-220:booking_source_url;OP-220:operations_source_url;OP-221:booking_source_url;OP-221:operations_source_url;OP-222:booking_source_url;OP-222:operations_source_url;PRICE-1906;PRICE-1907;PRICE-1908;PRICE-1909;PRICE-1910;PRICE-1911;PRICE-1912;PRICE-1913;PRICE-1914;PRICE-1915;PRICE-1916;PRICE-1917;PRICE-1918;PRICE-1919;PRICE-1920;PRICE-1921;PRICE-1922;PRICE-1923;PRICE-1924;PRICE-1925;PRICE-1926;PRICE-1927;PRICE-1928;PRICE-1929;PRICE-1930;PRICE-1931;PRICE-1932;PRICE-1933;PRICE-1934,,network_error,,,2026-08-09T02:15:27.140Z,fetch failed
https://www.namihayadome.gr.jp/senyouriyou.html,venue-operations.csv,OP-193:booking_source_url;OP-193:operations_source_url,,network_error,,,2026-08-09T02:15:27.140Z,fetch failed
https://www.namihayadome.gr.jp/shisetsuannai.html,candidate-venues.csv;venue-details.csv,CAND-133;DETAIL-216;DETAIL-411;DETAIL-412;DETAIL-413;DETAIL-414;DETAIL-415;DETAIL-416;DETAIL-417;DETAIL-418;DETAIL-419,,network_error,,,2026-08-09T02:15:27.140Z,fetch failed
https://www.nanjare-nagoya.com/,candidate-venues.csv;venue-operations.csv,CAND-072;OP-054:access_source_url,200,reachable,https://www.nanjare-nagoya.com/,text/html; charset=UTF-8,2026-08-09T02:15:27.140Z,
https://www.nanjare-nagoya.com/service/equipment/,venue-details.csv;venue-operations.csv,DETAIL-114;OP-054:operations_source_url,200,reachable,https://www.nanjare-nagoya.com/service/equipment/,text/html; charset=UTF-8,2026-08-09T02:15:27.140Z,
https://www.nanjare-nagoya.com/service/price/,price-observations.csv;venue-operations.csv,OP-054:booking_source_url;PRICE-302;PRICE-303,200,reachable,https://www.nanjare-nagoya.com/service/price/,text/html; charset=UTF-8,2026-08-09T02:15:27.140Z,
https://www.nara-cc.jp/,candidate-venues.csv,CAND-010,206,reachable,https://www.nara-cc.jp/,text/html,2026-08-09T02:15:27.140Z,
https://www.nara-cc.jp/access/,venue-operations.csv,OP-005:access_source_url,206,reachable,https://www.nara-cc.jp/access/,text/html,2026-08-09T02:15:27.140Z,
https://www.nara-cc.jp/facility/floor.html,venue-details.csv;venue-operations.csv,DETAIL-012;DETAIL-013;DETAIL-014;DETAIL-015;DETAIL-016;OP-005:operations_source_url,206,reachable,https://www.nara-cc.jp/facility/floor.html,text/html,2026-08-09T02:15:27.140Z,
https://www.nara-cc.jp/guide/index.html,venue-operations.csv,OP-005:booking_source_url,206,reachable,https://www.nara-cc.jp/guide/index.html,text/html,2026-08-09T02:15:27.140Z,
https://www.nara-cc.jp/price/data/ancillary_facilities_price_list.pdf,price-observations.csv,PRICE-032;PRICE-033;PRICE-034,206,reachable,https://www.nara-cc.jp/price/data/ancillary_facilities_price_list.pdf,application/pdf,2026-08-09T02:15:27.140Z,
https://www.nara-cc.jp/price/index.html,price-observations.csv,PRICE-024;PRICE-025;PRICE-026;PRICE-027;PRICE-028;PRICE-029;PRICE-030;PRICE-031,206,reachable,https://www.nara-cc.jp/price/index.html,text/html,2026-08-09T02:15:27.140Z,
https://www.nara100.com/introduce_1.html,candidate-venues.csv;venue-details.csv,CAND-1055;DETAIL-6191;DETAIL-6192;DETAIL-6193;DETAIL-6194;DETAIL-6195;DETAIL-6196;DETAIL-6197;DETAIL-6198;DETAIL-6199;DETAIL-6200;DETAIL-6201;DETAIL-6202;DETAIL-6203;DETAIL-6204;DETAIL-6205;DETAIL-6206;DETAIL-6207,206,reachable,https://www.nara100.com/introduce_1.html,text/html,2026-08-09T02:15:27.140Z,
https://www.nara100.com/introduce_2.html,venue-details.csv,DETAIL-6208;DETAIL-6209;DETAIL-6210;DETAIL-6211;DETAIL-6212;DETAIL-6213;DETAIL-6214;DETAIL-6215;DETAIL-6216;DETAIL-6217;DETAIL-6218;DETAIL-6219;DETAIL-6220,206,reachable,https://www.nara100.com/introduce_2.html,text/html,2026-08-09T02:15:27.140Z,
https://www.nara100.com/introduce_3.html,venue-details.csv,DETAIL-6221;DETAIL-6222,206,reachable,https://www.nara100.com/introduce_3.html,text/html,2026-08-09T02:15:27.140Z,
https://www.narita-bunka.jp/about/hall/,candidate-venues.csv;venue-details.csv,CAND-303;DETAIL-633,200,reachable,https://www.narita-bunka.jp/about/hall/,text/html; charset=UTF-8,2026-08-09T02:15:27.140Z,
https://www.nasu-hh.com/sisetu.html,candidate-venues.csv;venue-details.csv,CAND-1101;DETAIL-6803;DETAIL-6804;DETAIL-6805;DETAIL-6806;DETAIL-6807,206,reachable,https://www.nasu-hh.com/sisetu.html,text/html,2026-08-09T02:15:27.140Z,
https://www.nem-shiteikanri.jp/shisetsu/iwakura/access/index.html,venue-operations.csv,OP-025:access_source_url,206,reachable,https://www.nem-shiteikanri.jp/shisetsu/iwakura/access/index.html,text/html,2026-08-09T02:15:27.140Z,
https://www.neribun.or.jp/hall/nerima.html,candidate-venues.csv;venue-details.csv,CAND-849;DETAIL-4125;DETAIL-4126;DETAIL-4127;DETAIL-4128;DETAIL-4129;DETAIL-4130;DETAIL-4131;DETAIL-4132;DETAIL-4133;DETAIL-4134;DETAIL-4135;DETAIL-4136;DETAIL-4137;DETAIL-4138;DETAIL-4139;DETAIL-4140;DETAIL-4141;DETAIL-4142;DETAIL-4143;DETAIL-4144;DETAIL-4145;DETAIL-4146;DETAIL-4147;DETAIL-4148,200,reachable,https://www.neribun.or.jp/hall/nerima.html,text/html; charset=UTF-8,2026-08-09T02:15:27.140Z,
https://www.nespa.or.jp/hall/access/,venue-operations.csv,OP-143:access_source_url,200,reachable,https://www.nespa.or.jp/sports-plaza/hall/access/,text/html,2026-08-09T02:15:27.140Z,redirected
https://www.nespa.or.jp/hall/shisetsu/index.html,candidate-venues.csv;venue-details.csv,CAND-115;DETAIL-189;DETAIL-190;DETAIL-191,200,reachable,https://www.nespa.or.jp/hall/shisetsu/index.html,text/html,2026-08-09T02:15:27.140Z,
https://www.nespa.or.jp/hall/shisetsu/price.html,price-observations.csv,PRICE-361,200,reachable,https://www.nespa.or.jp/hall/shisetsu/price.html,text/html,2026-08-09T02:15:27.140Z,
https://www.nespa.or.jp/hall/sponsor/guide/riyou-use.html,venue-operations.csv,OP-143:booking_source_url;OP-143:operations_source_url,200,reachable,https://www.nespa.or.jp/hall/sponsor/guide/riyou-use.html,text/html,2026-08-09T02:15:27.140Z,
https://www.niigata-kenminkaikan.jp/information/about/,candidate-venues.csv,CAND-904,200,reachable,https://www.niigata-kenminkaikan.jp/information/about/,text/html; charset=UTF-8,2026-08-09T02:15:27.140Z,
https://www.niigata-kenminkaikan.jp/information/guide/,venue-details.csv,DETAIL-4713;DETAIL-4715;DETAIL-4716;DETAIL-4717;DETAIL-4718;DETAIL-4719;DETAIL-4720;DETAIL-4721;DETAIL-4722;DETAIL-4723;DETAIL-4724;DETAIL-4725;DETAIL-4726;DETAIL-4727,200,reachable,https://www.niigata-kenminkaikan.jp/information/guide/,text/html; charset=UTF-8,2026-08-09T02:15:27.140Z,
https://www.niigata-kenminkaikan.jp/information/seat/small-hall-seat/,venue-details.csv,DETAIL-4714,200,reachable,https://www.niigata-kenminkaikan.jp/information/seat/small-hall-seat/,text/html; charset=UTF-8,2026-08-09T02:15:27.140Z,
https://www.nirasaki-bunka.jp/about/hall_big/,venue-details.csv,DETAIL-644,200,reachable,https://www.nirasaki-bunka.jp/about/hall_big/,text/html; charset=UTF-8,2026-08-09T02:15:27.140Z,
https://www.nirasaki-bunka.jp/about/hall_small/,venue-details.csv,DETAIL-645,200,reachable,https://www.nirasaki-bunka.jp/about/hall_small/,text/html; charset=UTF-8,2026-08-09T02:15:27.140Z,
https://www.nirasaki-bunka.jp/about/list/,candidate-venues.csv;venue-details.csv,CAND-309;DETAIL-646,200,reachable,https://www.nirasaki-bunka.jp/about/list/,text/html; charset=UTF-8,2026-08-09T02:15:27.140Z,
https://www.nissan-stadium.jp/film/pdf/caution2026.pdf,venue-operations.csv,OP-207:operations_source_url,206,reachable,https://www.nissan-stadium.jp/film/pdf/caution2026.pdf,application/pdf,2026-08-09T02:15:27.140Z,
https://www.nissan-stadium.jp/qa/detail.php?m=4,price-observations.csv,PRICE-1182,200,reachable,https://www.nissan-stadium.jp/qa/detail.php?m=4,text/html; charset=UTF-8,2026-08-09T02:15:27.140Z,
https://www.nissan-stadium.jp/stadium/gaiyo.php,candidate-venues.csv;venue-details.csv;venue-operations.csv,CAND-157;DETAIL-241;OP-207:booking_source_url,200,reachable,https://www.nissan-stadium.jp/stadium/gaiyo.php,text/html; charset=UTF-8,2026-08-09T02:15:27.140Z,
https://www.nissan-stadium.jp/tour/tour_access.pdf?v2=,venue-operations.csv,OP-207:access_source_url,206,reachable,https://www.nissan-stadium.jp/tour/tour_access.pdf?v2=,application/pdf,2026-08-09T02:15:27.140Z,
https://www.noevir-stadium.jp/access/index.php,candidate-venues.csv;venue-operations.csv,CAND-148;OP-214:access_source_url,,network_error,,,2026-08-09T02:15:27.140Z,fetch failed
https://www.noevir-stadium.jp/faq/,venue-operations.csv,OP-214:booking_source_url;OP-214:operations_source_url,,network_error,,,2026-08-09T02:15:27.140Z,fetch failed
https://www.nogaku.jp/about-2/,venue-details.csv,DETAIL-6486,200,reachable,https://www.nogaku.jp/about-2/,text/html; charset=UTF-8,2026-08-09T02:15:27.140Z,
https://www.nogaku.jp/information/,candidate-venues.csv;venue-details.csv,CAND-1080;DETAIL-6485;DETAIL-6487,200,reachable,https://www.nogaku.jp/information/,text/html; charset=UTF-8,2026-08-09T02:15:27.140Z,
https://www.ogaki-tairen.jp/?page_id=611,candidate-venues.csv;venue-details.csv;venue-operations.csv,CAND-204;DETAIL-292;DETAIL-482;DETAIL-483;DETAIL-484;DETAIL-485;DETAIL-486;DETAIL-487;DETAIL-488;DETAIL-489;OP-115:operations_source_url,200,reachable,https://www.ogaki-tairen.jp/?page_id=611,text/html; charset=UTF-8,2026-08-09T02:15:27.140Z,
https://www.ogaki-tairen.jp/?page_id=948,venue-operations.csv,OP-115:booking_source_url,200,reachable,https://www.ogaki-tairen.jp/?page_id=948,text/html; charset=UTF-8,2026-08-09T02:15:27.140Z,
https://www.ogaki-tairen.jp/wp-content/uploads/2024/04/%E6%96%99%E9%87%91%E8%A1%A8%EF%BE%8A%EF%BE%9F%EF%BE%9D%EF%BE%8C%E7%94%A8_%E7%B7%8F%E4%BD%932024.pdf,price-observations.csv;venue-details.csv,DETAIL-490;PRICE-2673;PRICE-2674;PRICE-2675;PRICE-2676;PRICE-2677;PRICE-2678;PRICE-2679;PRICE-2680;PRICE-2681;PRICE-2682;PRICE-2683;PRICE-2684;PRICE-2685;PRICE-2686;PRICE-2687;PRICE-2688;PRICE-2689;PRICE-2690;PRICE-2691;PRICE-2692;PRICE-2693;PRICE-2694;PRICE-2695;PRICE-2696;PRICE-2697;PRICE-2698;PRICE-2699;PRICE-2700;PRICE-2701;PRICE-2702;PRICE-2703;PRICE-2704;PRICE-2705;PRICE-2706;PRICE-2707;PRICE-2708;PRICE-2709;PRICE-2710;PRICE-2711;PRICE-2712;PRICE-2713;PRICE-2714;PRICE-2715;PRICE-2716;PRICE-2717;PRICE-2718;PRICE-2719;PRICE-2720;PRICE-2721;PRICE-2722;PRICE-2723;PRICE-2724;PRICE-2725;PRICE-2726;PRICE-2727;PRICE-2728;PRICE-2729;PRICE-2730;PRICE-2731;PRICE-2732;PRICE-2733;PRICE-2734;PRICE-2735;PRICE-2736;PRICE-2737;PRICE-2738;PRICE-2739;PRICE-2740;PRICE-2741;PRICE-2742;PRICE-2743;PRICE-2744;PRICE-2745;PRICE-2746;PRICE-2747;PRICE-2748,206,reachable,https://www.ogaki-tairen.jp/wp-content/uploads/2024/04/%E6%96%99%E9%87%91%E8%A1%A8%EF%BE%8A%EF%BE%9F%EF%BE%9D%EF%BE%8C%E7%94%A8_%E7%B7%8F%E4%BD%932024.pdf,application/pdf,2026-08-09T02:15:27.140Z,
https://www.ohgahall.or.jp/institution/,candidate-venues.csv;venue-details.csv,CAND-935;DETAIL-5095;DETAIL-5096;DETAIL-5097;DETAIL-5098;DETAIL-5099;DETAIL-5100;DETAIL-5101;DETAIL-5102,200,reachable,https://www.ohgahall.or.jp/institution/,text/html; charset=UTF-8,2026-08-09T02:15:27.140Z,
https://www.oita-oosukouen.com/access/,venue-operations.csv,OP-138:access_source_url,200,reachable,https://www.oita-oosukouen.com/access/,text/html; charset=UTF-8,2026-08-09T02:15:27.140Z,
https://www.oita-oosukouen.com/sougoutaiikukan/facilities_details/,candidate-venues.csv;venue-details.csv;venue-operations.csv,CAND-227;DETAIL-315;OP-138:booking_source_url;OP-138:operations_source_url,200,reachable,https://www.oita-oosukouen.com/sougoutaiikukan/facilities_details/,text/html; charset=UTF-8,2026-08-09T02:15:27.140Z,
https://www.oita-oosukouen.com/wp/wp-content/uploads/2026/01/%E4%BD%93%E8%82%B2%E9%A4%A8%E6%96%99%E9%87%91%E8%A1%A8%E3%80%902026%E5%B9%B44%E6%9C%881%E6%97%A5%E6%94%B9%E5%AE%9A%E3%80%91-1.pdf,price-observations.csv,PRICE-457;PRICE-458,206,reachable,https://www.oita-oosukouen.com/wp/wp-content/uploads/2026/01/%E4%BD%93%E8%82%B2%E9%A4%A8%E6%96%99%E9%87%91%E8%A1%A8%E3%80%902026%E5%B9%B44%E6%9C%881%E6%97%A5%E6%94%B9%E5%AE%9A%E3%80%91-1.pdf,application/pdf,2026-08-09T02:15:27.140Z,
https://www.okayama-momo.jp/access/,venue-operations.csv,OP-174:access_source_url,200,reachable,https://www.okayama-momo.jp/access/,text/html; charset=UTF-8,2026-08-09T02:15:27.140Z,
https://www.okayama-momo.jp/organizer/,venue-operations.csv,OP-174:booking_source_url,200,reachable,https://www.okayama-momo.jp/organizer/,text/html; charset=UTF-8,2026-08-09T02:15:27.140Z,
https://www.okayama-momo.jp/parkinginfo/,venue-operations.csv,OP-174:operations_source_url,200,reachable,https://www.okayama-momo.jp/parkinginfo/,text/html; charset=UTF-8,2026-08-09T02:15:27.140Z,
https://www.okayama-momo.jp/userguide/03/,candidate-venues.csv;price-observations.csv;venue-details.csv,CAND-102;DETAIL-169;DETAIL-170;PRICE-595;PRICE-596;PRICE-597;PRICE-598;PRICE-599;PRICE-600;PRICE-601;PRICE-602;PRICE-603;PRICE-604,200,reachable,https://www.okayama-momo.jp/userguide/03/,text/html; charset=UTF-8,2026-08-09T02:15:27.140Z,
https://www.okayama-symphonyhall.or.jp/page15.php,candidate-venues.csv,CAND-170,200,reachable,https://www.okayama-symphonyhall.or.jp/page15.php,text/html,2026-08-09T02:15:27.140Z,
https://www.oki-conven.jp/,candidate-venues.csv,CAND-020,200,reachable,https://www.oki-conven.jp/,text/html; charset=UTF-8,2026-08-09T02:15:27.140Z,
https://www.oki-conven.jp/access/,venue-operations.csv,OP-018:access_source_url,200,reachable,https://www.oki-conven.jp/access/,text/html; charset=UTF-8,2026-08-09T02:15:27.140Z,
https://www.oki-conven.jp/faq2/faq-org12/,venue-operations.csv,OP-018:booking_source_url,200,reachable,https://www.oki-conven.jp/faq2/faq-org12/,text/html; charset=UTF-8,2026-08-09T02:15:27.140Z,
https://www.oki-conven.jp/top2/fee/,price-observations.csv,PRICE-096;PRICE-097;PRICE-098;PRICE-099;PRICE-100,200,reachable,https://www.oki-conven.jp/top2/fee/,text/html; charset=UTF-8,2026-08-09T02:15:27.140Z,
https://www.oki-conven.jp/top2/institution2/tenjitooutline/,venue-details.csv;venue-operations.csv,DETAIL-042;OP-018:operations_source_url,200,reachable,https://www.oki-conven.jp/top2/institution2/tenjitooutline/,text/html; charset=UTF-8,2026-08-09T02:15:27.140Z,
https://www.onikuru.jp/rental/list/,candidate-venues.csv;venue-details.csv,CAND-910;DETAIL-4815;DETAIL-4816;DETAIL-4817;DETAIL-4818;DETAIL-4819;DETAIL-4820;DETAIL-4821;DETAIL-4822;DETAIL-4823;DETAIL-4824;DETAIL-4825;DETAIL-4826;DETAIL-4827;DETAIL-4828;DETAIL-4829;DETAIL-4830;DETAIL-4831;DETAIL-4832;DETAIL-4833;DETAIL-4834;DETAIL-4835;DETAIL-4836,206,reachable,https://www.onikuru.jp/rental/list/,text/html; charset=UTF-8,2026-08-09T02:15:27.140Z,
https://www.opam.jp/info/lending_facility.html,candidate-venues.csv;venue-details.csv,CAND-1079;DETAIL-6480;DETAIL-6481;DETAIL-6482;DETAIL-6483;DETAIL-6484,200,reachable,https://www.opam.jp/info/lending_facility.html,text/html; charset=UTF-8,2026-08-09T02:15:27.140Z,
https://www.orixtheater.jp/information/price/,candidate-venues.csv;price-observations.csv;venue-details.csv,CAND-153;DETAIL-239;PRICE-381,200,reachable,https://www.orixtheater.jp/information/price/,text/html; charset=UTF-8,2026-08-09T02:15:27.140Z,
https://www.osaka-johall.com/access/,venue-operations.csv,OP-071:access_source_url,200,reachable,https://www.osaka-johall.com/access/,text/html; charset=UTF-8,2026-08-09T02:15:27.140Z,
https://www.osaka-johall.com/english/,venue-details.csv,DETAIL-145,200,reachable,https://www.osaka-johall.com/english/,text/html; charset=UTF-8,2026-08-09T02:15:27.140Z,
https://www.osaka-johall.com/organizer/arena/,candidate-venues.csv;venue-operations.csv,CAND-085;OP-071:booking_source_url;OP-071:operations_source_url,200,reachable,https://www.osaka-johall.com/organizer/arena/,text/html; charset=UTF-8,2026-08-09T02:15:27.140Z,
https://www.osaka-johall.com/organizer/download/data/price_arena.pdf,price-observations.csv,PRICE-342;PRICE-343;PRICE-344;PRICE-345,206,reachable,https://www.osaka-johall.com/organizer/download/data/price_arena.pdf,application/pdf,2026-08-09T02:15:27.140Z,
https://www.osakacommunity.jp/higashinari-center/floor/,candidate-venues.csv;venue-details.csv,CAND-059;DETAIL-101,200,reachable,https://www.osakacommunity.jp/higashinari-center/floor/,text/html; charset=UTF-8,2026-08-09T02:15:27.140Z,
https://www.osakacommunity.jp/higashinari-center/guide/fee/,price-observations.csv,PRICE-278;PRICE-279;PRICE-280;PRICE-281,200,reachable,https://www.osakacommunity.jp/higashinari-center/guide/fee/,text/html; charset=UTF-8,2026-08-09T02:15:27.140Z,
https://www.osakacommunity.jp/kita-center/facility/,venue-operations.csv,OP-023:access_source_url,200,reachable,https://www.osakacommunity.jp/kita-center/facility/,text/html; charset=UTF-8,2026-08-09T02:15:27.140Z,
https://www.osakacommunity.jp/kita-center/guide/fee/,candidate-venues.csv;price-observations.csv;venue-details.csv;venue-operations.csv,CAND-052;DETAIL-050;OP-023:operations_source_url;PRICE-127;PRICE-128;PRICE-129;PRICE-130,200,reachable,https://www.osakacommunity.jp/kita-center/guide/fee/,text/html; charset=UTF-8,2026-08-09T02:15:27.140Z,
https://www.osakacommunity.jp/kita-center/guide/flow/,venue-operations.csv,OP-023:booking_source_url,200,reachable,https://www.osakacommunity.jp/kita-center/guide/flow/,text/html; charset=UTF-8,2026-08-09T02:15:27.140Z,
https://www.osakacommunity.jp/nishinari-center/floor/,candidate-venues.csv;venue-details.csv,CAND-060;DETAIL-102,200,reachable,https://www.osakacommunity.jp/nishinari-center/floor/,text/html; charset=UTF-8,2026-08-09T02:15:27.140Z,
https://www.osakacommunity.jp/nishinari-center/guide/fee/,price-observations.csv,PRICE-282;PRICE-283;PRICE-284;PRICE-285,200,reachable,https://www.osakacommunity.jp/nishinari-center/guide/fee/,text/html; charset=UTF-8,2026-08-09T02:15:27.140Z,
https://www.ota.esforta.jp/access/,venue-operations.csv,OP-107:access_source_url;OP-218:access_source_url,200,reachable,https://www.ota.esforta.jp/access/,text/html; charset=UTF-8,2026-08-09T02:15:27.140Z,
https://www.ota.esforta.jp/facility/,price-observations.csv;venue-details.csv,DETAIL-395;DETAIL-396;DETAIL-397;DETAIL-398;DETAIL-399;DETAIL-400;DETAIL-401;DETAIL-402;DETAIL-403;PRICE-1681;PRICE-1682,200,reachable,https://www.ota.esforta.jp/facility/,text/html; charset=UTF-8,2026-08-09T02:15:27.140Z,
https://www.ota.esforta.jp/facility/mainarena/,candidate-venues.csv;venue-details.csv,CAND-196;DETAIL-284,200,reachable,https://www.ota.esforta.jp/facility/mainarena/,text/html; charset=UTF-8,2026-08-09T02:15:27.140Z,
https://www.ota.esforta.jp/guide/,price-observations.csv;venue-operations.csv,OP-107:booking_source_url;OP-107:operations_source_url;OP-218:booking_source_url;OP-218:operations_source_url;PRICE-1492;PRICE-1493;PRICE-1494;PRICE-1495;PRICE-1496;PRICE-1497;PRICE-1498;PRICE-1499;PRICE-1500;PRICE-1501;PRICE-1502;PRICE-1503;PRICE-1504;PRICE-1505;PRICE-1506;PRICE-1507;PRICE-1508;PRICE-1509;PRICE-1510;PRICE-1511;PRICE-1512;PRICE-1513;PRICE-1514;PRICE-1515;PRICE-1516;PRICE-1517;PRICE-1518;PRICE-1519;PRICE-1520;PRICE-1521;PRICE-1522;PRICE-1523;PRICE-1524;PRICE-1525;PRICE-1526;PRICE-1527;PRICE-1528;PRICE-1529;PRICE-1530;PRICE-1531;PRICE-1532;PRICE-1533;PRICE-1534;PRICE-1535;PRICE-1536;PRICE-1537;PRICE-1538;PRICE-1539;PRICE-1540;PRICE-1541;PRICE-1542;PRICE-1543;PRICE-1544;PRICE-1545;PRICE-1546;PRICE-1547;PRICE-1548;PRICE-1549;PRICE-1550;PRICE-1551;PRICE-1552;PRICE-1553;PRICE-1554;PRICE-1555;PRICE-1556;PRICE-1557;PRICE-1558;PRICE-1559;PRICE-1560;PRICE-1561;PRICE-1562;PRICE-1563;PRICE-1564;PRICE-1565;PRICE-1566;PRICE-1567;PRICE-1568;PRICE-1569;PRICE-1570;PRICE-1571;PRICE-1572;PRICE-1573;PRICE-1574;PRICE-1575;PRICE-1576;PRICE-1577;PRICE-1578;PRICE-1579;PRICE-1580;PRICE-1581;PRICE-1582;PRICE-1583;PRICE-1584;PRICE-1585;PRICE-1586;PRICE-1587;PRICE-1588;PRICE-1589;PRICE-1590;PRICE-1591;PRICE-1592;PRICE-1593;PRICE-1594;PRICE-1595;PRICE-1596;PRICE-1597;PRICE-1598;PRICE-1599;PRICE-1600;PRICE-1601;PRICE-1602;PRICE-1603;PRICE-1604;PRICE-1605;PRICE-1606;PRICE-1607;PRICE-1608;PRICE-1609;PRICE-1610;PRICE-1611;PRICE-1612;PRICE-1613;PRICE-1614;PRICE-1615;PRICE-1616;PRICE-1617;PRICE-1618;PRICE-1619;PRICE-1620;PRICE-1621;PRICE-1622;PRICE-1623;PRICE-1624;PRICE-1625;PRICE-1626;PRICE-1627;PRICE-1628;PRICE-1629;PRICE-1630;PRICE-1631;PRICE-1632;PRICE-1633;PRICE-1634;PRICE-1635;PRICE-1636;PRICE-1637;PRICE-1638;PRICE-1639;PRICE-1640;PRICE-1641;PRICE-1642;PRICE-1643;PRICE-1644;PRICE-1645;PRICE-1646;PRICE-1647;PRICE-1648;PRICE-1649;PRICE-1650;PRICE-1651;PRICE-1652;PRICE-1653;PRICE-1654;PRICE-1655;PRICE-1656;PRICE-1657;PRICE-1658;PRICE-1659;PRICE-1660;PRICE-1661;PRICE-1662;PRICE-1663;PRICE-1664;PRICE-1665;PRICE-1666;PRICE-1667;PRICE-1668;PRICE-1669;PRICE-1670;PRICE-1671;PRICE-1672;PRICE-1673;PRICE-1674;PRICE-1675;PRICE-1676;PRICE-1677;PRICE-1678;PRICE-1679;PRICE-1680;PRICE-400,200,reachable,https://www.ota.esforta.jp/guide/,text/html; charset=UTF-8,2026-08-09T02:15:27.140Z,
https://www.otacivichall.net/facility/,candidate-venues.csv;venue-details.csv,CAND-441;DETAIL-1199;DETAIL-1200;DETAIL-1201,200,reachable,https://www.otacivichall.net/facility/,text/html; charset=UTF-8,2026-08-09T02:15:27.140Z,
https://www.otacivichall.net/facility/hall/,venue-details.csv,DETAIL-1191;DETAIL-1192;DETAIL-1193;DETAIL-1194;DETAIL-1195;DETAIL-1196;DETAIL-1197;DETAIL-1198,200,reachable,https://www.otacivichall.net/facility/hall/,text/html; charset=UTF-8,2026-08-09T02:15:27.140Z,
https://www.otarushiminkaikan.jp/shimin/,candidate-venues.csv;venue-details.csv,CAND-552;DETAIL-2038;DETAIL-2039;DETAIL-2040;DETAIL-2041;DETAIL-2042,200,reachable,https://www.otarushiminkaikan.jp/shimin/,text/html; charset=UTF-8,2026-08-09T02:15:27.140Z,
https://www.ounoyama.jp/access/,venue-operations.csv,OP-141:access_source_url,200,reachable,https://www.ounoyama.jp/access/,text/html; charset=UTF-8,2026-08-09T02:15:27.140Z,
https://www.ounoyama.jp/each-facility-guidance/budokan/arena/,candidate-venues.csv;price-observations.csv;venue-details.csv,CAND-230;DETAIL-318;PRICE-465;PRICE-466;PRICE-467;PRICE-468,200,reachable,https://www.ounoyama.jp/each-facility-guidance/budokan/arena/,text/html; charset=UTF-8,2026-08-09T02:15:27.140Z,
https://www.ounoyama.jp/facilities-use/borrowing-application-procedures/,venue-operations.csv,OP-141:booking_source_url;OP-141:operations_source_url,200,reachable,https://www.ounoyama.jp/facilities-use/borrowing-application-procedures/,text/html; charset=UTF-8,2026-08-09T02:15:27.140Z,
https://www.oyama-shiteikanri.jp/facilities/hall.php,candidate-venues.csv;venue-details.csv,CAND-1052;DETAIL-6143;DETAIL-6144;DETAIL-6145;DETAIL-6146;DETAIL-6147;DETAIL-6148;DETAIL-6149;DETAIL-6150;DETAIL-6151;DETAIL-6152;DETAIL-6153;DETAIL-6154;DETAIL-6155;DETAIL-6156;DETAIL-6157;DETAIL-6158,200,reachable,https://www.oyama-shiteikanri.jp/facilities/hall.php,text/html; charset=UTF-8,2026-08-09T02:15:27.140Z,
https://www.pacifico.co.jp/english/access,venue-operations.csv,OP-011:access_source_url,200,reachable,https://www.pacifico.co.jp/english/access,text/html;charset=utf-8,2026-08-09T02:15:27.140Z,
https://www.pcf.city.hiroshima.jp/icch/location.html,venue-operations.csv,OP-197:access_source_url,206,reachable,https://www.pcf.city.hiroshima.jp/icch/location.html,text/html,2026-08-09T02:15:27.140Z,
https://www.pcf.city.hiroshima.jp/icch/pdf/usage-guide_phoenix-hall.pdf,venue-operations.csv,OP-197:operations_source_url,206,reachable,https://www.pcf.city.hiroshima.jp/icch/pdf/usage-guide_phoenix-hall.pdf,application/pdf,2026-08-09T02:15:27.140Z,
https://www.pcf.city.hiroshima.jp/icch/phoenix.html,candidate-venues.csv;venue-details.csv,CAND-171;DETAIL-257,206,reachable,https://www.pcf.city.hiroshima.jp/icch/phoenix.html,text/html,2026-08-09T02:15:27.140Z,
https://www.pcf.city.hiroshima.jp/icch/procedure_p_01.html,venue-operations.csv,OP-197:booking_source_url,206,reachable,https://www.pcf.city.hiroshima.jp/icch/procedure_p_01.html,text/html,2026-08-09T02:15:27.140Z,
https://www.pomplazahall.jp/pom.html,candidate-venues.csv;venue-details.csv,CAND-067;DETAIL-109,206,reachable,https://www.pomplazahall.jp/pom.html,text/html,2026-08-09T02:15:27.140Z,
https://www.pref.fukui.lg.jp/doc/undoukouen/taiikukan_d/fil/FukuiPrefGym_ryoukinhyo.pdf,price-observations.csv,PRICE-1107;PRICE-1108;PRICE-1109;PRICE-1110;PRICE-1111;PRICE-1112;PRICE-1113;PRICE-1114;PRICE-1115;PRICE-1116;PRICE-1117;PRICE-1118;PRICE-1119;PRICE-1120;PRICE-1121;PRICE-1122;PRICE-1123;PRICE-1124;PRICE-1125;PRICE-1126;PRICE-1127;PRICE-1128;PRICE-1129;PRICE-1130;PRICE-1131;PRICE-1132;PRICE-1133;PRICE-1134;PRICE-1135;PRICE-1136;PRICE-1137;PRICE-1138;PRICE-1139;PRICE-1140;PRICE-1141;PRICE-1142;PRICE-1143;PRICE-1144;PRICE-1145;PRICE-1146;PRICE-1147;PRICE-1148;PRICE-1149;PRICE-1150;PRICE-1151;PRICE-1152;PRICE-1153;PRICE-1154;PRICE-1155;PRICE-1156,206,reachable,https://www.pref.fukui.lg.jp/doc/undoukouen/taiikukan_d/fil/FukuiPrefGym_ryoukinhyo.pdf,application/pdf,2026-08-09T02:15:27.140Z,
https://www.pref.fukui.lg.jp/doc/undoukouen/taiikukan.html,candidate-venues.csv;venue-details.csv;venue-operations.csv,CAND-078;DETAIL-132;DETAIL-133;DETAIL-361;DETAIL-362;DETAIL-363;DETAIL-364;OP-064:access_source_url;OP-064:booking_source_url;OP-064:operations_source_url,206,reachable,https://www.pref.fukui.lg.jp/doc/undoukouen/taiikukan.html,text/html,2026-08-09T02:15:27.140Z,
https://www.pref.fukui.lg.jp/jyoureikisoku/H407901010004/H407901010004_j.html,candidate-venues.csv;price-observations.csv;venue-details.csv,CAND-1118;DETAIL-6999;DETAIL-7000;DETAIL-7001;DETAIL-7002;DETAIL-7003;DETAIL-7004;DETAIL-7005;DETAIL-7006;DETAIL-7007;DETAIL-7008;DETAIL-7009;DETAIL-7010;DETAIL-7011;DETAIL-7012;DETAIL-7013;DETAIL-7014;DETAIL-7015;DETAIL-7016;DETAIL-7017;DETAIL-7018;DETAIL-7019;DETAIL-7020;DETAIL-7021;DETAIL-7022;DETAIL-7023;DETAIL-7024;DETAIL-7025;DETAIL-7026;DETAIL-7027;DETAIL-7028;PRICE-2882;PRICE-2883,404,client_error,https://www.pref.fukui.lg.jp/jyoureikisoku/H407901010004/H407901010004_j.html,text/html,2026-08-09T02:15:27.140Z,
https://www.pref.fukushima.lg.jp/sec/41410a/21kensetukansyoukai.html,candidate-venues.csv;venue-details.csv,CAND-1010;DETAIL-5664;DETAIL-5665;DETAIL-5666,206,reachable,https://www.pref.fukushima.lg.jp/sec/41410a/21kensetukansyoukai.html,text/html,2026-08-09T02:15:27.140Z,
https://www.pref.fukushima.lg.jp/site/fukunou-centre/kaigi-riyou.html,candidate-venues.csv;venue-details.csv,CAND-1006;DETAIL-5638;DETAIL-5639,206,reachable,https://www.pref.fukushima.lg.jp/site/fukunou-centre/kaigi-riyou.html,text/html,2026-08-09T02:15:27.140Z,
https://www.pref.gunma.jp/page/22142.html,candidate-venues.csv;venue-details.csv,CAND-193;DETAIL-281,206,reachable,https://www.pref.gunma.jp/page/22142.html,text/html; charset=UTF-8,2026-08-09T02:15:27.140Z,
https://www.pref.gunma.jp/page/3801.html,venue-details.csv,DETAIL-5782,206,reachable,https://www.pref.gunma.jp/page/3801.html,text/html; charset=UTF-8,2026-08-09T02:15:27.140Z,
https://www.pref.ishikawa.lg.jp/tenjikan/,candidate-venues.csv,CAND-032,206,reachable,https://www.pref.ishikawa.lg.jp/tenjikan/,text/html,2026-08-09T02:15:27.140Z,
https://www.pref.ishikawa.lg.jp/tenjikan/gaiyou.html,venue-operations.csv,OP-048:access_source_url,206,reachable,https://www.pref.ishikawa.lg.jp/tenjikan/gaiyou.html,text/html,2026-08-09T02:15:27.140Z,
https://www.pref.kagoshima.jp/shisetsu/fukushi/004.html,candidate-venues.csv;venue-details.csv,CAND-959;DETAIL-5272;DETAIL-5273;DETAIL-5274;DETAIL-5275;DETAIL-5276;DETAIL-5277;DETAIL-5278,206,reachable,https://www.pref.kagoshima.jp/shisetsu/fukushi/004.html,text/html,2026-08-09T02:15:27.140Z,
https://www.pref.kagoshima.jp/suisuinavi/24936.html,candidate-venues.csv;venue-details.csv,CAND-591;DETAIL-2347;DETAIL-2348;DETAIL-2349;DETAIL-2350;DETAIL-2351;DETAIL-2352;DETAIL-2353;DETAIL-2354;DETAIL-2355;DETAIL-2356,206,reachable,https://www.pref.kagoshima.jp/suisuinavi/24936.html,text/html,2026-08-09T02:15:27.140Z,
https://www.pref.kochi.lg.jp/doc/npo-katudoubasho2015/file_contents/file_20234263133126_1.pdf,candidate-venues.csv;venue-details.csv,CAND-968;DETAIL-5329;DETAIL-5330;DETAIL-5331;DETAIL-5332,206,reachable,https://www.pref.kochi.lg.jp/doc/npo-katudoubasho2015/file_contents/file_20234263133126_1.pdf,application/pdf,2026-08-09T02:15:27.140Z,
https://www.pref.kochi.lg.jp/doc/npo-katudoubasho2015/file_contents/file_20234263133345_1.pdf,candidate-venues.csv;venue-details.csv,CAND-969;DETAIL-5333;DETAIL-5334;DETAIL-5335;DETAIL-5336;DETAIL-5337;DETAIL-5338;DETAIL-5339,206,reachable,https://www.pref.kochi.lg.jp/doc/npo-katudoubasho2015/file_contents/file_20234263133345_1.pdf,application/pdf,2026-08-09T02:15:27.140Z,
https://www.pref.kochi.lg.jp/doc/npo-katudoubasho2015/file_contents/file_20265273163610_1.pdf,candidate-venues.csv;venue-details.csv,CAND-971;DETAIL-5346;DETAIL-5347,206,reachable,https://www.pref.kochi.lg.jp/doc/npo-katudoubasho2015/file_contents/file_20265273163610_1.pdf,application/pdf,2026-08-09T02:15:27.140Z,
https://www.pref.kochi.lg.jp/doc/npo-katudoubasho2015/file_contents/file_20265273165613_1.pdf,candidate-venues.csv;venue-details.csv,CAND-972;DETAIL-5348;DETAIL-5349;DETAIL-5350;DETAIL-5351,206,reachable,https://www.pref.kochi.lg.jp/doc/npo-katudoubasho2015/file_contents/file_20265273165613_1.pdf,application/pdf,2026-08-09T02:15:27.140Z,
https://www.pref.nagasaki.jp/nsfinder/sougou/so_acs.html,venue-operations.csv,OP-136:access_source_url,206,reachable,https://www.pref.nagasaki.jp/nsfinder/sougou/so_acs.html,text/html,2026-08-09T02:15:27.140Z,
https://www.pref.nagasaki.jp/nsfinder/sougou/so_gai.html,candidate-venues.csv;venue-details.csv,CAND-225;DETAIL-313,206,reachable,https://www.pref.nagasaki.jp/nsfinder/sougou/so_gai.html,text/html,2026-08-09T02:15:27.140Z,
https://www.pref.nagasaki.jp/nsfinder/sougou/so_ri.html,venue-operations.csv,OP-136:booking_source_url;OP-136:operations_source_url,206,reachable,https://www.pref.nagasaki.jp/nsfinder/sougou/so_ri.html,text/html,2026-08-09T02:15:27.140Z,
https://www.pref.nagasaki.jp/nsfinder/sougou/so_ryo.html,price-observations.csv,PRICE-453;PRICE-454,206,reachable,https://www.pref.nagasaki.jp/nsfinder/sougou/so_ryo.html,text/html,2026-08-09T02:15:27.140Z,
https://www.pref.nara.jp/secure/47826/1F%20arena%20heimennzu.pdf,candidate-venues.csv;venue-details.csv,CAND-175;DETAIL-263,403,access_limited,https://www.pref.nara.jp/secure/47826/1F%20arena%20heimennzu.pdf,text/html; charset=iso-8859-1,2026-08-09T02:15:27.140Z,
https://www.pref.nara.lg.jp/n042/22928.html,candidate-venues.csv;venue-details.csv,CAND-1053;DETAIL-6159;DETAIL-6160;DETAIL-6161;DETAIL-6162;DETAIL-6163;DETAIL-6164;DETAIL-6165;DETAIL-6166;DETAIL-6167;DETAIL-6168;DETAIL-6169;DETAIL-6170;DETAIL-6171;DETAIL-6172;DETAIL-6173;DETAIL-6174;DETAIL-6175;DETAIL-6176;DETAIL-6177;DETAIL-6178;DETAIL-6179;DETAIL-6180;DETAIL-6181;DETAIL-6182;DETAIL-6183,206,reachable,https://www.pref.nara.lg.jp/n042/22928.html,text/html,2026-08-09T02:15:27.140Z,
https://www.pref.nara.lg.jp/n052/10392.html,venue-operations.csv,OP-166:operations_source_url,206,reachable,https://www.pref.nara.lg.jp/n052/10392.html,text/html,2026-08-09T02:15:27.140Z,
https://www.pref.nara.lg.jp/n052/11087.html,venue-operations.csv,OP-166:booking_source_url,206,reachable,https://www.pref.nara.lg.jp/n052/11087.html,text/html,2026-08-09T02:15:27.140Z,
https://www.pref.nara.lg.jp/n052/11166.html,price-observations.csv,PRICE-561;PRICE-562;PRICE-563;PRICE-564;PRICE-565;PRICE-566;PRICE-567,206,reachable,https://www.pref.nara.lg.jp/n052/11166.html,text/html,2026-08-09T02:15:27.140Z,
https://www.pref.nara.lg.jp/n052/11167.html,venue-operations.csv,OP-166:access_source_url,206,reachable,https://www.pref.nara.lg.jp/n052/11167.html,text/html,2026-08-09T02:15:27.140Z,
https://www.pref.okayama.jp/page/detail-79925.html,candidate-venues.csv,CAND-1155,206,reachable,https://www.pref.okayama.jp/page/detail-79925.html,text/html,2026-08-09T02:15:27.140Z,
https://www.pref.shiga.lg.jp/file/attachment/5545702.pdf,candidate-venues.csv;venue-details.csv,CAND-640;CAND-641;CAND-642;CAND-643;DETAIL-2661;DETAIL-2662;DETAIL-2663;DETAIL-2664,206,reachable,https://www.pref.shiga.lg.jp/file/attachment/5545702.pdf,application/pdf,2026-08-09T02:15:27.140Z,
https://www.pref.shiga.lg.jp/shiga-art/hall_gallery/330679.html,venue-details.csv,DETAIL-657,206,reachable,https://www.pref.shiga.lg.jp/shiga-art/hall_gallery/330679.html,text/html,2026-08-09T02:15:27.140Z,
https://www.pref.shiga.lg.jp/shiga-art/hall_gallery/330683.html,venue-details.csv,DETAIL-663,206,reachable,https://www.pref.shiga.lg.jp/shiga-art/hall_gallery/330683.html,text/html,2026-08-09T02:15:27.140Z,
https://www.pref.shimane.lg.jp/infra/toshi/koen/pref/hamashi.html,candidate-venues.csv;venue-details.csv;venue-operations.csv,CAND-120;DETAIL-198;DETAIL-199;OP-201:operations_source_url,200,reachable,https://www.pref.shimane.lg.jp/infra/toshi/koen/pref/hamashi.html,text/html; charset=UTF-8,2026-08-09T02:15:27.140Z,
https://www.pref.shimane.lg.jp/life/region/kikan/chusankan/kaigi/kaigishitsu.html,candidate-venues.csv;price-observations.csv;venue-details.csv,CAND-880;DETAIL-4424;DETAIL-4425;DETAIL-4426;DETAIL-4427;DETAIL-4428;PRICE-2826;PRICE-2827;PRICE-2828;PRICE-2829;PRICE-2830,200,reachable,https://www.pref.shimane.lg.jp/life/region/kikan/chusankan/kaigi/kaigishitsu.html,text/html; charset=UTF-8,2026-08-09T02:15:27.140Z,
https://www.pref.tochigi.lg.jp/b03/pref/gyoukaku/tochigigyoukaku/documents/20251224091710.pdf,venue-details.csv,DETAIL-269,404,client_error,https://www.pref.tochigi.lg.jp/b03/pref/gyoukaku/tochigigyoukaku/documents/20251224091710.pdf,text/html,2026-08-09T02:15:27.140Z,
https://www.pref.tochigi.lg.jp/c09/education/sports/shisetsu/documents/sisetuitirantaiikukan.pdf,venue-details.csv,DETAIL-280,404,client_error,https://www.pref.tochigi.lg.jp/c09/education/sports/shisetsu/documents/sisetuitirantaiikukan.pdf,text/html,2026-08-09T02:15:27.140Z,
https://www.pref.tochigi.lg.jp/c09/pfi/index.html,candidate-venues.csv,CAND-181,206,reachable,https://www.pref.tochigi.lg.jp/c09/pfi/index.html,text/html,2026-08-09T02:15:27.140Z,
https://www.pref.tochigi.lg.jp/culture/shisetsu/042.html,venue-details.csv,DETAIL-793,404,client_error,https://www.pref.tochigi.lg.jp/culture/shisetsu/042.html,text/html,2026-08-09T02:15:27.140Z,
https://www.pref.yamagata.jp/documents/3374/11.pdf,candidate-venues.csv;venue-details.csv,CAND-281;DETAIL-584,206,reachable,https://www.pref.yamagata.jp/documents/3374/11.pdf,application/pdf,2026-08-09T02:15:27.140Z,
https://www.pref.yamanashi.jp/documents/28442/r8zentaiban.pdf,venue-details.csv,DETAIL-6099,206,reachable,https://www.pref.yamanashi.jp/documents/28442/r8zentaiban.pdf,application/pdf,2026-08-09T02:15:27.140Z,
https://www.pref.yamanashi.jp/shisetsu/shougai-gks/shakaikyo_c.html,venue-details.csv,DETAIL-6094;DETAIL-6096,206,reachable,https://www.pref.yamanashi.jp/shisetsu/shougai-gks/shakaikyo_c.html,text/html,2026-08-09T02:15:27.140Z,
https://www.pref.yamanashi.jp/shisetsu/shouko-kik/messe.html,candidate-venues.csv,CAND-033,206,reachable,https://www.pref.yamanashi.jp/shisetsu/shouko-kik/messe.html,text/html,2026-08-09T02:15:27.140Z,
https://www.pref.yamanashi.jp/shougai-gks/seishounensenta/siteikanrishaboshu.html,candidate-venues.csv;venue-details.csv,CAND-1046;DETAIL-6088;DETAIL-6089;DETAIL-6090;DETAIL-6091;DETAIL-6092;DETAIL-6093;DETAIL-6095;DETAIL-6097;DETAIL-6098;DETAIL-6100;DETAIL-6101,206,reachable,https://www.pref.yamanashi.jp/shougai-gks/seishounensenta/siteikanrishaboshu.html,text/html,2026-08-09T02:15:27.140Z,
https://www.pulseplaza.jp/access/,venue-operations.csv,OP-101:access_source_url,403,access_limited,https://www.pulseplaza.jp/access/,text/html; charset=iso-8859-1,2026-08-09T02:15:27.140Z,
https://www.pulseplaza.jp/floor/,candidate-venues.csv;venue-details.csv,CAND-134;DETAIL-217,200,reachable,https://www.pulseplaza.jp/floor/,text/html; charset=Shift_JIS,2026-08-09T02:15:27.140Z,
https://www.pulseplaza.jp/guide/,venue-operations.csv,OP-101:booking_source_url;OP-101:operations_source_url,200,reachable,https://www.pulseplaza.jp/guide/,text/html; charset=Shift_JIS,2026-08-09T02:15:27.140Z,
https://www.pulseplaza.jp/guide/ratesim.html,price-observations.csv,PRICE-371,200,reachable,https://www.pulseplaza.jp/guide/ratesim.html,text/html; charset=Shift_JIS,2026-08-09T02:15:27.140Z,
https://www.raisin.or.jp/facility/,candidate-venues.csv;venue-details.csv,CAND-741;DETAIL-3323;DETAIL-3324;DETAIL-3325;DETAIL-3326,200,reachable,https://www.raisin.or.jp/facility/,text/html; charset=UTF-8,2026-08-09T02:15:27.140Z,
https://www.renaissa-nagato.jp/facility,candidate-venues.csv;venue-details.csv,CAND-1068;DETAIL-6392;DETAIL-6401;DETAIL-6402;DETAIL-6403,200,reachable,https://www.renaissa-nagato.jp/facility,text/html; charset=UTF-8,2026-08-09T02:15:27.140Z,
https://www.renaissa-nagato.jp/facility/hall,venue-details.csv,DETAIL-6393;DETAIL-6394;DETAIL-6395;DETAIL-6396;DETAIL-6397;DETAIL-6398;DETAIL-6399;DETAIL-6400,200,reachable,https://www.renaissa-nagato.jp/facility/hall,text/html; charset=UTF-8,2026-08-09T02:15:27.140Z,
https://www.rmc.ne.jp/watamukihall/company.html,candidate-venues.csv;venue-details.csv,CAND-867;DETAIL-4320;DETAIL-4321;DETAIL-4322;DETAIL-4323;DETAIL-4324;DETAIL-4325;DETAIL-4326;DETAIL-4327;DETAIL-4328;DETAIL-4329;DETAIL-4330,206,reachable,https://www.rmc.ne.jp/watamukihall/company.html,text/html,2026-08-09T02:15:27.140Z,
https://www.runekodaira.jp/detail/t00025.html,venue-details.csv,DETAIL-6856;DETAIL-6857;DETAIL-6858;DETAIL-6859;DETAIL-6860,206,reachable,https://www.runekodaira.jp/detail/t00025.html,text/html,2026-08-09T02:15:27.140Z,
https://www.runekodaira.jp/detail/t00026.html,venue-details.csv,DETAIL-6861,206,reachable,https://www.runekodaira.jp/detail/t00026.html,text/html,2026-08-09T02:15:27.140Z,
https://www.runekodaira.jp/detail/t00027.html,venue-details.csv,DETAIL-6862;DETAIL-6863;DETAIL-6864;DETAIL-6865;DETAIL-6866;DETAIL-6867,206,reachable,https://www.runekodaira.jp/detail/t00027.html,text/html,2026-08-09T02:15:27.140Z,
https://www.ryubun.org/%E6%96%BD%E8%A8%AD%E6%A1%88%E5%86%85-https-www-ryubun-org-%E6%96%BD%E8%A8%AD%E6%A1%88%E5%86%85-%E6%96%BD%E8%A8%AD%E6%A6%82%E8%A6%81/%E6%96%BD%E8%A8%AD%E6%A6%82%E8%A6%81/,candidate-venues.csv;venue-details.csv,CAND-437;DETAIL-1165;DETAIL-1166;DETAIL-1167;DETAIL-1168;DETAIL-1169;DETAIL-1170;DETAIL-1171;DETAIL-1172,200,reachable,https://www.ryubun.org/%E6%96%BD%E8%A8%AD%E6%A1%88%E5%86%85-https-www-ryubun-org-%E6%96%BD%E8%A8%AD%E6%A1%88%E5%86%85-%E6%96%BD%E8%A8%AD%E6%A6%82%E8%A6%81/%E6%96%BD%E8%A8%AD%E6%A6%82%E8%A6%81/,text/html; charset=UTF-8,2026-08-09T02:15:27.140Z,
https://www.ryutopia.or.jp/information/facility/studio-gallery/,candidate-venues.csv;venue-details.csv;venue-operations.csv,CAND-069;DETAIL-111;OP-051:operations_source_url,200,reachable,https://www.ryutopia.or.jp/information/facility/studio-gallery/,text/html; charset=UTF-8,2026-08-09T02:15:27.140Z,
https://www.ryutopia.or.jp/rent/,venue-operations.csv,OP-051:booking_source_url,200,reachable,https://www.ryutopia.or.jp/rent/,text/html; charset=UTF-8,2026-08-09T02:15:27.140Z,
https://www.ryutopia.or.jp/rent/price/,price-observations.csv,PRICE-297,200,reachable,https://www.ryutopia.or.jp/rent/price/,text/html; charset=UTF-8,2026-08-09T02:15:27.140Z,
https://www.ryutopia.or.jp/traffic/access/,venue-operations.csv,OP-051:access_source_url,200,reachable,https://www.ryutopia.or.jp/traffic/access/,text/html; charset=UTF-8,2026-08-09T02:15:27.140Z,
https://www.s-bunsan.jp/facility/floor,candidate-venues.csv,CAND-1125,206,reachable,https://www.s-bunsan.jp/facility/floor,text/html; charset=UTF-8,2026-08-09T02:15:27.140Z,
https://www.s-bunsan.jp/facility/hall,venue-details.csv,DETAIL-7162,206,reachable,https://www.s-bunsan.jp/facility/hall,text/html; charset=UTF-8,2026-08-09T02:15:27.140Z,
https://www.s-bunsan.jp/facility/meeting,venue-details.csv,DETAIL-7166;DETAIL-7167;DETAIL-7168;DETAIL-7169;DETAIL-7170,206,reachable,https://www.s-bunsan.jp/facility/meeting,text/html; charset=UTF-8,2026-08-09T02:15:27.140Z,
https://www.s-bunsan.jp/facility/practice,venue-details.csv,DETAIL-7164;DETAIL-7165,206,reachable,https://www.s-bunsan.jp/facility/practice,text/html; charset=UTF-8,2026-08-09T02:15:27.140Z,
https://www.s-bunsan.jp/facility/theater,venue-details.csv,DETAIL-7163,206,reachable,https://www.s-bunsan.jp/facility/theater,text/html; charset=UTF-8,2026-08-09T02:15:27.140Z,
https://www.s-tette.jp/about/005793.html,candidate-venues.csv,CAND-436,206,reachable,https://www.s-tette.jp/about/005793.html,text/html; charset=UTF-8,2026-08-09T02:15:27.140Z,
https://www.saf.or.jp/arthall/facilities/,venue-details.csv,DETAIL-5792;DETAIL-5793;DETAIL-5794;DETAIL-5795;DETAIL-5796;DETAIL-5797;DETAIL-5798;DETAIL-5799;DETAIL-5800;DETAIL-5801;DETAIL-5802;DETAIL-5803;DETAIL-5804;DETAIL-5805;DETAIL-5806;DETAIL-5807,200,reachable,https://www.saf.or.jp/arthall/facilities/,text/html; charset=UTF-8,2026-08-09T02:15:27.140Z,
https://www.saf.or.jp/arthall/guide/,candidate-venues.csv,CAND-1023,200,reachable,https://www.saf.or.jp/arthall/guide/,text/html; charset=UTF-8,2026-08-09T02:15:27.140Z,
https://www.saf.or.jp/saitama/facilities/conference_room/,venue-details.csv,DETAIL-5837;DETAIL-5838;DETAIL-5839;DETAIL-5840;DETAIL-5841;DETAIL-5842;DETAIL-5843;DETAIL-5844;DETAIL-5845;DETAIL-5846;DETAIL-5847;DETAIL-5848;DETAIL-5849;DETAIL-5850;DETAIL-5851;DETAIL-5852;DETAIL-5853;DETAIL-5854,200,reachable,https://www.saf.or.jp/saitama/facilities/conference_room/,text/html; charset=UTF-8,2026-08-09T02:15:27.140Z,
https://www.saf.or.jp/saitama/facilities/main_hall/,venue-details.csv,DETAIL-5827;DETAIL-5828;DETAIL-5829;DETAIL-5830;DETAIL-5831;DETAIL-5832,200,reachable,https://www.saf.or.jp/saitama/facilities/main_hall/,text/html; charset=UTF-8,2026-08-09T02:15:27.140Z,
https://www.saf.or.jp/saitama/facilities/small_hall/,venue-details.csv,DETAIL-5833;DETAIL-5834;DETAIL-5835;DETAIL-5836,200,reachable,https://www.saf.or.jp/saitama/facilities/small_hall/,text/html; charset=UTF-8,2026-08-09T02:15:27.140Z,
https://www.saf.or.jp/saitama/rental/,candidate-venues.csv,CAND-1027,200,reachable,https://www.saf.or.jp/saitama/rental/,text/html; charset=UTF-8,2026-08-09T02:15:27.140Z,
https://www.saitama-arena.co.jp/access/train.html,venue-operations.csv,OP-073:access_source_url,206,reachable,https://www.saitama-arena.co.jp/access/train.html,text/html; charset=UTF-8,2026-08-09T02:15:27.140Z,
https://www.saitama-arena.co.jp/business/,candidate-venues.csv,CAND-087,200,reachable,https://www.saitama-arena.co.jp/business/,text/html; charset=UTF-8,2026-08-09T02:15:27.140Z,
https://www.saitama-arena.co.jp/business/layout_sizes/layout_sizes_comu_arena/,venue-details.csv,DETAIL-150,200,reachable,https://www.saitama-arena.co.jp/business/layout_sizes/layout_sizes_comu_arena/,text/html; charset=UTF-8,2026-08-09T02:15:27.140Z,
https://www.saitama-arena.co.jp/business/layout_sizes/layout_sizes_main_arena/,venue-details.csv,DETAIL-149,200,reachable,https://www.saitama-arena.co.jp/business/layout_sizes/layout_sizes_main_arena/,text/html; charset=UTF-8,2026-08-09T02:15:27.140Z,
https://www.saitama-arena.co.jp/business/layout_sizes/layout_sizes_stadium/,venue-details.csv,DETAIL-148,200,reachable,https://www.saitama-arena.co.jp/business/layout_sizes/layout_sizes_stadium/,text/html; charset=UTF-8,2026-08-09T02:15:27.140Z,
https://www.saitama-arena.co.jp/business/layout_sizes/well_supported_facilities/,venue-operations.csv,OP-073:operations_source_url,200,reachable,https://www.saitama-arena.co.jp/business/layout_sizes/well_supported_facilities/,text/html; charset=UTF-8,2026-08-09T02:15:27.140Z,
https://www.saitama-arena.co.jp/business/outlook_of_use/pdf/arena-fee.pdf,price-observations.csv,PRICE-346,206,reachable,https://www.saitama-arena.co.jp/business/outlook_of_use/pdf/arena-fee.pdf,application/pdf,2026-08-09T02:15:27.140Z,
https://www.saitama-arena.co.jp/business/outlook_of_use/pdf/terms.pdf,venue-operations.csv,OP-073:booking_source_url,206,reachable,https://www.saitama-arena.co.jp/business/outlook_of_use/pdf/terms.pdf,application/pdf,2026-08-09T02:15:27.140Z,
https://www.sakira-ritto.net/,candidate-venues.csv,CAND-313,200,reachable,https://www.sakira-ritto.net/,text/html; charset=UTF-8,2026-08-09T02:15:27.140Z,
https://www.sakira-ritto.net/about/hall_big/,venue-details.csv,DETAIL-654,200,reachable,https://www.sakira-ritto.net/about/hall_big/,text/html; charset=UTF-8,2026-08-09T02:15:27.140Z,
https://www.sakira-ritto.net/about/hall_middle/,venue-details.csv,DETAIL-655,200,reachable,https://www.sakira-ritto.net/about/hall_middle/,text/html; charset=UTF-8,2026-08-09T02:15:27.140Z,
https://www.sakira-ritto.net/about/hall_small/,venue-details.csv,DETAIL-656,200,reachable,https://www.sakira-ritto.net/about/hall_small/,text/html; charset=UTF-8,2026-08-09T02:15:27.140Z,
https://www.sakurahall.jp/use/gaiyou/,venue-details.csv,DETAIL-570,200,reachable,https://www.sakurahall.jp/use/gaiyou/,text/html; charset=UTF-8,2026-08-09T02:15:27.140Z,
https://www.sakuramate.jp/facility/,candidate-venues.csv;venue-details.csv,CAND-297;DETAIL-618;DETAIL-619,200,reachable,https://www.sakuramate.jp/facility/,text/html; charset=UTF-8,2026-08-09T02:15:27.140Z,
https://www.sano-culture.jp/actplaza/hall_big/,candidate-venues.csv;venue-details.csv,CAND-348;DETAIL-791;DETAIL-792,200,reachable,https://www.sano-culture.jp/actplaza/hall_big/,text/html; charset=UTF-8,2026-08-09T02:15:27.140Z,
https://www.sapporo-community-plaza.jp/scarts_culturalfacility.html?num=782,candidate-venues.csv;venue-details.csv,CAND-063;DETAIL-105,200,reachable,https://www.sapporo-community-plaza.jp/scarts_culturalfacility.html?num=782,text/html; charset=UTF-8,2026-08-09T02:15:27.140Z,
https://www.sapporo-dome.co.jp/dome/,candidate-venues.csv;venue-details.csv;venue-operations.csv,CAND-105;DETAIL-174;OP-086:access_source_url,200,reachable,https://www.sapporo-dome.co.jp/dome/,text/html; charset=UTF-8,2026-08-09T02:15:27.140Z,
https://www.sapporo-dome.co.jp/event-prom/event/,price-observations.csv;venue-operations.csv,OP-086:booking_source_url;OP-086:operations_source_url;PRICE-355,200,reachable,https://www.sapporo-dome.co.jp/event-prom/event/,text/html; charset=UTF-8,2026-08-09T02:15:27.140Z,
https://www.sapporo-sport.jp/chuo-g/price/,price-observations.csv;venue-operations.csv,OP-154:operations_source_url;PRICE-375;PRICE-512;PRICE-513;PRICE-514;PRICE-515,200,reachable,https://www.sapporo-sport.jp/chuo-g/price/,text/html; charset=UTF-8,2026-08-09T02:15:27.140Z,
https://www.sapporo-sport.jp/tsudome/exclusive/,venue-operations.csv,OP-087:booking_source_url,200,reachable,https://www.sapporo-sport.jp/tsudome/exclusive/,text/html; charset=UTF-8,2026-08-09T02:15:27.140Z,
https://www.sapporo-sport.jp/tsudome/floorguide/,venue-details.csv,DETAIL-175,200,reachable,https://www.sapporo-sport.jp/tsudome/floorguide/,text/html; charset=UTF-8,2026-08-09T02:15:27.140Z,
https://www.sapporo-sport.jp/tsudome/information/,candidate-venues.csv;venue-operations.csv,CAND-106;OP-087:access_source_url,200,reachable,https://www.sapporo-sport.jp/tsudome/information/,text/html; charset=UTF-8,2026-08-09T02:15:27.140Z,
https://www.sapporo-sport.jp/tsudome/price/,price-observations.csv;venue-operations.csv,OP-087:operations_source_url;PRICE-356,200,reachable,https://www.sapporo-sport.jp/tsudome/price/,text/html; charset=UTF-8,2026-08-09T02:15:27.140Z,
https://www.sazacho-nagasaki.jp/kiji003197/,candidate-venues.csv;venue-details.csv,CAND-1162;DETAIL-7562;DETAIL-7563;DETAIL-7564;DETAIL-7565;DETAIL-7566;DETAIL-7567;DETAIL-7568;DETAIL-7569,206,reachable,https://www.sazacho-nagasaki.jp/kiji003197/,text/html,2026-08-09T02:15:27.140Z,
https://www.seagaia-mice.jp/facilities/,venue-operations.csv,OP-041:access_source_url,200,reachable,https://www.seagaia-mice.jp/facilities/,text/html; charset=UTF-8,2026-08-09T02:15:27.140Z,
https://www.seagaia-mice.jp/facilities/convention-center/,candidate-venues.csv;venue-operations.csv,CAND-048;OP-041:booking_source_url,200,reachable,https://www.seagaia-mice.jp/facilities/convention-center/,text/html; charset=UTF-8,2026-08-09T02:15:27.140Z,
https://www.seagaia-mice.jp/facilities/convention-center/convention-4f/summit-hall-all/,venue-details.csv;venue-operations.csv,DETAIL-080;OP-041:operations_source_url,200,reachable,https://www.seagaia-mice.jp/facilities/convention-center/convention-4f/summit-hall-all/,text/html; charset=UTF-8,2026-08-09T02:15:27.140Z,
https://www.seagaia-mice.jp/facilities/convention-center/convention-4f/tenju-tenran/,venue-details.csv,DETAIL-081,200,reachable,https://www.seagaia-mice.jp/facilities/convention-center/convention-4f/tenju-tenran/,text/html; charset=UTF-8,2026-08-09T02:15:27.140Z,
https://www.sendaicity-gym.com/access/,venue-operations.csv,OP-160:access_source_url;OP-160:operations_source_url,200,reachable,https://www.sendaicity-gym.com/access/,text/html; charset=UTF-8,2026-08-09T02:15:27.140Z,
https://www.sendaiycc.jp/about,candidate-venues.csv,CAND-1098,200,reachable,https://www.sendaiycc.jp/about,text/html; charset=UTF-8,2026-08-09T02:15:27.140Z,
https://www.sendaiycc.jp/facility/%E3%82%A2%E3%83%88%E3%83%AA%E3%82%A8,venue-details.csv,DETAIL-6747,200,reachable,https://www.sendaiycc.jp/facility/%E3%82%A2%E3%83%88%E3%83%AA%E3%82%A8,text/html; charset=UTF-8,2026-08-09T02:15:27.140Z,
https://www.sendaiycc.jp/facility/%E3%82%A8%E3%83%83%E3%82%B0%E3%83%9B%E3%83%BC%E3%83%AB,venue-details.csv,DETAIL-6737,200,reachable,https://www.sendaiycc.jp/facility/%E3%82%A8%E3%83%83%E3%82%B0%E3%83%9B%E3%83%BC%E3%83%AB,text/html; charset=UTF-8,2026-08-09T02:15:27.140Z,
https://www.sendaiycc.jp/facility/%E3%82%AE%E3%83%A3%E3%83%A9%E3%83%AA%E3%83%BC,venue-details.csv,DETAIL-6744,200,reachable,https://www.sendaiycc.jp/facility/%E3%82%AE%E3%83%A3%E3%83%A9%E3%83%AA%E3%83%BC,text/html; charset=UTF-8,2026-08-09T02:15:27.140Z,
https://www.sendaiycc.jp/facility/%E3%82%AF%E3%83%83%E3%82%AD%E3%83%B3%E3%82%B0%E3%83%AB%E3%83%BC%E3%83%A0,venue-details.csv,DETAIL-6739,200,reachable,https://www.sendaiycc.jp/facility/%E3%82%AF%E3%83%83%E3%82%AD%E3%83%B3%E3%82%B0%E3%83%AB%E3%83%BC%E3%83%A0,text/html; charset=UTF-8,2026-08-09T02:15:27.140Z,
https://www.sendaiycc.jp/facility/%E3%82%B3%E3%83%B3%E3%82%B5%E3%83%BC%E3%83%88%E3%83%9B%E3%83%BC%E3%83%AB,venue-details.csv,DETAIL-6720,200,reachable,https://www.sendaiycc.jp/facility/%E3%82%B3%E3%83%B3%E3%82%B5%E3%83%BC%E3%83%88%E3%83%9B%E3%83%BC%E3%83%AB,text/html; charset=UTF-8,2026-08-09T02:15:27.140Z,
https://www.sendaiycc.jp/facility/%E3%82%B7%E3%82%A2%E3%82%BF%E3%83%BC%E3%83%9B%E3%83%BC%E3%83%AB,venue-details.csv,DETAIL-6726,200,reachable,https://www.sendaiycc.jp/facility/%E3%82%B7%E3%82%A2%E3%82%BF%E3%83%BC%E3%83%9B%E3%83%BC%E3%83%AB,text/html; charset=UTF-8,2026-08-09T02:15:27.140Z,
https://www.sendaiycc.jp/facility/%E3%83%91%E3%83%95%E3%82%A9%E3%83%BC%E3%83%9E%E3%83%B3%E3%82%B9%E5%BA%83%E5%A0%B4,venue-details.csv,DETAIL-6738,200,reachable,https://www.sendaiycc.jp/facility/%E3%83%91%E3%83%95%E3%82%A9%E3%83%BC%E3%83%9E%E3%83%B3%E3%82%B9%E5%BA%83%E5%A0%B4,text/html; charset=UTF-8,2026-08-09T02:15:27.140Z,
https://www.sendaiycc.jp/facility/%E3%83%93%E3%83%87%E3%82%AA%E3%82%B9%E3%82%BF%E3%82%B8%E3%82%AA,venue-details.csv,DETAIL-6754,200,reachable,https://www.sendaiycc.jp/facility/%E3%83%93%E3%83%87%E3%82%AA%E3%82%B9%E3%82%BF%E3%82%B8%E3%82%AA,text/html; charset=UTF-8,2026-08-09T02:15:27.140Z,
https://www.sendaiycc.jp/facility/%E3%83%9F%E3%83%BC%E3%83%86%E3%82%A3%E3%83%B3%E3%82%B0%E3%83%AB%E3%83%BC%E3%83%A0,venue-details.csv,DETAIL-6745;DETAIL-6746,200,reachable,https://www.sendaiycc.jp/facility/%E3%83%9F%E3%83%BC%E3%83%86%E3%82%A3%E3%83%B3%E3%82%B0%E3%83%AB%E3%83%BC%E3%83%A0,text/html; charset=UTF-8,2026-08-09T02:15:27.140Z,
https://www.sendaiycc.jp/facility/%E4%BA%A4%E6%B5%81%E3%83%9B%E3%83%BC%E3%83%AB,venue-details.csv,DETAIL-6734;DETAIL-6735;DETAIL-6736,200,reachable,https://www.sendaiycc.jp/facility/%E4%BA%A4%E6%B5%81%E3%83%9B%E3%83%BC%E3%83%AB,text/html; charset=UTF-8,2026-08-09T02:15:27.140Z,
https://www.sendaiycc.jp/facility/%E4%BC%9A%E8%AD%B0%E5%AE%A4,venue-details.csv,DETAIL-6751;DETAIL-6752;DETAIL-6753,200,reachable,https://www.sendaiycc.jp/facility/%E4%BC%9A%E8%AD%B0%E5%AE%A4,text/html; charset=UTF-8,2026-08-09T02:15:27.140Z,
https://www.sendaiycc.jp/facility/%E5%92%8C%E5%AE%A4,venue-details.csv,DETAIL-6741;DETAIL-6742;DETAIL-6743,200,reachable,https://www.sendaiycc.jp/facility/%E5%92%8C%E5%AE%A4,text/html; charset=UTF-8,2026-08-09T02:15:27.140Z,
https://www.sendaiycc.jp/facility/%E7%B7%B4%E7%BF%92%E5%AE%A4,venue-details.csv,DETAIL-6758,200,reachable,https://www.sendaiycc.jp/facility/%E7%B7%B4%E7%BF%92%E5%AE%A4,text/html; charset=UTF-8,2026-08-09T02:15:27.140Z,
https://www.sendaiycc.jp/facility/%E7%B7%B4%E7%BF%92%E5%AE%A4-2,venue-details.csv,DETAIL-6759;DETAIL-6760,200,reachable,https://www.sendaiycc.jp/facility/%E7%B7%B4%E7%BF%92%E5%AE%A4-2,text/html; charset=UTF-8,2026-08-09T02:15:27.140Z,
https://www.sendaiycc.jp/facility/%E7%B7%B4%E7%BF%92%E5%AE%A4-3,venue-details.csv,DETAIL-6761,200,reachable,https://www.sendaiycc.jp/facility/%E7%B7%B4%E7%BF%92%E5%AE%A4-3,text/html; charset=UTF-8,2026-08-09T02:15:27.140Z,
https://www.sendaiycc.jp/facility/%E8%8C%B6%E5%AE%A4,venue-details.csv,DETAIL-6740,200,reachable,https://www.sendaiycc.jp/facility/%E8%8C%B6%E5%AE%A4,text/html; charset=UTF-8,2026-08-09T02:15:27.140Z,
https://www.sendaiycc.jp/facility/%E9%9F%B3%E6%A5%BD%E3%82%B9%E3%82%BF%E3%82%B8%E3%82%AA,venue-details.csv,DETAIL-6756,200,reachable,https://www.sendaiycc.jp/facility/%E9%9F%B3%E6%A5%BD%E3%82%B9%E3%82%BF%E3%82%B8%E3%82%AA,text/html; charset=UTF-8,2026-08-09T02:15:27.140Z,
https://www.sendaiycc.jp/facility/%E9%9F%B3%E6%A5%BD%E8%AA%BF%E6%95%B4%E5%AE%A4,venue-details.csv,DETAIL-6757,200,reachable,https://www.sendaiycc.jp/facility/%E9%9F%B3%E6%A5%BD%E8%AA%BF%E6%95%B4%E5%AE%A4,text/html; charset=UTF-8,2026-08-09T02:15:27.140Z,
https://www.sendaiycc.jp/login/wp-content/uploads/01.ShiyounoGoannai_2025.07.pdf,venue-details.csv,DETAIL-6721;DETAIL-6722;DETAIL-6723;DETAIL-6724;DETAIL-6725;DETAIL-6727;DETAIL-6728;DETAIL-6729;DETAIL-6730;DETAIL-6731;DETAIL-6732;DETAIL-6733;DETAIL-6748;DETAIL-6749;DETAIL-6750;DETAIL-6755;DETAIL-6762,206,reachable,https://www.sendaiycc.jp/login/wp-content/uploads/01.ShiyounoGoannai_2025.07.pdf,application/pdf,2026-08-09T02:15:27.140Z,
https://www.shimane-ssjk.jp/lending/rooms/,candidate-venues.csv;venue-details.csv,CAND-1140;DETAIL-7275;DETAIL-7276;DETAIL-7277;DETAIL-7278;DETAIL-7279;DETAIL-7280;DETAIL-7281;DETAIL-7282;DETAIL-7283;DETAIL-7284,200,reachable,https://www.shimane-ssjk.jp/lending/rooms/,text/html;charset=utf-8,2026-08-09T02:15:27.140Z,
https://www.shobara-hall.com/%E5%90%84%E6%96%BD%E8%A8%AD%E6%A1%88%E5%86%85/,candidate-venues.csv;venue-details.csv,CAND-754;DETAIL-3411;DETAIL-3412;DETAIL-3413,200,reachable,https://www.shobara-hall.com/%E5%90%84%E6%96%BD%E8%A8%AD%E6%A1%88%E5%86%85/,text/html; charset=UTF-8,2026-08-09T02:15:27.140Z,
https://www.shopping-sumitomo-rd.com/tokyo_garden_theater/faq/,venue-operations.csv,OP-096:access_source_url,200,reachable,https://www.shopping-sumitomo-rd.com/tokyo_garden_theater/faq/,text/html; charset=UTF-8,2026-08-09T02:15:27.140Z,
https://www.shopping-sumitomo-rd.com/tokyo_garden_theater/org/facilities/events/,candidate-venues.csv;venue-details.csv;venue-operations.csv,CAND-125;DETAIL-207;OP-096:booking_source_url,200,reachable,https://www.shopping-sumitomo-rd.com/tokyo_garden_theater/org/facilities/events/,text/html; charset=UTF-8,2026-08-09T02:15:27.140Z,
https://www.shopping-sumitomo-rd.com/tokyo_garden_theater/org/facilities/mice/,venue-operations.csv,OP-096:operations_source_url,200,reachable,https://www.shopping-sumitomo-rd.com/tokyo_garden_theater/org/facilities/mice/,text/html; charset=UTF-8,2026-08-09T02:15:27.140Z,
https://www.shunan-srt.jp/access/,venue-operations.csv,OP-129:access_source_url,206,reachable,https://www.shunan-srt.jp/access/,text/html,2026-08-09T02:15:27.140Z,
https://www.shunan-srt.jp/facilities/pdf/price.pdf?202602=,price-observations.csv;venue-operations.csv,OP-129:operations_source_url;PRICE-438;PRICE-439,206,reachable,https://www.shunan-srt.jp/facilities/pdf/price.pdf?202602=,application/pdf,2026-08-09T02:15:27.140Z,
https://www.shunan-srt.jp/sports_center/facilities/index.php,candidate-venues.csv;venue-details.csv,CAND-218;DETAIL-306,200,reachable,https://www.shunan-srt.jp/sports_center/facilities/index.php,text/html; charset=UTF-8,2026-08-09T02:15:27.140Z,
https://www.shunan-srt.jp/sports_center/news/detail.php?no=51,venue-operations.csv,OP-129:booking_source_url,200,reachable,https://www.shunan-srt.jp/sports_center/news/detail.php?no=51,text/html; charset=UTF-8,2026-08-09T02:15:27.140Z,
https://www.siminplaza.co.jp/rental,candidate-venues.csv;venue-details.csv,CAND-1111;DETAIL-6905;DETAIL-6906;DETAIL-6907;DETAIL-6908;DETAIL-6909;DETAIL-6910;DETAIL-6911,200,reachable,https://www.siminplaza.co.jp/rental,text/html; charset=UTF-8,2026-08-09T02:15:27.140Z,
https://www.siminplaza.com/facilities/,candidate-venues.csv;venue-details.csv,CAND-1086;DETAIL-6544,200,reachable,https://www.siminplaza.com/facilities/,text/html; charset=UTF-8,2026-08-09T02:15:27.140Z,
https://www.siminplaza.com/facilities/albright-hall/,venue-details.csv,DETAIL-6542,200,reachable,https://www.siminplaza.com/facilities/albright-hall/,text/html; charset=UTF-8,2026-08-09T02:15:27.140Z,
https://www.siminplaza.com/facilities/gallery/,venue-details.csv,DETAIL-6543,200,reachable,https://www.siminplaza.com/facilities/gallery/,text/html; charset=UTF-8,2026-08-09T02:15:27.140Z,
https://www.siminplaza.com/facilities/learning-room/,venue-details.csv,DETAIL-6546;DETAIL-6547,200,reachable,https://www.siminplaza.com/facilities/learning-room/,text/html; charset=UTF-8,2026-08-09T02:15:27.140Z,
https://www.siminplaza.com/facilities/practice/,venue-details.csv,DETAIL-6545,200,reachable,https://www.siminplaza.com/facilities/practice/,text/html; charset=UTF-8,2026-08-09T02:15:27.140Z,
https://www.sinfonia-iwakuni.com/common/pdf/price_eiri.pdf,venue-details.csv,DETAIL-709,206,reachable,https://www.sinfonia-iwakuni.com/common/pdf/price_eiri.pdf,application/pdf,2026-08-09T02:15:27.140Z,
https://www.sinfonia-iwakuni.com/facilities/hall.html,candidate-venues.csv;venue-details.csv,CAND-328;DETAIL-707,206,reachable,https://www.sinfonia-iwakuni.com/facilities/hall.html,text/html,2026-08-09T02:15:27.140Z,
https://www.sinfonia-iwakuni.com/facilities/tamokutekihall.html,venue-details.csv,DETAIL-708,206,reachable,https://www.sinfonia-iwakuni.com/facilities/tamokutekihall.html,text/html,2026-08-09T02:15:27.140Z,
https://www.so-tai.jp/access/,venue-operations.csv,OP-126:access_source_url,206,reachable,https://www.so-tai.jp/access/,text/html,2026-08-09T02:15:27.140Z,
https://www.so-tai.jp/charge/,price-observations.csv,PRICE-433,206,reachable,https://www.so-tai.jp/charge/,text/html,2026-08-09T02:15:27.140Z,
https://www.so-tai.jp/schedule/,venue-operations.csv,OP-126:booking_source_url,206,reachable,https://www.so-tai.jp/schedule/,text/html,2026-08-09T02:15:27.140Z,
https://www.so-tai.jp/use/,venue-operations.csv,OP-126:operations_source_url,206,reachable,https://www.so-tai.jp/use/,text/html,2026-08-09T02:15:27.140Z,
https://www.sobun-tochigi.jp/classic.html,venue-details.csv,DETAIL-6800,200,reachable,https://www.sobun-tochigi.jp/classic.html,text/html; charset=UTF-8,2026-08-09T02:15:27.140Z,
https://www.sobun-tochigi.jp/facilities.html,candidate-venues.csv;venue-details.csv,CAND-1100;DETAIL-6792;DETAIL-6793;DETAIL-6794;DETAIL-6795;DETAIL-6796;DETAIL-6801;DETAIL-6802,200,reachable,https://www.sobun-tochigi.jp/facilities.html,text/html; charset=UTF-8,2026-08-09T02:15:27.140Z,
https://www.sobun-tochigi.jp/gallery1.html,venue-details.csv,DETAIL-6788,200,reachable,https://www.sobun-tochigi.jp/gallery1.html,text/html; charset=UTF-8,2026-08-09T02:15:27.140Z,
https://www.sobun-tochigi.jp/gallery2.html,venue-details.csv,DETAIL-6789,200,reachable,https://www.sobun-tochigi.jp/gallery2.html,text/html; charset=UTF-8,2026-08-09T02:15:27.140Z,
https://www.sobun-tochigi.jp/gallery3.html,venue-details.csv,DETAIL-6790,200,reachable,https://www.sobun-tochigi.jp/gallery3.html,text/html; charset=UTF-8,2026-08-09T02:15:27.140Z,
https://www.sobun-tochigi.jp/gallery4.html,venue-details.csv,DETAIL-6791,200,reachable,https://www.sobun-tochigi.jp/gallery4.html,text/html; charset=UTF-8,2026-08-09T02:15:27.140Z,
https://www.sobun-tochigi.jp/mainhall.html,venue-details.csv,DETAIL-6786,200,reachable,https://www.sobun-tochigi.jp/mainhall.html,text/html; charset=UTF-8,2026-08-09T02:15:27.140Z,
https://www.sobun-tochigi.jp/music.html,venue-details.csv,DETAIL-6798,200,reachable,https://www.sobun-tochigi.jp/music.html,text/html; charset=UTF-8,2026-08-09T02:15:27.140Z,
https://www.sobun-tochigi.jp/rehearsal.html,venue-details.csv,DETAIL-6797,200,reachable,https://www.sobun-tochigi.jp/rehearsal.html,text/html; charset=UTF-8,2026-08-09T02:15:27.140Z,
https://www.sobun-tochigi.jp/subhall.html,venue-details.csv,DETAIL-6787,200,reachable,https://www.sobun-tochigi.jp/subhall.html,text/html; charset=UTF-8,2026-08-09T02:15:27.140Z,
https://www.sobun-tochigi.jp/theater.html,venue-details.csv,DETAIL-6799,200,reachable,https://www.sobun-tochigi.jp/theater.html,text/html; charset=UTF-8,2026-08-09T02:15:27.140Z,
https://www.sonic-city.or.jp/,candidate-venues.csv,CAND-004,200,reachable,https://www.sonic-city.or.jp/,text/html; charset=UTF-8,2026-08-09T02:15:27.140Z,
https://www.sora-scc.jp/access/,venue-operations.csv,OP-021:access_source_url,200,reachable,https://www.sora-scc.jp/access/,text/html; charset=UTF-8,2026-08-09T02:15:27.140Z,
https://www.sora-scc.jp/assets/pdf/document/%E5%B1%95%E7%A4%BA%E3%83%BB%E3%82%A4%E3%83%99%E3%83%B3%E3%83%88%E7%B3%BB%E6%96%99%E9%87%91%E8%A1%A8.pdf,price-observations.csv,PRICE-119;PRICE-120;PRICE-121,206,reachable,https://www.sora-scc.jp/assets/pdf/document/%E5%B1%95%E7%A4%BA%E3%83%BB%E3%82%A4%E3%83%99%E3%83%B3%E3%83%88%E7%B3%BB%E6%96%99%E9%87%91%E8%A1%A8.pdf,application/pdf,2026-08-09T02:15:27.140Z,
https://www.sora-scc.jp/organizer/fee/,venue-operations.csv,OP-021:operations_source_url,200,reachable,https://www.sora-scc.jp/organizer/fee/,text/html; charset=UTF-8,2026-08-09T02:15:27.140Z,
https://www.sora-scc.jp/organizer/use/,venue-operations.csv,OP-021:booking_source_url,200,reachable,https://www.sora-scc.jp/organizer/use/,text/html; charset=UTF-8,2026-08-09T02:15:27.140Z,
https://www.sora-scc.jp/organizer/venue/,candidate-venues.csv;venue-details.csv,CAND-050;DETAIL-046;DETAIL-047,200,reachable,https://www.sora-scc.jp/organizer/venue/,text/html; charset=UTF-8,2026-08-09T02:15:27.140Z,
https://www.spf-sendai.jp/sisetsu/gym/shi-gym/,candidate-venues.csv;venue-details.csv;venue-operations.csv,CAND-186;DETAIL-274;DETAIL-435;DETAIL-436;DETAIL-437;DETAIL-438;DETAIL-439;DETAIL-440;DETAIL-441;DETAIL-442;DETAIL-443;DETAIL-444;OP-160:booking_source_url,200,reachable,https://www.spf-sendai.jp/sisetsu/gym/shi-gym/,text/html; charset=UTF-8,2026-08-09T02:15:27.140Z,
https://www.spf-sendai.jp/wp-content/uploads/shi-gym_price201910.pdf,price-observations.csv;venue-details.csv,DETAIL-445;PRICE-2129;PRICE-2130;PRICE-2131;PRICE-2132;PRICE-2133;PRICE-2134;PRICE-2135;PRICE-2136;PRICE-2137;PRICE-2138;PRICE-2139;PRICE-2140;PRICE-2141;PRICE-2142;PRICE-2143;PRICE-2144;PRICE-2145;PRICE-2146;PRICE-2147;PRICE-2148;PRICE-2149;PRICE-2150;PRICE-2151;PRICE-2152;PRICE-2153;PRICE-2154;PRICE-2155;PRICE-2156;PRICE-2157;PRICE-2158;PRICE-2159;PRICE-2160;PRICE-2161;PRICE-2162;PRICE-2163;PRICE-2164;PRICE-2165;PRICE-2166;PRICE-2167;PRICE-2168;PRICE-2169;PRICE-2170;PRICE-2171;PRICE-2172;PRICE-2173;PRICE-2174;PRICE-2175;PRICE-2176;PRICE-2177;PRICE-2178;PRICE-2179;PRICE-2180;PRICE-2181;PRICE-2182;PRICE-2183;PRICE-2184;PRICE-2185;PRICE-2186;PRICE-2187;PRICE-2188;PRICE-2189;PRICE-2190;PRICE-2191;PRICE-2192;PRICE-2193;PRICE-2194;PRICE-2195;PRICE-2196;PRICE-2197;PRICE-2198;PRICE-2199;PRICE-2200;PRICE-2201;PRICE-2202;PRICE-2203;PRICE-2204;PRICE-2205;PRICE-2206;PRICE-2207,206,reachable,https://www.spf-sendai.jp/wp-content/uploads/shi-gym_price201910.pdf,application/pdf,2026-08-09T02:15:27.140Z,
https://www.sports-fukuokacity.or.jp/facility/_2721.html,venue-operations.csv,OP-134:operations_source_url,200,reachable,https://www.sports-fukuokacity.or.jp/facility/_2721.html,text/html; charset=UTF-8,2026-08-09T02:15:27.140Z,
https://www.sports-fukuokacity.or.jp/facility/facility_price.html,price-observations.csv,PRICE-448;PRICE-449,200,reachable,https://www.sports-fukuokacity.or.jp/facility/facility_price.html,text/html; charset=UTF-8,2026-08-09T02:15:27.140Z,
https://www.sports-fukuokacity.or.jp/facility/gym_fukuoka.html,venue-operations.csv,OP-134:access_source_url,200,reachable,https://www.sports-fukuokacity.or.jp/facility/gym_fukuoka.html,text/html; charset=UTF-8,2026-08-09T02:15:27.140Z,
https://www.sports-fukuokacity.or.jp/facility/gym_fukuoka/facility.html,candidate-venues.csv;venue-details.csv,CAND-223;DETAIL-311,200,reachable,https://www.sports-fukuokacity.or.jp/facility/gym_fukuoka/facility.html,text/html; charset=UTF-8,2026-08-09T02:15:27.140Z,
https://www.sports-fukuokacity.or.jp/facility/gym_fukuoka/topics/fcg_oshirase_210316_copy_copy.html,venue-operations.csv,OP-134:booking_source_url,200,reachable,https://www.sports-fukuokacity.or.jp/facility/gym_fukuoka/topics/fcg_oshirase_210316_copy_copy.html,text/html; charset=UTF-8,2026-08-09T02:15:27.140Z,
https://www.sportsnet.pref.toyama.jp/facilities/gymnasium/000726.html,venue-operations.csv,OP-111:access_source_url,206,reachable,https://www.sportsnet.pref.toyama.jp/facilities/gymnasium/000726.html,text/html,2026-08-09T02:15:27.140Z,
https://www.sportsnet.pref.toyama.jp/facilities/gymnasium/000956.html,venue-operations.csv,OP-165:access_source_url,206,reachable,https://www.sportsnet.pref.toyama.jp/facilities/gymnasium/000956.html,text/html,2026-08-09T02:15:27.140Z,
https://www.sportsnet.pref.toyama.jp/member/sougou/fee.html,price-observations.csv;venue-operations.csv,OP-165:operations_source_url;PRICE-555;PRICE-556;PRICE-557;PRICE-558;PRICE-559;PRICE-560,206,reachable,https://www.sportsnet.pref.toyama.jp/member/sougou/fee.html,text/html,2026-08-09T02:15:27.140Z,
https://www.sportsnet.pref.toyama.jp/member/sougou/yoyaku.html,venue-operations.csv,OP-165:booking_source_url,206,reachable,https://www.sportsnet.pref.toyama.jp/member/sougou/yoyaku.html,text/html,2026-08-09T02:15:27.140Z,
https://www.starpiaa.or.jp/kudamatsubunka/business/r6/report.pdf,candidate-venues.csv;venue-details.csv,CAND-480;DETAIL-1506;DETAIL-1507;DETAIL-1508;DETAIL-1509;DETAIL-1510;DETAIL-1511;DETAIL-1512;DETAIL-1513;DETAIL-1514;DETAIL-1515;DETAIL-1516,206,reachable,https://www.starpiaa.or.jp/kudamatsubunka/business/r6/report.pdf,application/pdf,2026-08-09T02:15:27.140Z,
https://www.suginamikoukaidou.com/about/grandsalon/,venue-details.csv,DETAIL-4209,200,reachable,https://www.suginamikoukaidou.com/about/grandsalon/,text/html; charset=UTF-8,2026-08-09T02:15:27.140Z,
https://www.suginamikoukaidou.com/about/studio/,venue-details.csv,DETAIL-4210;DETAIL-4211;DETAIL-4212;DETAIL-4213;DETAIL-4214,200,reachable,https://www.suginamikoukaidou.com/about/studio/,text/html; charset=UTF-8,2026-08-09T02:15:27.140Z,
https://www.suginamikoukaidou.com/rental/,candidate-venues.csv,CAND-852,200,reachable,https://www.suginamikoukaidou.com/rental/,text/html; charset=UTF-8,2026-08-09T02:15:27.140Z,
https://www.suginamikoukaidou.com/rental/lghall-1/,venue-details.csv,DETAIL-4190;DETAIL-4191;DETAIL-4192;DETAIL-4193;DETAIL-4194;DETAIL-4195;DETAIL-4196;DETAIL-4197;DETAIL-4198;DETAIL-4199;DETAIL-4200;DETAIL-4201;DETAIL-4202,200,reachable,https://www.suginamikoukaidou.com/rental/lghall-1/,text/html; charset=UTF-8,2026-08-09T02:15:27.140Z,
https://www.suginamikoukaidou.com/rental/smhall-1/,venue-details.csv,DETAIL-4203;DETAIL-4204;DETAIL-4205;DETAIL-4206;DETAIL-4207;DETAIL-4208,200,reachable,https://www.suginamikoukaidou.com/rental/smhall-1/,text/html; charset=UTF-8,2026-08-09T02:15:27.140Z,
https://www.suito-yanagawa.jp/facility/,candidate-venues.csv,CAND-712,,network_error,,,2026-08-09T02:15:27.140Z,fetch failed
https://www.suito-yanagawa.jp/fs/2/9/9/7/_/_______.pdf,venue-details.csv,DETAIL-3124;DETAIL-3125;DETAIL-3126;DETAIL-3127;DETAIL-3128;DETAIL-3129;DETAIL-3130;DETAIL-3131;DETAIL-3132,,network_error,,,2026-08-09T02:15:27.140Z,fetch failed
https://www.sun.pref.miyazaki.lg.jp/facilities_view/1314.html,venue-details.csv,DETAIL-1592,200,reachable,https://www.sun.pref.miyazaki.lg.jp/facilities_view/1314.html,text/html; charset=utf-8,2026-08-09T02:15:27.140Z,
https://www.sun.pref.miyazaki.lg.jp/facilities_view/373.html,venue-operations.csv,OP-139:access_source_url,200,reachable,https://www.sun.pref.miyazaki.lg.jp/facilities_view/373.html,text/html; charset=utf-8,2026-08-09T02:15:27.140Z,
https://www.sunmesse.com/facilities/parking.php,venue-operations.csv,OP-031:access_source_url,,network_error,,,2026-08-09T02:15:27.140Z,fetch failed
https://www.sunmesse.com/images/organizer/application/tebiki.pdf,venue-operations.csv,OP-031:operations_source_url,,network_error,,,2026-08-09T02:15:27.140Z,fetch failed
https://www.sunmesse.com/organizer/application.php,venue-operations.csv,OP-031:booking_source_url,,network_error,,,2026-08-09T02:15:27.140Z,fetch failed
https://www.sunmesse.com/organizer/price.php,candidate-venues.csv;price-observations.csv;venue-details.csv,CAND-046;DETAIL-008;DETAIL-009;PRICE-008;PRICE-009;PRICE-010;PRICE-011;PRICE-012;PRICE-013,,network_error,,,2026-08-09T02:15:27.140Z,fetch failed
https://www.sunport-hall.jp/facilities/,candidate-venues.csv,CAND-1144,206,reachable,https://www.sunport-hall.jp/facilities/,text/html,2026-08-09T02:15:27.140Z,
https://www.sunport-hall.jp/facilities/convenient.html,venue-details.csv,DETAIL-7333;DETAIL-7334,206,reachable,https://www.sunport-hall.jp/facilities/convenient.html,text/html,2026-08-09T02:15:27.140Z,
https://www.sunport-hall.jp/facilities/main.html,venue-details.csv,DETAIL-7308,206,reachable,https://www.sunport-hall.jp/facilities/main.html,text/html,2026-08-09T02:15:27.140Z,
https://www.sunport-hall.jp/facilities/meeting.html,venue-details.csv,DETAIL-7311;DETAIL-7312;DETAIL-7313;DETAIL-7314;DETAIL-7315;DETAIL-7316;DETAIL-7317;DETAIL-7318;DETAIL-7319;DETAIL-7320;DETAIL-7321;DETAIL-7322,206,reachable,https://www.sunport-hall.jp/facilities/meeting.html,text/html,2026-08-09T02:15:27.140Z,
https://www.sunport-hall.jp/facilities/small1.html,venue-details.csv,DETAIL-7309,206,reachable,https://www.sunport-hall.jp/facilities/small1.html,text/html,2026-08-09T02:15:27.140Z,
https://www.sunport-hall.jp/facilities/small2.html,venue-details.csv,DETAIL-7310,206,reachable,https://www.sunport-hall.jp/facilities/small2.html,text/html,2026-08-09T02:15:27.140Z,
https://www.sunport-hall.jp/facilities/village1.html,venue-details.csv,DETAIL-7323;DETAIL-7324;DETAIL-7325;DETAIL-7326;DETAIL-7327;DETAIL-7328;DETAIL-7329;DETAIL-7330;DETAIL-7331,206,reachable,https://www.sunport-hall.jp/facilities/village1.html,text/html,2026-08-09T02:15:27.140Z,
https://www.sunport-hall.jp/facilities/village2.html,venue-details.csv,DETAIL-7332,206,reachable,https://www.sunport-hall.jp/facilities/village2.html,text/html,2026-08-09T02:15:27.140Z,
https://www.sunport-hall.jp/usage/specification.html,venue-details.csv,DETAIL-7335;DETAIL-7336;DETAIL-7337;DETAIL-7338;DETAIL-7339,206,reachable,https://www.sunport-hall.jp/usage/specification.html,text/html,2026-08-09T02:15:27.140Z,
https://www.susakibunka.com/facility,candidate-venues.csv;venue-details.csv,CAND-330;DETAIL-712;DETAIL-713;DETAIL-714;DETAIL-715,200,reachable,https://www.susakibunka.com/facility,text/html; charset=UTF-8,2026-08-09T02:15:27.140Z,
https://www.susono-bunka.jp/,candidate-venues.csv,CAND-1050,200,reachable,https://www.susono-bunka.jp/,text/html; charset=UTF-8,2026-08-09T02:15:27.140Z,
https://www.susono-bunka.jp/about/hall_big/,venue-details.csv,DETAIL-6125;DETAIL-6126;DETAIL-6127;DETAIL-6128;DETAIL-6129;DETAIL-6130,200,reachable,https://www.susono-bunka.jp/about/hall_big/,text/html; charset=UTF-8,2026-08-09T02:15:27.140Z,
https://www.susono-bunka.jp/about/hall_tamokuteki/,venue-details.csv,DETAIL-6131;DETAIL-6132;DETAIL-6133,200,reachable,https://www.susono-bunka.jp/about/hall_tamokuteki/,text/html; charset=UTF-8,2026-08-09T02:15:27.140Z,
https://www.suzuka-hall.jp/cultual-hall/about,candidate-venues.csv;venue-details.csv,CAND-248;DETAIL-525;DETAIL-526,200,reachable,https://www.suzuka-hall.jp/cultual-hall/about,text/html; charset=UTF-8,2026-08-09T02:15:27.140Z,
https://www.swany-rokkasho.jp/facility/gaiyo.html,candidate-venues.csv;venue-details.csv,CAND-493;DETAIL-1635;DETAIL-1636;DETAIL-1637;DETAIL-1638;DETAIL-1639;DETAIL-1640;DETAIL-1641;DETAIL-1642;DETAIL-1643;DETAIL-1644,206,reachable,https://www.swany-rokkasho.jp/facility/gaiyo.html,text/html,2026-08-09T02:15:27.140Z,
https://www.t-arts.or.jp/culturecenter.html,candidate-venues.csv;venue-details.csv,CAND-544;DETAIL-1975;DETAIL-1976;DETAIL-1977;DETAIL-1978;DETAIL-1979;DETAIL-1980;DETAIL-1981;DETAIL-1982;DETAIL-1983;DETAIL-1984;DETAIL-1985;DETAIL-1986;DETAIL-1987,200,reachable,https://www.t-arts.or.jp/culturecenter.html,text/html;charset=UTF-8,2026-08-09T02:15:27.140Z,
https://www.t-i-forum.co.jp/access/access/,venue-operations.csv,OP-179:access_source_url,206,reachable,https://www.t-i-forum.co.jp/access/access/,text/html; charset=UTF-8,2026-08-09T02:15:27.140Z,
https://www.t-i-forum.co.jp/access/carry/,venue-operations.csv,OP-179:operations_source_url,206,reachable,https://www.t-i-forum.co.jp/access/carry/,text/html; charset=UTF-8,2026-08-09T02:15:27.140Z,
https://www.t-i-forum.co.jp/mt_images/facilities/price_list_01.pdf,price-observations.csv,PRICE-368,206,reachable,https://www.t-i-forum.co.jp/mt_images/facilities/price_list_01.pdf,application/pdf,2026-08-09T02:15:27.140Z,
https://www.t-i-forum.co.jp/organizer/facilities_guide/hall/,venue-operations.csv,OP-179:booking_source_url,206,reachable,https://www.t-i-forum.co.jp/organizer/facilities_guide/hall/,text/html; charset=UTF-8,2026-08-09T02:15:27.140Z,
https://www.t-i-forum.co.jp/organizer/facilities/,candidate-venues.csv;venue-details.csv,CAND-128;DETAIL-210;DETAIL-211,206,reachable,https://www.t-i-forum.co.jp/organizer/facilities/,text/html; charset=UTF-8,2026-08-09T02:15:27.140Z,
https://www.t-messe.or.jp/access/,venue-operations.csv,OP-192:access_source_url,206,reachable,https://www.t-messe.or.jp/access/,text/html; charset=utf-8,2026-08-09T02:15:27.140Z,
https://www.t-messe.or.jp/organizer/floorguide.html,candidate-venues.csv;venue-details.csv,CAND-164;DETAIL-250;DETAIL-251,206,reachable,https://www.t-messe.or.jp/organizer/floorguide.html,text/html; charset=utf-8,2026-08-09T02:15:27.140Z,
https://www.t-messe.or.jp/organizer/guide/flow.html,venue-operations.csv,OP-192:booking_source_url,206,reachable,https://www.t-messe.or.jp/organizer/guide/flow.html,text/html; charset=utf-8,2026-08-09T02:15:27.140Z,
https://www.t-messe.or.jp/organizer/price.html,price-observations.csv;venue-details.csv,DETAIL-339;DETAIL-340;DETAIL-341;PRICE-384;PRICE-683;PRICE-684;PRICE-685;PRICE-686;PRICE-687;PRICE-688;PRICE-689;PRICE-690;PRICE-691;PRICE-692,206,reachable,https://www.t-messe.or.jp/organizer/price.html,text/html; charset=utf-8,2026-08-09T02:15:27.140Z,
https://www.t-messe.or.jp/service/,venue-operations.csv,OP-192:operations_source_url,206,reachable,https://www.t-messe.or.jp/service/,text/html; charset=utf-8,2026-08-09T02:15:27.140Z,
https://www.taka-spo.or.jp/reservation1.html,venue-operations.csv,OP-131:booking_source_url,206,reachable,https://www.taka-spo.or.jp/reservation1.html,text/html,2026-08-09T02:15:27.140Z,
https://www.taka-spo.or.jp/sou1.html,candidate-venues.csv;venue-details.csv;venue-operations.csv,CAND-220;DETAIL-308;OP-131:access_source_url,206,reachable,https://www.taka-spo.or.jp/sou1.html,text/html,2026-08-09T02:15:27.140Z,
https://www.taka-spo.or.jp/sou2.html,price-observations.csv;venue-operations.csv,OP-131:operations_source_url;PRICE-441;PRICE-442,206,reachable,https://www.taka-spo.or.jp/sou2.html,text/html,2026-08-09T02:15:27.140Z,
https://www.takasago-klp.com/about-center/,venue-details.csv,DETAIL-7229,200,reachable,https://www.takasago-klp.com/about-center/,text/html; charset=UTF-8,2026-08-09T02:15:27.140Z,
https://www.takasago-klp.com/about-kaikan/,candidate-venues.csv;venue-details.csv,CAND-1135;DETAIL-7223;DETAIL-7224;DETAIL-7225;DETAIL-7226;DETAIL-7227;DETAIL-7228,200,reachable,https://www.takasago-klp.com/about-kaikan/,text/html; charset=UTF-8,2026-08-09T02:15:27.140Z,
https://www.takasaki-foundation.or.jp/arena/access_index.php,venue-operations.csv,OP-091:access_source_url,200,reachable,https://www.takasaki-foundation.or.jp/arena/access_index.php,text/html; charset=UTF-8,2026-08-09T02:15:27.140Z,
https://www.takasaki-foundation.or.jp/arena/floormap_detail.php?id=1,price-observations.csv,PRICE-469;PRICE-470;PRICE-471,200,reachable,https://www.takasaki-foundation.or.jp/arena/floormap_detail.php?id=1,text/html; charset=UTF-8,2026-08-09T02:15:27.140Z,
https://www.takasaki-foundation.or.jp/arena/guide.php,candidate-venues.csv;venue-details.csv;venue-operations.csv,CAND-110;DETAIL-182;DETAIL-183;OP-091:booking_source_url;OP-091:operations_source_url,200,reachable,https://www.takasaki-foundation.or.jp/arena/guide.php,text/html; charset=UTF-8,2026-08-09T02:15:27.140Z,
https://www.takasaki-foundation.or.jp/culture/m-center/,candidate-venues.csv;venue-details.csv,CAND-1019;DETAIL-5766;DETAIL-5767;DETAIL-5768;DETAIL-5769;DETAIL-5770,200,reachable,https://www.takasaki-foundation.or.jp/culture/m-center/,text/html; charset=UTF-8,2026-08-09T02:15:27.140Z,
https://www.takasaki-foundation.or.jp/theatre/about.php,candidate-venues.csv,CAND-1017,200,reachable,https://www.takasaki-foundation.or.jp/theatre/about.php,text/html; charset=UTF-8,2026-08-09T02:15:27.140Z,
https://www.takasaki-foundation.or.jp/theatre/ch.php,venue-details.csv,DETAIL-5751,200,reachable,https://www.takasaki-foundation.or.jp/theatre/ch.php,text/html; charset=UTF-8,2026-08-09T02:15:27.140Z,
https://www.takasaki-foundation.or.jp/theatre/cs.php,venue-details.csv,DETAIL-5752,200,reachable,https://www.takasaki-foundation.or.jp/theatre/cs.php,text/html; charset=UTF-8,2026-08-09T02:15:27.140Z,
https://www.takasaki-foundation.or.jp/theatre/gt.php,venue-details.csv,DETAIL-5749,200,reachable,https://www.takasaki-foundation.or.jp/theatre/gt.php,text/html; charset=UTF-8,2026-08-09T02:15:27.140Z,
https://www.takasaki-foundation.or.jp/theatre/st.php,venue-details.csv,DETAIL-5750,200,reachable,https://www.takasaki-foundation.or.jp/theatre/st.php,text/html; charset=UTF-8,2026-08-09T02:15:27.140Z,
https://www.takasaki-foundation.or.jp/theatre/usage_guide.php,venue-details.csv,DETAIL-5753;DETAIL-5754;DETAIL-5755;DETAIL-5756;DETAIL-5757,200,reachable,https://www.takasaki-foundation.or.jp/theatre/usage_guide.php,text/html; charset=UTF-8,2026-08-09T02:15:27.140Z,
https://www.takatsuki-bsj.jp/tat/facility,candidate-venues.csv;venue-details.csv,CAND-908;DETAIL-4765;DETAIL-4766;DETAIL-4767;DETAIL-4768;DETAIL-4769;DETAIL-4770;DETAIL-4771;DETAIL-4772;DETAIL-4773;DETAIL-4774;DETAIL-4775;DETAIL-4776;DETAIL-4777;DETAIL-4778;DETAIL-4779;DETAIL-4780;DETAIL-4781;DETAIL-4782;DETAIL-4783;DETAIL-4784;DETAIL-4785;DETAIL-4786;DETAIL-4787;DETAIL-4788;DETAIL-4789,200,reachable,https://www.takatsuki-bsj.jp/tat/facility,text/html; charset=UTF-8,2026-08-09T02:15:27.140Z,
https://www.tatsuno-cityhall.jp/abh/hall/hall_proceture.html,venue-details.csv,DETAIL-4376;DETAIL-4377;DETAIL-4378;DETAIL-4379;DETAIL-4380;DETAIL-4381,206,reachable,https://www.tatsuno-cityhall.jp/abh/hall/hall_proceture.html,text/html,2026-08-09T02:15:27.140Z,
https://www.tcf.or.jp/capio/facility/,candidate-venues.csv,CAND-026,200,reachable,https://www.tcf.or.jp/capio/facility/,text/html; charset=utf-8,2026-08-09T02:15:27.140Z,
https://www.tcf.or.jp/capio/facility/about/,venue-operations.csv,OP-181:access_source_url,200,reachable,https://www.tcf.or.jp/capio/facility/about/,text/html; charset=utf-8,2026-08-09T02:15:27.140Z,
https://www.tcf.or.jp/capio/facility/arena/,price-observations.csv;venue-details.csv,DETAIL-325;PRICE-626;PRICE-627;PRICE-628;PRICE-629;PRICE-630;PRICE-631,200,reachable,https://www.tcf.or.jp/capio/facility/arena/,text/html; charset=utf-8,2026-08-09T02:15:27.140Z,
https://www.tcf.or.jp/capio/guide/,venue-operations.csv,OP-181:booking_source_url;OP-181:operations_source_url,200,reachable,https://www.tcf.or.jp/capio/guide/,text/html; charset=utf-8,2026-08-09T02:15:27.140Z,
https://www.tcf.or.jp/novahall/facility/,candidate-venues.csv;venue-details.csv,CAND-1012;DETAIL-5694,200,reachable,https://www.tcf.or.jp/novahall/facility/,text/html; charset=utf-8,2026-08-09T02:15:27.140Z,
https://www.tcf.or.jp/novahall/facility/foyer/,venue-details.csv,DETAIL-5699;DETAIL-5700,200,reachable,https://www.tcf.or.jp/novahall/facility/foyer/,text/html; charset=utf-8,2026-08-09T02:15:27.140Z,
https://www.tcf.or.jp/novahall/facility/large-hall/,venue-details.csv,DETAIL-5693;DETAIL-5695;DETAIL-5696;DETAIL-5697;DETAIL-5698,200,reachable,https://www.tcf.or.jp/novahall/facility/large-hall/,text/html; charset=utf-8,2026-08-09T02:15:27.140Z,
https://www.tcf.or.jp/novahall/facility/practice/,venue-details.csv,DETAIL-5701,200,reachable,https://www.tcf.or.jp/novahall/facility/practice/,text/html; charset=utf-8,2026-08-09T02:15:27.140Z,
https://www.technohall.or.jp/access.html,venue-operations.csv,OP-016:access_source_url,206,reachable,https://www.technohall.or.jp/access.html,text/html,2026-08-09T02:15:27.140Z,
https://www.technohall.or.jp/facility.html,candidate-venues.csv;venue-details.csv,CAND-031;DETAIL-038,206,reachable,https://www.technohall.or.jp/facility.html,text/html,2026-08-09T02:15:27.140Z,
https://www.technohall.or.jp/org/price.html,price-observations.csv,PRICE-088,206,reachable,https://www.technohall.or.jp/org/price.html,text/html,2026-08-09T02:15:27.140Z,
https://www.technohall.or.jp/org/signup.html,venue-operations.csv,OP-016:booking_source_url,206,reachable,https://www.technohall.or.jp/org/signup.html,text/html,2026-08-09T02:15:27.140Z,
https://www.technohall.or.jp/pdf/sinsei/tebiki.pdf,venue-operations.csv,OP-016:operations_source_url,206,reachable,https://www.technohall.or.jp/pdf/sinsei/tebiki.pdf,application/pdf,2026-08-09T02:15:27.140Z,
https://www.technohall.or.jp/pdf/sonota/nisi-ryokin202310.pdf,price-observations.csv;venue-details.csv,DETAIL-039;PRICE-085;PRICE-086;PRICE-087,206,reachable,https://www.technohall.or.jp/pdf/sonota/nisi-ryokin202310.pdf,application/pdf,2026-08-09T02:15:27.140Z,
https://www.technohall.or.jp/pricekaitei.html,price-observations.csv,PRICE-089,206,reachable,https://www.technohall.or.jp/pricekaitei.html,text/html,2026-08-09T02:15:27.140Z,
https://www.tef.or.jp/tb/access.html,venue-operations.csv,OP-148:access_source_url,200,reachable,https://www.tef.or.jp/tb/access.html,text/html; charset=UTF-8,2026-08-09T02:15:27.140Z,
https://www.tef.or.jp/tb/budo/,candidate-venues.csv;price-observations.csv;venue-details.csv,CAND-159;DETAIL-243;PRICE-383;PRICE-488;PRICE-489;PRICE-490,200,reachable,https://www.tef.or.jp/tb/budo/,text/html; charset=UTF-8,2026-08-09T02:15:27.140Z,
https://www.tef.or.jp/tb/general/index.html,venue-operations.csv,OP-148:booking_source_url;OP-148:operations_source_url,200,reachable,https://www.tef.or.jp/tb/general/index.html,text/html; charset=UTF-8,2026-08-09T02:15:27.140Z,
https://www.tef.or.jp/tmg/access.html,venue-operations.csv,OP-097:access_source_url,200,reachable,https://www.tef.or.jp/tmg/access.html,text/html; charset=UTF-8,2026-08-09T02:15:27.140Z,
https://www.tef.or.jp/tmg/arena/index.html,candidate-venues.csv;venue-details.csv;venue-operations.csv,CAND-126;DETAIL-208;OP-097:operations_source_url,200,reachable,https://www.tef.or.jp/tmg/arena/index.html,text/html; charset=UTF-8,2026-08-09T02:15:27.140Z,
https://www.tef.or.jp/tmg/arena/mainarena_fee02.pdf,price-observations.csv,PRICE-472;PRICE-473;PRICE-474,206,reachable,https://www.tef.or.jp/tmg/arena/mainarena_fee02.pdf,application/pdf,2026-08-09T02:15:27.140Z,
https://www.tef.or.jp/tmg/general/index.html,venue-operations.csv,OP-097:booking_source_url,200,reachable,https://www.tef.or.jp/tmg/general/index.html,text/html; charset=UTF-8,2026-08-09T02:15:27.140Z,
https://www.tekona.net/bunkakaikan/facilities/aboutus/smallhall/,venue-details.csv,DETAIL-630,200,reachable,https://www.tekona.net/bunkakaikan/facilities/aboutus/smallhall/,text/html; charset=UTF-8,2026-08-09T02:15:27.140Z,
https://www.tekona.net/bunkakaikan/ticket/mainhall/,venue-details.csv,DETAIL-629,200,reachable,https://www.tekona.net/bunkakaikan/ticket/mainhall/,text/html; charset=UTF-8,2026-08-09T02:15:27.140Z,
https://www.ticc.co.jp/wp-content/uploads/guidance.pdf,candidate-venues.csv;venue-details.csv,CAND-1110;DETAIL-6897;DETAIL-6898;DETAIL-6899;DETAIL-6900;DETAIL-6901;DETAIL-6902;DETAIL-6903;DETAIL-6904,206,reachable,https://www.ticc.co.jp/wp-content/uploads/guidance.pdf,application/pdf,2026-08-09T02:15:27.140Z,
https://www.tokimesse.com/,candidate-venues.csv,CAND-006,200,reachable,https://www.tokimesse.com/,text/html; charset=UTF-8,2026-08-09T02:15:27.140Z,
https://www.tokimesse.com/sp/visitor/contact/faq.html,venue-operations.csv,OP-047:access_source_url,206,reachable,https://www.tokimesse.com/sp/visitor/contact/faq.html,text/html,2026-08-09T02:15:27.140Z,
https://www.tokimesse.com/sponsor/download/files/20240610_usage_hall.pdf,venue-operations.csv,OP-047:booking_source_url,206,reachable,https://www.tokimesse.com/sponsor/download/files/20240610_usage_hall.pdf,application/pdf,2026-08-09T02:15:27.140Z,
https://www.tokimesse.com/sponsor/download/files/usage_hall.pdf,price-observations.csv,PRICE-250,206,reachable,https://www.tokimesse.com/sponsor/download/files/usage_hall.pdf,application/pdf,2026-08-09T02:15:27.140Z,
https://www.tokimesse.com/sponsor/guide/snow.html,venue-details.csv,DETAIL-093,206,reachable,https://www.tokimesse.com/sponsor/guide/snow.html,text/html,2026-08-09T02:15:27.140Z,
https://www.tokimesse.com/sponsor/guide/wavemarket.html,venue-details.csv;venue-operations.csv,DETAIL-091;DETAIL-092;OP-047:operations_source_url,206,reachable,https://www.tokimesse.com/sponsor/guide/wavemarket.html,text/html,2026-08-09T02:15:27.140Z,
https://www.tokimesse.com/sponsor/usage/price.html,budget-scenarios.csv;price-observations.csv,PRICE-238;PRICE-239;PRICE-240;PRICE-241;PRICE-242;PRICE-243;PRICE-244;PRICE-245;PRICE-246;PRICE-247;PRICE-248;PRICE-249;SCENARIO-009;SCENARIO-010;SCENARIO-011,206,reachable,https://www.tokimesse.com/sponsor/usage/price.html,text/html,2026-08-09T02:15:27.140Z,
https://www.tokushimacity-sports.or.jp/app/wp-content/uploads/2020/09/R1.10.1%E3%80%80%E5%B8%82%E3%83%BB%E7%9C%8C%E6%96%99%E9%87%91%E3%80%80%EF%BC%B0%EF%BC%A4%EF%BC%A6.pdf,price-observations.csv,PRICE-2635;PRICE-2636;PRICE-2637;PRICE-2638;PRICE-2639;PRICE-2640;PRICE-2641;PRICE-2642;PRICE-2643;PRICE-2644;PRICE-2645;PRICE-2646;PRICE-2647;PRICE-2648;PRICE-2649;PRICE-2650;PRICE-2651;PRICE-2652;PRICE-2653;PRICE-2654;PRICE-2655;PRICE-2656;PRICE-2657;PRICE-2658;PRICE-2659;PRICE-2660;PRICE-2661;PRICE-2662;PRICE-2663;PRICE-2664;PRICE-2665;PRICE-2666;PRICE-2667;PRICE-2668;PRICE-2669;PRICE-2670;PRICE-2671;PRICE-2672;PRICE-440,206,reachable,https://www.tokushimacity-sports.or.jp/app/wp-content/uploads/2020/09/R1.10.1%E3%80%80%E5%B8%82%E3%83%BB%E7%9C%8C%E6%96%99%E9%87%91%E3%80%80%EF%BC%B0%EF%BC%A4%EF%BC%A6.pdf,application/pdf,2026-08-09T02:15:27.140Z,
https://www.tokushimacity-sports.or.jp/application1/,venue-operations.csv,OP-130:booking_source_url,200,reachable,https://www.tokushimacity-sports.or.jp/application1/,text/html; charset=UTF-8,2026-08-09T02:15:27.140Z,
https://www.tokushimacity-sports.or.jp/facilities-info/116/,candidate-venues.csv;venue-details.csv;venue-operations.csv,CAND-219;DETAIL-475;DETAIL-476;DETAIL-477;DETAIL-478;DETAIL-479;DETAIL-480;DETAIL-481;OP-130:access_source_url;OP-130:operations_source_url,200,reachable,https://www.tokushimacity-sports.or.jp/facilities-info/116/,text/html; charset=UTF-8,2026-08-09T02:15:27.140Z,
https://www.tokyo-dome.co.jp/access/,venue-operations.csv,OP-195:access_source_url;OP-213:access_source_url,200,reachable,https://www.tokyo-dome.co.jp/access/,text/html; charset=UTF-8,2026-08-09T02:15:27.140Z,
https://www.tokyo-dome.co.jp/business/event-space/,venue-operations.csv,OP-213:operations_source_url,206,reachable,https://www.tokyo-dome.co.jp/business/event-space/,text/html; charset=UTF-8,2026-08-09T02:15:27.140Z,
https://www.tokyo-dome.co.jp/dome/organizer/,candidate-venues.csv;venue-operations.csv,CAND-096;OP-213:booking_source_url,200,reachable,https://www.tokyo-dome.co.jp/dome/organizer/,text/html; charset=UTF-8,2026-08-09T02:15:27.140Z,
https://www.tokyo-dome.co.jp/en/business/event-space/?lang=en,venue-details.csv,DETAIL-162,200,reachable,https://www.tokyo-dome.co.jp/en/business/event-space/?lang=en,text/html; charset=UTF-8,2026-08-09T02:15:27.140Z,
https://www.tokyo-dome.co.jp/prism/organizer/,candidate-venues.csv;venue-details.csv;venue-operations.csv,CAND-166;DETAIL-253;DETAIL-342;DETAIL-343;DETAIL-344;OP-195:booking_source_url;OP-195:operations_source_url,200,reachable,https://www.tokyo-dome.co.jp/prism/organizer/,text/html; charset=UTF-8,2026-08-09T02:15:27.140Z,
https://www.tokyo-dome.co.jp/prism/organizer/pdf/fee.pdf,price-observations.csv,PRICE-386;PRICE-693;PRICE-694;PRICE-695;PRICE-696;PRICE-697;PRICE-698;PRICE-699;PRICE-700;PRICE-701,206,reachable,https://www.tokyo-dome.co.jp/prism/organizer/pdf/fee.pdf,application/pdf,2026-08-09T02:15:27.140Z,
https://www.tomakomai-hall.jp/,candidate-venues.csv;venue-details.csv,CAND-555;DETAIL-2056;DETAIL-2057;DETAIL-2058;DETAIL-2059;DETAIL-2060;DETAIL-2061;DETAIL-2062;DETAIL-2063;DETAIL-2064;DETAIL-2065;DETAIL-2066;DETAIL-2067;DETAIL-2068;DETAIL-2069;DETAIL-2070;DETAIL-2071,200,reachable,https://www.tomakomai-hall.jp/,text/html; charset=UTF-8,2026-08-09T02:15:27.140Z,
https://www.toridebunka.com/toride-civiccenter/,candidate-venues.csv;venue-details.csv,CAND-439;DETAIL-1182;DETAIL-1183;DETAIL-1184;DETAIL-1185;DETAIL-1186;DETAIL-1187,200,reachable,https://www.toridebunka.com/toride-civiccenter/,text/html; charset=UTF-8,2026-08-09T02:15:27.140Z,
https://www.tosashimizu-clc.net/facility-guide,candidate-venues.csv;venue-details.csv,CAND-759;DETAIL-3447;DETAIL-3448,200,reachable,https://www.tosashimizu-clc.net/facility-guide,text/html; charset=UTF-8,2026-08-09T02:15:27.140Z,
https://www.totteikobe.jp/access/,venue-operations.csv,OP-182:access_source_url,206,reachable,https://www.totteikobe.jp/access/,text/html,2026-08-09T02:15:27.140Z,
https://www.totteikobe.jp/for_organizer/,candidate-venues.csv;venue-details.csv;venue-operations.csv,CAND-099;DETAIL-166;OP-182:booking_source_url;OP-182:operations_source_url,206,reachable,https://www.totteikobe.jp/for_organizer/,text/html,2026-08-09T02:15:27.140Z,
https://www.tottori-caf.or.jp/miraichushin/facility/floor_guide/secondary_hall/,venue-details.csv,DETAIL-684,200,reachable,https://www.tottori-caf.or.jp/miraichushin/facility/floor_guide/secondary_hall/,text/html; charset=utf-8,2026-08-09T02:15:27.140Z,
https://www.town-kofu.jp/2/7/2/,candidate-venues.csv;venue-details.csv,CAND-782;DETAIL-3645;DETAIL-3646;DETAIL-3647,200,reachable,https://www.town-kofu.jp/2/7/2/,text/html; charset=utf-8,2026-08-09T02:15:27.140Z,
https://www.town-takachiho.jp/section/reiki_int/reiki_honbun/q643RG00000498.html,candidate-venues.csv;venue-details.csv,CAND-836;DETAIL-4033;DETAIL-4034;DETAIL-4035;DETAIL-4036,200,reachable,https://www.town-takachiho.jp/section/reiki_int/reiki_honbun/q643RG00000498.html,text/html,2026-08-09T02:15:27.140Z,
https://www.town.aikawa.kanagawa.jp/soshiki/kyouikuiinkai/shogaigakusyu/bunka/1422277729724.html,candidate-venues.csv;venue-details.csv,CAND-1173;DETAIL-7668;DETAIL-7669;DETAIL-7670;DETAIL-7671;DETAIL-7672;DETAIL-7673;DETAIL-7674;DETAIL-7675;DETAIL-7676;DETAIL-7677;DETAIL-7678;DETAIL-7679;DETAIL-7680;DETAIL-7681;DETAIL-7682,206,reachable,https://www.town.aikawa.kanagawa.jp/soshiki/kyouikuiinkai/shogaigakusyu/bunka/1422277729724.html,text/html,2026-08-09T02:15:27.140Z,
https://www.town.ainan.ehime.jp/kurashi/kyoikubunka/rekishibunka/shisetsu/mishobunkacenter.html,candidate-venues.csv;venue-details.csv,CAND-922;DETAIL-4933;DETAIL-4934;DETAIL-4935;DETAIL-4936;DETAIL-4937;DETAIL-4938;DETAIL-4939;DETAIL-4940;DETAIL-4941;DETAIL-4942;DETAIL-4943;DETAIL-4944;DETAIL-4945;DETAIL-4946;DETAIL-4947;DETAIL-4948;DETAIL-4949,200,reachable,https://www.town.ainan.ehime.jp/kurashi/kyoikubunka/rekishibunka/shisetsu/mishobunkacenter.html,text/html; charset=UTF-8,2026-08-09T02:15:27.140Z,
https://www.town.aizumi.lg.jp/bunka-h/docs/2023031400036/,venue-details.csv,DETAIL-1022;DETAIL-1023;DETAIL-1024;DETAIL-1025;DETAIL-1026;DETAIL-1027;DETAIL-1028,206,reachable,https://www.town.aizumi.lg.jp/bunka-h/docs/2023031400036/,text/html,2026-08-09T02:15:27.140Z,
https://www.town.aizumi.lg.jp/bunka-h/facility/index.html,candidate-venues.csv,CAND-410,206,reachable,https://www.town.aizumi.lg.jp/bunka-h/facility/index.html,text/html,2026-08-09T02:15:27.140Z,
https://www.town.ama.shimane.jp/torikumi-shisetsu/shisetsu/kaihatsu,candidate-venues.csv;venue-details.csv,CAND-703;DETAIL-3066;DETAIL-3067;DETAIL-3068,200,reachable,https://www.town.ama.shimane.jp/torikumi-shisetsu/shisetsu/kaihatsu,text/html;charset=utf-8,2026-08-09T02:15:27.140Z,
https://www.town.anamizu.lg.jp/page/100467.html,candidate-venues.csv;venue-details.csv,CAND-1040;DETAIL-6030;DETAIL-6031,206,reachable,https://www.town.anamizu.lg.jp/page/100467.html,text/html,2026-08-09T02:15:27.140Z,
https://www.town.aridagawa.lg.jp/aridagawalibrary/library.html,candidate-venues.csv;venue-details.csv,CAND-752;DETAIL-3396;DETAIL-3397;DETAIL-3398;DETAIL-3399;DETAIL-3400,206,reachable,https://www.town.aridagawa.lg.jp/aridagawalibrary/library.html,text/html,2026-08-09T02:15:27.140Z,
https://www.town.arita.lg.jp/reiki_int/reiki_honbun/r306RG00000476.html,candidate-venues.csv;venue-details.csv,CAND-416;DETAIL-1049;DETAIL-1050,206,reachable,https://www.town.arita.lg.jp/reiki_int/reiki_honbun/r306RG00000476.html,text/html,2026-08-09T02:15:27.140Z,
https://www.town.asahi.toyama.jp/section/buntai/sunrena/sisetsu.html,candidate-venues.csv;venue-details.csv,CAND-855;DETAIL-4237;DETAIL-4238;DETAIL-4239;DETAIL-4240;DETAIL-4241;DETAIL-4242;DETAIL-4243;DETAIL-4244;DETAIL-4245;DETAIL-4246;DETAIL-4247;DETAIL-4248;DETAIL-4249,206,reachable,https://www.town.asahi.toyama.jp/section/buntai/sunrena/sisetsu.html,text/html,2026-08-09T02:15:27.140Z,
https://www.town.aya.miyazaki.jp/uploaded/attachment/4982.pdf,candidate-venues.csv;venue-details.csv,CAND-668;DETAIL-2800,206,reachable,https://www.town.aya.miyazaki.jp/uploaded/attachment/4982.pdf,application/pdf,2026-08-09T02:15:27.140Z,
https://www.town.ayagawa.lg.jp/docs/2011071400291/,candidate-venues.csv;venue-details.csv,CAND-883;DETAIL-4447;DETAIL-4448;DETAIL-4449;DETAIL-4450;DETAIL-4451,206,reachable,https://www.town.ayagawa.lg.jp/docs/2011071400291/,text/html,2026-08-09T02:15:27.140Z,
https://www.town.chiyoda.gunma.jp/files/8671bc7189203ef212e6b568648491c3_1.pdf,venue-details.csv,DETAIL-3819;DETAIL-3821;DETAIL-3822,206,reachable,https://www.town.chiyoda.gunma.jp/files/8671bc7189203ef212e6b568648491c3_1.pdf,application/pdf,2026-08-09T02:15:27.140Z,
https://www.town.chiyoda.gunma.jp/kyoiku/plaza/plaza.html,candidate-venues.csv;venue-details.csv,CAND-806;DETAIL-3818;DETAIL-3820,206,reachable,https://www.town.chiyoda.gunma.jp/kyoiku/plaza/plaza.html,text/html,2026-08-09T02:15:27.140Z,
https://www.town.echizen.fukui.jp/shisetsu/06/p003937.html,candidate-venues.csv;venue-details.csv,CAND-688;DETAIL-2952;DETAIL-2953;DETAIL-2954;DETAIL-2955,206,reachable,https://www.town.echizen.fukui.jp/shisetsu/06/p003937.html,text/html,2026-08-09T02:15:27.140Z,
https://www.town.eiheiji.lg.jp/600/603/p010153.html,candidate-venues.csv;venue-details.csv,CAND-687;DETAIL-2947;DETAIL-2948;DETAIL-2949;DETAIL-2950;DETAIL-2951,206,reachable,https://www.town.eiheiji.lg.jp/600/603/p010153.html,text/html; charset=UTF-8,2026-08-09T02:15:27.140Z,
https://www.town.fujikawaguchiko.lg.jp/ka/info.php?if_id=6831,candidate-venues.csv;venue-details.csv,CAND-632;DETAIL-2624;DETAIL-2625;DETAIL-2626;DETAIL-2627;DETAIL-2628;DETAIL-2629;DETAIL-2630,200,reachable,https://www.town.fujikawaguchiko.lg.jp/ka/info.php?if_id=6831,text/html; charset=UTF-8,2026-08-09T02:15:27.140Z,
https://www.town.fujisaki.lg.jp/index.cfm/10%2C244%2C44%2C175%2Chtml,candidate-venues.csv;venue-details.csv,CAND-495;DETAIL-1648;DETAIL-1649;DETAIL-1650;DETAIL-1651;DETAIL-1652,404,client_error,https://www.town.fujisaki.lg.jp/index.cfm/10%2C244%2C44%2C175%2Chtml,text/html,2026-08-09T02:15:27.140Z,
https://www.town.fujisato.akita.jp/kanko/play_tourismsmf.html,candidate-venues.csv;venue-details.csv,CAND-998;DETAIL-5560;DETAIL-5561,206,reachable,https://www.town.fujisato.akita.jp/kanko/play_tourismsmf.html,text/html,2026-08-09T02:15:27.140Z,
https://www.town.fukui-mihama.lg.jp/site/navi-us/9485.html,candidate-venues.csv;venue-details.csv,CAND-857;DETAIL-4256,206,reachable,https://www.town.fukui-mihama.lg.jp/site/navi-us/9485.html,text/html,2026-08-09T02:15:27.140Z,
https://www.town.fukui-mihama.lg.jp/site/navi-us/9486.html,venue-details.csv,DETAIL-4262,206,reachable,https://www.town.fukui-mihama.lg.jp/site/navi-us/9486.html,text/html,2026-08-09T02:15:27.140Z,
https://www.town.fukui-mihama.lg.jp/site/navi-us/9488.html,venue-details.csv,DETAIL-4263,206,reachable,https://www.town.fukui-mihama.lg.jp/site/navi-us/9488.html,text/html,2026-08-09T02:15:27.140Z,
https://www.town.fukui-mihama.lg.jp/site/navi-us/9490.html,venue-details.csv,DETAIL-4261,206,reachable,https://www.town.fukui-mihama.lg.jp/site/navi-us/9490.html,text/html,2026-08-09T02:15:27.140Z,
https://www.town.fukui-mihama.lg.jp/site/navi-us/9491.html,venue-details.csv,DETAIL-4260,206,reachable,https://www.town.fukui-mihama.lg.jp/site/navi-us/9491.html,text/html,2026-08-09T02:15:27.140Z,
https://www.town.fukui-mihama.lg.jp/site/navi-us/9492.html,venue-details.csv,DETAIL-4258;DETAIL-4259,206,reachable,https://www.town.fukui-mihama.lg.jp/site/navi-us/9492.html,text/html,2026-08-09T02:15:27.140Z,
https://www.town.fukui-mihama.lg.jp/site/navi-us/9495.html,venue-details.csv,DETAIL-4257;DETAIL-4264,206,reachable,https://www.town.fukui-mihama.lg.jp/site/navi-us/9495.html,text/html,2026-08-09T02:15:27.140Z,
https://www.town.fukui-wakasa.lg.jp/soshiki/pareabunkaka/gyomuannai/2/1/406.html,candidate-venues.csv;venue-details.csv,CAND-506;DETAIL-1735;DETAIL-1736;DETAIL-1737;DETAIL-1738;DETAIL-1739;DETAIL-1740,206,reachable,https://www.town.fukui-wakasa.lg.jp/soshiki/pareabunkaka/gyomuannai/2/1/406.html,text/html,2026-08-09T02:15:27.140Z,
https://www.town.genkai.lg.jp/soshiki/11/1568.html,candidate-venues.csv;venue-details.csv,CAND-771;DETAIL-3536;DETAIL-3537;DETAIL-3538;DETAIL-3539;DETAIL-3540;DETAIL-3541,206,reachable,https://www.town.genkai.lg.jp/soshiki/11/1568.html,text/html,2026-08-09T02:15:27.140Z,
https://www.town.gojome.akita.jp/kanko/kankousyukuhakusisetu/kankosisetu/2516,candidate-venues.csv;venue-details.csv,CAND-801;DETAIL-3774;DETAIL-3775;DETAIL-3776;DETAIL-3777;DETAIL-3778;DETAIL-3779;DETAIL-3780;DETAIL-3781;DETAIL-3782;DETAIL-3783,206,reachable,https://www.town.gojome.akita.jp/kanko/kankousyukuhakusisetu/kankosisetu/2516,text/html,2026-08-09T02:15:27.140Z,
https://www.town.hachirogata.akita.jp/_res/projects/default_project/_page_/001/002/933/panhuretto.pdf,candidate-venues.csv;venue-details.csv,CAND-996;DETAIL-5545;DETAIL-5546;DETAIL-5547;DETAIL-5548;DETAIL-5549;DETAIL-5550;DETAIL-5551;DETAIL-5552;DETAIL-5553;DETAIL-5554;DETAIL-5555,206,reachable,https://www.town.hachirogata.akita.jp/_res/projects/default_project/_page_/001/002/933/panhuretto.pdf,application/pdf,2026-08-09T02:15:27.140Z,
https://www.town.haebaru.lg.jp/soshiki/19/2900.html,candidate-venues.csv;venue-details.csv,CAND-898;DETAIL-4648;DETAIL-4649;DETAIL-4650;DETAIL-4651;DETAIL-4652,206,reachable,https://www.town.haebaru.lg.jp/soshiki/19/2900.html,text/html,2026-08-09T02:15:27.140Z,
https://www.town.hasami.lg.jp/kiji0031399/index.html,candidate-venues.csv;venue-details.csv,CAND-890;DETAIL-4553;DETAIL-4554;DETAIL-4555;DETAIL-4556;DETAIL-4557;DETAIL-4558;DETAIL-4559;DETAIL-4560;DETAIL-4561,206,reachable,https://www.town.hasami.lg.jp/kiji0031399/index.html,text/html,2026-08-09T02:15:27.140Z,
https://www.town.hayashima.lg.jp/yurubinoya/riyoannai/2044.html,candidate-venues.csv;venue-details.csv,CAND-915;DETAIL-4886;DETAIL-4887;DETAIL-4888;DETAIL-4889;DETAIL-4890,206,reachable,https://www.town.hayashima.lg.jp/yurubinoya/riyoannai/2044.html,text/html,2026-08-09T02:15:27.140Z,
https://www.town.heguri.nara.jp/soshiki/16/1790.html,candidate-venues.csv;venue-details.csv,CAND-822;DETAIL-3934;DETAIL-3935;DETAIL-3936;DETAIL-3937;DETAIL-3938;DETAIL-3939;DETAIL-3940;DETAIL-3941;DETAIL-3942;DETAIL-3943;DETAIL-3944,206,reachable,https://www.town.heguri.nara.jp/soshiki/16/1790.html,text/html,2026-08-09T02:15:27.140Z,
https://www.town.hidakagawa.lg.jp/kyouiku/kouryu-center/facilities.html,candidate-venues.csv;venue-details.csv,CAND-945;DETAIL-5183;DETAIL-5184;DETAIL-5185;DETAIL-5186;DETAIL-5187;DETAIL-5188;DETAIL-5189;DETAIL-5190;DETAIL-5191;DETAIL-5192;DETAIL-5193;DETAIL-5194;DETAIL-5195;DETAIL-5196;DETAIL-5197,206,reachable,https://www.town.hidakagawa.lg.jp/kyouiku/kouryu-center/facilities.html,text/html; charset=UTF-8,2026-08-09T02:15:27.140Z,
https://www.town.higashimiyoshi.lg.jp/fs/5/5/6/7/0/3/_/%E6%9D%B1%E3%81%BF%E3%82%88%E3%81%97%E7%94%BA%E9%81%BF%E9%9B%A3%E6%89%80%E4%B8%80%E8%A6%A7%E8%A1%A8%28%E5%8F%8E%E5%AE%B9%E4%BA%BA%E6%95%B0%E7%AD%89%29.pdf,venue-details.csv,DETAIL-3680,206,reachable,https://www.town.higashimiyoshi.lg.jp/fs/5/5/6/7/0/3/_/%E6%9D%B1%E3%81%BF%E3%82%88%E3%81%97%E7%94%BA%E9%81%BF%E9%9B%A3%E6%89%80%E4%B8%80%E8%A6%A7%E8%A1%A8%28%E5%8F%8E%E5%AE%B9%E4%BA%BA%E6%95%B0%E7%AD%89%29.pdf,application/pdf,2026-08-09T02:15:27.140Z,
https://www.town.higashimiyoshi.lg.jp/fs/5/7/8/8/9/4/_/kentouiinkai_houkokusyo.pdf,candidate-venues.csv;venue-details.csv,CAND-788;DETAIL-3679;DETAIL-3681;DETAIL-3682;DETAIL-3683;DETAIL-3684;DETAIL-3685;DETAIL-3686,404,client_error,https://www.town.higashimiyoshi.lg.jp/fs/5/7/8/8/9/4/_/kentouiinkai_houkokusyo.pdf,text/html,2026-08-09T02:15:27.140Z,
https://www.town.higashisonogi.lg.jp/event/3555.html,candidate-venues.csv,CAND-892,404,client_error,https://www.town.higashisonogi.lg.jp/event/3555.html,text/html,2026-08-09T02:15:27.140Z,
https://www.town.higashisonogi.lg.jp/material/files/group/35/10sougoukaikan.pdf,venue-details.csv,DETAIL-4565;DETAIL-4566;DETAIL-4567;DETAIL-4568;DETAIL-4569;DETAIL-4570;DETAIL-4571;DETAIL-4572;DETAIL-4573;DETAIL-4574;DETAIL-4575;DETAIL-4576;DETAIL-4577;DETAIL-4578;DETAIL-4579;DETAIL-4580;DETAIL-4581;DETAIL-4582;DETAIL-4583,404,client_error,https://www.town.higashisonogi.lg.jp/material/files/group/35/10sougoukaikan.pdf,text/html,2026-08-09T02:15:27.140Z,
https://www.town.hiji.lg.jp/gyoseijoho/shisetsuannai/kominkan/910.html,candidate-venues.csv;venue-details.csv,CAND-831;DETAIL-4001;DETAIL-4002;DETAIL-4003;DETAIL-4004;DETAIL-4005;DETAIL-4006;DETAIL-4007;DETAIL-4008;DETAIL-4009;DETAIL-4010;DETAIL-4011,206,reachable,https://www.town.hiji.lg.jp/gyoseijoho/shisetsuannai/kominkan/910.html,text/html,2026-08-09T02:15:27.140Z,
https://www.town.hino.tottori.jp/1255.htm,candidate-venues.csv;venue-details.csv,CAND-476;DETAIL-1435,200,reachable,https://www.town.hino.tottori.jp/1255.htm,text/html; charset=utf-8,2026-08-09T02:15:27.140Z,
https://www.town.hiranai.aomori.jp/soshiki/shogai/1/1/554.html,candidate-venues.csv;venue-details.csv,CAND-838;DETAIL-4040;DETAIL-4041,206,reachable,https://www.town.hiranai.aomori.jp/soshiki/shogai/1/1/554.html,text/html,2026-08-09T02:15:27.140Z,
https://www.town.hirao.lg.jp/soshiki/kyouikuiinkai/shakaikyoiku/1454053546459.html,candidate-venues.csv;venue-details.csv,CAND-826;DETAIL-3972;DETAIL-3973;DETAIL-3974,206,reachable,https://www.town.hirao.lg.jp/soshiki/kyouikuiinkai/shakaikyoiku/1454053546459.html,text/html,2026-08-09T02:15:27.140Z,
https://www.town.hirono.iwate.jp/doc/2023090600019/,candidate-venues.csv;venue-details.csv,CAND-989;DETAIL-5477;DETAIL-5478;DETAIL-5479;DETAIL-5480;DETAIL-5481;DETAIL-5482;DETAIL-5483;DETAIL-5484,206,reachable,https://www.town.hirono.iwate.jp/doc/2023090600019/,text/html,2026-08-09T02:15:27.140Z,
https://www.town.iide.yamagata.jp/007/sisetugaiyou.html,candidate-venues.csv;venue-details.csv,CAND-1001;DETAIL-5589;DETAIL-5590;DETAIL-5591;DETAIL-5592;DETAIL-5593;DETAIL-5594,206,reachable,https://www.town.iide.yamagata.jp/007/sisetugaiyou.html,text/html; charset=UTF-8,2026-08-09T02:15:27.140Z,
https://www.town.ikaruga.nara.jp/ikaho/facility/detail.php?pid=1701392047,candidate-venues.csv;venue-details.csv,CAND-821;DETAIL-3927;DETAIL-3928;DETAIL-3929;DETAIL-3930;DETAIL-3931;DETAIL-3932;DETAIL-3933,200,reachable,https://www.town.ikaruga.nara.jp/ikaho/facility/detail.php?pid=1701392047,text/html; charset=UTF-8,2026-08-09T02:15:27.140Z,
https://www.town.ikawa.akita.jp/page/1359.html,candidate-venues.csv;venue-details.csv,CAND-997;DETAIL-5556;DETAIL-5557;DETAIL-5558;DETAIL-5559,206,reachable,https://www.town.ikawa.akita.jp/page/1359.html,text/html,2026-08-09T02:15:27.140Z,
https://www.town.ishii.lg.jp/docs/2011031501945/,candidate-venues.csv;venue-details.csv,CAND-411;DETAIL-1029;DETAIL-1030;DETAIL-1031;DETAIL-1032,206,reachable,https://www.town.ishii.lg.jp/docs/2011031501945/,text/html,2026-08-09T02:15:27.140Z,
https://www.town.itakura.gunma.jp/cont/s029000/d029040/new3.siyuoteiinnhyou.pdf,candidate-venues.csv;venue-details.csv,CAND-807;DETAIL-3823;DETAIL-3824;DETAIL-3825;DETAIL-3826;DETAIL-3827;DETAIL-3828;DETAIL-3829,206,reachable,https://www.town.itakura.gunma.jp/cont/s029000/d029040/new3.siyuoteiinnhyou.pdf,application/pdf,2026-08-09T02:15:27.140Z,
https://www.town.itano.tokushima.jp/docs/2017061100011/,candidate-venues.csv,CAND-658,,network_error,,,2026-08-09T02:15:27.140Z,fetch failed
https://www.town.itano.tokushima.jp/docs/2018081400013/files/01_gaiyou_bunka_1101.pdf,venue-details.csv,DETAIL-2740;DETAIL-2741;DETAIL-2742;DETAIL-2743;DETAIL-2744,,network_error,,,2026-08-09T02:15:27.140Z,fetch failed
https://www.town.kadena.okinawa.jp/facility/shi70.html,candidate-venues.csv;venue-details.csv,CAND-719;DETAIL-3164;DETAIL-3165;DETAIL-3166;DETAIL-3167,206,reachable,https://www.town.kadena.okinawa.jp/facility/shi70.html,text/html,2026-08-09T02:15:27.140Z,
https://www.town.kahoku.yamagata.jp/soshiki/shogai/syougaigakusyu/3508/874.html,candidate-venues.csv;venue-details.csv,CAND-795;DETAIL-3722;DETAIL-3723;DETAIL-3724;DETAIL-3725;DETAIL-3726;DETAIL-3727;DETAIL-3728;DETAIL-3729,206,reachable,https://www.town.kahoku.yamagata.jp/soshiki/shogai/syougaigakusyu/3508/874.html,text/html,2026-08-09T02:15:27.140Z,
https://www.town.kaiyo.lg.jp/bunkamura/shisetsu/bunkakan.html,candidate-venues.csv;venue-details.csv,CAND-786;DETAIL-3665;DETAIL-3666;DETAIL-3667;DETAIL-3668;DETAIL-3669;DETAIL-3670,206,reachable,https://www.town.kaiyo.lg.jp/bunkamura/shisetsu/bunkakan.html,text/html,2026-08-09T02:15:27.140Z,
https://www.town.kamiichi.toyama.jp/page/2074.html,candidate-venues.csv;venue-details.csv,CAND-502;DETAIL-1704;DETAIL-1705;DETAIL-1706,206,reachable,https://www.town.kamiichi.toyama.jp/page/2074.html,text/html,2026-08-09T02:15:27.140Z,
https://www.town.kamimine.lg.jp/kiji003103/index.html,candidate-venues.csv;venue-details.csv,CAND-975;DETAIL-5368;DETAIL-5369;DETAIL-5370;DETAIL-5371;DETAIL-5372;DETAIL-5373;DETAIL-5374;DETAIL-5375;DETAIL-5376;DETAIL-5377;DETAIL-5378;DETAIL-5379;DETAIL-5380;DETAIL-5381;DETAIL-5382;DETAIL-5383,206,reachable,https://www.town.kamimine.lg.jp/kiji003103/index.html,text/html,2026-08-09T02:15:27.140Z,
https://www.town.kaminokawa.lg.jp/0357/info-0000003452-0.html,candidate-venues.csv;venue-details.csv,CAND-848;DETAIL-4118;DETAIL-4119;DETAIL-4120;DETAIL-4121;DETAIL-4122;DETAIL-4123;DETAIL-4124,206,reachable,https://www.town.kaminokawa.lg.jp/0357/info-0000003452-0.html,text/html,2026-08-09T02:15:27.140Z,
https://www.town.kaminoseki.lg.jp/%E4%B8%AD%E5%A4%AE%E5%85%AC%E6%B0%91%E9%A4%A8%EF%BC%88%E7%B7%8F%E5%90%88%E6%96%87%E5%8C%96%E3%82%BB%E3%83%B3%E3%82%BF%E3%83%BC%E5%86%85%EF%BC%89.html,candidate-venues.csv;venue-details.csv,CAND-827;DETAIL-3975;DETAIL-3976;DETAIL-3977;DETAIL-3978;DETAIL-3979;DETAIL-3980;DETAIL-3981,206,reachable,https://www.town.kaminoseki.lg.jp/%E4%B8%AD%E5%A4%AE%E5%85%AC%E6%B0%91%E9%A4%A8%EF%BC%88%E7%B7%8F%E5%90%88%E6%96%87%E5%8C%96%E3%82%BB%E3%83%B3%E3%82%BF%E3%83%BC%E5%86%85%EF%BC%89.html,text/html; charset=UTF-8,2026-08-09T02:15:27.140Z,
https://www.town.kamitonda.lg.jp/bunka/2203.html,venue-details.csv,DETAIL-5198;DETAIL-5199;DETAIL-5200;DETAIL-5201;DETAIL-5202;DETAIL-5203,206,reachable,https://www.town.kamitonda.lg.jp/bunka/2203.html,text/html,2026-08-09T02:15:27.140Z,
https://www.town.kamitonda.lg.jp/bunka/index.html,candidate-venues.csv,CAND-946,206,reachable,https://www.town.kamitonda.lg.jp/bunka/index.html,text/html,2026-08-09T02:15:27.140Z,
https://www.town.kanegasaki.iwate.jp/docs/2017120400052/,candidate-venues.csv;venue-details.csv,CAND-992;DETAIL-5509;DETAIL-5510;DETAIL-5511;DETAIL-5512,206,reachable,https://www.town.kanegasaki.iwate.jp/docs/2017120400052/,text/html,2026-08-09T02:15:27.140Z,
https://www.town.kanra.lg.jp/k-bunka/bunka/news/01.html,candidate-venues.csv;venue-details.csv,CAND-1020;DETAIL-5771;DETAIL-5772;DETAIL-5773;DETAIL-5774;DETAIL-5775;DETAIL-5776;DETAIL-5777,206,reachable,https://www.town.kanra.lg.jp/k-bunka/bunka/news/01.html,text/html,2026-08-09T02:15:27.140Z,
https://www.town.karumai.iwate.jp/article/ukamekan/ukamekan_shisetsu/entry-basename.html,candidate-venues.csv;venue-details.csv,CAND-990;DETAIL-5485;DETAIL-5486;DETAIL-5487;DETAIL-5488;DETAIL-5489;DETAIL-5490;DETAIL-5491;DETAIL-5492;DETAIL-5493;DETAIL-5494;DETAIL-5495;DETAIL-5496;DETAIL-5497;DETAIL-5498;DETAIL-5499;DETAIL-5500,206,reachable,https://www.town.karumai.iwate.jp/article/ukamekan/ukamekan_shisetsu/entry-basename.html,text/html; charset=utf-8,2026-08-09T02:15:27.140Z,
https://www.town.kasuya.fukuoka.jp/s037/030/010/170/sannreiku1.pdf,venue-operations.csv,OP-028:booking_source_url,206,reachable,https://www.town.kasuya.fukuoka.jp/s037/030/010/170/sannreiku1.pdf,application/pdf,2026-08-09T02:15:27.140Z,
https://www.town.kasuya.fukuoka.jp/s037/040/010/010/010/030/20191202181804.html,venue-details.csv,DETAIL-057,206,reachable,https://www.town.kasuya.fukuoka.jp/s037/040/010/010/010/030/20191202181804.html,text/html,2026-08-09T02:15:27.140Z,
https://www.town.kasuya.fukuoka.jp/s037/040/010/010/010/20191115151740.html,candidate-venues.csv;venue-details.csv,CAND-016;DETAIL-058,206,reachable,https://www.town.kasuya.fukuoka.jp/s037/040/010/010/010/20191115151740.html,text/html,2026-08-09T02:15:27.140Z,
https://www.town.kasuya.fukuoka.jp/s037/040/010/010/020/20191130232335.html,venue-operations.csv,OP-028:operations_source_url,206,reachable,https://www.town.kasuya.fukuoka.jp/s037/040/010/010/020/20191130232335.html,text/html,2026-08-09T02:15:27.140Z,
https://www.town.kasuya.fukuoka.jp/s037/040/010/010/030/20191130225232.html,price-observations.csv,PRICE-148;PRICE-149;PRICE-150;PRICE-151;PRICE-152;PRICE-153;PRICE-154;PRICE-155,206,reachable,https://www.town.kasuya.fukuoka.jp/s037/040/010/010/030/20191130225232.html,text/html,2026-08-09T02:15:27.140Z,
https://www.town.kasuya.fukuoka.jp/s037/map/230/20191115151740.html,venue-operations.csv,OP-028:access_source_url,206,reachable,https://www.town.kasuya.fukuoka.jp/s037/map/230/20191115151740.html,text/html,2026-08-09T02:15:27.140Z,
https://www.town.katsuragi.wakayama.jp/050/120/020/20170331193833.html,candidate-venues.csv;venue-details.csv,CAND-750;DETAIL-3388;DETAIL-3389;DETAIL-3390;DETAIL-3391;DETAIL-3392;DETAIL-3393,206,reachable,https://www.town.katsuragi.wakayama.jp/050/120/020/20170331193833.html,text/html; charset=UTF-8,2026-08-09T02:15:27.140Z,
https://www.town.kawakita.ishikawa.jp/seikatsu2/taiiku.html,candidate-venues.csv;venue-details.csv,CAND-819;DETAIL-3921;DETAIL-3922;DETAIL-3923;DETAIL-3924;DETAIL-3925,200,reachable,https://www.town.kawakita.ishikawa.jp/seikatsu2/taiiku.html,text/html; charset=UTF-8,2026-08-09T02:15:27.140Z,
https://www.town.kawaminami.miyazaki.jp/soshiki/12/13920.html,venue-details.csv,DETAIL-2779,206,reachable,https://www.town.kawaminami.miyazaki.jp/soshiki/12/13920.html,text/html,2026-08-09T02:15:27.140Z,
https://www.town.kawaminami.miyazaki.jp/uploaded/attachment/5591.pdf,venue-details.csv,DETAIL-2778,206,reachable,https://www.town.kawaminami.miyazaki.jp/uploaded/attachment/5591.pdf,application/pdf,2026-08-09T02:15:27.140Z,
https://www.town.kawaminami.miyazaki.jp/uploaded/attachment/8587.pdf,candidate-venues.csv;venue-details.csv,CAND-665;DETAIL-2777;DETAIL-2780;DETAIL-2781;DETAIL-2782;DETAIL-2783,206,reachable,https://www.town.kawaminami.miyazaki.jp/uploaded/attachment/8587.pdf,application/pdf,2026-08-09T02:15:27.140Z,
https://www.town.kawanishi.yamagata.jp/kurashi/seikatsukankyo/ecosnowdome.html,candidate-venues.csv;venue-details.csv,CAND-794;DETAIL-3717;DETAIL-3718;DETAIL-3720;DETAIL-3721,206,reachable,https://www.town.kawanishi.yamagata.jp/kurashi/seikatsukankyo/ecosnowdome.html,text/html; charset=UTF-8,2026-08-09T02:15:27.140Z,
https://www.town.kawanishi.yamagata.jp/kyoiku/bunka/friendlyplaza.html,venue-details.csv,DETAIL-3719,206,reachable,https://www.town.kawanishi.yamagata.jp/kyoiku/bunka/friendlyplaza.html,text/html; charset=UTF-8,2026-08-09T02:15:27.140Z,
https://www.town.kijo.lg.jp/sosikikarasagasu/kyouikuiinkai_kyouikuka/5/1/498.html,candidate-venues.csv;venue-details.csv,CAND-666;DETAIL-2784;DETAIL-2785;DETAIL-2786;DETAIL-2787;DETAIL-2788;DETAIL-2789;DETAIL-2790;DETAIL-2791,200,reachable,https://www.town.kijo.lg.jp/sosikikarasagasu/kyouikuiinkai_kyouikuka/5/1/498.html,text/html,2026-08-09T02:15:27.140Z,
https://www.town.kikuyo.lg.jp/kiji0033993/index.html,candidate-venues.csv;venue-details.csv,CAND-982;DETAIL-5439;DETAIL-5440;DETAIL-5441;DETAIL-5442;DETAIL-5443;DETAIL-5444;DETAIL-5445,206,reachable,https://www.town.kikuyo.lg.jp/kiji0033993/index.html,text/html,2026-08-09T02:15:27.140Z,
https://www.town.kimino.wakayama.jp/sagasu/kyoikuka/yakuba_kokyo_shisetsu_annai/yakuba_kokyoshisetsuannai/102.html,candidate-venues.csv;venue-details.csv,CAND-749;DETAIL-3387,206,reachable,https://www.town.kimino.wakayama.jp/sagasu/kyoikuka/yakuba_kokyo_shisetsu_annai/yakuba_kokyoshisetsuannai/102.html,text/html,2026-08-09T02:15:27.140Z,
https://www.town.kitahiroshima.lg.jp/site/kominkan/22827.html,candidate-venues.csv;venue-details.csv,CAND-956;DETAIL-5258;DETAIL-5259;DETAIL-5260;DETAIL-5261;DETAIL-5262;DETAIL-5263;DETAIL-5264;DETAIL-5265;DETAIL-5266;DETAIL-5267,206,reachable,https://www.town.kitahiroshima.lg.jp/site/kominkan/22827.html,text/html,2026-08-09T02:15:27.140Z,
https://www.town.kitajima.lg.jp/docs/1542.html,venue-details.csv,DETAIL-3662,200,reachable,https://www.town.kitajima.lg.jp/docs/1542.html,text/html,2026-08-09T02:15:27.140Z,
https://www.town.kitajima.lg.jp/docs/293.html,candidate-venues.csv;venue-details.csv,CAND-785;DETAIL-3660;DETAIL-3661;DETAIL-3663;DETAIL-3664,200,reachable,https://www.town.kitajima.lg.jp/docs/293.html,text/html,2026-08-09T02:15:27.140Z,
https://www.town.kiyama.lg.jp/kiji003431/index.html,candidate-venues.csv;venue-details.csv,CAND-770;DETAIL-3529;DETAIL-3530;DETAIL-3531;DETAIL-3532;DETAIL-3533;DETAIL-3534;DETAIL-3535,206,reachable,https://www.town.kiyama.lg.jp/kiji003431/index.html,text/html,2026-08-09T02:15:27.140Z,
https://www.town.kokonoe.oita.jp/docs/2019121000019/,candidate-venues.csv;venue-details.csv,CAND-830;DETAIL-3994;DETAIL-3995;DETAIL-3996;DETAIL-3997;DETAIL-3998;DETAIL-3999;DETAIL-4000,206,reachable,https://www.town.kokonoe.oita.jp/docs/2019121000019/,text/html,2026-08-09T02:15:27.140Z,
https://www.town.koori.fukushima.jp/site/kanko/1756.html,candidate-venues.csv;venue-details.csv,CAND-776;DETAIL-3583,206,reachable,https://www.town.koori.fukushima.jp/site/kanko/1756.html,text/html,2026-08-09T02:15:27.140Z,
https://www.town.koori.fukushima.jp/soshiki/9/1743.html,venue-details.csv,DETAIL-3576;DETAIL-3577;DETAIL-3578;DETAIL-3579;DETAIL-3580;DETAIL-3581;DETAIL-3582,206,reachable,https://www.town.koori.fukushima.jp/soshiki/9/1743.html,text/html,2026-08-09T02:15:27.140Z,
https://www.town.koryo.nara.jp/0000000785.html,candidate-venues.csv;venue-details.csv,CAND-320;DETAIL-674;DETAIL-675;DETAIL-676,206,reachable,https://www.town.koryo.nara.jp/0000000785.html,text/html,2026-08-09T02:15:27.140Z,
https://www.town.kosa.lg.jp/q/aview/178/11124.html,venue-details.csv,DETAIL-5454,200,reachable,https://www.town.kosa.lg.jp/q/aview/178/11124.html,text/html,2026-08-09T02:15:27.140Z,
https://www.town.kosa.lg.jp/reiki_int/reiki_honbun/q457RG00000230.html?id=j2_k1,candidate-venues.csv;venue-details.csv,CAND-984;DETAIL-5450;DETAIL-5451;DETAIL-5452;DETAIL-5453,200,reachable,https://www.town.kosa.lg.jp/reiki_int/reiki_honbun/q457RG00000230.html?id=j2_k1,text/html,2026-08-09T02:15:27.140Z,
https://www.town.kosaka.akita.jp/material/files/group/20/1sinsei.pdf,candidate-venues.csv;venue-details.csv,CAND-993;DETAIL-5513;DETAIL-5514;DETAIL-5515;DETAIL-5516;DETAIL-5517;DETAIL-5518;DETAIL-5519;DETAIL-5520;DETAIL-5521;DETAIL-5522;DETAIL-5523;DETAIL-5524;DETAIL-5525;DETAIL-5526,206,reachable,https://www.town.kosaka.akita.jp/material/files/group/20/1sinsei.pdf,application/pdf,2026-08-09T02:15:27.140Z,
https://www.town.kotohira.kagawa.jp/soshiki/8/1321.html,candidate-venues.csv;venue-details.csv,CAND-708;DETAIL-3088;DETAIL-3089,206,reachable,https://www.town.kotohira.kagawa.jp/soshiki/8/1321.html,text/html,2026-08-09T02:15:27.140Z,
https://www.town.kotoura.tottori.jp/docs/2014032400064/,candidate-venues.csv;venue-details.csv,CAND-475;DETAIL-1434,206,reachable,https://www.town.kotoura.tottori.jp/docs/2014032400064/,text/html,2026-08-09T02:15:27.140Z,
https://www.town.koya.wakayama.jp/town/shisetsu/35102.html,candidate-venues.csv,CAND-950,200,reachable,https://www.town.koya.wakayama.jp/town/shisetsu/35102.html,text/html; charset=UTF-8,2026-08-09T02:15:27.140Z,
https://www.town.kunimi.fukushima.jp/site/kangetsudai/3539.html,venue-details.csv,DETAIL-3560;DETAIL-3561;DETAIL-3562,206,reachable,https://www.town.kunimi.fukushima.jp/site/kangetsudai/3539.html,text/html,2026-08-09T02:15:27.140Z,
https://www.town.kunimi.fukushima.jp/site/kangetsudai/3540.html,venue-details.csv,DETAIL-3563;DETAIL-3564;DETAIL-3565;DETAIL-3566;DETAIL-3567;DETAIL-3568;DETAIL-3569;DETAIL-3570,206,reachable,https://www.town.kunimi.fukushima.jp/site/kangetsudai/3540.html,text/html,2026-08-09T02:15:27.140Z,
https://www.town.kunimi.fukushima.jp/site/kangetsudai/list23.html,candidate-venues.csv,CAND-774,206,reachable,https://www.town.kunimi.fukushima.jp/site/kangetsudai/list23.html,text/html,2026-08-09T02:15:27.140Z,
https://www.town.kunitomi.miyazaki.jp/main/learning/culture/page000242.html,candidate-venues.csv;venue-details.csv,CAND-835;DETAIL-4028;DETAIL-4029;DETAIL-4030;DETAIL-4031;DETAIL-4032,206,reachable,https://www.town.kunitomi.miyazaki.jp/main/learning/culture/page000242.html,text/html,2026-08-09T02:15:27.140Z,
https://www.town.kushimoto.wakayama.jp/kosodate/bunka-center/2020-1224-1609-13.html,candidate-venues.csv;venue-details.csv,CAND-947;DETAIL-5204;DETAIL-5205;DETAIL-5206;DETAIL-5207;DETAIL-5208;DETAIL-5209;DETAIL-5210;DETAIL-5211;DETAIL-5212;DETAIL-5213;DETAIL-5214,206,reachable,https://www.town.kushimoto.wakayama.jp/kosodate/bunka-center/2020-1224-1609-13.html,text/html,2026-08-09T02:15:27.140Z,
https://www.town.kusu.oita.jp/choseijoho/machinoshisetsuichiran/1/1601.html,candidate-venues.csv;venue-details.csv,CAND-829;DETAIL-3985;DETAIL-3986;DETAIL-3987;DETAIL-3988;DETAIL-3989;DETAIL-3990;DETAIL-3991;DETAIL-3992,206,reachable,https://www.town.kusu.oita.jp/choseijoho/machinoshisetsuichiran/1/1601.html,text/html,2026-08-09T02:15:27.140Z,
https://www.town.kusu.oita.jp/choseijoho/machinoshisetsuichiran/1/1603.html,venue-details.csv,DETAIL-3993,206,reachable,https://www.town.kusu.oita.jp/choseijoho/machinoshisetsuichiran/1/1603.html,text/html,2026-08-09T02:15:27.140Z,
https://www.town.kyotamba.kyoto.jp/kakukakarasagasu/wachishisho/gyomuannai/3/1410.html,candidate-venues.csv;venue-details.csv,CAND-1133;DETAIL-7216;DETAIL-7217,200,reachable,https://www.town.kyotamba.kyoto.jp/kakukakarasagasu/wachishisho/gyomuannai/3/1410.html,text/html,2026-08-09T02:15:27.140Z,
https://www.town.manno.lg.jp/site/shisetsuzyoho/1675.html,candidate-venues.csv;venue-details.csv,CAND-706;DETAIL-3083,206,reachable,https://www.town.manno.lg.jp/site/shisetsuzyoho/1675.html,text/html,2026-08-09T02:15:27.140Z,
https://www.town.marumori.miyagi.jp/machisen/oohari-machi/guide/,candidate-venues.csv;venue-details.csv,CAND-676;DETAIL-2855;DETAIL-2856;DETAIL-2857;DETAIL-2858,200,reachable,https://www.town.marumori.miyagi.jp/machisen/oohari-machi/guide/,text/html; charset=UTF-8,2026-08-09T02:15:27.140Z,
https://www.town.matsushige.tokushima.jp/docs/2018053100019/,candidate-venues.csv;venue-details.csv,CAND-412;DETAIL-1033;DETAIL-1034,206,reachable,https://www.town.matsushige.tokushima.jp/docs/2018053100019/,text/html,2026-08-09T02:15:27.140Z,
https://www.town.mibu.tochigi.jp/reiki_int/reiki_honbun/e126RG00000099.html,candidate-venues.csv;venue-details.csv,CAND-678;DETAIL-2860;DETAIL-2861;DETAIL-2862;DETAIL-2863;DETAIL-2864;DETAIL-2865,206,reachable,https://www.town.mibu.tochigi.jp/reiki_int/reiki_honbun/e126RG00000099.html,text/html,2026-08-09T02:15:27.140Z,
https://www.town.mifune.kumamoto.jp/common/UploadFileOutput.ashx?c_id=3&flid=13092&id=8771&sub_id=2,candidate-venues.csv;venue-details.csv,CAND-764;DETAIL-3475;DETAIL-3476;DETAIL-3477;DETAIL-3478;DETAIL-3479;DETAIL-3480;DETAIL-3481;DETAIL-3482;DETAIL-3483,206,reachable,https://www.town.mifune.kumamoto.jp/common/UploadFileOutput.ashx?c_id=3&flid=13092&id=8771&sub_id=2,application/pdf,2026-08-09T02:15:27.140Z,
https://www.town.miki.lg.jp/life/dtl.php?hdnKey=1269,candidate-venues.csv;venue-details.csv,CAND-881;DETAIL-4429;DETAIL-4431;DETAIL-4432,200,reachable,https://www.town.miki.lg.jp/life/dtl.php?hdnKey=1269,text/html; charset=UTF-8,2026-08-09T02:15:27.140Z,
https://www.town.miki.lg.jp/reiki_int/reiki_honbun/o118RG00000160.html,venue-details.csv,DETAIL-4430;DETAIL-4433;DETAIL-4434;DETAIL-4435,206,reachable,https://www.town.miki.lg.jp/reiki_int/reiki_honbun/o118RG00000160.html,text/html,2026-08-09T02:15:27.140Z,
https://www.town.minabe.lg.jp/kosodate/07/01/2026-0702-1022-31.html,venue-details.csv,DETAIL-5223,404,client_error,https://www.town.minabe.lg.jp/kosodate/07/01/2026-0702-1022-31.html,text/html; charset=UTF-8,2026-08-09T02:15:27.140Z,
https://www.town.minabe.lg.jp/tyousei/08/2013090900127.html,candidate-venues.csv,CAND-951,206,reachable,https://www.town.minabe.lg.jp/tyousei/08/2013090900127.html,text/html; charset=UTF-8,2026-08-09T02:15:27.140Z,
https://www.town.minami.lg.jp/docs/190.html,candidate-venues.csv;venue-details.csv,CAND-1075;DETAIL-6455;DETAIL-6456,200,reachable,https://www.town.minami.lg.jp/docs/190.html,text/html,2026-08-09T02:15:27.140Z,
https://www.town.minamiechizen.lg.jp/kurasi/103/bunka/p001160.html,candidate-venues.csv;venue-details.csv,CAND-686;DETAIL-2939;DETAIL-2940;DETAIL-2941;DETAIL-2942;DETAIL-2943;DETAIL-2944;DETAIL-2945;DETAIL-2946,206,reachable,https://www.town.minamiechizen.lg.jp/kurasi/103/bunka/p001160.html,text/html; charset=UTF-8,2026-08-09T02:15:27.140Z,
https://www.town.minobu.lg.jp/page/1907.html,candidate-venues.csv;venue-details.csv,CAND-460;DETAIL-1326;DETAIL-1327;DETAIL-1328;DETAIL-1329;DETAIL-1330;DETAIL-1331;DETAIL-1332;DETAIL-1333;DETAIL-1334;DETAIL-1335;DETAIL-1336,206,reachable,https://www.town.minobu.lg.jp/page/1907.html,text/html,2026-08-09T02:15:27.140Z,
https://www.town.misasa.tottori.jp/315/1495/349/1906.html,candidate-venues.csv;venue-details.csv,CAND-650;DETAIL-2692;DETAIL-2693;DETAIL-2694;DETAIL-2695;DETAIL-2696;DETAIL-2697;DETAIL-2698;DETAIL-2699;DETAIL-2700,200,reachable,https://www.town.misasa.tottori.jp/315/1495/349/1906.html,text/html,2026-08-09T02:15:27.140Z,
https://www.town.misato.akita.jp/archive/contents-3842,candidate-venues.csv;venue-details.csv,CAND-802;DETAIL-3784;DETAIL-3785;DETAIL-3786;DETAIL-3787;DETAIL-3788;DETAIL-3789;DETAIL-3790;DETAIL-3791,200,reachable,https://www.town.misato.akita.jp/archive/contents-3842,text/html; charset=UTF-8,2026-08-09T02:15:27.140Z,
https://www.town.mitane.akita.jp/soshikikarasagasu/kyoikuiinkaijimukyoku/2/3476.html,candidate-venues.csv;venue-details.csv,CAND-599;DETAIL-2410;DETAIL-2411,206,reachable,https://www.town.mitane.akita.jp/soshikikarasagasu/kyoikuiinkaijimukyoku/2/3476.html,text/html,2026-08-09T02:15:27.140Z,
https://www.town.miyaki.lg.jp/kanko/shisetsu/_1279.html,candidate-venues.csv,CAND-772,206,reachable,https://www.town.miyaki.lg.jp/kanko/shisetsu/_1279.html,text/html; charset=UTF-8,2026-08-09T02:15:27.140Z,
https://www.town.miyota.nagano.jp/category/madogutiannai/2146.html,candidate-venues.csv;venue-details.csv,CAND-934;DETAIL-5088;DETAIL-5089;DETAIL-5090;DETAIL-5091;DETAIL-5092;DETAIL-5093;DETAIL-5094,206,reachable,https://www.town.miyota.nagano.jp/category/madogutiannai/2146.html,text/html; charset=UTF-8,2026-08-09T02:15:27.140Z,
https://www.town.morimachi.shizuoka.jp/gyosei/machinososhiki/bunkakaikan/bunka/2733.html,venue-details.csv,DETAIL-3627;DETAIL-3628;DETAIL-3629;DETAIL-3631;DETAIL-3632;DETAIL-3633;DETAIL-3634,206,reachable,https://www.town.morimachi.shizuoka.jp/gyosei/machinososhiki/bunkakaikan/bunka/2733.html,text/html,2026-08-09T02:15:27.140Z,
https://www.town.morimachi.shizuoka.jp/gyosei/machinososhiki/bunkakaikan/bunka/908.html,venue-details.csv,DETAIL-3635;DETAIL-3636;DETAIL-3637;DETAIL-3638,206,reachable,https://www.town.morimachi.shizuoka.jp/gyosei/machinososhiki/bunkakaikan/bunka/908.html,text/html,2026-08-09T02:15:27.140Z,
https://www.town.morimachi.shizuoka.jp/gyosei/machinososhiki/bunkakaikan/bunka/910.html,venue-details.csv,DETAIL-3624;DETAIL-3626;DETAIL-3630,206,reachable,https://www.town.morimachi.shizuoka.jp/gyosei/machinososhiki/bunkakaikan/bunka/910.html,text/html,2026-08-09T02:15:27.140Z,
https://www.town.morimachi.shizuoka.jp/gyosei/machinososhiki/bunkakaikan/bunka/911.html,venue-details.csv,DETAIL-3625;DETAIL-3639;DETAIL-3640,206,reachable,https://www.town.morimachi.shizuoka.jp/gyosei/machinososhiki/bunkakaikan/bunka/911.html,text/html,2026-08-09T02:15:27.140Z,
https://www.town.morimachi.shizuoka.jp/gyosei/machinososhiki/bunkakaikan/bunka/912.html,candidate-venues.csv,CAND-780,206,reachable,https://www.town.morimachi.shizuoka.jp/gyosei/machinososhiki/bunkakaikan/bunka/912.html,text/html,2026-08-09T02:15:27.140Z,
https://www.town.motobu.okinawa.jp/doc/2023112200043/,candidate-venues.csv;venue-details.csv,CAND-897;DETAIL-4642;DETAIL-4643;DETAIL-4644;DETAIL-4645;DETAIL-4646;DETAIL-4647,206,reachable,https://www.town.motobu.okinawa.jp/doc/2023112200043/,text/html,2026-08-09T02:15:27.140Z,
https://www.town.motoyama.kochi.jp/soshikikarasagasu/purachinacenter/490.html,candidate-venues.csv;venue-details.csv,CAND-967;DETAIL-5323;DETAIL-5324;DETAIL-5325;DETAIL-5326;DETAIL-5327;DETAIL-5328,206,reachable,https://www.town.motoyama.kochi.jp/soshikikarasagasu/purachinacenter/490.html,text/html,2026-08-09T02:15:27.140Z,
https://www.town.nachikatsuura.wakayama.jp/info/1264,candidate-venues.csv;venue-details.csv,CAND-949;DETAIL-5220;DETAIL-5221;DETAIL-5222,200,reachable,https://www.town.nachikatsuura.wakayama.jp/info/1264,text/html; charset=utf-8,2026-08-09T02:15:27.140Z,
https://www.town.nachikatsuura.wakayama.jp/info/76,candidate-venues.csv;venue-details.csv,CAND-948;DETAIL-5215;DETAIL-5216;DETAIL-5217;DETAIL-5218;DETAIL-5219,200,reachable,https://www.town.nachikatsuura.wakayama.jp/info/76,text/html; charset=utf-8,2026-08-09T02:15:27.140Z,
https://www.town.naganohara.gunma.jp/development/?content=333,candidate-venues.csv;venue-details.csv,CAND-1021;DETAIL-5778;DETAIL-5779;DETAIL-5780;DETAIL-5781,200,reachable,https://www.town.naganohara.gunma.jp/development/?content=333,text/html; charset=UTF-8,2026-08-09T02:15:27.140Z,
https://www.town.nakanojo.gunma.jp/site/bunka-kaikan/,candidate-venues.csv,CAND-1022,206,reachable,https://www.town.nakanojo.gunma.jp/site/bunka-kaikan/,text/html; charset=UTF-8,2026-08-09T02:15:27.140Z,
https://www.town.nakanojo.gunma.jp/site/bunka-kaikan/1186.html,venue-details.csv,DETAIL-5783;DETAIL-5784;DETAIL-5785;DETAIL-5786;DETAIL-5787;DETAIL-5788;DETAIL-5789;DETAIL-5790;DETAIL-5791,206,reachable,https://www.town.nakanojo.gunma.jp/site/bunka-kaikan/1186.html,text/html; charset=UTF-8,2026-08-09T02:15:27.140Z,
https://www.town.nakanoto.ishikawa.jp/soshiki/shougaigakushuu/3/1_1/2/1376.html,candidate-venues.csv;venue-details.csv,CAND-817;DETAIL-3906;DETAIL-3907;DETAIL-3908;DETAIL-3909;DETAIL-3910;DETAIL-3911;DETAIL-3912;DETAIL-3913;DETAIL-3914;DETAIL-3915;DETAIL-3916,206,reachable,https://www.town.nakanoto.ishikawa.jp/soshiki/shougaigakushuu/3/1_1/2/1376.html,text/html,2026-08-09T02:15:27.140Z,
https://www.town.nanbu.tottori.jp/admin/kouminkan/10/,candidate-venues.csv;venue-details.csv,CAND-651;DETAIL-2701;DETAIL-2702;DETAIL-2703;DETAIL-2704;DETAIL-2705,206,reachable,https://www.town.nanbu.tottori.jp/admin/kouminkan/10/,text/html,2026-08-09T02:15:27.140Z,
https://www.town.naoshima.lg.jp/tetsuduki/item/naoshima_hall_20251125.pdf,candidate-venues.csv;venue-details.csv,CAND-1147;DETAIL-7365;DETAIL-7366;DETAIL-7367;DETAIL-7368;DETAIL-7369;DETAIL-7370;DETAIL-7371,206,reachable,https://www.town.naoshima.lg.jp/tetsuduki/item/naoshima_hall_20251125.pdf,application/pdf,2026-08-09T02:15:27.140Z,
https://www.town.nara-kawanishi.lg.jp/0000000113.html,candidate-venues.csv;venue-details.csv,CAND-1058;DETAIL-6237;DETAIL-6238;DETAIL-6239;DETAIL-6240;DETAIL-6241;DETAIL-6242;DETAIL-6243;DETAIL-6244;DETAIL-6245;DETAIL-6246;DETAIL-6247;DETAIL-6248;DETAIL-6249;DETAIL-6250;DETAIL-6251;DETAIL-6252;DETAIL-6253;DETAIL-6254;DETAIL-6255,206,reachable,https://www.town.nara-kawanishi.lg.jp/0000000113.html,text/html,2026-08-09T02:15:27.140Z,
https://www.town.nasu.lg.jp/0227/info-0000000679-1.html,candidate-venues.csv;venue-details.csv,CAND-845;DETAIL-4085;DETAIL-4086;DETAIL-4087;DETAIL-4088;DETAIL-4089;DETAIL-4090;DETAIL-4091;DETAIL-4092;DETAIL-4093;DETAIL-4094;DETAIL-4095,206,reachable,https://www.town.nasu.lg.jp/0227/info-0000000679-1.html,text/html; charset=UTF-8,2026-08-09T02:15:27.140Z,
https://www.town.nichinan.lg.jp/soshikikarasagasu/kyoikuka/jinseigakuen/393.html,venue-details.csv,DETAIL-3648;DETAIL-3649;DETAIL-3650;DETAIL-3651;DETAIL-3652,206,reachable,https://www.town.nichinan.lg.jp/soshikikarasagasu/kyoikuka/jinseigakuen/393.html,text/html,2026-08-09T02:15:27.140Z,
https://www.town.nichinan.lg.jp/soshikikarasagasu/machimiraisouzouka/ibentotopiikua/22500.html,candidate-venues.csv;venue-details.csv,CAND-783;DETAIL-3653;DETAIL-3654;DETAIL-3655;DETAIL-3656,206,reachable,https://www.town.nichinan.lg.jp/soshikikarasagasu/machimiraisouzouka/ibentotopiikua/22500.html,text/html,2026-08-09T02:15:27.140Z,
https://www.town.nishihara.okinawa.jp/soshiki/17/1318.html,candidate-venues.csv;venue-details.csv,CAND-895;DETAIL-4621;DETAIL-4622;DETAIL-4623;DETAIL-4624;DETAIL-4625;DETAIL-4626;DETAIL-4627;DETAIL-4628;DETAIL-4629;DETAIL-4630;DETAIL-4631;DETAIL-4632;DETAIL-4633;DETAIL-4634;DETAIL-4635,206,reachable,https://www.town.nishihara.okinawa.jp/soshiki/17/1318.html,text/html,2026-08-09T02:15:27.140Z,
https://www.town.nishinoshima.shimane.jp/bunya/b_kyoiku-bunka/b_koryu/12,candidate-venues.csv;venue-details.csv,CAND-879;DETAIL-4420;DETAIL-4421;DETAIL-4422;DETAIL-4423,200,reachable,https://www.town.nishinoshima.shimane.jp/bunya/b_kyoiku-bunka/b_koryu/12,text/html;charset=utf-8,2026-08-09T02:15:27.140Z,
https://www.town.nishiwaga.lg.jp/material/files/group/15/siyousinseisyo.pdf,venue-details.csv,DETAIL-5507;DETAIL-5508,206,reachable,https://www.town.nishiwaga.lg.jp/material/files/group/15/siyousinseisyo.pdf,application/pdf,2026-08-09T02:15:27.140Z,
https://www.town.nishiwaga.lg.jp/soshikikarasagasu/kyoikuiinkai_shogaigakushuuka/1/3/4/850.html,candidate-venues.csv;venue-details.csv,CAND-991;DETAIL-5501;DETAIL-5502;DETAIL-5503;DETAIL-5504;DETAIL-5505;DETAIL-5506,206,reachable,https://www.town.nishiwaga.lg.jp/soshikikarasagasu/kyoikuiinkai_shogaigakushuuka/1/3/4/850.html,text/html,2026-08-09T02:15:27.140Z,
https://www.town.nogi.lg.jp/kankou/matsuri_event/page007203.html,candidate-venues.csv,CAND-847,206,reachable,https://www.town.nogi.lg.jp/kankou/matsuri_event/page007203.html,text/html,2026-08-09T02:15:27.140Z,
https://www.town.nyuzen.toyama.jp/gyosei/soshiki/chomin_kaikan/1/901.html,candidate-venues.csv;venue-details.csv,CAND-682;DETAIL-2895;DETAIL-2896;DETAIL-2897;DETAIL-2898;DETAIL-2899;DETAIL-2900;DETAIL-2901;DETAIL-2902;DETAIL-2903;DETAIL-2904;DETAIL-2905,206,reachable,https://www.town.nyuzen.toyama.jp/gyosei/soshiki/chomin_kaikan/1/901.html,text/html,2026-08-09T02:15:27.140Z,
https://www.town.oarai.lg.jp/kosodatekyouiku/shougaigakushuu/chouminkaikan/1958/,candidate-venues.csv;venue-details.csv,CAND-799;DETAIL-3756;DETAIL-3757;DETAIL-3758;DETAIL-3759;DETAIL-3760;DETAIL-3761;DETAIL-3762;DETAIL-3763,200,reachable,https://www.town.oarai.lg.jp/kosodatekyouiku/shougaigakushuu/chouminkaikan/1958/,text/html; charset=UTF-8,2026-08-09T02:15:27.140Z,
https://www.town.oe.yamagata.jp/government/ooe-overview/shisetsu/272,candidate-venues.csv;venue-details.csv,CAND-1002;DETAIL-5595;DETAIL-5596;DETAIL-5597;DETAIL-5598;DETAIL-5599;DETAIL-5600;DETAIL-5601;DETAIL-5602;DETAIL-5603;DETAIL-5604,200,reachable,https://www.town.oe.yamagata.jp/government/ooe-overview/shisetsu/272,text/html;charset=utf-8,2026-08-09T02:15:27.140Z,
https://www.town.ohi.fukui.jp/kankou/map/history/p16414.html,candidate-venues.csv;venue-details.csv,CAND-858;DETAIL-4265;DETAIL-4266,206,reachable,https://www.town.ohi.fukui.jp/kankou/map/history/p16414.html,text/html,2026-08-09T02:15:27.140Z,
https://www.town.ohi.fukui.jp/mobile/1001/1207/46/p10124.html,candidate-venues.csv;venue-details.csv,CAND-859;DETAIL-4267;DETAIL-4268;DETAIL-4269;DETAIL-4270,206,reachable,https://www.town.ohi.fukui.jp/mobile/1001/1207/46/p10124.html,text/html,2026-08-09T02:15:27.140Z,
https://www.town.oirase.aomori.jp/site/chouminkouryuusentataiikusisetu/index-2.html,candidate-venues.csv,CAND-670,206,reachable,https://www.town.oirase.aomori.jp/site/chouminkouryuusentataiikusisetu/index-2.html,text/html,2026-08-09T02:15:27.140Z,
https://www.town.oirase.aomori.jp/uploaded/attachment/8311.pdf,venue-details.csv,DETAIL-2817;DETAIL-2818;DETAIL-2819,206,reachable,https://www.town.oirase.aomori.jp/uploaded/attachment/8311.pdf,application/pdf,2026-08-09T02:15:27.140Z,
https://www.town.oizumi.gunma.jp/s031/kanko/010/120/R6syakaikyoikukeikaku.pdf,venue-details.csv,DETAIL-3807;DETAIL-3808;DETAIL-3809;DETAIL-3810;DETAIL-3811;DETAIL-3812;DETAIL-3813;DETAIL-3814;DETAIL-3815;DETAIL-3816;DETAIL-3817,404,client_error,https://www.town.oizumi.gunma.jp/s031/kanko/010/120/R6syakaikyoikukeikaku.pdf,text/html,2026-08-09T02:15:27.140Z,
https://www.town.oizumi.gunma.jp/s032/map/030/20200703182702.html,candidate-venues.csv;venue-details.csv,CAND-805;DETAIL-3805;DETAIL-3806,206,reachable,https://www.town.oizumi.gunma.jp/s032/map/030/20200703182702.html,text/html,2026-08-09T02:15:27.140Z,
https://www.town.oji.nara.jp/kakuka/chiikiseibi/chiikikoryu/gyomuannai/chiikikouryusenta/10581.html,candidate-venues.csv;venue-details.csv,CAND-823;DETAIL-3945;DETAIL-3946;DETAIL-3947;DETAIL-3948;DETAIL-3949;DETAIL-3950;DETAIL-3951;DETAIL-3952;DETAIL-3953;DETAIL-3954;DETAIL-3955;DETAIL-3956;DETAIL-3960;DETAIL-3961,206,reachable,https://www.town.oji.nara.jp/kakuka/chiikiseibi/chiikikoryu/gyomuannai/chiikikouryusenta/10581.html,text/html,2026-08-09T02:15:27.140Z,
https://www.town.oji.nara.jp/kakuka/chiikiseibi/chiikikouryusenta/10581.html,venue-details.csv,DETAIL-3957;DETAIL-3958;DETAIL-3959,404,client_error,https://www.town.oji.nara.jp/kakuka/chiikiseibi/chiikikouryusenta/10581.html,text/html,2026-08-09T02:15:27.140Z,
https://www.town.okinoshima.shimane.jp/www/contents/1443521111618/index.html,candidate-venues.csv,CAND-878,404,client_error,https://www.town.okinoshima.shimane.jp/www/contents/1443521111618/index.html,text/html,2026-08-09T02:15:27.140Z,
https://www.town.okinoshima.shimane.jp/www/contents/1756189560367/simple/bunkakaikan_boshuyoukou.pdf,venue-details.csv,DETAIL-4409;DETAIL-4410;DETAIL-4411;DETAIL-4412;DETAIL-4413;DETAIL-4414;DETAIL-4415;DETAIL-4416;DETAIL-4417;DETAIL-4418;DETAIL-4419,404,client_error,https://www.town.okinoshima.shimane.jp/www/contents/1756189560367/simple/bunkakaikan_boshuyoukou.pdf,text/html,2026-08-09T02:15:27.140Z,
https://www.town.okuizumo.shimane.jp/kosodate-kyoiku/kyoiku/shisetsu-yoyaku/s-reserve-33.html,candidate-venues.csv;venue-details.csv,CAND-702;DETAIL-3057;DETAIL-3058;DETAIL-3059;DETAIL-3060;DETAIL-3061;DETAIL-3062;DETAIL-3063;DETAIL-3064;DETAIL-3065,206,reachable,https://www.town.okuizumo.shimane.jp/kosodate-kyoiku/kyoiku/shisetsu-yoyaku/s-reserve-33.html,text/html; charset=UTF-8,2026-08-09T02:15:27.140Z,
https://www.town.osakikamijima.hiroshima.jp/soshiki/kshogai/syakaikyoiku/3956.html,candidate-venues.csv;venue-details.csv,CAND-955;DETAIL-5255;DETAIL-5256;DETAIL-5257,206,reachable,https://www.town.osakikamijima.hiroshima.jp/soshiki/kshogai/syakaikyoiku/3956.html,text/html,2026-08-09T02:15:27.140Z,
https://www.town.otsuki.kochi.jp/life/shisetsu.php,candidate-venues.csv;venue-details.csv,CAND-970;DETAIL-5340;DETAIL-5341;DETAIL-5342;DETAIL-5343;DETAIL-5344;DETAIL-5345,200,reachable,https://www.town.otsuki.kochi.jp/life/shisetsu.php,text/html; charset=UTF-8,2026-08-09T02:15:27.140Z,
https://www.town.ozu.kumamoto.jp/page/1126.html,candidate-venues.csv;venue-details.csv,CAND-762;DETAIL-3469;DETAIL-3470;DETAIL-3471,206,reachable,https://www.town.ozu.kumamoto.jp/page/1126.html,text/html,2026-08-09T02:15:27.140Z,
https://www.town.rokunohe.aomori.jp/docs/2022041100283/,candidate-venues.csv;venue-details.csv,CAND-840;DETAIL-4048;DETAIL-4049;DETAIL-4050;DETAIL-4051;DETAIL-4052;DETAIL-4053;DETAIL-4054;DETAIL-4055;DETAIL-4056;DETAIL-4057,206,reachable,https://www.town.rokunohe.aomori.jp/docs/2022041100283/,text/html,2026-08-09T02:15:27.140Z,
https://www.town.sakuho.nagano.jp/2026/05/27/260528_%E5%BA%83%E5%A0%B1_%E5%BA%83%E5%A0%B1%E3%81%95%E3%81%8F%E3%81%BB2026%E5%B9%B4%EF%BC%95%E6%9C%88%E5%8F%B7%EF%BC%88No.236%EF%BC%89.pdf,venue-details.csv,DETAIL-5118;DETAIL-5120;DETAIL-5121;DETAIL-5122,404,client_error,https://www.town.sakuho.nagano.jp/2026/05/27/260528_%E5%BA%83%E5%A0%B1_%E5%BA%83%E5%A0%B1%E3%81%95%E3%81%8F%E3%81%BB2026%E5%B9%B4%EF%BC%95%E6%9C%88%E5%8F%B7%EF%BC%88No.236%EF%BC%89.pdf,text/html;charset=UTF-8,2026-08-09T02:15:27.140Z,
https://www.town.sakuho.nagano.jp/kurashi/bunka/bunka/shogaigakushuka_3483.html,candidate-venues.csv;venue-details.csv,CAND-937;DETAIL-5119,404,client_error,https://www.town.sakuho.nagano.jp/kurashi/bunka/bunka/shogaigakushuka_3483.html,text/html;charset=UTF-8,2026-08-09T02:15:27.140Z,
https://www.town.sango.nara.jp/soshiki/27/2281.html,candidate-venues.csv;venue-details.csv,CAND-824;DETAIL-3962;DETAIL-3963;DETAIL-3964;DETAIL-3965;DETAIL-3966;DETAIL-3967;DETAIL-3968,206,reachable,https://www.town.sango.nara.jp/soshiki/27/2281.html,text/html,2026-08-09T02:15:27.140Z,
https://www.town.sannohe.aomori.jp/soshiki/soumu/sankomachikanrenshisetsu_hokadantaishisetsunogoannai/185.html,candidate-venues.csv;venue-details.csv,CAND-672;DETAIL-2828,206,reachable,https://www.town.sannohe.aomori.jp/soshiki/soumu/sankomachikanrenshisetsu_hokadantaishisetsunogoannai/185.html,text/html,2026-08-09T02:15:27.140Z,
https://www.town.satosho.okayama.jp/soshiki/11/1004.html,candidate-venues.csv;venue-details.csv,CAND-916;DETAIL-4891,206,reachable,https://www.town.satosho.okayama.jp/soshiki/11/1004.html,text/html,2026-08-09T02:15:27.140Z,
https://www.town.sera.hiroshima.jp/site/kyouiku/664.html,candidate-venues.csv;venue-details.csv,CAND-756;DETAIL-3425;DETAIL-3426;DETAIL-3427;DETAIL-3428;DETAIL-3429,206,reachable,https://www.town.sera.hiroshima.jp/site/kyouiku/664.html,text/html,2026-08-09T02:15:27.140Z,
https://www.town.shibata.miyagi.jp/index.cfm/82%2C27056%2C219%2C279%2Chtml,venue-details.csv,DETAIL-2853;DETAIL-2854,200,reachable,https://www.town.shibata.miyagi.jp/index.cfm/82%2C27056%2C219%2C279%2Chtml,text/html;charset=UTF-8,2026-08-09T02:15:27.140Z,
https://www.town.shibata.miyagi.jp/reiki_int/reiki_honbun/c216RG00000453.html,candidate-venues.csv;venue-details.csv,CAND-675;DETAIL-2852,206,reachable,https://www.town.shibata.miyagi.jp/reiki_int/reiki_honbun/c216RG00000453.html,text/html,2026-08-09T02:15:27.140Z,
https://www.town.shichinohe.lg.jp/gyosei/shisetsu/koukyou/chuoukouminkan.html,candidate-venues.csv;venue-details.csv,CAND-671;DETAIL-2820;DETAIL-2821;DETAIL-2822;DETAIL-2823;DETAIL-2824;DETAIL-2825;DETAIL-2826;DETAIL-2827,200,reachable,https://www.town.shichinohe.lg.jp/gyosei/shisetsu/koukyou/chuoukouminkan.html,text/html;charset=UTF-8,2026-08-09T02:15:27.140Z,
https://www.town.shika.lg.jp/page/1161.html,candidate-venues.csv;venue-details.csv,CAND-627;DETAIL-2607;DETAIL-2608,206,reachable,https://www.town.shika.lg.jp/page/1161.html,text/html,2026-08-09T02:15:27.140Z,
https://www.town.shimanto.lg.jp/sisetuinfo/bunkasisetu_01.php,candidate-venues.csv;venue-details.csv,CAND-760;DETAIL-3449;DETAIL-3450;DETAIL-3451;DETAIL-3452;DETAIL-3453;DETAIL-3454,200,reachable,https://www.town.shimanto.lg.jp/sisetuinfo/bunkasisetu_01.php,text/html; charset=UTF-8,2026-08-09T02:15:27.140Z,
https://www.town.shirahama.wakayama.jp/soshiki/kanko/koen/shisetsu/1454378782621.html,candidate-venues.csv;venue-details.csv,CAND-571;DETAIL-2229,206,reachable,https://www.town.shirahama.wakayama.jp/soshiki/kanko/koen/shisetsu/1454378782621.html,text/html,2026-08-09T02:15:27.140Z,
https://www.town.shirataka.lg.jp/secure/7201/%E8%B3%87%E6%96%991_%E6%96%87%E5%8C%96%E4%BA%A4%E6%B5%81%E3%82%BB%E3%83%B3%E3%82%BF%E3%83%BC%E6%8C%87%E5%AE%9A%E7%AE%A1%E7%90%86%E8%80%85%E5%8B%9F%E9%9B%86%E8%A6%81%E9%A0%85%20R7.pdf,candidate-venues.csv;venue-details.csv,CAND-603;DETAIL-2432;DETAIL-2433;DETAIL-2434;DETAIL-2435;DETAIL-2436;DETAIL-2437;DETAIL-2438;DETAIL-2439;DETAIL-2440;DETAIL-2441;DETAIL-2442;DETAIL-2443;DETAIL-2444,404,client_error,https://www.town.shirataka.lg.jp/secure/7201/%E8%B3%87%E6%96%991_%E6%96%87%E5%8C%96%E4%BA%A4%E6%B5%81%E3%82%BB%E3%83%B3%E3%82%BF%E3%83%BC%E6%8C%87%E5%AE%9A%E7%AE%A1%E7%90%86%E8%80%85%E5%8B%9F%E9%9B%86%E8%A6%81%E9%A0%85%20R7.pdf,text/html; charset=utf-8,2026-08-09T02:15:27.140Z,
https://www.town.shiroishi.lg.jp/jyuumin/shisetsu/kouminkan_bunka.html,candidate-venues.csv;venue-details.csv,CAND-973;CAND-974;DETAIL-5352;DETAIL-5353;DETAIL-5354;DETAIL-5355,206,reachable,https://www.town.shiroishi.lg.jp/jyuumin/shisetsu/kouminkan_bunka.html,text/html; charset=UTF-8,2026-08-09T02:15:27.140Z,
https://www.town.shiroishi.lg.jp/reiki/reiki_honbun/r080RG00000190.html,venue-details.csv,DETAIL-5356;DETAIL-5357;DETAIL-5358;DETAIL-5359;DETAIL-5360;DETAIL-5361;DETAIL-5362;DETAIL-5363;DETAIL-5364;DETAIL-5365;DETAIL-5366;DETAIL-5367,206,reachable,https://www.town.shiroishi.lg.jp/reiki/reiki_honbun/r080RG00000190.html,text/html,2026-08-09T02:15:27.140Z,
https://www.town.shizukuishi.iwate.jp/docs/2014122100034,candidate-venues.csv,CAND-987,206,reachable,https://www.town.shizukuishi.iwate.jp/docs/2014122100034,text/html,2026-08-09T02:15:27.140Z,
https://www.town.shizukuishi.iwate.jp/docs/2024102800014/file_contents/siyouryou.pdf,venue-details.csv,DETAIL-5463;DETAIL-5464;DETAIL-5465;DETAIL-5466;DETAIL-5467;DETAIL-5468;DETAIL-5469,206,reachable,https://www.town.shizukuishi.iwate.jp/docs/2024102800014/file_contents/siyouryou.pdf,application/pdf,2026-08-09T02:15:27.140Z,
https://www.town.shodoshima.lg.jp/gyousei/choseijoho/shisetsu/3178.html,candidate-venues.csv,CAND-884,206,reachable,https://www.town.shodoshima.lg.jp/gyousei/choseijoho/shisetsu/3178.html,text/html,2026-08-09T02:15:27.140Z,
https://www.town.shodoshima.lg.jp/gyousei/kakuka/oribu/1/8551.html,venue-details.csv,DETAIL-4452,206,reachable,https://www.town.shodoshima.lg.jp/gyousei/kakuka/oribu/1/8551.html,text/html,2026-08-09T02:15:27.140Z,
https://www.town.shodoshima.lg.jp/section/reiki_int/reiki_honbun/r262RG00000532.html,price-observations.csv;venue-details.csv,DETAIL-4453;DETAIL-4454;DETAIL-4455;DETAIL-4456;PRICE-2835;PRICE-2836;PRICE-2837;PRICE-2838,206,reachable,https://www.town.shodoshima.lg.jp/section/reiki_int/reiki_honbun/r262RG00000532.html,text/html,2026-08-09T02:15:27.140Z,
https://www.town.suo-oshima.lg.jp/soshiki/27/2101.html,candidate-venues.csv;venue-details.csv,CAND-828;DETAIL-3982;DETAIL-3983;DETAIL-3984,206,reachable,https://www.town.suo-oshima.lg.jp/soshiki/27/2101.html,text/html,2026-08-09T02:15:27.140Z,
https://www.town.tabuse.lg.jp/soshiki/25/2209.html,candidate-venues.csv;venue-details.csv,CAND-825;DETAIL-3969;DETAIL-3970;DETAIL-3971,206,reachable,https://www.town.tabuse.lg.jp/soshiki/25/2209.html,text/html,2026-08-09T02:15:27.140Z,
https://www.town.tadotsu.kagawa.jp/soshikikarasagasu/somuka/kokyoshisetsu/854.html,candidate-venues.csv;venue-details.csv,CAND-707;DETAIL-3084;DETAIL-3085;DETAIL-3086;DETAIL-3087,206,reachable,https://www.town.tadotsu.kagawa.jp/soshikikarasagasu/somuka/kokyoshisetsu/854.html,text/html,2026-08-09T02:15:27.140Z,
https://www.town.takahama.fukui.jp/page/kyouiku/bunkakaikan.html,candidate-venues.csv;venue-details.csv,CAND-507;DETAIL-1741;DETAIL-1742;DETAIL-1743;DETAIL-1744;DETAIL-1745;DETAIL-1746;DETAIL-1747;DETAIL-1748;DETAIL-1749;DETAIL-1750;DETAIL-1751;DETAIL-1752;DETAIL-1753;DETAIL-1754;DETAIL-1755,206,reachable,https://www.town.takahama.fukui.jp/page/kyouiku/bunkakaikan.html,text/html,2026-08-09T02:15:27.140Z,
https://www.town.takaharu.lg.jp/site/publicplaces-reserve/,candidate-venues.csv;venue-details.csv,CAND-833;DETAIL-4025;DETAIL-4026,206,reachable,https://www.town.takaharu.lg.jp/site/publicplaces-reserve/,text/html,2026-08-09T02:15:27.140Z,
https://www.town.takahata.yamagata.jp/life/5/30/114/,candidate-venues.csv,CAND-793,206,reachable,https://www.town.takahata.yamagata.jp/life/5/30/114/,text/html,2026-08-09T02:15:27.140Z,
https://www.town.takahata.yamagata.jp/soshiki/14/1588.html,venue-details.csv,DETAIL-3716,206,reachable,https://www.town.takahata.yamagata.jp/soshiki/14/1588.html,text/html,2026-08-09T02:15:27.140Z,
https://www.town.takko.lg.jp/reiki/reiki_honbun/c061RG00000218.html,candidate-venues.csv;venue-details.csv,CAND-839;DETAIL-4042;DETAIL-4043;DETAIL-4044;DETAIL-4045;DETAIL-4046;DETAIL-4047,206,reachable,https://www.town.takko.lg.jp/reiki/reiki_honbun/c061RG00000218.html,text/html,2026-08-09T02:15:27.140Z,
https://www.town.tamamura.lg.jp/docs/2025032500012/,candidate-venues.csv;venue-details.csv,CAND-612;DETAIL-2497;DETAIL-2498;DETAIL-2499;DETAIL-2500;DETAIL-2501;DETAIL-2502;DETAIL-2503;DETAIL-2504;DETAIL-2505;DETAIL-2506;DETAIL-2507;DETAIL-2508;DETAIL-2509;DETAIL-2510;DETAIL-2511;DETAIL-2512;DETAIL-2513,206,reachable,https://www.town.tamamura.lg.jp/docs/2025032500012/,text/html,2026-08-09T02:15:27.140Z,
https://www.town.tara.lg.jp/koukyou/_1298.html?media=pc,candidate-venues.csv;venue-details.csv,CAND-976;DETAIL-5384;DETAIL-5385;DETAIL-5386;DETAIL-5387,206,reachable,https://www.town.tara.lg.jp/koukyou/_1298.html?media=pc,text/html; charset=UTF-8,2026-08-09T02:15:27.140Z,
https://www.town.taragi.lg.jp/gyousei/soshiki/kikakukanko/sisetsu/354.html,candidate-venues.csv;venue-details.csv,CAND-986;DETAIL-5462,404,client_error,https://www.town.taragi.lg.jp/gyousei/soshiki/kikakukanko/sisetsu/354.html,text/html,2026-08-09T02:15:27.140Z,
https://www.town.taragi.lg.jp/material/files/group/3/pamphlet.pdf,venue-details.csv,DETAIL-5458;DETAIL-5459;DETAIL-5460;DETAIL-5461,206,reachable,https://www.town.taragi.lg.jp/material/files/group/3/pamphlet.pdf,application/pdf,2026-08-09T02:15:27.140Z,
https://www.town.tawaramoto.nara.jp/aogaki/yayoi/52.html,candidate-venues.csv;venue-details.csv,CAND-1057;DETAIL-6229;DETAIL-6230;DETAIL-6231;DETAIL-6232;DETAIL-6233;DETAIL-6234;DETAIL-6235;DETAIL-6236,206,reachable,https://www.town.tawaramoto.nara.jp/aogaki/yayoi/52.html,text/html,2026-08-09T02:15:27.140Z,
https://www.town.tobe.ehime.jp/soshikikarasagasu/shakaikyouikuka/bunnkakaikan/4008.html,candidate-venues.csv;venue-details.csv,CAND-919;DETAIL-4905;DETAIL-4906;DETAIL-4907,206,reachable,https://www.town.tobe.ehime.jp/soshikikarasagasu/shakaikyouikuka/bunnkakaikan/4008.html,text/html,2026-08-09T02:15:27.140Z,
https://www.town.tochigi-haga.lg.jp/shisetsu/bunka/chouminkaikan.html,candidate-venues.csv;venue-details.csv,CAND-679;DETAIL-2866;DETAIL-2867;DETAIL-2868;DETAIL-2869;DETAIL-2870;DETAIL-2871;DETAIL-2872;DETAIL-2873,206,reachable,https://www.town.tochigi-haga.lg.jp/shisetsu/bunka/chouminkaikan.html,text/html,2026-08-09T02:15:27.140Z,
https://www.town.togitsu.nagasaki.jp/shisetsuannai/3538.html,candidate-venues.csv,CAND-893,206,reachable,https://www.town.togitsu.nagasaki.jp/shisetsuannai/3538.html,text/html,2026-08-09T02:15:27.140Z,
https://www.town.toin.lg.jp/soshiki/1017/1/2/427.html,candidate-venues.csv;venue-details.csv,CAND-250;DETAIL-528,206,reachable,https://www.town.toin.lg.jp/soshiki/1017/1/2/427.html,text/html,2026-08-09T02:15:27.140Z,
https://www.town.tokushima-mugi.lg.jp/doc/2024122000203/,candidate-venues.csv;venue-details.csv,CAND-657;DETAIL-2732;DETAIL-2733;DETAIL-2734;DETAIL-2735;DETAIL-2736;DETAIL-2737;DETAIL-2738;DETAIL-2739,206,reachable,https://www.town.tokushima-mugi.lg.jp/doc/2024122000203/,text/html,2026-08-09T02:15:27.140Z,
https://www.town.tokushima-tsurugi.lg.jp/reiki_int/reiki_honbun/r097RG00000164.html,candidate-venues.csv;venue-details.csv,CAND-659;DETAIL-2745;DETAIL-2746;DETAIL-2747,200,reachable,https://www.town.tokushima-tsurugi.lg.jp/reiki_int/reiki_honbun/r097RG00000164.html,text/html,2026-08-09T02:15:27.140Z,
https://www.town.tonosho.kagawa.jp/gyosei/soshiki/shogai/1_1/312.html,candidate-venues.csv;price-observations.csv;venue-details.csv,CAND-882;DETAIL-4436;DETAIL-4437;DETAIL-4438;DETAIL-4439;DETAIL-4440;DETAIL-4441;DETAIL-4442;DETAIL-4443;DETAIL-4444;DETAIL-4445;DETAIL-4446;PRICE-2831;PRICE-2832;PRICE-2833;PRICE-2834,206,reachable,https://www.town.tonosho.kagawa.jp/gyosei/soshiki/shogai/1_1/312.html,text/html,2026-08-09T02:15:27.140Z,
https://www.town.tsubata.lg.jp/page/1013.html,candidate-venues.csv;venue-details.csv,CAND-456;DETAIL-1297;DETAIL-1298;DETAIL-1299;DETAIL-1300,206,reachable,https://www.town.tsubata.lg.jp/page/1013.html,text/html,2026-08-09T02:15:27.140Z,
https://www.town.tsuno.lg.jp/reiki/reiki_honbun/q632RG00000214.html,candidate-venues.csv;venue-details.csv,CAND-834;DETAIL-4027,206,reachable,https://www.town.tsuno.lg.jp/reiki/reiki_honbun/q632RG00000214.html,text/html,2026-08-09T02:15:27.140Z,
https://www.town.tsuwano.lg.jp/www/contents/1754466060024/index.html,candidate-venues.csv;venue-details.csv,CAND-1143;DETAIL-7306;DETAIL-7307,206,reachable,https://www.town.tsuwano.lg.jp/www/contents/1754466060024/index.html,text/html,2026-08-09T02:15:27.140Z,
https://www.town.uchiko.ehime.jp/soshiki/50/subaruriyouannai.html,candidate-venues.csv;venue-details.csv,CAND-730;DETAIL-3251;DETAIL-3252;DETAIL-3253;DETAIL-3254;DETAIL-3255;DETAIL-3256;DETAIL-3257;DETAIL-3258;DETAIL-3259;DETAIL-3260;DETAIL-3261;DETAIL-3262,206,reachable,https://www.town.uchiko.ehime.jp/soshiki/50/subaruriyouannai.html,text/html,2026-08-09T02:15:27.140Z,
https://www.town.uchinada.lg.jp/uploaded/life/17207_21715_misc.pdf,candidate-venues.csv;venue-details.csv,CAND-625;DETAIL-2594;DETAIL-2595;DETAIL-2596;DETAIL-2597;DETAIL-2598;DETAIL-2599;DETAIL-2600;DETAIL-2601;DETAIL-2602;DETAIL-2603,206,reachable,https://www.town.uchinada.lg.jp/uploaded/life/17207_21715_misc.pdf,application/pdf,2026-08-09T02:15:27.140Z,
https://www.town.ugo.lg.jp/sightseeing/detail.html?category_id=210&id=1283,candidate-venues.csv;venue-details.csv,CAND-427;DETAIL-1107;DETAIL-1108;DETAIL-1109;DETAIL-1110;DETAIL-1111;DETAIL-1112,200,reachable,https://www.town.ugo.lg.jp/sightseeing/detail.html?category_id=210&id=1283,text/html; charset=UTF-8,2026-08-09T02:15:27.140Z,
https://www.town.wakasa.tottori.jp/kanko_bunka_sports/machishuhen_shisetsu/575.html,candidate-venues.csv;venue-details.csv,CAND-784;DETAIL-3657;DETAIL-3658,206,reachable,https://www.town.wakasa.tottori.jp/kanko_bunka_sports/machishuhen_shisetsu/575.html,text/html,2026-08-09T02:15:27.140Z,
https://www.town.wakasa.tottori.jp/material/files/group/11/R7.pdf,venue-details.csv,DETAIL-3659,404,client_error,https://www.town.wakasa.tottori.jp/material/files/group/11/R7.pdf,text/html,2026-08-09T02:15:27.140Z,
https://www.town.waki.lg.jp/uploaded/attachment/4877.pdf,candidate-venues.csv;venue-details.csv,CAND-656;DETAIL-2730;DETAIL-2731,206,reachable,https://www.town.waki.lg.jp/uploaded/attachment/4877.pdf,application/pdf,2026-08-09T02:15:27.140Z,
https://www.town.wakuya.miyagi.jp/kurashi/kyoiku/bunka-sports/wakuyakominkan.html,candidate-venues.csv;venue-details.csv,CAND-395;DETAIL-951;DETAIL-952;DETAIL-953,206,reachable,https://www.town.wakuya.miyagi.jp/kurashi/kyoiku/bunka-sports/wakuyakominkan.html,text/html,2026-08-09T02:15:27.140Z,
https://www.town.yabuki.fukushima.jp/page/page004139.html,candidate-venues.csv;venue-details.csv,CAND-775;DETAIL-3571;DETAIL-3572;DETAIL-3573;DETAIL-3574;DETAIL-3575,206,reachable,https://www.town.yabuki.fukushima.jp/page/page004139.html,text/html,2026-08-09T02:15:27.140Z,
https://www.town.yahaba.iwate.jp/soshiki/kikaku/manabi/2016021500342,candidate-venues.csv;venue-details.csv,CAND-791;DETAIL-3710,200,reachable,https://www.town.yahaba.iwate.jp/soshiki/kikaku/manabi/2016021500342,text/html; charset=UTF-8,2026-08-09T02:15:27.140Z,
https://www.town.yakage.okayama.jp/machi/shisetsu/shisetsu.html,candidate-venues.csv;venue-details.csv,CAND-917;DETAIL-4892;DETAIL-4893;DETAIL-4894,,network_error,,,2026-08-09T02:15:27.140Z,fetch failed
https://www.town.yamada.iwate.jp/docs/238.html,candidate-venues.csv;venue-details.csv,CAND-988;DETAIL-5470;DETAIL-5471;DETAIL-5472;DETAIL-5473;DETAIL-5474;DETAIL-5475;DETAIL-5476,206,reachable,https://www.town.yamada.iwate.jp/docs/238.html,text/html; charset=UTF-8,2026-08-09T02:15:27.140Z,
https://www.town.yamamoto.miyagi.jp/soshiki/20/8035.html,candidate-venues.csv;venue-details.csv,CAND-394;DETAIL-944;DETAIL-945;DETAIL-946;DETAIL-947;DETAIL-948;DETAIL-949;DETAIL-950,206,reachable,https://www.town.yamamoto.miyagi.jp/soshiki/20/8035.html,text/html,2026-08-09T02:15:27.140Z,
https://www.town.yazu.tottori.jp/soshiki/28/1089.html,candidate-venues.csv;venue-details.csv,CAND-474;DETAIL-1428;DETAIL-1429;DETAIL-1430;DETAIL-1431;DETAIL-1432;DETAIL-1433,206,reachable,https://www.town.yazu.tottori.jp/soshiki/28/1089.html,text/html,2026-08-09T02:15:27.140Z,
https://www.town.yoshika.lg.jp/about/zaiseijohou/public-comment.data/01kobetu.pdf,candidate-venues.csv;venue-details.csv,CAND-704;DETAIL-3069,404,client_error,https://www.town.yoshika.lg.jp/about/zaiseijohou/public-comment.data/01kobetu.pdf,text/html; charset=iso-8859-1,2026-08-09T02:15:27.140Z,
https://www.town.yoshinogari.lg.jp/lifeinfo/soshiki/shakai_kyoiku/1/3/2/2010.html,candidate-venues.csv,CAND-769,206,reachable,https://www.town.yoshinogari.lg.jp/lifeinfo/soshiki/shakai_kyoiku/1/3/2/2010.html,text/html,2026-08-09T02:15:27.140Z,
https://www.town.yoshinogari.lg.jp/material/files/group/48/bessatsu_keikaku.pdf,venue-details.csv,DETAIL-3524;DETAIL-3525;DETAIL-3526;DETAIL-3527;DETAIL-3528,206,reachable,https://www.town.yoshinogari.lg.jp/material/files/group/48/bessatsu_keikaku.pdf,application/pdf,2026-08-09T02:15:27.140Z,
https://www.town.yoshioka.gunma.jp/chousei/pdf/5f75fbefbb20a2f6751e8997678e9f91.pdf,venue-details.csv,DETAIL-3830;DETAIL-3831;DETAIL-3832,,network_error,,,2026-08-09T02:15:27.140Z,fetch failed
https://www.town.yoshioka.gunma.jp/kankou/tourism/003164.html,candidate-venues.csv,CAND-808,,network_error,,,2026-08-09T02:15:27.140Z,fetch failed
https://www.town.yuasa.wakayama.jp/uploaded/attachment/9172.pdf,candidate-venues.csv;venue-details.csv,CAND-751;DETAIL-3394;DETAIL-3395,206,reachable,https://www.town.yuasa.wakayama.jp/uploaded/attachment/9172.pdf,application/pdf,2026-08-09T02:15:27.140Z,
https://www.town.yuza.yamagata.jp/archive/contents-804,candidate-venues.csv;venue-details.csv,CAND-1004;DETAIL-5611;DETAIL-5612;DETAIL-5613;DETAIL-5614;DETAIL-5615;DETAIL-5616;DETAIL-5617;DETAIL-5618;DETAIL-5619;DETAIL-5620;DETAIL-5621;DETAIL-5622,200,reachable,https://www.town.yuza.yamagata.jp/archive/contents-804,text/html; charset=UTF-8,2026-08-09T02:15:27.140Z,
https://www.town.zao.miyagi.jp/koho/0408/kouhouzao478_gozain.htm,venue-details.csv,DETAIL-939,206,reachable,https://www.town.zao.miyagi.jp/koho/0408/kouhouzao478_gozain.htm,text/html,2026-08-09T02:15:27.140Z,
https://www.town.zao.miyagi.jp/kurashi_guide/koukyoushisetsu/gozain/gozain.html,candidate-venues.csv;venue-details.csv,CAND-393;DETAIL-940;DETAIL-941;DETAIL-942;DETAIL-943,206,reachable,https://www.town.zao.miyagi.jp/kurashi_guide/koukyoushisetsu/gozain/gozain.html,text/html,2026-08-09T02:15:27.140Z,
https://www.toyama-pref-ihc.or.jp/zaidan/SportsCenter/,candidate-venues.csv;venue-details.csv,CAND-177;DETAIL-265,206,reachable,https://www.toyama-pref-ihc.or.jp/zaidan/SportsCenter/,text/html,2026-08-09T02:15:27.140Z,
https://www.toyonaka-hall.jp/use/,candidate-venues.csv;venue-details.csv,CAND-907;DETAIL-4747;DETAIL-4748;DETAIL-4749;DETAIL-4750;DETAIL-4751;DETAIL-4752;DETAIL-4753;DETAIL-4754;DETAIL-4755;DETAIL-4756;DETAIL-4757;DETAIL-4758;DETAIL-4759;DETAIL-4760;DETAIL-4761;DETAIL-4762;DETAIL-4763;DETAIL-4764,200,reachable,https://www.toyonaka-hall.jp/use/,text/html; charset=UTF-8,2026-08-09T02:15:27.140Z,
https://www.toyota-arena-tokyo.jp/about-the-arena/main-arena/,venue-details.csv,DETAIL-161,206,reachable,https://www.toyota-arena-tokyo.jp/about-the-arena/main-arena/,text/html; charset=utf-8,2026-08-09T02:15:27.140Z,
https://www.toyota-arena-tokyo.jp/access/,venue-operations.csv,OP-081:access_source_url,206,reachable,https://www.toyota-arena-tokyo.jp/access/,text/html; charset=utf-8,2026-08-09T02:15:27.140Z,
https://www.toyota-arena-tokyo.jp/organizer/,candidate-venues.csv;venue-operations.csv,CAND-095;OP-081:booking_source_url;OP-081:operations_source_url,200,reachable,https://www.toyota-arena-tokyo.jp/organizer/,text/html; charset=utf-8,2026-08-09T02:15:27.140Z,
https://www.toyota-taikyo.or.jp/reservation,venue-operations.csv,OP-176:booking_source_url,200,reachable,https://www.toyota-taikyo.or.jp/reservation,text/html;charset=utf-8,2026-08-09T02:15:27.140Z,
https://www.toyota-taikyo.or.jp/skyhall,candidate-venues.csv;venue-details.csv;venue-operations.csv,CAND-130;DETAIL-213;DETAIL-320;OP-176:access_source_url;OP-176:operations_source_url,200,reachable,https://www.toyota-taikyo.or.jp/skyhall,text/html;charset=utf-8,2026-08-09T02:15:27.140Z,
https://www.tsuhisai-ars.jp/about/hall/,candidate-venues.csv;venue-details.csv,CAND-242;DETAIL-517,200,reachable,https://www.tsuhisai-ars.jp/about/hall/,text/html; charset=UTF-8,2026-08-09T02:15:27.140Z,
https://www.uki-wing.jp/,candidate-venues.csv;venue-details.csv,CAND-585;DETAIL-2303;DETAIL-2304;DETAIL-2305;DETAIL-2306;DETAIL-2307;DETAIL-2308;DETAIL-2309;DETAIL-2310;DETAIL-2311;DETAIL-2312,,network_error,,,2026-08-09T02:15:27.140Z,fetch failed
https://www.uonumahall.jp/hibiki-info/information/riha/,venue-details.csv,DETAIL-4684;DETAIL-4685;DETAIL-4686;DETAIL-4687;DETAIL-4688;DETAIL-4689;DETAIL-4690;DETAIL-4691;DETAIL-4692;DETAIL-4693;DETAIL-4694,200,reachable,https://www.uonumahall.jp/hibiki-info/information/riha/,text/html; charset=UTF-8,2026-08-09T02:15:27.140Z,
https://www.uonumahall.jp/hibiki-info/information/syouho/,venue-details.csv,DETAIL-4683,200,reachable,https://www.uonumahall.jp/hibiki-info/information/syouho/,text/html; charset=UTF-8,2026-08-09T02:15:27.140Z,
https://www.uonumahall.jp/information/daihoru,venue-details.csv,DETAIL-4682,200,reachable,https://www.uonumahall.jp/hibiki-info/information/daihoru/,text/html; charset=UTF-8,2026-08-09T02:15:27.140Z,redirected
https://www.vill.funahashi.toyama.jp/facility_new/hall.html,candidate-venues.csv;venue-details.csv,CAND-683;DETAIL-2906;DETAIL-2907;DETAIL-2908;DETAIL-2909;DETAIL-2910;DETAIL-2911;DETAIL-2912;DETAIL-2913;DETAIL-2914;DETAIL-2915;DETAIL-2916;DETAIL-2917,200,reachable,https://www.vill.funahashi.toyama.jp/facility_new/hall.html,text/html; charset=none,2026-08-09T02:15:27.140Z,
https://www.vill.kamikoani.akita.jp/info/12,candidate-venues.csv;venue-details.csv,CAND-994;DETAIL-5527;DETAIL-5528;DETAIL-5529;DETAIL-5530;DETAIL-5531;DETAIL-5532;DETAIL-5533;DETAIL-5534;DETAIL-5535;DETAIL-5536;DETAIL-5537,200,reachable,https://www.vill.kamikoani.akita.jp/info/12,text/html; charset=utf-8,2026-08-09T02:15:27.140Z,
https://www.vill.kamikoani.akita.jp/Info/281,candidate-venues.csv;venue-details.csv,CAND-995;DETAIL-5538;DETAIL-5539;DETAIL-5540;DETAIL-5541;DETAIL-5542;DETAIL-5543;DETAIL-5544,200,reachable,https://www.vill.kamikoani.akita.jp/Info/281,text/html; charset=utf-8,2026-08-09T02:15:27.140Z,
https://www.vill.minamiaso.lg.jp/kiji003635/index.html,candidate-venues.csv;venue-details.csv,CAND-985;DETAIL-5455;DETAIL-5456;DETAIL-5457,206,reachable,https://www.vill.minamiaso.lg.jp/kiji003635/index.html,text/html,2026-08-09T02:15:27.140Z,
https://www.vill.nakagusuku.okinawa.jp/overview/facilities/hall/,candidate-venues.csv;venue-details.csv,CAND-896;DETAIL-4636;DETAIL-4637;DETAIL-4638;DETAIL-4639;DETAIL-4640;DETAIL-4641,206,reachable,https://www.vill.nakagusuku.okinawa.jp/overview/facilities/hall/,text/html; charset=UTF-8,2026-08-09T02:15:27.140Z,
https://www.vill.ogata.akita.jp/utility/institution.html,venue-details.csv,DETAIL-3796,200,reachable,https://www.vill.ogata.akita.jp/archive/contents-28,text/html; charset=UTF-8,2026-08-09T02:15:27.140Z,redirected
https://www.vill.ohkura.yamagata.jp/soshikikarasagasu/kyoikuiinkai/gyomuannai/4/1/1257.html,candidate-venues.csv;venue-details.csv,CAND-1003;DETAIL-5605;DETAIL-5606;DETAIL-5607;DETAIL-5608;DETAIL-5609;DETAIL-5610,206,reachable,https://www.vill.ohkura.yamagata.jp/soshikikarasagasu/kyoikuiinkai/gyomuannai/4/1/1257.html,text/html,2026-08-09T02:15:27.140Z,
https://www.vill.yamanakako.lg.jp/Info/652,candidate-venues.csv;venue-details.csv,CAND-635;DETAIL-2640;DETAIL-2641;DETAIL-2642,206,reachable,https://www.vill.yamanakako.lg.jp/Info/652,text/html; charset=utf-8,2026-08-09T02:15:27.140Z,
https://www.vill.yomitan.okinawa.jp/soshiki/bunka_center/gyomu/shisetsu/bunka_center/1284.html,candidate-venues.csv;venue-details.csv,CAND-720;DETAIL-3171;DETAIL-3172;DETAIL-3173;DETAIL-3174;DETAIL-3175;DETAIL-3176;DETAIL-3177;DETAIL-3178;DETAIL-3179;DETAIL-3180;DETAIL-3181;DETAIL-3182,206,reachable,https://www.vill.yomitan.okinawa.jp/soshiki/bunka_center/gyomu/shisetsu/bunka_center/1284.html,text/html,2026-08-09T02:15:27.140Z,
https://www.vill.yomitan.okinawa.jp/soshiki/bunka_center/gyomu/shisetsu/bunka_center/1285.html,venue-details.csv,DETAIL-3168;DETAIL-3169;DETAIL-3170,206,reachable,https://www.vill.yomitan.okinawa.jp/soshiki/bunka_center/gyomu/shisetsu/bunka_center/1285.html,text/html,2026-08-09T02:15:27.140Z,
https://www.wacaf.or.jp/culturehall/bighall.html,candidate-venues.csv;venue-details.csv,CAND-257;DETAIL-541,,network_error,,,2026-08-09T02:15:27.140Z,fetch failed
https://www.wakayama-johall.jp/about/hall_small/,venue-details.csv,DETAIL-543,200,reachable,https://www.wakayama-johall.jp/about/hall_small/,text/html; charset=UTF-8,2026-08-09T02:15:27.140Z,
https://www.wakayama-johall.jp/about/hall/,candidate-venues.csv;venue-details.csv,CAND-258;DETAIL-542,200,reachable,https://www.wakayama-johall.jp/about/hall/,text/html; charset=UTF-8,2026-08-09T02:15:27.140Z,
https://www.wakayamasposhin.or.jp/big-whale/access/,venue-operations.csv,OP-211:access_source_url,200,reachable,https://www.wakayamasposhin.or.jp/big-whale/access/,text/html; charset=UTF-8,2026-08-09T02:15:27.140Z,
https://www.wakayamasposhin.or.jp/big-whale/form/,candidate-venues.csv;venue-details.csv;venue-operations.csv,CAND-042;DETAIL-351;OP-211:booking_source_url;OP-211:operations_source_url,200,reachable,https://www.wakayamasposhin.or.jp/big-whale/form/,text/html; charset=UTF-8,2026-08-09T02:15:27.140Z,
https://www.wakayamasposhin.or.jp/big-whale/wp-content/uploads/2022/04/ホエール料金表R4.4.1改定.pdf,price-observations.csv,PRICE-813;PRICE-814;PRICE-815;PRICE-816;PRICE-817;PRICE-818;PRICE-819;PRICE-820;PRICE-821;PRICE-822,206,reachable,https://www.wakayamasposhin.or.jp/big-whale/wp-content/uploads/2022/04/%E3%83%9B%E3%82%A8%E3%83%BC%E3%83%AB%E6%96%99%E9%87%91%E8%A1%A8R4.4.1%E6%94%B9%E5%AE%9A.pdf,application/pdf,2026-08-09T02:15:27.140Z,
https://www.westa-kawagoe.jp/facility/hall.html,candidate-venues.csv,CAND-300,200,reachable,https://www.westa-kawagoe.jp/facility/hall.html,text/html; charset=UTF-8,2026-08-09T02:15:27.140Z,
https://www.winc-aichi.jp/facility/,candidate-venues.csv,CAND-1120,200,reachable,https://www.winc-aichi.jp/facility/,text/html; charset=UTF-8,2026-08-09T02:15:27.140Z,
https://www.winc-aichi.jp/facility/exhibition/,venue-details.csv,DETAIL-7037;DETAIL-7038;DETAIL-7039,200,reachable,https://www.winc-aichi.jp/facility/exhibition/,text/html; charset=UTF-8,2026-08-09T02:15:27.140Z,
https://www.winc-aichi.jp/facility/hall/,venue-details.csv,DETAIL-7034;DETAIL-7035;DETAIL-7036,200,reachable,https://www.winc-aichi.jp/facility/hall/,text/html; charset=UTF-8,2026-08-09T02:15:27.140Z,
https://www.winc-aichi.jp/wp/wp-content/themes/winc-aichi-html/dist/assets/files/kaigi10f.pdf,venue-details.csv,DETAIL-7048;DETAIL-7049;DETAIL-7050;DETAIL-7051;DETAIL-7052;DETAIL-7053;DETAIL-7054;DETAIL-7055;DETAIL-7056,206,reachable,https://www.winc-aichi.jp/wp/wp-content/themes/winc-aichi-html/dist/assets/files/kaigi10f.pdf,application/pdf,2026-08-09T02:15:27.140Z,
https://www.winc-aichi.jp/wp/wp-content/themes/winc-aichi-html/dist/assets/files/kaigi11f.pdf,venue-details.csv,DETAIL-7057;DETAIL-7058;DETAIL-7059;DETAIL-7060;DETAIL-7061;DETAIL-7062;DETAIL-7063;DETAIL-7064;DETAIL-7065;DETAIL-7066,206,reachable,https://www.winc-aichi.jp/wp/wp-content/themes/winc-aichi-html/dist/assets/files/kaigi11f.pdf,application/pdf,2026-08-09T02:15:27.140Z,
https://www.winc-aichi.jp/wp/wp-content/themes/winc-aichi-html/dist/assets/files/kaigi12f.pdf,venue-details.csv,DETAIL-7067;DETAIL-7068;DETAIL-7069;DETAIL-7070;DETAIL-7071;DETAIL-7072;DETAIL-7073;DETAIL-7074;DETAIL-7075;DETAIL-7076,206,reachable,https://www.winc-aichi.jp/wp/wp-content/themes/winc-aichi-html/dist/assets/files/kaigi12f.pdf,application/pdf,2026-08-09T02:15:27.140Z,
https://www.winc-aichi.jp/wp/wp-content/themes/winc-aichi-html/dist/assets/files/kaigi13f.pdf,venue-details.csv,DETAIL-7077;DETAIL-7078;DETAIL-7079;DETAIL-7080;DETAIL-7081;DETAIL-7082;DETAIL-7083;DETAIL-7084;DETAIL-7085;DETAIL-7086,206,reachable,https://www.winc-aichi.jp/wp/wp-content/themes/winc-aichi-html/dist/assets/files/kaigi13f.pdf,application/pdf,2026-08-09T02:15:27.140Z,
https://www.winc-aichi.jp/wp/wp-content/themes/winc-aichi-html/dist/assets/files/kaigi16f.pdf,venue-details.csv,DETAIL-7087,206,reachable,https://www.winc-aichi.jp/wp/wp-content/themes/winc-aichi-html/dist/assets/files/kaigi16f.pdf,application/pdf,2026-08-09T02:15:27.140Z,
https://www.winc-aichi.jp/wp/wp-content/themes/winc-aichi-html/dist/assets/files/kaigi18f.pdf,venue-details.csv,DETAIL-7088,206,reachable,https://www.winc-aichi.jp/wp/wp-content/themes/winc-aichi-html/dist/assets/files/kaigi18f.pdf,application/pdf,2026-08-09T02:15:27.140Z,
https://www.winc-aichi.jp/wp/wp-content/themes/winc-aichi-html/dist/assets/files/kaigi9f.pdf,venue-details.csv,DETAIL-7040;DETAIL-7041;DETAIL-7042;DETAIL-7043;DETAIL-7044;DETAIL-7045;DETAIL-7046;DETAIL-7047,206,reachable,https://www.winc-aichi.jp/wp/wp-content/themes/winc-aichi-html/dist/assets/files/kaigi9f.pdf,application/pdf,2026-08-09T02:15:27.140Z,
https://www.worldyoyocontest.com/2000worlds/release.html,historical-events.csv,WYYC-2000,206,reachable,https://www.worldyoyocontest.com/2000worlds/release.html,text/html,2026-08-09T02:15:27.140Z,
https://www.worldyoyocontest.com/2001worlds/,historical-events.csv,WYYC-2001,206,reachable,https://www.worldyoyocontest.com/2001worlds/,text/html,2026-08-09T02:15:27.140Z,
https://www.worldyoyocontest.com/2002worlds/,historical-events.csv,WYYC-2002,206,reachable,https://www.worldyoyocontest.com/2002worlds/,text/html,2026-08-09T02:15:27.140Z,
https://www.worldyoyocontest.com/2003worlds/,historical-events.csv,WYYC-2003,206,reachable,https://www.worldyoyocontest.com/2003worlds/,text/html,2026-08-09T02:15:27.140Z,
https://www.worldyoyocontest.com/2004worlds/,historical-events.csv,WYYC-2004,206,reachable,https://www.worldyoyocontest.com/2004worlds/,text/html,2026-08-09T02:15:27.140Z,
https://www.worldyoyocontest.com/2005worlds/,historical-events.csv,WYYC-2005,206,reachable,https://www.worldyoyocontest.com/2005worlds/,text/html,2026-08-09T02:15:27.140Z,
https://www.worldyoyocontest.com/2006worlds/,historical-events.csv,WYYC-2006,206,reachable,https://www.worldyoyocontest.com/2006worlds/,text/html,2026-08-09T02:15:27.140Z,
https://www.worldyoyocontest.com/2007worlds/,historical-events.csv,WYYC-2007,206,reachable,https://www.worldyoyocontest.com/2007worlds/,text/html,2026-08-09T02:15:27.140Z,
https://www.worldyoyocontest.com/2008worlds/,historical-events.csv,WYYC-2008,206,reachable,https://www.worldyoyocontest.com/2008worlds/,text/html,2026-08-09T02:15:27.140Z,
https://www.worldyoyocontest.com/2009worlds/,historical-events.csv,WYYC-2009,206,reachable,https://www.worldyoyocontest.com/2009worlds/,text/html,2026-08-09T02:15:27.140Z,
https://www.worldyoyocontest.com/2010worlds/,historical-events.csv,WYYC-2010,206,reachable,https://www.worldyoyocontest.com/2010worlds/,text/html,2026-08-09T02:15:27.140Z,
https://www.worldyoyocontest.com/2011worlds/,historical-events.csv,WYYC-2011,206,reachable,https://www.worldyoyocontest.com/2011worlds/,text/html,2026-08-09T02:15:27.140Z,
https://www.worldyoyocontest.com/2012worlds/,historical-events.csv,WYYC-2012,206,reachable,https://www.worldyoyocontest.com/2012worlds/,text/html,2026-08-09T02:15:27.140Z,
https://www.worldyoyocontest.com/2013worlds/,historical-events.csv,WYYC-2013,206,reachable,https://www.worldyoyocontest.com/2013worlds/,text/html,2026-08-09T02:15:27.140Z,
https://www.xebioarena.com/access/,venue-operations.csv,OP-076:access_source_url,200,reachable,https://www.xebioarena.com/access/,text/html; charset=UTF-8,2026-08-09T02:15:27.140Z,
https://www.xebioarena.com/equipment-information/,candidate-venues.csv;venue-details.csv,CAND-090;DETAIL-154,200,reachable,https://www.xebioarena.com/equipment-information/,text/html; charset=UTF-8,2026-08-09T02:15:27.140Z,
https://www.xebioarena.com/ice-link/term/,venue-operations.csv,OP-076:operations_source_url,200,reachable,https://www.xebioarena.com/ice-link/term/,text/html; charset=UTF-8,2026-08-09T02:15:27.140Z,
https://www.xebioarena.com/wp-content/uploads/2025/06/%E3%80%90%E6%9C%80%E7%B5%82%E7%89%88%E3%80%91%E7%94%B3%E8%BE%BC%E6%89%8B%E7%B6%9A%E3%81%8D%E3%81%AB%E3%81%A4%E3%81%84%E3%81%A6.pdf,venue-operations.csv,OP-076:booking_source_url,206,reachable,https://www.xebioarena.com/wp-content/uploads/2025/06/%E3%80%90%E6%9C%80%E7%B5%82%E7%89%88%E3%80%91%E7%94%B3%E8%BE%BC%E6%89%8B%E7%B6%9A%E3%81%8D%E3%81%AB%E3%81%A4%E3%81%84%E3%81%A6.pdf,application/pdf,2026-08-09T02:15:27.140Z,
https://www.xebioarena.com/wp-content/uploads/2026/03/%E4%BB%99%E5%8F%B0%E5%B8%82%E3%82%A2%E3%83%AA%E3%83%BC%E3%83%8A-%E5%88%A9%E7%94%A8%E6%96%99%E9%87%91%E8%A1%A8-260401.pdf,price-observations.csv,PRICE-348,206,reachable,https://www.xebioarena.com/wp-content/uploads/2026/03/%E4%BB%99%E5%8F%B0%E5%B8%82%E3%82%A2%E3%83%AA%E3%83%BC%E3%83%8A-%E5%88%A9%E7%94%A8%E6%96%99%E9%87%91%E8%A1%A8-260401.pdf,application/pdf,2026-08-09T02:15:27.140Z,
https://www.y-sports.jp/new/%E7%AE%A1%E7%90%86%E6%96%BD%E8%A8%AD%E6%A1%88%E5%86%85/%E7%AE%A1%E7%90%86%E6%96%BD%E8%A8%AD%E4%B8%80%E8%A6%A7/tyuouryokuti/,venue-operations.csv,OP-118:access_source_url,206,reachable,https://www.y-sports.jp/new/%E7%AE%A1%E7%90%86%E6%96%BD%E8%A8%AD%E6%A1%88%E5%86%85/%E7%AE%A1%E7%90%86%E6%96%BD%E8%A8%AD%E4%B8%80%E8%A6%A7/tyuouryokuti/,text/html; charset=UTF-8,2026-08-09T02:15:27.140Z,
https://www.y-sports.jp/new/%E7%AE%A1%E7%90%86%E6%96%BD%E8%A8%AD%E6%A1%88%E5%86%85/%E7%AE%A1%E7%90%86%E6%96%BD%E8%A8%AD%E4%B8%80%E8%A6%A7/tyuouryokuti/so-tai/kyudo/,venue-details.csv,DETAIL-460;DETAIL-461;DETAIL-462,206,reachable,https://www.y-sports.jp/new/%E7%AE%A1%E7%90%86%E6%96%BD%E8%A8%AD%E6%A1%88%E5%86%85/%E7%AE%A1%E7%90%86%E6%96%BD%E8%A8%AD%E4%B8%80%E8%A6%A7/tyuouryokuti/so-tai/kyudo/,text/html; charset=UTF-8,2026-08-09T02:15:27.140Z,
https://www.y-sports.jp/new/%E7%AE%A1%E7%90%86%E6%96%BD%E8%A8%AD%E6%A1%88%E5%86%85/%E7%AE%A1%E7%90%86%E6%96%BD%E8%A8%AD%E4%B8%80%E8%A6%A7/tyuouryokuti/so-tai/meeting/,venue-details.csv,DETAIL-467;DETAIL-468;DETAIL-469;DETAIL-470,206,reachable,https://www.y-sports.jp/new/%E7%AE%A1%E7%90%86%E6%96%BD%E8%A8%AD%E6%A1%88%E5%86%85/%E7%AE%A1%E7%90%86%E6%96%BD%E8%A8%AD%E4%B8%80%E8%A6%A7/tyuouryokuti/so-tai/meeting/,text/html; charset=UTF-8,2026-08-09T02:15:27.140Z,
https://www.y-sports.jp/new/%E7%AE%A1%E7%90%86%E6%96%BD%E8%A8%AD%E6%A1%88%E5%86%85/%E7%AE%A1%E7%90%86%E6%96%BD%E8%A8%AD%E4%B8%80%E8%A6%A7/tyuouryokuti/so-tai/multi/,venue-details.csv,DETAIL-458;DETAIL-459,206,reachable,https://www.y-sports.jp/new/%E7%AE%A1%E7%90%86%E6%96%BD%E8%A8%AD%E6%A1%88%E5%86%85/%E7%AE%A1%E7%90%86%E6%96%BD%E8%A8%AD%E4%B8%80%E8%A6%A7/tyuouryokuti/so-tai/multi/,text/html; charset=UTF-8,2026-08-09T02:15:27.140Z,
https://www.y-sports.jp/new/%E7%AE%A1%E7%90%86%E6%96%BD%E8%A8%AD%E6%A1%88%E5%86%85/%E7%AE%A1%E7%90%86%E6%96%BD%E8%A8%AD%E4%B8%80%E8%A6%A7/tyuouryokuti/so-tai/training/,venue-details.csv,DETAIL-463;DETAIL-464;DETAIL-465,206,reachable,https://www.y-sports.jp/new/%E7%AE%A1%E7%90%86%E6%96%BD%E8%A8%AD%E6%A1%88%E5%86%85/%E7%AE%A1%E7%90%86%E6%96%BD%E8%A8%AD%E4%B8%80%E8%A6%A7/tyuouryokuti/so-tai/training/,text/html; charset=UTF-8,2026-08-09T02:15:27.140Z,
https://www.y-sports.jp/new/%E7%AE%A1%E7%90%86%E6%96%BD%E8%A8%AD%E6%A1%88%E5%86%85/%E7%AE%A1%E7%90%86%E6%96%BD%E8%A8%AD%E4%B8%80%E8%A6%A7/tyuouryokuti/so-tai/walking/,venue-details.csv,DETAIL-466,206,reachable,https://www.y-sports.jp/new/%E7%AE%A1%E7%90%86%E6%96%BD%E8%A8%AD%E6%A1%88%E5%86%85/%E7%AE%A1%E7%90%86%E6%96%BD%E8%A8%AD%E4%B8%80%E8%A6%A7/tyuouryokuti/so-tai/walking/,text/html; charset=UTF-8,2026-08-09T02:15:27.140Z,
https://www.y-sports.jp/new/yoyaku/equipment-charge/,price-observations.csv,PRICE-2488;PRICE-2489;PRICE-2490;PRICE-2491;PRICE-2492;PRICE-2493;PRICE-2494;PRICE-2495;PRICE-2496;PRICE-2497;PRICE-2498;PRICE-2499;PRICE-2500;PRICE-2501;PRICE-2502;PRICE-2503;PRICE-2504;PRICE-2505;PRICE-2506;PRICE-2507;PRICE-2508;PRICE-2509;PRICE-2510;PRICE-2511;PRICE-2512;PRICE-2513;PRICE-2514;PRICE-2515;PRICE-2516;PRICE-2517;PRICE-2518;PRICE-2519;PRICE-2520;PRICE-2521;PRICE-2522;PRICE-2523;PRICE-2524;PRICE-2525;PRICE-2526;PRICE-2527;PRICE-2528;PRICE-2529;PRICE-2530;PRICE-2531;PRICE-2532;PRICE-2533;PRICE-2534;PRICE-2535;PRICE-2536;PRICE-2537;PRICE-2538;PRICE-2539;PRICE-2540;PRICE-2541;PRICE-2542;PRICE-2543;PRICE-2544;PRICE-2545;PRICE-2546;PRICE-2547;PRICE-2548;PRICE-2549;PRICE-2550;PRICE-2551;PRICE-2552;PRICE-2553;PRICE-2554;PRICE-2555;PRICE-2556;PRICE-2557;PRICE-2558;PRICE-2559;PRICE-2560;PRICE-2561;PRICE-2562;PRICE-2563;PRICE-2564;PRICE-2565;PRICE-2566;PRICE-2567;PRICE-2568;PRICE-2569;PRICE-2570;PRICE-2571;PRICE-2572;PRICE-2573,206,reachable,https://www.y-sports.jp/new/yoyaku/equipment-charge/,text/html; charset=UTF-8,2026-08-09T02:15:27.140Z,
https://www.y-sports.jp/new/yoyaku/facility-charge/,price-observations.csv,PRICE-2349;PRICE-2350;PRICE-2351;PRICE-2352;PRICE-2353;PRICE-2354;PRICE-2355;PRICE-2356;PRICE-2357;PRICE-2358;PRICE-2359;PRICE-2360;PRICE-2361;PRICE-2362;PRICE-2363;PRICE-2364;PRICE-2365;PRICE-2366;PRICE-2367;PRICE-2368;PRICE-2369;PRICE-2370;PRICE-2371;PRICE-2372;PRICE-2373;PRICE-2374;PRICE-2375;PRICE-2376;PRICE-2377;PRICE-2378;PRICE-2379;PRICE-2380;PRICE-2381;PRICE-2382;PRICE-2383;PRICE-2384;PRICE-2385;PRICE-2386;PRICE-2387;PRICE-2388;PRICE-2389;PRICE-2390;PRICE-2391;PRICE-2392;PRICE-2393;PRICE-2394;PRICE-2395;PRICE-2396;PRICE-2397;PRICE-2398;PRICE-2399;PRICE-2400;PRICE-2401;PRICE-2402;PRICE-2403;PRICE-2404;PRICE-2405;PRICE-2406;PRICE-2407;PRICE-2408;PRICE-2409;PRICE-2410;PRICE-2411;PRICE-2412;PRICE-2413;PRICE-2414;PRICE-2415;PRICE-2416;PRICE-2417;PRICE-2418;PRICE-2419;PRICE-2420;PRICE-2421;PRICE-2422;PRICE-2423;PRICE-2424;PRICE-2425;PRICE-2426;PRICE-2427;PRICE-2428;PRICE-2429;PRICE-2430;PRICE-2431;PRICE-2432;PRICE-2433;PRICE-2434;PRICE-2435;PRICE-2436;PRICE-2437;PRICE-2438;PRICE-2439;PRICE-2440;PRICE-2441;PRICE-2442;PRICE-2443;PRICE-2444;PRICE-2445;PRICE-2446;PRICE-2447;PRICE-2448;PRICE-2449;PRICE-2450;PRICE-2451;PRICE-2452;PRICE-2453;PRICE-2454;PRICE-2455;PRICE-2456;PRICE-2457;PRICE-2458;PRICE-2459;PRICE-2460;PRICE-2461;PRICE-2462;PRICE-2463;PRICE-2464;PRICE-2465;PRICE-2466;PRICE-2467;PRICE-2468;PRICE-2469;PRICE-2470;PRICE-2471;PRICE-2472;PRICE-2473;PRICE-2474;PRICE-2475;PRICE-2476;PRICE-2477;PRICE-2478;PRICE-2479;PRICE-2480;PRICE-2481;PRICE-2482;PRICE-2483;PRICE-2484;PRICE-2485;PRICE-2486;PRICE-2487,206,reachable,https://www.y-sports.jp/new/yoyaku/facility-charge/,text/html; charset=UTF-8,2026-08-09T02:15:27.140Z,
https://www.y-sports.jp/new/yoyaku/howto/,venue-operations.csv,OP-118:booking_source_url;OP-118:operations_source_url,206,reachable,https://www.y-sports.jp/new/yoyaku/howto/,text/html; charset=UTF-8,2026-08-09T02:15:27.140Z,
https://www.yahataya-park.jp/osaka_arena/faq/index.html,venue-operations.csv,OP-100:access_source_url,200,reachable,https://www.yahataya-park.jp/osaka_arena/faq/index.html,text/html; charset=UTF-8,2026-08-09T02:15:27.140Z,
https://www.yahataya-park.jp/osaka_arena/guidelines/index.html,venue-operations.csv,OP-100:booking_source_url;OP-100:operations_source_url,200,reachable,https://www.yahataya-park.jp/osaka_arena/guidelines/index.html,text/html; charset=UTF-8,2026-08-09T02:15:27.140Z,
https://www.yahataya-park.jp/osaka_arena/main/outline.html,candidate-venues.csv;venue-details.csv,CAND-132;DETAIL-215,200,reachable,https://www.yahataya-park.jp/osaka_arena/main/outline.html,text/html; charset=UTF-8,2026-08-09T02:15:27.140Z,
https://www.yahataya-park.jp/osaka_arena/main/price.html,price-observations.csv,PRICE-370,200,reachable,https://www.yahataya-park.jp/osaka_arena/main/price.html,text/html; charset=UTF-8,2026-08-09T02:15:27.140Z,
https://www.yamagatasi-taikyou.jp/shisetsu-1sposen-1taiikukan.html,candidate-venues.csv,CAND-179,206,reachable,https://www.yamagatasi-taikyou.jp/shisetsu-1sposen-1taiikukan.html,text/html,2026-08-09T02:15:27.140Z,
https://www.yamagatasi-taikyou.jp/shisetsu-1sposen-access.html,venue-operations.csv,OP-168:access_source_url,206,reachable,https://www.yamagatasi-taikyou.jp/shisetsu-1sposen-access.html,text/html,2026-08-09T02:15:27.140Z,
https://www.yamagatasi-taikyou.jp/shisetsu-1sposen-riyouryoukin.html,price-observations.csv,PRICE-568;PRICE-569;PRICE-570;PRICE-571;PRICE-572;PRICE-573;PRICE-574,206,reachable,https://www.yamagatasi-taikyou.jp/shisetsu-1sposen-riyouryoukin.html,text/html,2026-08-09T02:15:27.140Z,
https://www.yamagatasi-taikyou.jp/shisetsu-1sposen-syoukai.html,venue-details.csv;venue-operations.csv,DETAIL-267;OP-168:operations_source_url,206,reachable,https://www.yamagatasi-taikyou.jp/shisetsu-1sposen-syoukai.html,text/html,2026-08-09T02:15:27.140Z,
https://www.yamanashi-kbh.jp/floor-guide/,candidate-venues.csv,CAND-1041,200,reachable,https://www.yamanashi-kbh.jp/floor-guide/,text/html; charset=UTF-8,2026-08-09T02:15:27.140Z,
https://www.yamanashi-kbh.jp/floor-guide/conference-room/,venue-details.csv,DETAIL-6034,200,reachable,https://www.yamanashi-kbh.jp/floor-guide/conference-room/,text/html; charset=UTF-8,2026-08-09T02:15:27.140Z,
https://www.yamanashi-kbh.jp/floor-guide/large-hall/,venue-details.csv,DETAIL-6032,200,reachable,https://www.yamanashi-kbh.jp/floor-guide/large-hall/,text/html; charset=UTF-8,2026-08-09T02:15:27.140Z,
https://www.yamanashi-kbh.jp/floor-guide/practice-room/,venue-details.csv,DETAIL-6036;DETAIL-6037;DETAIL-6038;DETAIL-6039;DETAIL-6040,200,reachable,https://www.yamanashi-kbh.jp/floor-guide/practice-room/,text/html; charset=UTF-8,2026-08-09T02:15:27.140Z,
https://www.yamanashi-kbh.jp/floor-guide/rehearsal-room/,venue-details.csv,DETAIL-6035,200,reachable,https://www.yamanashi-kbh.jp/floor-guide/rehearsal-room/,text/html; charset=UTF-8,2026-08-09T02:15:27.140Z,
https://www.yamanashi-kbh.jp/floor-guide/small-hall/,venue-details.csv,DETAIL-6033,200,reachable,https://www.yamanashi-kbh.jp/floor-guide/small-hall/,text/html; charset=UTF-8,2026-08-09T02:15:27.140Z,
https://www.yamanashi-kbh.jp/wp_kbh/wp-content/uploads/2023/08/gak_heimenzu.pdf,venue-details.csv,DETAIL-6041;DETAIL-6042;DETAIL-6043;DETAIL-6044;DETAIL-6045;DETAIL-6046;DETAIL-6047;DETAIL-6048;DETAIL-6049;DETAIL-6050;DETAIL-6051;DETAIL-6052;DETAIL-6053,206,reachable,https://www.yamanashi-kbh.jp/wp_kbh/wp-content/uploads/2023/08/gak_heimenzu.pdf,application/pdf,2026-08-09T02:15:27.140Z,
https://www.ycam.jp/aboutus/,venue-details.csv,DETAIL-6414,200,reachable,https://www.ycam.jp/aboutus/,text/html; charset=UTF-8,2026-08-09T02:15:27.140Z,
https://www.ycam.jp/cinema/,venue-details.csv,DETAIL-6406,200,reachable,https://www.ycam.jp/cinema/,text/html; charset=UTF-8,2026-08-09T02:15:27.140Z,
https://www.ycam.jp/guide/access/,venue-details.csv,DETAIL-6411;DETAIL-6412;DETAIL-6413,200,reachable,https://www.ycam.jp/guide/access/,text/html; charset=UTF-8,2026-08-09T02:15:27.140Z,
https://www.ycam.jp/guide/facility/,candidate-venues.csv;venue-details.csv,CAND-1069;DETAIL-6405;DETAIL-6407;DETAIL-6408;DETAIL-6409;DETAIL-6410,200,reachable,https://www.ycam.jp/guide/facility/,text/html; charset=UTF-8,2026-08-09T02:15:27.140Z,
https://www.ycam.jp/guide/facility/studio-a/,venue-details.csv,DETAIL-6404,200,reachable,https://www.ycam.jp/guide/facility/studio-a/,text/html; charset=UTF-8,2026-08-09T02:15:27.140Z,
https://www.yiso.or.jp/messe/,venue-operations.csv,OP-017:operations_source_url,200,reachable,https://www.yiso.or.jp/messe/,text/html; charset=UTF-8,2026-08-09T02:15:27.140Z,
https://www.yiso.or.jp/messe/access/,venue-operations.csv,OP-017:access_source_url,200,reachable,https://www.yiso.or.jp/messe/access/,text/html; charset=UTF-8,2026-08-09T02:15:27.140Z,
https://www.yiso.or.jp/messe/application/,price-observations.csv,PRICE-090;PRICE-091;PRICE-092;PRICE-093;PRICE-094;PRICE-095,200,reachable,https://www.yiso.or.jp/messe/application/,text/html; charset=UTF-8,2026-08-09T02:15:27.140Z,
https://www.yiso.or.jp/messe/facilities/,venue-details.csv,DETAIL-040;DETAIL-041,200,reachable,https://www.yiso.or.jp/messe/facilities/,text/html; charset=UTF-8,2026-08-09T02:15:27.140Z,
https://www.yiso.or.jp/messe/flow/,venue-operations.csv,OP-017:booking_source_url,200,reachable,https://www.yiso.or.jp/messe/flow/,text/html; charset=UTF-8,2026-08-09T02:15:27.140Z,
https://www.ykjohall.jp/aboutUs.html,candidate-venues.csv;venue-details.csv,CAND-319;DETAIL-672;DETAIL-673,206,reachable,https://www.ykjohall.jp/aboutUs.html,text/html,2026-08-09T02:15:27.140Z,
https://www.yokohama-arena.co.jp/access/,venue-operations.csv,OP-072:access_source_url,200,reachable,https://www.yokohama-arena.co.jp/access/,text/html,2026-08-09T02:15:27.140Z,
https://www.yokohama-arena.co.jp/common/img/organizer/use/price_20260401.pdf,price-observations.csv,PRICE-874;PRICE-875;PRICE-876;PRICE-877;PRICE-878;PRICE-879;PRICE-880,206,reachable,https://www.yokohama-arena.co.jp/common/img/organizer/use/price.pdf,application/pdf,2026-08-09T02:15:27.140Z,redirected
https://www.yokohama-arena.co.jp/organizer/equipment/,venue-details.csv;venue-operations.csv,DETAIL-146;OP-072:operations_source_url,200,reachable,https://www.yokohama-arena.co.jp/organizer/equipment/,text/html,2026-08-09T02:15:27.140Z,
https://www.yokohama-arena.co.jp/organizer/subspace/subarena.html,venue-details.csv,DETAIL-147,200,reachable,https://www.yokohama-arena.co.jp/organizer/subspace/subarena.html,text/html,2026-08-09T02:15:27.140Z,
https://www.yokohama-arena.co.jp/organizer/use/,venue-operations.csv,OP-072:booking_source_url,200,reachable,https://www.yokohama-arena.co.jp/organizer/use/,text/html,2026-08-09T02:15:27.140Z,
https://www.yokohama-arena.co.jp/organizer/use/fee.html,candidate-venues.csv,CAND-086,200,reachable,https://www.yokohama-arena.co.jp/organizer/use/fee.html,text/html,2026-08-09T02:15:27.140Z,
https://www.yokohama-stadium.co.jp/access/,venue-operations.csv,OP-208:access_source_url,206,reachable,https://www.yokohama-stadium.co.jp/access/,text/html; charset=utf-8,2026-08-09T02:15:27.140Z,
https://www.yokohama-stadium.co.jp/user,candidate-venues.csv;venue-details.csv;venue-operations.csv,CAND-158;DETAIL-242;OP-208:booking_source_url;OP-208:operations_source_url,206,reachable,https://www.yokohama-stadium.co.jp/user,text/html; charset=utf-8,2026-08-09T02:15:27.140Z,
https://www.yonagobunka.net/culturehall/shisetsu/,candidate-venues.csv,CAND-1061,200,reachable,https://www.yonagobunka.net/culturehall/shisetsu/,text/html; charset=utf-8,2026-08-09T02:15:27.140Z,
https://www.yonagobunka.net/culturehall/shisetsu/eventhall/,venue-details.csv,DETAIL-6289;DETAIL-6290;DETAIL-6291,200,reachable,https://www.yonagobunka.net/culturehall/shisetsu/eventhall/,text/html; charset=utf-8,2026-08-09T02:15:27.140Z,
https://www.yonagobunka.net/culturehall/shisetsu/kenshu/,venue-details.csv,DETAIL-6294;DETAIL-6295,200,reachable,https://www.yonagobunka.net/culturehall/shisetsu/kenshu/,text/html; charset=utf-8,2026-08-09T02:15:27.140Z,
https://www.yonagobunka.net/culturehall/shisetsu/mainhall/,venue-details.csv,DETAIL-6283;DETAIL-6284;DETAIL-6285;DETAIL-6286;DETAIL-6287;DETAIL-6288,200,reachable,https://www.yonagobunka.net/culturehall/shisetsu/mainhall/,text/html; charset=utf-8,2026-08-09T02:15:27.140Z,
https://www.yonagobunka.net/culturehall/shisetsu/renshu/,venue-details.csv,DETAIL-6292,200,reachable,https://www.yonagobunka.net/culturehall/shisetsu/renshu/,text/html; charset=utf-8,2026-08-09T02:15:27.140Z,
https://www.yonagobunka.net/culturehall/shisetsu/tenjishitsu/,venue-details.csv,DETAIL-6293,200,reachable,https://www.yonagobunka.net/culturehall/shisetsu/tenjishitsu/,text/html; charset=utf-8,2026-08-09T02:15:27.140Z,
https://www.yonagobunka.net/culturehall/shisetsu/washitsu/,venue-details.csv,DETAIL-6296;DETAIL-6297,200,reachable,https://www.yonagobunka.net/culturehall/shisetsu/washitsu/,text/html; charset=utf-8,2026-08-09T02:15:27.140Z,
https://www.yonagobunka.net/publichall/shisetsu/1/,venue-details.csv,DETAIL-690,200,reachable,https://www.yonagobunka.net/publichall/shisetsu/1/,text/html; charset=utf-8,2026-08-09T02:15:27.140Z,
https://www.yonagobunka.net/publichall/shisetsu/hall/,candidate-venues.csv;venue-details.csv,CAND-323;DETAIL-688;DETAIL-689,200,reachable,https://www.yonagobunka.net/publichall/shisetsu/hall/,text/html; charset=utf-8,2026-08-09T02:15:27.140Z,
https://www.yonagobunka.net/saname/shisetsu/,candidate-venues.csv;venue-details.csv,CAND-1062;DETAIL-6306;DETAIL-6307,200,reachable,https://www.yonagobunka.net/saname/shisetsu/,text/html; charset=utf-8,2026-08-09T02:15:27.140Z,
https://www.yonagobunka.net/saname/shisetsu/bighall/,venue-details.csv,DETAIL-6298;DETAIL-6299;DETAIL-6300;DETAIL-6301;DETAIL-6302,200,reachable,https://www.yonagobunka.net/saname/shisetsu/bighall/,text/html; charset=utf-8,2026-08-09T02:15:27.140Z,
https://www.yonagobunka.net/saname/shisetsu/eventhall/,venue-details.csv,DETAIL-6303,200,reachable,https://www.yonagobunka.net/saname/shisetsu/eventhall/,text/html; charset=utf-8,2026-08-09T02:15:27.140Z,
https://www.yonagobunka.net/saname/shisetsu/kaigi1/,venue-details.csv,DETAIL-6304,200,reachable,https://www.yonagobunka.net/saname/shisetsu/kaigi1/,text/html; charset=utf-8,2026-08-09T02:15:27.140Z,
https://www.yonagobunka.net/saname/shisetsu/kaigi2/,venue-details.csv,DETAIL-6305,200,reachable,https://www.yonagobunka.net/saname/shisetsu/kaigi2/,text/html; charset=utf-8,2026-08-09T02:15:27.140Z,
https://www.yonebunka.jp/guide/outline/,candidate-venues.csv;venue-details.csv,CAND-429;DETAIL-1123;DETAIL-1124;DETAIL-1125,200,reachable,https://www.yonebunka.jp/guide/outline/,text/html; charset=UTF-8,2026-08-09T02:15:27.140Z,
https://www.yuc.or.jp/pages/182/,candidate-venues.csv;venue-details.csv,CAND-531;DETAIL-1934,200,reachable,https://www.yuc.or.jp/pages/182/,text/html; charset=UTF-8,2026-08-09T02:15:27.140Z,
https://www.yumemesse.or.jp/,candidate-venues.csv,CAND-002,200,reachable,https://www.yumemesse.or.jp/,text/html; charset=UTF-8,2026-08-09T02:15:27.140Z,
https://www.yumemesse.or.jp/access/,venue-operations.csv,OP-020:access_source_url,200,reachable,https://www.yumemesse.or.jp/access/,text/html; charset=UTF-8,2026-08-09T02:15:27.140Z,
https://www.yumemesse.or.jp/application/,venue-operations.csv,OP-020:booking_source_url,200,reachable,https://www.yumemesse.or.jp/application/,text/html; charset=UTF-8,2026-08-09T02:15:27.140Z,
https://www.yumemesse.or.jp/facility/main-building-conference-building/,venue-details.csv,DETAIL-045,200,reachable,https://www.yumemesse.or.jp/facility/main-building-conference-building/,text/html; charset=UTF-8,2026-08-09T02:15:27.140Z,
https://www.yumemesse.or.jp/facility/main-building-exhibition-building/,venue-details.csv,DETAIL-043;DETAIL-044,200,reachable,https://www.yumemesse.or.jp/facility/main-building-exhibition-building/,text/html; charset=UTF-8,2026-08-09T02:15:27.140Z,
https://www.yumemesse.or.jp/wp-content/themes/Vanilla/img/pdf/downloads/1_price_list/pdf_facliity_price_list_1.pdf,price-observations.csv,PRICE-112;PRICE-113;PRICE-114;PRICE-118,206,reachable,https://www.yumemesse.or.jp/wp-content/themes/Vanilla/img/pdf/downloads/1_price_list/pdf_facliity_price_list_1.pdf,application/pdf,2026-08-09T02:15:27.140Z,
https://www.yumemesse.or.jp/wp-content/themes/Vanilla/img/pdf/downloads/1_price_list/pdf_facliity_price_list_2.pdf,price-observations.csv,PRICE-115;PRICE-116;PRICE-117,206,reachable,https://www.yumemesse.or.jp/wp-content/themes/Vanilla/img/pdf/downloads/1_price_list/pdf_facliity_price_list_2.pdf,application/pdf,2026-08-09T02:15:27.140Z,
https://www.yumemesse.or.jp/wp-content/themes/Vanilla/img/pdf/downloads/1_price_list/pdf_riyotebiki_1.pdf,venue-operations.csv,OP-020:operations_source_url,206,reachable,https://www.yumemesse.or.jp/wp-content/themes/Vanilla/img/pdf/downloads/1_price_list/pdf_riyotebiki_1.pdf,application/pdf,2026-08-09T02:15:27.140Z,
https://www.yurihama.jp/site/aloha/2172.html,candidate-venues.csv;venue-details.csv,CAND-649;DETAIL-2688;DETAIL-2689;DETAIL-2690;DETAIL-2691,206,reachable,https://www.yurihama.jp/site/aloha/2172.html,text/html,2026-08-09T02:15:27.140Z,
https://www.zaidan-hakodate.com/arena/data/ryokin.pdf,price-observations.csv,PRICE-075;PRICE-076;PRICE-077;PRICE-078,206,reachable,https://www.zaidan-hakodate.com/arena/data/ryokin.pdf,application/pdf,2026-08-09T02:15:27.140Z,
https://www.zaidan-hakodate.com/arena/senyou.html,price-observations.csv;venue-operations.csv,OP-014:operations_source_url;PRICE-079,206,reachable,https://www.zaidan-hakodate.com/arena/senyou.html,text/html,2026-08-09T02:15:27.140Z,
https://www.zaidan-hakodate.com/kaikan/,venue-websites.csv,VWEB-004,206,reachable,https://www.zaidan-hakodate.com/kaikan/,text/html,2026-08-09T02:15:27.140Z,
https://www01.s-tette.jp/about/005793.html,venue-details.csv,DETAIL-1150;DETAIL-1151;DETAIL-1152;DETAIL-1153;DETAIL-1154;DETAIL-1155;DETAIL-1156;DETAIL-1157;DETAIL-1158;DETAIL-1159;DETAIL-1160;DETAIL-1161;DETAIL-1162;DETAIL-1163;DETAIL-1164,206,reachable,https://www01.s-tette.jp/about/005793.html,text/html; charset=UTF-8,2026-08-09T02:15:27.140Z,
https://www1.city.obama.fukui.jp/shisei/kokyoshisetsu/kaikan-senta/40.html,candidate-venues.csv;venue-details.csv,CAND-685;DETAIL-2928;DETAIL-2929;DETAIL-2930;DETAIL-2931;DETAIL-2932;DETAIL-2933;DETAIL-2934;DETAIL-2935;DETAIL-2936;DETAIL-2937;DETAIL-2938,206,reachable,https://www1.city.obama.fukui.jp/shisei/kokyoshisetsu/kaikan-senta/40.html,text/html,2026-08-09T02:15:27.140Z,
https://www1.town.chizu.tottori.jp/chizu/kyouiku/28/syougai_gakusyu/01/,candidate-venues.csv;venue-details.csv,CAND-652;DETAIL-2706;DETAIL-2707;DETAIL-2708;DETAIL-2709;DETAIL-2710;DETAIL-2711;DETAIL-2712;DETAIL-2713;DETAIL-2714,200,reachable,https://www1.town.chizu.tottori.jp/chizu/kyouiku/28/syougai_gakusyu/01/,text/html; charset=utf-8,2026-08-09T02:15:27.140Z,
https://www2.city.ichinomiya.aichi.jp/reiki/reiki_honbun/p900RG00000883.html,candidate-venues.csv;venue-details.csv,CAND-692;DETAIL-2993;DETAIL-2994;DETAIL-2995;DETAIL-2996;DETAIL-2997;DETAIL-2998;DETAIL-2999;DETAIL-3000;DETAIL-3001;DETAIL-3002;DETAIL-3003;DETAIL-3004;DETAIL-3005,206,reachable,https://www2.city.ichinomiya.aichi.jp/reiki/reiki_honbun/p900RG00000883.html,text/html,2026-08-09T02:15:27.140Z,
https://www2.city.katsushika.lg.jp/institution/1030225/1006812.html,candidate-venues.csv;venue-details.csv,CAND-851;DETAIL-4163;DETAIL-4164;DETAIL-4165;DETAIL-4166;DETAIL-4167;DETAIL-4168;DETAIL-4169;DETAIL-4170,206,reachable,https://www2.city.katsushika.lg.jp/institution/1030225/1006812.html,text/html,2026-08-09T02:15:27.140Z,
https://www2.city.mine.lg.jp/soshiki/kyoiku/shogaigakushu/yoyaku/kominkan/2019.html,candidate-venues.csv;venue-details.csv,CAND-478;DETAIL-1493;DETAIL-1494;DETAIL-1495;DETAIL-1496;DETAIL-1497;DETAIL-1498;DETAIL-1499;DETAIL-1500;DETAIL-1501;DETAIL-1502;DETAIL-1503,206,reachable,https://www2.city.mine.lg.jp/soshiki/kyoiku/shogaigakushu/yoyaku/kominkan/2019.html,text/html,2026-08-09T02:15:27.140Z,
https://www4.city.kanazawa.lg.jp/soshikikarasagasu/shokogyoshinkoka/gyomuannai/1/2/6579.html,candidate-venues.csv;venue-details.csv,CAND-1039;DETAIL-6017;DETAIL-6018;DETAIL-6019;DETAIL-6020;DETAIL-6021;DETAIL-6022;DETAIL-6023;DETAIL-6024;DETAIL-6025;DETAIL-6026;DETAIL-6027;DETAIL-6028;DETAIL-6029,206,reachable,https://www4.city.kanazawa.lg.jp/soshikikarasagasu/shokogyoshinkoka/gyomuannai/1/2/6579.html,text/html,2026-08-09T02:15:27.140Z,
https://wyyc2023.com/,historical-events.csv,WYYC-2023,200,reachable,https://wyyc2023.com/,text/html; charset=UTF-8,2026-08-09T02:15:27.140Z,
https://wyyc2025.com/venue/,historical-events.csv,WYYC-2025,403,access_limited,https://wyyc2025.com/venue/,text/html,2026-08-09T02:15:27.140Z,
https://yamagata-sc.jp/sportsfacilities/obanazawacity/salnert-gymnasium/,venue-details.csv,DETAIL-1131;DETAIL-1132;DETAIL-1133,200,reachable,https://yamagata-sc.jp/sportsfacilities/obanazawacity/salnert-gymnasium/,text/html; charset=UTF-8,2026-08-09T02:15:27.140Z,
https://yamaguchi-civichall.com/facilities/about,candidate-venues.csv;venue-details.csv,CAND-1065;DETAIL-6327;DETAIL-6328;DETAIL-6329;DETAIL-6330;DETAIL-6331;DETAIL-6332;DETAIL-6333;DETAIL-6334;DETAIL-6335;DETAIL-6336;DETAIL-6337;DETAIL-6338;DETAIL-6339;DETAIL-6340;DETAIL-6341,200,reachable,https://yamaguchi-civichall.com/facilities/about,text/html; charset=UTF-8,2026-08-09T02:15:27.140Z,
https://yamato-bunka.jp/hall/floor,candidate-venues.csv;venue-details.csv,CAND-739;DETAIL-3314;DETAIL-3315;DETAIL-3316;DETAIL-3317,200,reachable,https://yamato-bunka.jp/hall/floor,text/html; charset=UTF-8,2026-08-09T02:15:27.140Z,
https://yasu-bs.jp/bunka/,candidate-venues.csv;venue-details.csv,CAND-1126;DETAIL-7171,200,reachable,https://yasu-bs.jp/bunka/,text/html; charset=UTF-8,2026-08-09T02:15:27.140Z,
https://yokohama-buntai.jp/,venue-operations.csv,OP-082:access_source_url,200,reachable,https://yokohama-buntai.jp/,text/html; charset=UTF-8,2026-08-09T02:15:27.140Z,
https://yokohama-buntai.jp/facility/,venue-details.csv,DETAIL-163,200,reachable,https://yokohama-buntai.jp/facility/,text/html; charset=UTF-8,2026-08-09T02:15:27.140Z,
https://yokohama-buntai.jp/organizer/,candidate-venues.csv;venue-operations.csv,CAND-097;OP-082:booking_source_url,200,reachable,https://yokohama-buntai.jp/organizer/,text/html; charset=UTF-8,2026-08-09T02:15:27.140Z,
https://yokohama-buntai.jp/wp-includes/file/pdf/%E6%A8%AA%E6%B5%9CBUNTAI%E5%88%A9%E7%94%A8%E3%81%AB%E9%96%A2%E3%81%99%E3%82%8B%E3%81%94%E6%A1%88%E5%86%85_2024%E5%B9%B410%E6%9C%88_20241001.pdf,venue-operations.csv,OP-082:operations_source_url,206,reachable,https://yokohama-buntai.jp/wp-includes/file/pdf/%E6%A8%AA%E6%B5%9CBUNTAI%E5%88%A9%E7%94%A8%E3%81%AB%E9%96%A2%E3%81%99%E3%82%8B%E3%81%94%E6%A1%88%E5%86%85_2024%E5%B9%B410%E6%9C%88_20241001.pdf,application/pdf,2026-08-09T02:15:27.140Z,
https://yokohama-buntai.jp/wp-includes/file/pdf/%E6%A8%AA%E6%B5%9CBUNTAI%E5%88%A9%E7%94%A8%E3%81%AB%E9%96%A2%E3%81%99%E3%82%8B%E3%81%94%E6%A1%88%E5%86%85_2026%E5%B9%B41%E6%9C%88_20260107.pdf,price-observations.csv,PRICE-899;PRICE-900;PRICE-901;PRICE-902;PRICE-903;PRICE-904;PRICE-905;PRICE-906;PRICE-907;PRICE-908;PRICE-909;PRICE-910;PRICE-911;PRICE-912;PRICE-913;PRICE-914;PRICE-915;PRICE-916;PRICE-917,206,reachable,https://yokohama-buntai.jp/wp-includes/file/pdf/%E6%A8%AA%E6%B5%9CBUNTAI%E5%88%A9%E7%94%A8%E3%81%AB%E9%96%A2%E3%81%99%E3%82%8B%E3%81%94%E6%A1%88%E5%86%85_2026%E5%B9%B41%E6%9C%88_20260107.pdf,application/pdf,2026-08-09T02:15:27.140Z,
https://yonago-santai.jp/about/facility/mainarena/,candidate-venues.csv;price-observations.csv;venue-details.csv,CAND-183;DETAIL-271;PRICE-390;PRICE-503;PRICE-504;PRICE-505;PRICE-506;PRICE-507,200,reachable,https://yonago-santai.jp/about/facility/mainarena/,text/html; charset=UTF-8,2026-08-09T02:15:27.140Z,
https://yonago-santai.jp/about/usage_time/,venue-operations.csv,OP-152:booking_source_url;OP-152:operations_source_url,200,reachable,https://yonago-santai.jp/about/usage_time/,text/html; charset=UTF-8,2026-08-09T02:15:27.140Z,
https://yonago-santai.jp/access/,venue-operations.csv,OP-152:access_source_url,200,reachable,https://yonago-santai.jp/access/,text/html; charset=UTF-8,2026-08-09T02:15:27.140Z,
https://yonbun.com/facilities/overview/1st-hall/,candidate-venues.csv;venue-details.csv,CAND-240;DETAIL-514,200,reachable,https://yonbun.com/facilities/overview/1st-hall/,text/html; charset=UTF-8,2026-08-09T02:15:27.140Z,
https://yoyaku.city.takizawa.iwate.jp/index.php?ShisetsuClassCode=01&ShisetsuCode=001&ShisetsuName=%E3%83%93%E3%83%83%E3%82%B0%E3%83%AB%E3%83%BC%E3%83%95%E6%BB%9D%E6%B2%A2%E3%80%94%E6%BB%9D%E6%B2%A2%E5%B8%82%E4%BA%A4%E6%B5%81%E6%8B%A0%E7%82%B9%E8%A4%87%E5%90%88%E6%96%BD%E8%A8%95%E3%80%95&op=shitsujyo,venue-details.csv,DETAIL-3688;DETAIL-3689;DETAIL-3690;DETAIL-3691;DETAIL-3692;DETAIL-3693;DETAIL-3694;DETAIL-3695;DETAIL-3696;DETAIL-3697;DETAIL-3698,,network_error,,,2026-08-09T02:15:27.140Z,fetch failed
https://yoyaku.city.uto.lg.jp/content/asp/ShisetuInfo.asp?institutionID=1,candidate-venues.csv;venue-details.csv,CAND-983;DETAIL-5446;DETAIL-5447;DETAIL-5448;DETAIL-5449,200,reachable,https://yoyaku.city.uto.lg.jp/content/asp/ShisetuInfo.asp?institutionID=1,text/html,2026-08-09T02:15:27.140Z,
https://yoyaku.town.miyaki.lg.jp/index.php?ShisetsuClassCode=01&ShisetsuCode=002&ShisetsuName=%E3%81%BF%E3%82%84%E3%81%8D%E7%94%BA%E4%BD%93%E8%82%B2%E9%A4%A8&op=shitsujyo,venue-details.csv,DETAIL-3542;DETAIL-3543;DETAIL-3544;DETAIL-3545,206,reachable,https://yoyaku.town.miyaki.lg.jp/index.php?ShisetsuClassCode=01&ShisetsuCode=002&ShisetsuName=%E3%81%BF%E3%82%84%E3%81%8D%E7%94%BA%E4%BD%93%E8%82%B2%E9%A4%A8&op=shitsujyo,text/html; charset=UTF-8,2026-08-09T02:15:27.140Z,
https://yumenity.com/pages/65/,candidate-venues.csv;venue-details.csv,CAND-711;DETAIL-3110;DETAIL-3111;DETAIL-3112;DETAIL-3113;DETAIL-3114;DETAIL-3115;DETAIL-3116;DETAIL-3117;DETAIL-3118;DETAIL-3119;DETAIL-3120,206,reachable,https://yumenity.com/files/libs/2516/20240514162823165.pdf,application/pdf,2026-08-09T02:15:27.140Z,redirected
https://yurix.munakata.com/pdf/documents/file12.pdf,candidate-venues.csv;venue-details.csv,CAND-709;DETAIL-3090;DETAIL-3092;DETAIL-3093;DETAIL-3094;DETAIL-3095;DETAIL-3096;DETAIL-3097;DETAIL-3098;DETAIL-3099;DETAIL-3100;DETAIL-3101;DETAIL-3102;DETAIL-3103,206,reachable,https://yurix.munakata.com/pdf/documents/file12.pdf,application/pdf,2026-08-09T02:15:27.140Z,
https://yurix.munakata.com/shisetsu/harmonyhall.html,venue-details.csv,DETAIL-3091,206,reachable,https://yurix.munakata.com/shisetsu/harmonyhall.html,text/html,2026-08-09T02:15:27.140Z,
https://zaidan-hakodate.com/arena/access.html,venue-operations.csv,OP-014:access_source_url,206,reachable,https://zaidan-hakodate.com/arena/access.html,text/html,2026-08-09T02:15:27.140Z,
https://zaidan-hakodate.com/arena/senyou_riyou.html,venue-operations.csv,OP-014:booking_source_url,206,reachable,https://zaidan-hakodate.com/arena/senyou_riyou.html,text/html,2026-08-09T02:15:27.140Z,
